date,location,conversions,spend
2020-01-01,10,1217.186754,13.961282
2020-01-01,103,478.7548505,5.360182842
2020-01-01,105,1077.686355,11.0703539
2020-01-01,108,347.5165323,4.956830216
2020-01-01,11,914.8362022,10.87281349
2020-01-01,110,1221.415655,13.961282
2020-01-01,111,912.4994569,10.87281349
2020-01-01,115,539.2484315,5.949981521
2020-01-01,118,285.7799835,3.054599366
2020-01-01,119,266.4801479,2.859278474
2020-01-01,120,708.5858145,8.932934988
2020-01-01,122,263.332883,3.631729955
2020-01-01,123,146.4565041,1.844583045
2020-01-01,125,990.9383459,12.64519217
2020-01-01,126,612.2417494,6.839509355
2020-01-01,127,111.6118869,1.284362522
2020-01-01,128,1126.256667,12.95504201
2020-01-01,131,651.2610426,7.813847131
2020-01-01,133,127.7834485,1.947226341
2020-01-01,135,117.5498421,1.194753863
2020-01-01,136,264.4995048,3.421256163
2020-01-01,138,734.1846821,9.866778177
2020-01-01,139,116.818775,1.682987262
2020-01-01,141,444.3842694,5.288502415
2020-01-01,142,103.2452497,2.058825834
2020-01-01,144,890.147785,10.76820115
2020-01-01,145,528.2642858,6.55121343
2020-01-01,146,390.0416076,4.240116168
2020-01-01,149,319.2333964,3.705726087
2020-01-01,15,537.7475627,5.949981521
2020-01-01,151,1233.938441,13.67503799
2020-01-01,152,682.4295582,8.163252537
2020-01-01,155,480.4902782,5.486657863
2020-01-01,157,341.2440728,4.34802846
2020-01-01,159,1190.619312,13.82887629
2020-01-01,161,105.6923248,1.460290222
2020-01-01,163,490.1277451,6.18081217
2020-01-01,164,132.9990187,1.64328401
2020-01-01,166,816.9737468,9.440370413
2020-01-01,168,1934.13371,20.46197918
2020-01-01,169,621.1456701,7.599849137
2020-01-01,171,384.0012373,4.653659726
2020-01-01,172,303.992396,3.77417399
2020-01-01,173,611.6577103,6.467089194
2020-01-01,174,269.2963195,3.181697872
2020-01-01,175,381.7901749,4.78629761
2020-01-01,177,431.9525411,5.046338463
2020-01-01,18,285.3782915,3.054599366
2020-01-01,180,360.6548166,4.523824539
2020-01-01,181,441.4373813,4.710384373
2020-01-01,183,130.5206535,1.771423866
2020-01-01,184,421.0855669,5.175764786
2020-01-01,188,816.3660648,9.828182856
2020-01-01,189,857.5118343,10.57917461
2020-01-01,19,267.115942,2.859278474
2020-01-01,190,303.3771082,4.033299782
2020-01-01,192,660.5692215,6.910295865
2020-01-01,193,311.1332464,3.656194961
2020-01-01,195,292.8436681,4.190815909
2020-01-01,196,1061.73584,12.42604947
2020-01-01,197,350.8228246,3.817834953
2020-01-01,198,639.7496582,7.146736294
2020-01-01,20,701.0324424,8.932934988
2020-01-01,22,268.2219332,3.631729955
2020-01-01,23,147.4959498,1.844583045
2020-01-01,25,996.6282252,12.64519217
2020-01-01,26,609.946293,6.839509355
2020-01-01,27,112.5373462,1.284362522
2020-01-01,28,1115.499353,12.95504201
2020-01-01,3,471.5556012,5.360182842
2020-01-01,31,645.7825202,7.813847131
2020-01-01,33,127.6893471,1.947226341
2020-01-01,35,118.0849093,1.194753863
2020-01-01,36,263.2107908,3.421256163
2020-01-01,38,736.9584971,9.866778177
2020-01-01,39,114.7789348,1.682987262
2020-01-01,41,449.2338352,5.288502415
2020-01-01,42,102.3960286,2.058825834
2020-01-01,44,910.6949897,10.76820115
2020-01-01,45,537.0974185,6.55121343
2020-01-01,46,392.8818515,4.240116168
2020-01-01,49,316.726325,3.705726087
2020-01-01,5,1065.829407,11.0703539
2020-01-01,51,1222.183649,13.67503799
2020-01-01,52,679.1744787,8.163252537
2020-01-01,55,478.5011465,5.486657863
2020-01-01,57,339.2291808,4.34802846
2020-01-01,59,1185.899854,13.82887629
2020-01-01,61,105.7093797,1.460290222
2020-01-01,63,490.8966075,6.18081217
2020-01-01,64,133.1541159,1.64328401
2020-01-01,66,832.2136149,9.440370413
2020-01-01,68,1983.539011,20.46197918
2020-01-01,69,618.7443128,7.599849137
2020-01-01,71,383.8905278,4.653659726
2020-01-01,72,306.4535033,3.77417399
2020-01-01,73,613.0493196,6.467089194
2020-01-01,74,264.7638115,3.181697872
2020-01-01,75,382.68499,4.78629761
2020-01-01,77,429.2041191,5.046338463
2020-01-01,8,347.7615361,4.956830216
2020-01-01,80,358.5023503,4.523824539
2020-01-01,81,443.9187988,4.710384373
2020-01-01,83,130.6916251,1.771423866
2020-01-01,84,420.8329083,5.175764786
2020-01-01,88,819.2160944,9.828182856
2020-01-01,89,863.7080555,10.57917461
2020-01-01,90,304.7897072,4.033299782
2020-01-01,92,656.1802166,6.910295865
2020-01-01,93,316.4339691,3.656194961
2020-01-01,95,292.157355,4.190815909
2020-01-01,96,1075.830323,12.42604947
2020-01-01,97,359.3722813,3.817834953
2020-01-01,98,638.9463666,7.146736294
2020-01-02,10,1236.099407,15.10631294
2020-01-02,103,484.0656831,5.822785147
2020-01-02,105,1067.083612,10.78218648
2020-01-02,108,347.3084693,4.556771395
2020-01-02,11,929.130587,10.83947026
2020-01-02,110,1221.988377,15.10631294
2020-01-02,111,934.9222478,10.83947026
2020-01-02,115,539.2567033,7.164716116
2020-01-02,118,288.9118686,3.206235943
2020-01-02,119,272.0022489,3.126549498
2020-01-02,120,712.7404587,8.617155125
2020-01-02,122,274.9373612,3.096689729
2020-01-02,123,147.5969141,1.594874652
2020-01-02,125,1008.291498,12.19160722
2020-01-02,126,596.7427795,6.477278677
2020-01-02,127,112.8627093,1.953793925
2020-01-02,128,1160.309632,11.79497171
2020-01-02,131,674.3696552,7.162212348
2020-01-02,133,129.3816427,2.315881056
2020-01-02,135,115.839359,1.286842281
2020-01-02,136,271.4968139,3.165297121
2020-01-02,138,740.3797054,8.680700371
2020-01-02,139,116.698059,1.591156949
2020-01-02,141,449.1558882,5.931873966
2020-01-02,142,104.1494315,2.108283073
2020-01-02,144,892.2626265,9.447363077
2020-01-02,145,542.9021586,7.022130765
2020-01-02,146,394.3854952,4.259049905
2020-01-02,149,314.7638732,3.888116917
2020-01-02,15,541.4769041,7.164716116
2020-01-02,151,1242.902289,13.50994798
2020-01-02,152,667.1026178,7.344784736
2020-01-02,155,477.5035511,4.930098731
2020-01-02,157,345.748366,4.016457303
2020-01-02,159,1221.392049,14.08717601
2020-01-02,161,106.5468268,1.253761849
2020-01-02,163,504.2836674,6.30161842
2020-01-02,164,135.4762533,1.458406711
2020-01-02,166,850.1267076,9.352724029
2020-01-02,168,1971.471063,21.60621408
2020-01-02,169,606.425508,7.095380076
2020-01-02,171,386.4286423,4.606076001
2020-01-02,172,310.4963916,4.101157257
2020-01-02,173,622.402087,6.621539685
2020-01-02,174,275.2280687,3.478132123
2020-01-02,175,379.6434073,4.382373828
2020-01-02,177,439.8285299,4.563447706
2020-01-02,18,287.0442933,3.206235943
2020-01-02,180,363.4457811,4.893611033
2020-01-02,181,451.3091875,4.842011779
2020-01-02,183,129.5485012,1.436353437
2020-01-02,184,419.9605366,5.13758365
2020-01-02,188,827.0816141,8.886407698
2020-01-02,189,883.1055637,9.116104829
2020-01-02,19,270.476759,3.126549498
2020-01-02,190,306.5729736,3.881687519
2020-01-02,192,644.9067187,7.443388134
2020-01-02,193,321.0208519,3.44996588
2020-01-02,195,284.0455014,3.255940265
2020-01-02,196,1069.812514,11.30123476
2020-01-02,197,354.1020707,4.021672845
2020-01-02,198,639.1924598,7.105769198
2020-01-02,20,707.4802046,8.617155125
2020-01-02,22,270.9915993,3.096689729
2020-01-02,23,148.2480562,1.594874652
2020-01-02,25,1011.861123,12.19160722
2020-01-02,26,611.8029287,6.477278677
2020-01-02,27,111.5652261,1.953793925
2020-01-02,28,1133.516121,11.79497171
2020-01-02,3,474.883631,5.822785147
2020-01-02,31,670.35472,7.162212348
2020-01-02,33,129.5091592,2.315881056
2020-01-02,35,119.1279744,1.286842281
2020-01-02,36,267.5066107,3.165297121
2020-01-02,38,746.6639871,8.680700371
2020-01-02,39,116.9339143,1.591156949
2020-01-02,41,452.4047848,5.931873966
2020-01-02,42,103.9673202,2.108283073
2020-01-02,44,899.7782597,9.447363077
2020-01-02,45,540.1342307,7.022130765
2020-01-02,46,384.6867628,4.259049905
2020-01-02,49,321.8432954,3.888116917
2020-01-02,5,1058.737128,10.78218648
2020-01-02,51,1222.041474,13.50994798
2020-01-02,52,674.7049923,7.344784736
2020-01-02,55,476.2183672,4.930098731
2020-01-02,57,345.7567363,4.016457303
2020-01-02,59,1194.338626,14.08717601
2020-01-02,61,105.3817385,1.253761849
2020-01-02,63,499.346624,6.30161842
2020-01-02,64,136.315531,1.458406711
2020-01-02,66,841.2045075,9.352724029
2020-01-02,68,1974.954526,21.60621408
2020-01-02,69,612.5136485,7.095380076
2020-01-02,71,382.629035,4.606076001
2020-01-02,72,306.6790126,4.101157257
2020-01-02,73,611.7862822,6.621539685
2020-01-02,74,272.8083316,3.478132123
2020-01-02,75,390.1774994,4.382373828
2020-01-02,77,433.9720731,4.563447706
2020-01-02,8,350.6730291,4.556771395
2020-01-02,80,361.1185218,4.893611033
2020-01-02,81,448.8862162,4.842011779
2020-01-02,83,129.8768472,1.436353437
2020-01-02,84,424.3892413,5.13758365
2020-01-02,88,826.3201395,8.886407698
2020-01-02,89,885.2327372,9.116104829
2020-01-02,90,309.1808663,3.881687519
2020-01-02,92,659.1492229,7.443388134
2020-01-02,93,320.5219414,3.44996588
2020-01-02,95,290.6799168,3.255940265
2020-01-02,96,1080.639309,11.30123476
2020-01-02,97,358.2754297,4.021672845
2020-01-02,98,640.3435918,7.105769198
2020-01-03,10,1230.350099,13.28965729
2020-01-03,103,486.6032984,5.79013566
2020-01-03,105,1072.130562,11.1180756
2020-01-03,108,355.7916928,3.559413945
2020-01-03,11,922.8488239,10.68056864
2020-01-03,110,1225.131692,13.28965729
2020-01-03,111,939.045797,10.68056864
2020-01-03,115,557.2543072,7.062456329
2020-01-03,118,290.9831059,3.397085569
2020-01-03,119,268.2014927,3.64799084
2020-01-03,120,718.081579,9.277332095
2020-01-03,122,275.3928549,3.175652854
2020-01-03,123,142.3438382,1.61122517
2020-01-03,125,997.5067075,12.53385394
2020-01-03,126,615.0224265,7.05535326
2020-01-03,127,112.4683033,1.185693735
2020-01-03,128,1114.506828,12.05205734
2020-01-03,131,675.9376224,7.795426161
2020-01-03,133,127.6484255,1.477848686
2020-01-03,135,117.6148678,1.264807659
2020-01-03,136,265.4202731,3.096766995
2020-01-03,138,737.4874171,9.450426159
2020-01-03,139,116.7087506,1.433845436
2020-01-03,141,447.2657925,5.359638158
2020-01-03,142,103.8928585,1.461572552
2020-01-03,144,902.3097254,9.299820982
2020-01-03,145,545.0854417,6.111291774
2020-01-03,146,377.4612169,4.691001941
2020-01-03,149,326.7678883,4.005111009
2020-01-03,15,546.1152283,7.062456329
2020-01-03,151,1212.344707,12.77687956
2020-01-03,152,697.5801279,7.613582191
2020-01-03,155,465.2172702,5.399777308
2020-01-03,157,349.3547222,3.684609208
2020-01-03,159,1190.7033,12.94182665
2020-01-03,161,105.9781183,1.569974101
2020-01-03,163,493.1865657,5.840803692
2020-01-03,164,141.6340348,1.704612199
2020-01-03,166,823.6055433,10.15778379
2020-01-03,168,1949.332352,20.99150123
2020-01-03,169,609.5723449,6.491732277
2020-01-03,171,379.687938,5.471182787
2020-01-03,172,301.658987,4.821306088
2020-01-03,173,601.3765655,7.197157381
2020-01-03,174,275.1473987,3.579741295
2020-01-03,175,389.0139052,4.681065206
2020-01-03,177,441.6982177,4.623001438
2020-01-03,18,290.8841426,3.397085569
2020-01-03,180,362.7021943,4.183003817
2020-01-03,181,446.981539,5.426185901
2020-01-03,183,129.1462531,1.951655505
2020-01-03,184,418.5765493,4.588302475
2020-01-03,188,823.2456447,9.459282324
2020-01-03,189,905.3093357,11.75340576
2020-01-03,19,266.5613259,3.64799084
2020-01-03,190,316.466939,3.905731361
2020-01-03,192,654.0642381,7.647606494
2020-01-03,193,332.4848235,3.86385992
2020-01-03,195,291.5309441,3.92441187
2020-01-03,196,1085.545347,11.78760746
2020-01-03,197,359.1959393,4.281795809
2020-01-03,198,628.9914655,7.483454552
2020-01-03,20,710.6146671,9.277332095
2020-01-03,22,272.3214778,3.175652854
2020-01-03,23,145.1321615,1.61122517
2020-01-03,25,1007.987981,12.53385394
2020-01-03,26,612.6009326,7.05535326
2020-01-03,27,114.1378434,1.185693735
2020-01-03,28,1124.399478,12.05205734
2020-01-03,3,484.0861108,5.79013566
2020-01-03,31,676.3342151,7.795426161
2020-01-03,33,128.0933546,1.477848686
2020-01-03,35,118.9880189,1.264807659
2020-01-03,36,261.6133939,3.096766995
2020-01-03,38,742.8358955,9.450426159
2020-01-03,39,116.5440912,1.433845436
2020-01-03,41,452.7586855,5.359638158
2020-01-03,42,102.9658541,1.461572552
2020-01-03,44,900.5696032,9.299820982
2020-01-03,45,537.1389185,6.111291774
2020-01-03,46,383.8646369,4.691001941
2020-01-03,49,325.3795299,4.005111009
2020-01-03,5,1041.553968,11.1180756
2020-01-03,51,1209.780317,12.77687956
2020-01-03,52,681.5422691,7.613582191
2020-01-03,55,476.0018892,5.399777308
2020-01-03,57,347.7773862,3.684609208
2020-01-03,59,1197.104392,12.94182665
2020-01-03,61,108.4400967,1.569974101
2020-01-03,63,496.9142305,5.840803692
2020-01-03,64,138.7345426,1.704612199
2020-01-03,66,834.0144956,10.15778379
2020-01-03,68,1944.975837,20.99150123
2020-01-03,69,608.0354437,6.491732277
2020-01-03,71,380.0431096,5.471182787
2020-01-03,72,305.4882821,4.821306088
2020-01-03,73,603.5998328,7.197157381
2020-01-03,74,275.2874747,3.579741295
2020-01-03,75,385.4647639,4.681065206
2020-01-03,77,437.0511637,4.623001438
2020-01-03,8,351.1108036,3.559413945
2020-01-03,80,363.8299139,4.183003817
2020-01-03,81,443.3701604,5.426185901
2020-01-03,83,129.4935444,1.951655505
2020-01-03,84,421.9097268,4.588302475
2020-01-03,88,823.3566898,9.459282324
2020-01-03,89,895.5744799,11.75340576
2020-01-03,90,315.9401775,3.905731361
2020-01-03,92,656.097535,7.647606494
2020-01-03,93,328.3284024,3.86385992
2020-01-03,95,291.0096988,3.92441187
2020-01-03,96,1090.021131,11.78760746
2020-01-03,97,354.2955712,4.281795809
2020-01-03,98,635.6584113,7.483454552
2020-01-04,10,1230.299028,13.25606103
2020-01-04,103,473.6388772,5.004523924
2020-01-04,105,1060.614984,11.13618526
2020-01-04,108,350.4101465,4.096317321
2020-01-04,11,899.0747332,11.60044977
2020-01-04,110,1234.377657,13.25606103
2020-01-04,111,883.196577,11.60044977
2020-01-04,115,535.6909068,6.57920116
2020-01-04,118,283.1448383,3.527293321
2020-01-04,119,259.1457282,3.032598336
2020-01-04,120,715.1732447,7.977817988
2020-01-04,122,269.1556755,3.060863296
2020-01-04,123,146.9110929,1.911863761
2020-01-04,125,998.0896239,11.48054405
2020-01-04,126,602.954449,6.93991683
2020-01-04,127,115.0110434,1.432166026
2020-01-04,128,1095.1218,12.3376075
2020-01-04,131,670.9689496,7.8898879
2020-01-04,133,128.0742375,1.902938228
2020-01-04,135,119.146615,1.35146682
2020-01-04,136,260.4538785,3.118430482
2020-01-04,138,732.6423561,8.907795276
2020-01-04,139,117.6312845,1.708993238
2020-01-04,141,449.2545966,6.203110046
2020-01-04,142,103.3723229,1.272974688
2020-01-04,144,869.8614104,9.69198207
2020-01-04,145,530.4763243,6.010603411
2020-01-04,146,374.2884807,4.965930952
2020-01-04,149,323.0568383,3.833077166
2020-01-04,15,543.0181143,6.57920116
2020-01-04,151,1208.235314,13.17887194
2020-01-04,152,662.823464,8.083924499
2020-01-04,155,475.2555994,5.646344432
2020-01-04,157,343.555458,3.691556141
2020-01-04,159,1210.319968,12.34954404
2020-01-04,161,106.0353271,1.526113083
2020-01-04,163,498.3636108,5.530026537
2020-01-04,164,147.4367754,1.719979965
2020-01-04,166,812.0612396,9.028529813
2020-01-04,168,1901.261676,20.27164214
2020-01-04,169,589.1246889,7.716059422
2020-01-04,171,367.242436,3.988741038
2020-01-04,172,296.1402225,3.411652333
2020-01-04,173,608.7643078,6.29463581
2020-01-04,174,273.2453144,3.347203274
2020-01-04,175,394.2192214,4.385986527
2020-01-04,177,425.5671056,4.543909628
2020-01-04,18,285.1790269,3.527293321
2020-01-04,180,357.5196989,4.739834126
2020-01-04,181,433.2078178,5.82438614
2020-01-04,183,126.2814853,2.509378888
2020-01-04,184,411.62353,5.373588928
2020-01-04,188,809.1317527,10.07578891
2020-01-04,189,901.9416874,10.84447922
2020-01-04,19,263.3828983,3.032598336
2020-01-04,190,308.6768407,3.272962917
2020-01-04,192,653.1830902,7.306547456
2020-01-04,193,326.9738535,3.302254357
2020-01-04,195,287.5135244,3.567986011
2020-01-04,196,1069.022439,12.12333161
2020-01-04,197,357.7168877,3.575108585
2020-01-04,198,626.9839191,8.386500291
2020-01-04,20,706.0759689,7.977817988
2020-01-04,22,269.3212119,3.060863296
2020-01-04,23,147.2680235,1.911863761
2020-01-04,25,1007.339424,11.48054405
2020-01-04,26,605.0973763,6.93991683
2020-01-04,27,111.6792486,1.432166026
2020-01-04,28,1113.576397,12.3376075
2020-01-04,3,479.0852426,5.004523924
2020-01-04,31,669.2247452,7.8898879
2020-01-04,33,128.6261203,1.902938228
2020-01-04,35,119.1316329,1.35146682
2020-01-04,36,260.0214699,3.118430482
2020-01-04,38,735.8545518,8.907795276
2020-01-04,39,118.2620391,1.708993238
2020-01-04,41,450.0245248,6.203110046
2020-01-04,42,103.7547073,1.272974688
2020-01-04,44,890.9850479,9.69198207
2020-01-04,45,535.2939379,6.010603411
2020-01-04,46,375.2493002,4.965930952
2020-01-04,49,322.6286014,3.833077166
2020-01-04,5,1063.816095,11.13618526
2020-01-04,51,1196.84291,13.17887194
2020-01-04,52,676.1648042,8.083924499
2020-01-04,55,472.903126,5.646344432
2020-01-04,57,343.6126773,3.691556141
2020-01-04,59,1203.221465,12.34954404
2020-01-04,61,107.2615634,1.526113083
2020-01-04,63,493.8888209,5.530026537
2020-01-04,64,142.0119083,1.719979965
2020-01-04,66,819.426963,9.028529813
2020-01-04,68,1904.216151,20.27164214
2020-01-04,69,594.1659934,7.716059422
2020-01-04,71,374.4718445,3.988741038
2020-01-04,72,298.3563027,3.411652333
2020-01-04,73,610.8492746,6.29463581
2020-01-04,74,270.9445414,3.347203274
2020-01-04,75,385.6880474,4.385986527
2020-01-04,77,425.6806515,4.543909628
2020-01-04,8,352.2542598,4.096317321
2020-01-04,80,357.583495,4.739834126
2020-01-04,81,439.8891337,5.82438614
2020-01-04,83,127.0737807,2.509378888
2020-01-04,84,414.7557807,5.373588928
2020-01-04,88,818.7477887,10.07578891
2020-01-04,89,886.8820758,10.84447922
2020-01-04,90,311.6597358,3.272962917
2020-01-04,92,649.9911275,7.306547456
2020-01-04,93,323.7679757,3.302254357
2020-01-04,95,288.5586321,3.567986011
2020-01-04,96,1060.952733,12.12333161
2020-01-04,97,355.4162587,3.575108585
2020-01-04,98,630.1830404,8.386500291
2020-01-05,10,1212.494786,13.40411663
2020-01-05,103,463.4196047,4.826274396
2020-01-05,105,1062.403406,11.10386785
2020-01-05,108,350.5791412,3.679205144
2020-01-05,11,893.4617999,9.964720719
2020-01-05,110,1219.036424,13.40411663
2020-01-05,111,899.9768925,9.964720719
2020-01-05,115,532.5787564,6.390862468
2020-01-05,118,292.8986744,3.564607116
2020-01-05,119,263.9068456,4.104659189
2020-01-05,120,702.5657624,9.240202807
2020-01-05,122,272.8524296,2.950507677
2020-01-05,123,144.2892071,1.772362077
2020-01-05,125,1003.782212,11.72011448
2020-01-05,126,596.8731874,7.019669925
2020-01-05,127,111.4273633,1.425840423
2020-01-05,128,1095.16836,12.2975919
2020-01-05,131,662.9887094,7.869239959
2020-01-05,133,130.9531839,1.357662307
2020-01-05,135,118.1520862,2.073694445
2020-01-05,136,264.4609919,3.830028534
2020-01-05,138,741.4669923,7.951307052
2020-01-05,139,118.8831184,1.350125034
2020-01-05,141,450.3225969,5.041754157
2020-01-05,142,104.3187731,1.39450567
2020-01-05,144,884.878361,9.357068521
2020-01-05,145,537.6798626,6.029393474
2020-01-05,146,373.0923416,4.363988844
2020-01-05,149,311.6148834,3.937418636
2020-01-05,15,542.1306979,6.390862468
2020-01-05,151,1163.968088,13.48726728
2020-01-05,152,681.4031711,7.125701905
2020-01-05,155,466.1759197,5.404370411
2020-01-05,157,344.5728493,4.841435313
2020-01-05,159,1201.561992,13.23639202
2020-01-05,161,107.9074811,1.394452828
2020-01-05,163,498.2593762,5.772483582
2020-01-05,164,138.7897393,1.521410319
2020-01-05,166,811.8492505,10.23298055
2020-01-05,168,1872.874034,20.33792646
2020-01-05,169,611.4749703,8.152346774
2020-01-05,171,369.7027318,4.185122396
2020-01-05,172,300.5200397,3.745193366
2020-01-05,173,604.1668766,6.546304821
2020-01-05,174,274.5433624,3.312938902
2020-01-05,175,389.8201417,4.317451104
2020-01-05,177,418.0064187,4.776380615
2020-01-05,18,287.5030984,3.564607116
2020-01-05,180,354.3475277,3.548949231
2020-01-05,181,429.9385572,4.953864667
2020-01-05,183,124.0796496,1.909683601
2020-01-05,184,409.6068077,4.997175566
2020-01-05,188,807.5119937,9.915454569
2020-01-05,189,891.8905353,10.48773398
2020-01-05,19,263.0290398,4.104659189
2020-01-05,190,315.0353946,3.799289802
2020-01-05,192,642.9433557,7.407717436
2020-01-05,193,331.0195462,5.026520708
2020-01-05,195,292.3775951,4.267513033
2020-01-05,196,1036.876362,11.40805085
2020-01-05,197,359.9926607,3.635007573
2020-01-05,198,632.5059291,7.795758115
2020-01-05,20,708.1929391,9.240202807
2020-01-05,22,269.8454795,2.950507677
2020-01-05,23,145.9003432,1.772362077
2020-01-05,25,1002.741864,11.72011448
2020-01-05,26,598.2578677,7.019669925
2020-01-05,27,110.3682928,1.425840423
2020-01-05,28,1101.373906,12.2975919
2020-01-05,3,474.6744692,4.826274396
2020-01-05,31,662.8282505,7.869239959
2020-01-05,33,129.9451833,1.357662307
2020-01-05,35,117.1172737,2.073694445
2020-01-05,36,262.6481469,3.830028534
2020-01-05,38,739.0554165,7.951307052
2020-01-05,39,116.2051927,1.350125034
2020-01-05,41,447.8488415,5.041754157
2020-01-05,42,103.4044083,1.39450567
2020-01-05,44,885.3308036,9.357068521
2020-01-05,45,539.9256803,6.029393474
2020-01-05,46,371.6863521,4.363988844
2020-01-05,49,317.9064221,3.937418636
2020-01-05,5,1060.641178,11.10386785
2020-01-05,51,1172.421919,13.48726728
2020-01-05,52,669.1697506,7.125701905
2020-01-05,55,470.6861783,5.404370411
2020-01-05,57,339.4427187,4.841435313
2020-01-05,59,1187.800108,13.23639202
2020-01-05,61,106.4142871,1.394452828
2020-01-05,63,495.0732078,5.772483582
2020-01-05,64,141.1802877,1.521410319
2020-01-05,66,817.3218227,10.23298055
2020-01-05,68,1865.874936,20.33792646
2020-01-05,69,597.030488,8.152346774
2020-01-05,71,367.7695773,4.185122396
2020-01-05,72,295.7117664,3.745193366
2020-01-05,73,608.5418417,6.546304821
2020-01-05,74,270.1457887,3.312938902
2020-01-05,75,389.0362757,4.317451104
2020-01-05,77,421.9259908,4.776380615
2020-01-05,8,350.9767487,3.679205144
2020-01-05,80,350.9940408,3.548949231
2020-01-05,81,428.373672,4.953864667
2020-01-05,83,124.3470506,1.909683601
2020-01-05,84,408.3483583,4.997175566
2020-01-05,88,814.5110542,9.915454569
2020-01-05,89,893.1745321,10.48773398
2020-01-05,90,314.1995797,3.799289802
2020-01-05,92,647.2420888,7.407717436
2020-01-05,93,325.131033,5.026520708
2020-01-05,95,289.4059305,4.267513033
2020-01-05,96,1034.138331,11.40805085
2020-01-05,97,358.4216364,3.635007573
2020-01-05,98,623.93458,7.795758115
2020-01-06,10,1211.6877,15.1060521
2020-01-06,103,460.1656065,5.052686626
2020-01-06,105,1081.696474,11.27689949
2020-01-06,108,354.7905809,4.253998569
2020-01-06,11,899.7480166,11.39776046
2020-01-06,110,1214.694234,15.1060521
2020-01-06,111,904.8325114,11.39776046
2020-01-06,115,544.9117365,6.034061421
2020-01-06,118,284.3793294,4.698638753
2020-01-06,119,264.7400234,3.041700012
2020-01-06,120,699.7556067,8.696285396
2020-01-06,122,268.5043535,3.33589245
2020-01-06,123,147.0235332,1.600745079
2020-01-06,125,1021.866121,11.39224617
2020-01-06,126,602.3274761,6.848769013
2020-01-06,127,107.2801743,1.285798931
2020-01-06,128,1088.646677,11.40091108
2020-01-06,131,655.0888887,8.558181348
2020-01-06,133,126.4220534,1.663305095
2020-01-06,135,119.7862785,1.444155934
2020-01-06,136,265.2190174,3.026744919
2020-01-06,138,755.0660577,8.545537566
2020-01-06,139,120.1691394,1.989749278
2020-01-06,141,455.5242628,6.350814688
2020-01-06,142,101.8767041,1.303723666
2020-01-06,144,887.4031542,9.91658685
2020-01-06,145,536.5652003,6.255019727
2020-01-06,146,374.3316692,4.029947653
2020-01-06,149,313.5906788,4.171095802
2020-01-06,15,537.410616,6.034061421
2020-01-06,151,1170.495923,14.3422878
2020-01-06,152,668.1408159,7.388216875
2020-01-06,155,471.7539058,5.365533384
2020-01-06,157,336.1715392,4.483158598
2020-01-06,159,1176.501073,12.85568157
2020-01-06,161,107.4269594,2.017707141
2020-01-06,163,485.2652171,5.265038566
2020-01-06,164,145.2949846,1.782916096
2020-01-06,166,822.4510836,9.759666501
2020-01-06,168,1822.17614,20.13231105
2020-01-06,169,601.6518349,6.923322879
2020-01-06,171,369.2698798,4.489852246
2020-01-06,172,296.6120786,3.395646352
2020-01-06,173,593.0371794,6.727363033
2020-01-06,174,273.0023253,3.692024721
2020-01-06,175,390.5860727,5.356085066
2020-01-06,177,428.9962744,4.964123489
2020-01-06,18,288.8396682,4.698638753
2020-01-06,180,355.1903723,4.276758843
2020-01-06,181,425.744489,5.650550719
2020-01-06,183,126.3497575,1.366795018
2020-01-06,184,415.5357608,4.595887282
2020-01-06,188,806.1764897,11.03726436
2020-01-06,189,891.0410918,10.48776162
2020-01-06,19,263.5650545,3.041700012
2020-01-06,190,317.0612155,3.475289967
2020-01-06,192,653.8813793,7.238375292
2020-01-06,193,318.0872092,3.202706741
2020-01-06,195,293.3332084,3.787690819
2020-01-06,196,1037.896773,11.27448652
2020-01-06,197,354.7006254,3.947783021
2020-01-06,198,618.4027335,7.757283928
2020-01-06,20,702.7488751,8.696285396
2020-01-06,22,268.8500863,3.33589245
2020-01-06,23,144.655414,1.600745079
2020-01-06,25,1010.325399,11.39224617
2020-01-06,26,593.5072101,6.848769013
2020-01-06,27,107.876909,1.285798931
2020-01-06,28,1084.33904,11.40091108
2020-01-06,3,466.1407738,5.052686626
2020-01-06,31,658.5554982,8.558181348
2020-01-06,33,127.0457207,1.663305095
2020-01-06,35,118.8633547,1.444155934
2020-01-06,36,262.8714635,3.026744919
2020-01-06,38,748.9586796,8.545537566
2020-01-06,39,118.0732917,1.989749278
2020-01-06,41,446.9776617,6.350814688
2020-01-06,42,102.5158342,1.303723666
2020-01-06,44,883.9221359,9.91658685
2020-01-06,45,534.6809489,6.255019727
2020-01-06,46,371.2607363,4.029947653
2020-01-06,49,318.5281275,4.171095802
2020-01-06,5,1089.524712,11.27689949
2020-01-06,51,1176.594409,14.3422878
2020-01-06,52,662.1312589,7.388216875
2020-01-06,55,469.538694,5.365533384
2020-01-06,57,342.4450657,4.483158598
2020-01-06,59,1179.71786,12.85568157
2020-01-06,61,106.141198,2.017707141
2020-01-06,63,492.6698448,5.265038566
2020-01-06,64,144.1415848,1.782916096
2020-01-06,66,819.7419882,9.759666501
2020-01-06,68,1869.568346,20.13231105
2020-01-06,69,601.0682888,6.923322879
2020-01-06,71,370.4742627,4.489852246
2020-01-06,72,298.6462711,3.395646352
2020-01-06,73,595.3039595,6.727363033
2020-01-06,74,269.8193277,3.692024721
2020-01-06,75,393.997985,5.356085066
2020-01-06,77,427.0078649,4.964123489
2020-01-06,8,352.0929861,4.253998569
2020-01-06,80,355.5592942,4.276758843
2020-01-06,81,422.3795592,5.650550719
2020-01-06,83,124.8312187,1.366795018
2020-01-06,84,407.9027503,4.595887282
2020-01-06,88,813.7060127,11.03726436
2020-01-06,89,888.2859925,10.48776162
2020-01-06,90,319.9379617,3.475289967
2020-01-06,92,648.7660581,7.238375292
2020-01-06,93,320.0086505,3.202706741
2020-01-06,95,290.5779481,3.787690819
2020-01-06,96,1029.829526,11.27448652
2020-01-06,97,351.7556819,3.947783021
2020-01-06,98,624.0049156,7.757283928
2020-01-07,10,1220.973563,14.46325581
2020-01-07,103,460.5549118,5.145455415
2020-01-07,105,1104.096728,11.11309937
2020-01-07,108,352.7857603,4.364359919
2020-01-07,11,899.0494637,10.6866157
2020-01-07,110,1234.827205,14.46325581
2020-01-07,111,887.5644462,10.6866157
2020-01-07,115,534.6133341,6.465876385
2020-01-07,118,281.6411699,3.884187958
2020-01-07,119,266.8080402,3.553732052
2020-01-07,120,702.0784428,9.652214008
2020-01-07,122,266.3455804,4.157782948
2020-01-07,123,149.3577049,1.606208964
2020-01-07,125,1020.488803,12.48609391
2020-01-07,126,610.8109674,6.656999488
2020-01-07,127,109.9080261,1.43427327
2020-01-07,128,1068.765765,11.95503467
2020-01-07,131,663.0520556,7.984425593
2020-01-07,133,124.9249614,1.724463887
2020-01-07,135,120.7443433,1.792234816
2020-01-07,136,263.7224456,3.979626532
2020-01-07,138,758.580295,9.098354896
2020-01-07,139,118.7063523,1.541648466
2020-01-07,141,461.3797379,5.582977432
2020-01-07,142,100.4450901,1.61336628
2020-01-07,144,910.215478,9.577877936
2020-01-07,145,531.8425962,6.404012692
2020-01-07,146,375.1357842,3.951646154
2020-01-07,149,319.9563936,3.780662787
2020-01-07,15,537.6904357,6.465876385
2020-01-07,151,1178.493123,14.00359316
2020-01-07,152,668.2864675,7.40462628
2020-01-07,155,469.4029407,4.837331663
2020-01-07,157,346.7807786,4.541943546
2020-01-07,159,1219.131923,13.50035147
2020-01-07,161,106.873263,1.73016544
2020-01-07,163,491.3904655,5.753592329
2020-01-07,164,140.6726911,1.671695586
2020-01-07,166,836.1254283,9.819059254
2020-01-07,168,1871.170837,20.85771255
2020-01-07,169,625.3715258,7.227170585
2020-01-07,171,377.5728325,4.544611234
2020-01-07,172,310.1402448,3.7553746
2020-01-07,173,591.8900123,7.111927404
2020-01-07,174,279.5081592,4.240450463
2020-01-07,175,403.3660855,4.349961015
2020-01-07,177,432.496804,5.476579062
2020-01-07,18,285.808432,3.884187958
2020-01-07,180,362.876737,3.922891262
2020-01-07,181,424.5597651,4.942002931
2020-01-07,183,130.8710206,1.681310525
2020-01-07,184,407.8803424,4.709096072
2020-01-07,188,847.2565662,9.891472955
2020-01-07,189,897.8675243,11.07911107
2020-01-07,19,263.6767166,3.553732052
2020-01-07,190,319.0364666,3.548010667
2020-01-07,192,643.409518,8.229007784
2020-01-07,193,315.2816217,3.208806014
2020-01-07,195,299.9177915,3.925988663
2020-01-07,196,1029.686657,11.19603221
2020-01-07,197,351.2950223,4.650166949
2020-01-07,198,620.1366554,7.293909057
2020-01-07,20,704.386623,9.652214008
2020-01-07,22,269.2926379,4.157782948
2020-01-07,23,144.8303181,1.606208964
2020-01-07,25,1016.163539,12.48609391
2020-01-07,26,599.4024993,6.656999488
2020-01-07,27,110.0847018,1.43427327
2020-01-07,28,1077.337811,11.95503467
2020-01-07,3,463.633709,5.145455415
2020-01-07,31,666.1762888,7.984425593
2020-01-07,33,125.6314015,1.724463887
2020-01-07,35,119.5276473,1.792234816
2020-01-07,36,264.3809019,3.979626532
2020-01-07,38,760.0011167,9.098354896
2020-01-07,39,118.6106242,1.541648466
2020-01-07,41,456.8718584,5.582977432
2020-01-07,42,99.96347349,1.61336628
2020-01-07,44,908.1195916,9.577877936
2020-01-07,45,534.5382199,6.404012692
2020-01-07,46,371.3104422,3.951646154
2020-01-07,49,317.8645687,3.780662787
2020-01-07,5,1101.308319,11.11309937
2020-01-07,51,1195.787224,14.00359316
2020-01-07,52,668.4674748,7.40462628
2020-01-07,55,468.2465097,4.837331663
2020-01-07,57,343.4717227,4.541943546
2020-01-07,59,1195.553253,13.50035147
2020-01-07,61,108.2144356,1.73016544
2020-01-07,63,501.3081886,5.753592329
2020-01-07,64,142.894741,1.671695586
2020-01-07,66,832.2501671,9.819059254
2020-01-07,68,1905.075649,20.85771255
2020-01-07,69,618.4400561,7.227170585
2020-01-07,71,375.0502054,4.544611234
2020-01-07,72,307.4614648,3.7553746
2020-01-07,73,592.7691604,7.111927404
2020-01-07,74,279.1910255,4.240450463
2020-01-07,75,400.1857558,4.349961015
2020-01-07,77,427.0969217,5.476579062
2020-01-07,8,357.3433339,4.364359919
2020-01-07,80,361.0537109,3.922891262
2020-01-07,81,420.8713797,4.942002931
2020-01-07,83,130.4668322,1.681310525
2020-01-07,84,414.0550084,4.709096072
2020-01-07,88,832.0552,9.891472955
2020-01-07,89,902.4371502,11.07911107
2020-01-07,90,319.5038659,3.548010667
2020-01-07,92,652.4170066,8.229007784
2020-01-07,93,320.6274785,3.208806014
2020-01-07,95,292.5595289,3.925988663
2020-01-07,96,1032.744769,11.19603221
2020-01-07,97,352.6375218,4.650166949
2020-01-07,98,623.6495642,7.293909057
2020-01-08,10,1232.780612,13.94149866
2020-01-08,103,457.491461,5.757503899
2020-01-08,105,1109.480937,11.29885585
2020-01-08,108,367.1240416,4.473412578
2020-01-08,11,902.8971274,9.641082973
2020-01-08,110,1221.779159,13.94149866
2020-01-08,111,899.7628878,9.641082973
2020-01-08,115,543.1300412,6.419567739
2020-01-08,118,290.1319196,3.175631848
2020-01-08,119,264.9768064,3.227368651
2020-01-08,120,714.9616459,7.750399408
2020-01-08,122,285.7249252,3.045399818
2020-01-08,123,145.3377334,2.114493822
2020-01-08,125,1017.841192,11.53811408
2020-01-08,126,589.7970115,6.42992981
2020-01-08,127,112.1979246,1.465966398
2020-01-08,128,1071.755456,12.306106
2020-01-08,131,662.1803266,8.31724818
2020-01-08,133,129.7984888,1.409004608
2020-01-08,135,114.7312246,1.529805742
2020-01-08,136,268.6132639,3.368065622
2020-01-08,138,769.415037,9.365974857
2020-01-08,139,114.576218,1.406556827
2020-01-08,141,443.8002221,5.328647285
2020-01-08,142,98.08894857,1.076086682
2020-01-08,144,886.5522335,9.365876085
2020-01-08,145,552.2471892,6.537823587
2020-01-08,146,365.9927973,5.138271753
2020-01-08,149,325.1151445,4.531969635
2020-01-08,15,539.794538,6.419567739
2020-01-08,151,1207.860648,14.94235897
2020-01-08,152,669.3650498,7.096616593
2020-01-08,155,471.2412673,5.771649359
2020-01-08,157,347.0869446,4.672010304
2020-01-08,159,1206.650202,13.46941328
2020-01-08,161,105.469862,1.286131307
2020-01-08,163,497.8930251,5.995994536
2020-01-08,164,145.6861374,1.650854389
2020-01-08,166,840.8887304,10.50751924
2020-01-08,168,1931.890885,20.31151837
2020-01-08,169,614.8499086,7.369469851
2020-01-08,171,373.9351023,4.504371926
2020-01-08,172,304.5776392,3.8210265
2020-01-08,173,603.7434942,6.61181537
2020-01-08,174,281.4648147,3.383149196
2020-01-08,175,396.3125148,4.824671376
2020-01-08,177,424.9961051,5.350883293
2020-01-08,18,289.0146229,3.175631848
2020-01-08,180,361.9467545,4.550235008
2020-01-08,181,424.4268247,4.44049016
2020-01-08,183,130.9186499,1.327451932
2020-01-08,184,402.4583912,5.827467813
2020-01-08,188,830.2726475,9.926037499
2020-01-08,189,908.2382298,11.11052112
2020-01-08,19,263.7615639,3.227368651
2020-01-08,190,320.2307521,3.41137487
2020-01-08,192,628.758268,7.897217356
2020-01-08,193,313.2746438,3.241332651
2020-01-08,195,291.4706741,3.726053448
2020-01-08,196,1033.758842,11.39242285
2020-01-08,197,343.9344999,4.298790221
2020-01-08,198,617.0159846,7.298291785
2020-01-08,20,706.5891614,7.750399408
2020-01-08,22,279.603973,3.045399818
2020-01-08,23,143.2007016,2.114493822
2020-01-08,25,1008.11851,11.53811408
2020-01-08,26,597.1705814,6.42992981
2020-01-08,27,111.4224567,1.465966398
2020-01-08,28,1071.118956,12.306106
2020-01-08,3,451.5597666,5.757503899
2020-01-08,31,664.1363041,8.31724818
2020-01-08,33,128.0072521,1.409004608
2020-01-08,35,117.2214729,1.529805742
2020-01-08,36,268.8431837,3.368065622
2020-01-08,38,765.3353845,9.365974857
2020-01-08,39,115.2433871,1.406556827
2020-01-08,41,451.1785432,5.328647285
2020-01-08,42,98.42161364,1.076086682
2020-01-08,44,905.8261677,9.365876085
2020-01-08,45,541.9357037,6.537823587
2020-01-08,46,370.2719882,5.138271753
2020-01-08,49,319.9489919,4.531969635
2020-01-08,5,1103.870284,11.29885585
2020-01-08,51,1197.24657,14.94235897
2020-01-08,52,673.3437372,7.096616593
2020-01-08,55,468.8628474,5.771649359
2020-01-08,57,344.54815,4.672010304
2020-01-08,59,1194.441817,13.46941328
2020-01-08,61,108.2092936,1.286131307
2020-01-08,63,499.968913,5.995994536
2020-01-08,64,140.5234612,1.650854389
2020-01-08,66,844.4004106,10.50751924
2020-01-08,68,1911.898911,20.31151837
2020-01-08,69,611.330259,7.369469851
2020-01-08,71,374.1457029,4.504371926
2020-01-08,72,304.4213947,3.8210265
2020-01-08,73,602.1351659,6.61181537
2020-01-08,74,278.6744626,3.383149196
2020-01-08,75,394.9264524,4.824671376
2020-01-08,77,431.6415186,5.350883293
2020-01-08,8,363.8647713,4.473412578
2020-01-08,80,358.7276449,4.550235008
2020-01-08,81,424.2878662,4.44049016
2020-01-08,83,129.7046434,1.327451932
2020-01-08,84,403.5638616,5.827467813
2020-01-08,88,834.7956967,9.926037499
2020-01-08,89,900.6744591,11.11052112
2020-01-08,90,316.8227559,3.41137487
2020-01-08,92,628.600345,7.897217356
2020-01-08,93,318.4383139,3.241332651
2020-01-08,95,291.6551178,3.726053448
2020-01-08,96,1029.978466,11.39242285
2020-01-08,97,352.2786172,4.298790221
2020-01-08,98,620.9015077,7.298291785
2020-01-09,10,1252.858039,13.50729547
2020-01-09,103,477.1120394,5.372442569
2020-01-09,105,1133.434219,11.4607826
2020-01-09,108,375.0680714,4.765219144
2020-01-09,11,907.4761659,11.40619406
2020-01-09,110,1244.953976,13.50729547
2020-01-09,111,898.4721658,11.40619406
2020-01-09,115,540.0426716,6.596114744
2020-01-09,118,291.9384116,3.592397284
2020-01-09,119,271.4852834,3.72992162
2020-01-09,120,718.2218757,8.298754432
2020-01-09,122,287.8862711,3.437209586
2020-01-09,123,142.6941314,1.574618492
2020-01-09,125,1015.793284,12.64920454
2020-01-09,126,616.385934,6.617439592
2020-01-09,127,111.2187812,1.369171781
2020-01-09,128,1061.021097,12.56748475
2020-01-09,131,667.4843701,7.16210427
2020-01-09,133,125.4705555,1.624362229
2020-01-09,135,116.7868746,1.289809842
2020-01-09,136,265.8641122,3.773282966
2020-01-09,138,770.7118724,8.851008903
2020-01-09,139,116.3266816,1.580479034
2020-01-09,141,450.2723849,5.82292955
2020-01-09,142,97.37264175,1.90823558
2020-01-09,144,917.0233008,9.989080175
2020-01-09,145,529.698838,5.896944251
2020-01-09,146,380.5792587,5.039315502
2020-01-09,149,326.1183796,4.307174926
2020-01-09,15,541.4453191,6.596114744
2020-01-09,151,1199.190479,13.81799058
2020-01-09,152,681.1315747,7.73873317
2020-01-09,155,459.9769949,5.392023108
2020-01-09,157,353.501057,3.90911462
2020-01-09,159,1201.547544,13.39145063
2020-01-09,161,108.3421967,1.152930191
2020-01-09,163,508.5551372,5.448537059
2020-01-09,164,141.2784722,1.875419024
2020-01-09,166,850.8606251,10.66265615
2020-01-09,168,1921.343925,20.88521772
2020-01-09,169,620.8259886,7.349870892
2020-01-09,171,374.5790612,4.351329799
2020-01-09,172,305.7288949,3.555294684
2020-01-09,173,610.6363002,6.685927044
2020-01-09,174,285.1269523,3.384027313
2020-01-09,175,389.2637376,4.208523708
2020-01-09,177,433.2756304,4.706226087
2020-01-09,18,289.7253954,3.592397284
2020-01-09,180,362.3522156,4.006251776
2020-01-09,181,415.8514073,4.739336158
2020-01-09,183,133.3658648,1.549680117
2020-01-09,184,401.8660181,5.188148161
2020-01-09,188,849.0403952,10.01480074
2020-01-09,189,906.2425161,10.61730414
2020-01-09,19,268.9402642,3.72992162
2020-01-09,190,317.7474113,3.718045984
2020-01-09,192,636.438115,7.127797209
2020-01-09,193,322.3826347,3.519563844
2020-01-09,195,298.0813114,3.452952312
2020-01-09,196,1036.201612,10.98937175
2020-01-09,197,358.7957732,3.578678482
2020-01-09,198,630.5775467,7.213920541
2020-01-09,20,715.3185838,8.298754432
2020-01-09,22,285.8127829,3.437209586
2020-01-09,23,147.9742071,1.574618492
2020-01-09,25,1016.440009,12.64920454
2020-01-09,26,602.8787412,6.617439592
2020-01-09,27,113.3675798,1.369171781
2020-01-09,28,1075.603965,12.56748475
2020-01-09,3,463.0125667,5.372442569
2020-01-09,31,657.6181978,7.16210427
2020-01-09,33,128.1397652,1.624362229
2020-01-09,35,119.6662541,1.289809842
2020-01-09,36,265.8161607,3.773282966
2020-01-09,38,762.3202294,8.851008903
2020-01-09,39,114.5398262,1.580479034
2020-01-09,41,449.0690298,5.82292955
2020-01-09,42,99.73269961,1.90823558
2020-01-09,44,919.799471,9.989080175
2020-01-09,45,533.3290961,5.896944251
2020-01-09,46,375.370591,5.039315502
2020-01-09,49,320.1517493,4.307174926
2020-01-09,5,1128.617579,11.4607826
2020-01-09,51,1201.905141,13.81799058
2020-01-09,52,680.1735559,7.73873317
2020-01-09,55,464.5294471,5.392023108
2020-01-09,57,347.7411212,3.90911462
2020-01-09,59,1210.77972,13.39145063
2020-01-09,61,109.4131404,1.152930191
2020-01-09,63,511.4644632,5.448537059
2020-01-09,64,143.6887209,1.875419024
2020-01-09,66,844.0040717,10.66265615
2020-01-09,68,1923.634022,20.88521772
2020-01-09,69,614.6324044,7.349870892
2020-01-09,71,374.0158533,4.351329799
2020-01-09,72,310.5200841,3.555294684
2020-01-09,73,616.085285,6.685927044
2020-01-09,74,280.9332919,3.384027313
2020-01-09,75,398.2009148,4.208523708
2020-01-09,77,432.2886335,4.706226087
2020-01-09,8,371.5276504,4.765219144
2020-01-09,80,361.3185104,4.006251776
2020-01-09,81,427.539576,4.739336158
2020-01-09,83,130.6319823,1.549680117
2020-01-09,84,407.5048609,5.188148161
2020-01-09,88,851.3467647,10.01480074
2020-01-09,89,908.20405,10.61730414
2020-01-09,90,320.7365702,3.718045984
2020-01-09,92,638.9710076,7.127797209
2020-01-09,93,327.9356842,3.519563844
2020-01-09,95,294.8894909,3.452952312
2020-01-09,96,1034.139765,10.98937175
2020-01-09,97,356.6160378,3.578678482
2020-01-09,98,628.3795903,7.213920541
2020-01-10,10,1243.606284,14.78520008
2020-01-10,103,459.3978511,5.333019276
2020-01-10,105,1138.511878,11.44651511
2020-01-10,108,381.0054682,5.109974222
2020-01-10,11,905.4893276,10.96659321
2020-01-10,110,1251.218202,14.78520008
2020-01-10,111,893.8655987,10.96659321
2020-01-10,115,545.6555376,6.28320378
2020-01-10,118,291.032232,3.531337637
2020-01-10,119,264.8613572,2.895295494
2020-01-10,120,708.8194273,8.773459822
2020-01-10,122,288.464063,4.238407158
2020-01-10,123,149.0400123,1.541416969
2020-01-10,125,1001.17523,10.8497129
2020-01-10,126,584.2267721,6.391853583
2020-01-10,127,113.4829,1.30099046
2020-01-10,128,1072.045807,11.69996995
2020-01-10,131,658.1960491,8.441660683
2020-01-10,133,126.2698972,1.300126683
2020-01-10,135,116.8947956,1.694470135
2020-01-10,136,258.8324538,4.3081358
2020-01-10,138,766.7413016,10.62135989
2020-01-10,139,117.4621244,2.182621185
2020-01-10,141,449.2261971,5.031404968
2020-01-10,142,101.8293011,1.675211712
2020-01-10,144,921.9243965,9.841934637
2020-01-10,145,527.068933,5.638600997
2020-01-10,146,371.650192,4.41487043
2020-01-10,149,315.1057604,3.547730009
2020-01-10,15,537.5933183,6.28320378
2020-01-10,151,1184.445388,15.44388418
2020-01-10,152,680.3014456,8.23276463
2020-01-10,155,464.6696709,5.914673421
2020-01-10,157,342.684317,4.095949306
2020-01-10,159,1213.84389,13.90086631
2020-01-10,161,110.7047898,1.226968564
2020-01-10,163,499.6364498,6.227551532
2020-01-10,164,145.3615173,1.608330645
2020-01-10,166,863.6037271,10.021098
2020-01-10,168,1966.976804,20.71088626
2020-01-10,169,605.1675453,6.955978461
2020-01-10,171,374.1168205,4.994279809
2020-01-10,172,307.9282383,3.923768101
2020-01-10,173,616.5872235,6.603961983
2020-01-10,174,284.0988834,3.020529041
2020-01-10,175,402.6115229,4.837045076
2020-01-10,177,436.8807122,5.323163247
2020-01-10,18,291.0752343,3.531337637
2020-01-10,180,366.6363071,4.262765641
2020-01-10,181,414.7901577,5.342631919
2020-01-10,183,137.7664216,1.71527676
2020-01-10,184,409.8021932,4.800312996
2020-01-10,188,826.5936699,9.190154306
2020-01-10,189,893.0116734,10.67510965
2020-01-10,19,266.34436,2.895295494
2020-01-10,190,316.835334,4.302638099
2020-01-10,192,642.2798743,6.57356607
2020-01-10,193,325.4836775,3.456079631
2020-01-10,195,296.3152928,3.516177595
2020-01-10,196,1031.032863,10.94226766
2020-01-10,197,347.7876505,3.649566389
2020-01-10,198,630.8049475,7.706714802
2020-01-10,20,713.3242867,8.773459822
2020-01-10,22,286.3395028,4.238407158
2020-01-10,23,148.4073103,1.541416969
2020-01-10,25,1001.468159,10.8497129
2020-01-10,26,588.6849039,6.391853583
2020-01-10,27,114.0924547,1.30099046
2020-01-10,28,1069.668084,11.69996995
2020-01-10,3,459.4856316,5.333019276
2020-01-10,31,662.9405376,8.441660683
2020-01-10,33,126.1792929,1.300126683
2020-01-10,35,117.0028577,1.694470135
2020-01-10,36,260.0809015,4.3081358
2020-01-10,38,767.1104044,10.62135989
2020-01-10,39,114.9832252,2.182621185
2020-01-10,41,447.9637576,5.031404968
2020-01-10,42,100.1649159,1.675211712
2020-01-10,44,913.8935028,9.841934637
2020-01-10,45,539.0310607,5.638600997
2020-01-10,46,375.1489483,4.41487043
2020-01-10,49,318.7414183,3.547730009
2020-01-10,5,1142.297731,11.44651511
2020-01-10,51,1193.416482,15.44388418
2020-01-10,52,694.5821946,8.23276463
2020-01-10,55,468.7385403,5.914673421
2020-01-10,57,344.9904744,4.095949306
2020-01-10,59,1209.980697,13.90086631
2020-01-10,61,109.399114,1.226968564
2020-01-10,63,507.4179526,6.227551532
2020-01-10,64,145.8746076,1.608330645
2020-01-10,66,854.4719257,10.021098
2020-01-10,68,1948.410434,20.71088626
2020-01-10,69,612.993591,6.955978461
2020-01-10,71,375.502372,4.994279809
2020-01-10,72,309.0534027,3.923768101
2020-01-10,73,620.073558,6.603961983
2020-01-10,74,285.8546346,3.020529041
2020-01-10,75,399.5110373,4.837045076
2020-01-10,77,436.7214361,5.323163247
2020-01-10,8,378.2406397,5.109974222
2020-01-10,80,358.7372795,4.262765641
2020-01-10,81,416.3692404,5.342631919
2020-01-10,83,135.3339567,1.71527676
2020-01-10,84,409.5021329,4.800312996
2020-01-10,88,837.9335759,9.190154306
2020-01-10,89,902.9713407,10.67510965
2020-01-10,90,319.3375941,4.302638099
2020-01-10,92,635.2343032,6.57356607
2020-01-10,93,324.6860519,3.456079631
2020-01-10,95,295.1389766,3.516177595
2020-01-10,96,1026.14411,10.94226766
2020-01-10,97,347.6069929,3.649566389
2020-01-10,98,622.3378565,7.706714802
2020-01-11,10,1236.87664,13.55139337
2020-01-11,103,447.4327555,5.120673669
2020-01-11,105,1124.511475,11.28381201
2020-01-11,108,376.3883414,4.356853231
2020-01-11,11,893.1998465,10.23746956
2020-01-11,110,1242.490591,13.55139337
2020-01-11,111,895.7150349,10.23746956
2020-01-11,115,530.4827136,6.080773861
2020-01-11,118,293.9920138,3.680955327
2020-01-11,119,264.8421652,3.966009912
2020-01-11,120,709.0630132,8.208197982
2020-01-11,122,286.9447417,4.402730542
2020-01-11,123,146.1769677,1.75920262
2020-01-11,125,976.1948299,10.78305427
2020-01-11,126,592.9124822,6.366379271
2020-01-11,127,116.3637643,1.255679554
2020-01-11,128,1049.738254,10.9623356
2020-01-11,131,653.3392918,8.410804436
2020-01-11,133,122.2346273,2.127444016
2020-01-11,135,118.9265553,1.247422989
2020-01-11,136,259.0779552,2.783888499
2020-01-11,138,779.8435565,8.775877205
2020-01-11,139,113.6117767,1.42487439
2020-01-11,141,453.60536,6.546821214
2020-01-11,142,95.7565622,1.657774528
2020-01-11,144,902.5022945,10.04647585
2020-01-11,145,544.6412534,7.423910132
2020-01-11,146,370.4822381,4.208135648
2020-01-11,149,316.1542147,3.55020519
2020-01-11,15,533.6133621,6.080773861
2020-01-11,151,1181.076921,12.53585454
2020-01-11,152,668.2000482,7.872550616
2020-01-11,155,441.6615473,5.567062488
2020-01-11,157,336.6482817,3.650484475
2020-01-11,159,1222.320603,13.56169837
2020-01-11,161,109.8578982,1.710476356
2020-01-11,163,510.8433875,5.644201402
2020-01-11,164,141.067694,1.88594646
2020-01-11,166,833.9806501,9.982679722
2020-01-11,168,1929.679133,20.58794613
2020-01-11,169,613.1413844,8.564624985
2020-01-11,171,374.9141493,4.176299166
2020-01-11,172,320.4105845,3.276790768
2020-01-11,173,618.3796504,6.815548599
2020-01-11,174,279.2152632,3.284412095
2020-01-11,175,387.6803845,4.550304581
2020-01-11,177,437.0177786,5.843272847
2020-01-11,18,293.5656609,3.680955327
2020-01-11,180,362.9076997,4.555978494
2020-01-11,181,413.0117038,5.519239968
2020-01-11,183,133.5556529,1.510569713
2020-01-11,184,409.1070261,4.390335729
2020-01-11,188,830.9961998,9.987250887
2020-01-11,189,902.085988,10.20350946
2020-01-11,19,264.7541057,3.966009912
2020-01-11,190,317.8128294,3.759329593
2020-01-11,192,634.6183399,7.772048599
2020-01-11,193,310.5507132,3.844471974
2020-01-11,195,294.9248625,4.348601384
2020-01-11,196,1022.678962,11.50718789
2020-01-11,197,340.8668876,4.129151566
2020-01-11,198,615.7874695,8.244891503
2020-01-11,20,704.139624,8.208197982
2020-01-11,22,282.4321842,4.402730542
2020-01-11,23,148.4602217,1.75920262
2020-01-11,25,982.1220808,10.78305427
2020-01-11,26,591.1926125,6.366379271
2020-01-11,27,114.2167202,1.255679554
2020-01-11,28,1068.429396,10.9623356
2020-01-11,3,459.2680035,5.120673669
2020-01-11,31,654.8368973,8.410804436
2020-01-11,33,122.231877,2.127444016
2020-01-11,35,117.4929964,1.247422989
2020-01-11,36,256.6642701,2.783888499
2020-01-11,38,778.0816831,8.775877205
2020-01-11,39,112.3778709,1.42487439
2020-01-11,41,446.8755046,6.546821214
2020-01-11,42,97.2410674,1.657774528
2020-01-11,44,914.3085974,10.04647585
2020-01-11,45,544.0021607,7.423910132
2020-01-11,46,371.1330279,4.208135648
2020-01-11,49,316.9508487,3.55020519
2020-01-11,5,1122.442951,11.28381201
2020-01-11,51,1182.72577,12.53585454
2020-01-11,52,679.7732095,7.872550616
2020-01-11,55,450.642773,5.567062488
2020-01-11,57,339.7207072,3.650484475
2020-01-11,59,1211.10058,13.56169837
2020-01-11,61,111.8786485,1.710476356
2020-01-11,63,507.7498042,5.644201402
2020-01-11,64,145.5988725,1.88594646
2020-01-11,66,837.1677474,9.982679722
2020-01-11,68,1924.481599,20.58794613
2020-01-11,69,609.7015621,8.564624985
2020-01-11,71,374.7857889,4.176299166
2020-01-11,72,311.5437529,3.276790768
2020-01-11,73,602.7354052,6.815548599
2020-01-11,74,281.5209317,3.284412095
2020-01-11,75,391.5507391,4.550304581
2020-01-11,77,436.5299295,5.843272847
2020-01-11,8,378.2917365,4.356853231
2020-01-11,80,354.6127659,4.555978494
2020-01-11,81,411.9819525,5.519239968
2020-01-11,83,133.3864652,1.510569713
2020-01-11,84,412.7919154,4.390335729
2020-01-11,88,836.1529109,9.987250887
2020-01-11,89,900.5313032,10.20350946
2020-01-11,90,314.0612232,3.759329593
2020-01-11,92,634.0441357,7.772048599
2020-01-11,93,321.6421321,3.844471974
2020-01-11,95,292.9465491,4.348601384
2020-01-11,96,1017.35599,11.50718789
2020-01-11,97,343.2480331,4.129151566
2020-01-11,98,615.8999967,8.244891503
2020-01-12,10,1240.915976,13.65862699
2020-01-12,103,452.7317118,5.424690101
2020-01-12,105,1144.246506,11.34785854
2020-01-12,108,365.9902873,4.506062508
2020-01-12,11,883.7707118,11.77618266
2020-01-12,110,1240.772109,13.65862699
2020-01-12,111,893.5024084,11.77618266
2020-01-12,115,517.7355273,6.094923406
2020-01-12,118,294.1493837,3.578380844
2020-01-12,119,260.3980539,3.384999307
2020-01-12,120,703.6970008,8.928474032
2020-01-12,122,280.2571139,3.350376392
2020-01-12,123,146.3766767,1.847039796
2020-01-12,125,977.9540145,11.26434488
2020-01-12,126,587.8250736,6.490155836
2020-01-12,127,114.459659,1.833718941
2020-01-12,128,1057.185893,11.46629605
2020-01-12,131,636.8097916,7.478198396
2020-01-12,133,119.9234687,1.45045318
2020-01-12,135,116.8409254,1.361081347
2020-01-12,136,257.3771853,2.962855464
2020-01-12,138,806.4610512,8.508151738
2020-01-12,139,110.8720747,1.58427448
2020-01-12,141,440.2091393,6.362733191
2020-01-12,142,96.94974052,1.360017097
2020-01-12,144,927.1822862,9.3895495
2020-01-12,145,531.3865764,6.357960152
2020-01-12,146,371.3564369,4.244612792
2020-01-12,149,307.9276125,4.121003177
2020-01-12,15,521.9343546,6.094923406
2020-01-12,151,1193.081747,13.65949354
2020-01-12,152,668.7821962,7.391877253
2020-01-12,155,443.3300235,5.261714851
2020-01-12,157,339.9175226,4.328917503
2020-01-12,159,1183.313782,13.73288672
2020-01-12,161,108.8181218,1.653070791
2020-01-12,163,502.0622565,5.296291084
2020-01-12,164,142.3730947,2.301418654
2020-01-12,166,836.4234403,9.896070323
2020-01-12,168,1830.555454,20.73717796
2020-01-12,169,608.576662,7.783386582
2020-01-12,171,368.7900011,4.712275519
2020-01-12,172,316.5479953,4.581806247
2020-01-12,173,600.2508572,6.183624833
2020-01-12,174,280.7892637,3.233439449
2020-01-12,175,375.0503323,4.740630079
2020-01-12,177,432.0507418,5.106734851
2020-01-12,18,295.5347994,3.578380844
2020-01-12,180,349.1344828,4.891710365
2020-01-12,181,401.6872239,4.53654965
2020-01-12,183,131.526253,1.773231385
2020-01-12,184,409.9541726,4.728347744
2020-01-12,188,847.0593638,9.177845256
2020-01-12,189,877.0386684,10.74484131
2020-01-12,19,259.6603466,3.384999307
2020-01-12,190,315.7231827,3.739779734
2020-01-12,192,628.2511185,7.464095893
2020-01-12,193,318.8531948,3.783832549
2020-01-12,195,287.6172443,4.362391049
2020-01-12,196,1046.551192,11.32556953
2020-01-12,197,328.2818132,3.382395911
2020-01-12,198,613.0630207,6.958086548
2020-01-12,20,703.5116722,8.928474032
2020-01-12,22,280.8506209,3.350376392
2020-01-12,23,145.3776244,1.847039796
2020-01-12,25,983.1596535,11.26434488
2020-01-12,26,585.5068429,6.490155836
2020-01-12,27,114.7117899,1.833718941
2020-01-12,28,1059.250166,11.46629605
2020-01-12,3,453.151405,5.424690101
2020-01-12,31,646.7402061,7.478198396
2020-01-12,33,120.5260026,1.45045318
2020-01-12,35,118.082329,1.361081347
2020-01-12,36,257.1324883,2.962855464
2020-01-12,38,784.3717266,8.508151738
2020-01-12,39,111.8947185,1.58427448
2020-01-12,41,435.3950338,6.362733191
2020-01-12,42,96.2849997,1.360017097
2020-01-12,44,925.5689782,9.3895495
2020-01-12,45,536.8530338,6.357960152
2020-01-12,46,366.4370305,4.244612792
2020-01-12,49,312.3649692,4.121003177
2020-01-12,5,1114.013068,11.34785854
2020-01-12,51,1173.778925,13.65949354
2020-01-12,52,678.4923158,7.391877253
2020-01-12,55,443.3316549,5.261714851
2020-01-12,57,340.050272,4.328917503
2020-01-12,59,1204.280733,13.73288672
2020-01-12,61,110.2687378,1.653070791
2020-01-12,63,495.9038133,5.296291084
2020-01-12,64,141.7586923,2.301418654
2020-01-12,66,835.1325212,9.896070323
2020-01-12,68,1845.066693,20.73717796
2020-01-12,69,612.7049748,7.783386582
2020-01-12,71,371.5182573,4.712275519
2020-01-12,72,314.0991703,4.581806247
2020-01-12,73,599.9525832,6.183624833
2020-01-12,74,277.4412181,3.233439449
2020-01-12,75,386.5429148,4.740630079
2020-01-12,77,433.3267773,5.106734851
2020-01-12,8,368.8143201,4.506062508
2020-01-12,80,347.1875759,4.891710365
2020-01-12,81,404.3171816,4.53654965
2020-01-12,83,132.1843675,1.773231385
2020-01-12,84,407.505981,4.728347744
2020-01-12,88,841.2478092,9.177845256
2020-01-12,89,881.4322155,10.74484131
2020-01-12,90,310.5744219,3.739779734
2020-01-12,92,621.865947,7.464095893
2020-01-12,93,317.0240515,3.783832549
2020-01-12,95,288.6072377,4.362391049
2020-01-12,96,1021.462914,11.32556953
2020-01-12,97,337.055057,3.382395911
2020-01-12,98,613.4305854,6.958086548
2020-01-13,10,1257.174414,15.13991778
2020-01-13,103,455.1554188,5.514848227
2020-01-13,105,1117.522774,11.29029858
2020-01-13,108,373.7109503,5.514965646
2020-01-13,11,882.3096816,10.33769681
2020-01-13,110,1250.289418,15.13991778
2020-01-13,111,885.0796433,10.33769681
2020-01-13,115,514.0796475,6.328974859
2020-01-13,118,300.9867699,4.121852484
2020-01-13,119,257.4522904,3.669882696
2020-01-13,120,692.1368143,9.013122584
2020-01-13,122,274.7805846,4.503984152
2020-01-13,123,147.1887784,1.767490915
2020-01-13,125,978.6674916,11.74627146
2020-01-13,126,577.6118056,6.269386152
2020-01-13,127,114.2634277,2.288604284
2020-01-13,128,1073.743679,11.6283507
2020-01-13,131,642.5213773,8.699624862
2020-01-13,133,118.653035,2.283558706
2020-01-13,135,119.2227711,1.749665023
2020-01-13,136,268.5396397,4.147839627
2020-01-13,138,775.4723315,9.078191868
2020-01-13,139,107.844809,1.782998923
2020-01-13,141,435.3938232,4.49360638
2020-01-13,142,93.66730759,1.237670603
2020-01-13,144,930.5398751,10.46989636
2020-01-13,145,542.5226831,6.144224775
2020-01-13,146,379.0447182,4.440589032
2020-01-13,149,315.8648936,3.933965704
2020-01-13,15,517.3969166,6.328974859
2020-01-13,151,1173.641723,14.73902458
2020-01-13,152,653.813248,7.372285506
2020-01-13,155,440.1643756,4.463441748
2020-01-13,157,341.8776842,4.157436922
2020-01-13,159,1200.453491,13.32699801
2020-01-13,161,109.0983072,1.398317941
2020-01-13,163,495.8551356,5.694756457
2020-01-13,164,137.7239083,2.525392272
2020-01-13,166,843.5195986,11.08175185
2020-01-13,168,1781.613854,20.16558821
2020-01-13,169,623.0869525,7.353971086
2020-01-13,171,376.0390503,5.199589374
2020-01-13,172,313.7502704,3.635015537
2020-01-13,173,604.3746428,6.720303597
2020-01-13,174,280.2705415,4.477428889
2020-01-13,175,393.9013365,4.639537131
2020-01-13,177,432.7644905,4.618662686
2020-01-13,18,299.9113636,4.121852484
2020-01-13,180,345.8939427,4.906539447
2020-01-13,181,401.4328675,4.624838578
2020-01-13,183,129.1915763,1.389543329
2020-01-13,184,401.1785499,4.629877794
2020-01-13,188,833.0907657,9.154314408
2020-01-13,189,872.4344995,10.60190655
2020-01-13,19,257.9782238,3.669882696
2020-01-13,190,312.8871471,3.89894205
2020-01-13,192,624.7059815,6.93980981
2020-01-13,193,311.7950886,3.493679364
2020-01-13,195,289.5229527,3.497993274
2020-01-13,196,1046.630532,11.95345701
2020-01-13,197,331.3900749,3.496068788
2020-01-13,198,615.6833368,8.041492319
2020-01-13,20,704.9476548,9.013122584
2020-01-13,22,277.1997425,4.503984152
2020-01-13,23,146.8989703,1.767490915
2020-01-13,25,975.6070958,11.74627146
2020-01-13,26,579.834663,6.269386152
2020-01-13,27,113.5150664,2.288604284
2020-01-13,28,1068.703002,11.6283507
2020-01-13,3,458.4896082,5.514848227
2020-01-13,31,649.3410722,8.699624862
2020-01-13,33,119.6124961,2.283558706
2020-01-13,35,118.2672348,1.749665023
2020-01-13,36,267.5710242,4.147839627
2020-01-13,38,787.4129354,9.078191868
2020-01-13,39,108.7560238,1.782998923
2020-01-13,41,436.3751194,4.49360638
2020-01-13,42,94.19112579,1.237670603
2020-01-13,44,928.0523636,10.46989636
2020-01-13,45,530.4943738,6.144224775
2020-01-13,46,371.9430821,4.440589032
2020-01-13,49,317.8412441,3.933965704
2020-01-13,5,1108.914029,11.29029858
2020-01-13,51,1179.494483,14.73902458
2020-01-13,52,666.6470375,7.372285506
2020-01-13,55,431.1758759,4.463441748
2020-01-13,57,343.4717625,4.157436922
2020-01-13,59,1205.103196,13.32699801
2020-01-13,61,109.4732805,1.398317941
2020-01-13,63,498.7674325,5.694756457
2020-01-13,64,139.8524669,2.525392272
2020-01-13,66,830.3573348,11.08175185
2020-01-13,68,1812.391167,20.16558821
2020-01-13,69,607.7912267,7.353971086
2020-01-13,71,372.2200885,5.199589374
2020-01-13,72,315.8563585,3.635015537
2020-01-13,73,603.5627051,6.720303597
2020-01-13,74,274.8904572,4.477428889
2020-01-13,75,393.8349768,4.639537131
2020-01-13,77,432.2354294,4.618662686
2020-01-13,8,374.5059251,5.514965646
2020-01-13,80,349.8500664,4.906539447
2020-01-13,81,401.2376312,4.624838578
2020-01-13,83,131.4670517,1.389543329
2020-01-13,84,404.2112304,4.629877794
2020-01-13,88,837.3128913,9.154314408
2020-01-13,89,869.54662,10.60190655
2020-01-13,90,313.9271495,3.89894205
2020-01-13,92,620.2697865,6.93980981
2020-01-13,93,313.4212144,3.493679364
2020-01-13,95,288.9278824,3.497993274
2020-01-13,96,1043.711824,11.95345701
2020-01-13,97,338.5642993,3.496068788
2020-01-13,98,620.5068733,8.041492319
2020-01-14,10,1259.8088,15.65043333
2020-01-14,103,451.6254788,4.729354256
2020-01-14,105,1076.426617,11.39106844
2020-01-14,108,365.2972421,4.405037795
2020-01-14,11,881.3944026,9.820987351
2020-01-14,110,1259.827128,15.65043333
2020-01-14,111,884.0446404,9.820987351
2020-01-14,115,532.2856229,6.807502616
2020-01-14,118,302.8234431,3.29180585
2020-01-14,119,261.8079346,3.14576089
2020-01-14,120,712.1308615,8.829726119
2020-01-14,122,279.4639883,3.768921913
2020-01-14,123,147.2187926,1.708194492
2020-01-14,125,971.079564,11.80471525
2020-01-14,126,607.4638408,6.899440712
2020-01-14,127,115.2483463,1.497478828
2020-01-14,128,1086.600169,12.18566125
2020-01-14,131,653.6165316,8.543704961
2020-01-14,133,122.5055354,1.576679951
2020-01-14,135,117.0069591,1.361329913
2020-01-14,136,273.3191984,3.470547029
2020-01-14,138,790.722801,9.710569059
2020-01-14,139,108.4607202,1.671240034
2020-01-14,141,441.5748165,5.313147141
2020-01-14,142,96.36279341,1.429628689
2020-01-14,144,935.372299,10.8066372
2020-01-14,145,548.9990201,5.925089001
2020-01-14,146,370.5758239,4.790441875
2020-01-14,149,320.0556124,4.69431306
2020-01-14,15,532.184916,6.807502616
2020-01-14,151,1188.491697,13.72123396
2020-01-14,152,664.6623557,7.140823872
2020-01-14,155,435.9081561,5.149969528
2020-01-14,157,347.298173,4.352524186
2020-01-14,159,1185.220179,13.63487196
2020-01-14,161,111.35719,1.502345255
2020-01-14,163,502.2859393,5.872659867
2020-01-14,164,139.1833,2.219590914
2020-01-14,166,822.5185089,9.561719986
2020-01-14,168,1873.213626,19.11883072
2020-01-14,169,613.8296427,6.563145972
2020-01-14,171,386.6306879,4.252928136
2020-01-14,172,318.1658492,4.024677345
2020-01-14,173,608.9446269,6.521750453
2020-01-14,174,277.2387246,3.710589553
2020-01-14,175,391.7108801,4.225034286
2020-01-14,177,439.1554333,4.852258157
2020-01-14,18,305.3074893,3.29180585
2020-01-14,180,352.8600996,4.536274505
2020-01-14,181,397.4590698,5.217568322
2020-01-14,183,132.8340559,1.9407837
2020-01-14,184,412.9989254,5.234045813
2020-01-14,188,839.0936523,9.074765919
2020-01-14,189,895.4475463,10.77196993
2020-01-14,19,261.69509,3.14576089
2020-01-14,190,323.6407075,4.196012898
2020-01-14,192,639.7544359,7.816607909
2020-01-14,193,309.4732521,3.409260505
2020-01-14,195,289.1760209,4.229682543
2020-01-14,196,1045.02993,11.65554973
2020-01-14,197,331.4188062,3.471298027
2020-01-14,198,635.6098458,7.575919944
2020-01-14,20,708.8577357,8.829726119
2020-01-14,22,275.3905231,3.768921913
2020-01-14,23,151.6242157,1.708194492
2020-01-14,25,980.2655253,11.80471525
2020-01-14,26,597.9483555,6.899440712
2020-01-14,27,112.8215295,1.497478828
2020-01-14,28,1077.807728,12.18566125
2020-01-14,3,453.7739897,4.729354256
2020-01-14,31,659.4303386,8.543704961
2020-01-14,33,122.1942947,1.576679951
2020-01-14,35,120.2969297,1.361329913
2020-01-14,36,271.766624,3.470547029
2020-01-14,38,788.9804951,9.710569059
2020-01-14,39,109.5532062,1.671240034
2020-01-14,41,448.5560928,5.313147141
2020-01-14,42,95.87730092,1.429628689
2020-01-14,44,936.9842061,10.8066372
2020-01-14,45,541.9335822,5.925089001
2020-01-14,46,370.9678744,4.790441875
2020-01-14,49,321.0612988,4.69431306
2020-01-14,5,1089.201604,11.39106844
2020-01-14,51,1189.675764,13.72123396
2020-01-14,52,669.1698158,7.140823872
2020-01-14,55,432.8981902,5.149969528
2020-01-14,57,349.040164,4.352524186
2020-01-14,59,1202.341166,13.63487196
2020-01-14,61,110.3465016,1.502345255
2020-01-14,63,503.2320866,5.872659867
2020-01-14,64,141.2029577,2.219590914
2020-01-14,66,820.89803,9.561719986
2020-01-14,68,1822.700129,19.11883072
2020-01-14,69,612.471282,6.563145972
2020-01-14,71,381.0289303,4.252928136
2020-01-14,72,317.5840299,4.024677345
2020-01-14,73,606.0521696,6.521750453
2020-01-14,74,276.0634243,3.710589553
2020-01-14,75,392.1240748,4.225034286
2020-01-14,77,427.2518654,4.852258157
2020-01-14,8,371.6883552,4.405037795
2020-01-14,80,351.1008879,4.536274505
2020-01-14,81,403.2939529,5.217568322
2020-01-14,83,134.5607701,1.9407837
2020-01-14,84,409.3028048,5.234045813
2020-01-14,88,832.61862,9.074765919
2020-01-14,89,893.9312519,10.77196993
2020-01-14,90,318.3441856,4.196012898
2020-01-14,92,631.8429271,7.816607909
2020-01-14,93,319.2843164,3.409260505
2020-01-14,95,291.9289329,4.229682543
2020-01-14,96,1065.887633,11.65554973
2020-01-14,97,337.5924158,3.471298027
2020-01-14,98,631.9680964,7.575919944
2020-01-15,10,1255.946292,14.45559761
2020-01-15,103,456.1194777,5.008694143
2020-01-15,105,1080.589523,11.67706173
2020-01-15,108,371.8594984,4.36092397
2020-01-15,11,878.9387277,10.44894333
2020-01-15,110,1265.211217,14.45559761
2020-01-15,111,878.6434602,10.44894333
2020-01-15,115,529.0505221,5.514982239
2020-01-15,118,304.3787094,3.695688405
2020-01-15,119,260.4903851,4.073561291
2020-01-15,120,712.0446817,9.366607895
2020-01-15,122,270.5919259,3.016388277
2020-01-15,123,147.1904604,1.676010258
2020-01-15,125,981.8851213,10.86462496
2020-01-15,126,585.9341751,6.941595714
2020-01-15,127,111.4305029,1.206173878
2020-01-15,128,1081.172441,11.75249766
2020-01-15,131,668.1821675,7.079362709
2020-01-15,133,121.9600553,1.754748243
2020-01-15,135,122.9548113,1.406732241
2020-01-15,136,266.9462983,3.122434976
2020-01-15,138,794.1043947,9.292939135
2020-01-15,139,111.8511311,1.893696683
2020-01-15,141,442.1048106,5.215998783
2020-01-15,142,96.4205363,1.420745481
2020-01-15,144,959.1634518,9.765879986
2020-01-15,145,547.9462011,6.261001971
2020-01-15,146,367.3955038,4.54679275
2020-01-15,149,321.4545058,3.910436182
2020-01-15,15,527.0466983,5.514982239
2020-01-15,151,1201.349839,14.78316642
2020-01-15,152,665.2257714,7.417534682
2020-01-15,155,430.4736226,5.628469052
2020-01-15,157,346.9254048,3.731135639
2020-01-15,159,1213.639373,12.70137076
2020-01-15,161,110.6060438,1.315724993
2020-01-15,163,512.2502072,5.949379203
2020-01-15,164,142.5499524,2.178352954
2020-01-15,166,818.1176251,9.57392433
2020-01-15,168,1841.039168,20.2405989
2020-01-15,169,624.6535422,7.592646053
2020-01-15,171,384.7076343,4.777902846
2020-01-15,172,304.1739681,3.674763801
2020-01-15,173,607.3982197,6.504221826
2020-01-15,174,279.261423,3.003089656
2020-01-15,175,389.9105559,4.713956745
2020-01-15,177,429.2592912,4.478934042
2020-01-15,18,300.4012094,3.695688405
2020-01-15,180,337.9941214,4.257797997
2020-01-15,181,403.4897576,5.452411353
2020-01-15,183,131.5198988,1.735202962
2020-01-15,184,395.7772632,4.367023693
2020-01-15,188,848.8995065,10.58320372
2020-01-15,189,905.1263892,11.18574657
2020-01-15,19,260.6591261,4.073561291
2020-01-15,190,318.0344101,3.547809792
2020-01-15,192,614.5746137,7.602584998
2020-01-15,193,310.0367856,3.311905565
2020-01-15,195,290.9365882,4.239090426
2020-01-15,196,1091.397253,11.05964312
2020-01-15,197,343.0963605,3.921472591
2020-01-15,198,631.3860124,7.574311152
2020-01-15,20,716.0492305,9.366607895
2020-01-15,22,272.2022608,3.016388277
2020-01-15,23,148.5781183,1.676010258
2020-01-15,25,995.2689681,10.86462496
2020-01-15,26,583.0620377,6.941595714
2020-01-15,27,111.1562108,1.206173878
2020-01-15,28,1076.002109,11.75249766
2020-01-15,3,450.0177589,5.008694143
2020-01-15,31,668.0618317,7.079362709
2020-01-15,33,120.8516402,1.754748243
2020-01-15,35,120.9176746,1.406732241
2020-01-15,36,269.2115147,3.122434976
2020-01-15,38,803.5713518,9.292939135
2020-01-15,39,111.2987128,1.893696683
2020-01-15,41,440.0877319,5.215998783
2020-01-15,42,96.34522295,1.420745481
2020-01-15,44,939.324261,9.765879986
2020-01-15,45,549.757683,6.261001971
2020-01-15,46,368.4012974,4.54679275
2020-01-15,49,323.4347503,3.910436182
2020-01-15,5,1075.71471,11.67706173
2020-01-15,51,1187.798705,14.78316642
2020-01-15,52,661.0522667,7.417534682
2020-01-15,55,433.450614,5.628469052
2020-01-15,57,347.6509834,3.731135639
2020-01-15,59,1205.455216,12.70137076
2020-01-15,61,111.9944163,1.315724993
2020-01-15,63,507.3106189,5.949379203
2020-01-15,64,143.3319104,2.178352954
2020-01-15,66,823.6709232,9.57392433
2020-01-15,68,1828.697799,20.2405989
2020-01-15,69,611.2475302,7.592646053
2020-01-15,71,381.7668818,4.777902846
2020-01-15,72,307.6794098,3.674763801
2020-01-15,73,607.5643532,6.504221826
2020-01-15,74,277.8267773,3.003089656
2020-01-15,75,388.5607781,4.713956745
2020-01-15,77,430.9154931,4.478934042
2020-01-15,8,370.0478744,4.36092397
2020-01-15,80,346.9136376,4.257797997
2020-01-15,81,403.791604,5.452411353
2020-01-15,83,131.3479834,1.735202962
2020-01-15,84,402.0824844,4.367023693
2020-01-15,88,847.3092365,10.58320372
2020-01-15,89,896.3480163,11.18574657
2020-01-15,90,317.2215423,3.547809792
2020-01-15,92,619.1855498,7.602584998
2020-01-15,93,314.4616238,3.311905565
2020-01-15,95,292.8087206,4.239090426
2020-01-15,96,1075.793077,11.05964312
2020-01-15,97,340.6932136,3.921472591
2020-01-15,98,634.2073033,7.574311152
2020-01-16,10,1270.972294,15.3071019
2020-01-16,103,456.9261312,5.862605445
2020-01-16,105,1134.419641,11.70342004
2020-01-16,108,370.1999796,4.845222587
2020-01-16,11,885.6803905,9.618207238
2020-01-16,110,1266.514473,15.3071019
2020-01-16,111,891.3485445,9.618207238
2020-01-16,115,532.5315354,5.667876976
2020-01-16,118,306.6376261,4.287055943
2020-01-16,119,256.555267,3.683361618
2020-01-16,120,700.4419866,8.84106797
2020-01-16,122,278.8185536,4.340479989
2020-01-16,123,158.6557719,1.6801325
2020-01-16,125,1002.937178,12.49762669
2020-01-16,126,582.0603987,6.697399643
2020-01-16,127,114.088264,1.417714346
2020-01-16,128,1086.55063,12.0816901
2020-01-16,131,673.9532258,7.334412303
2020-01-16,133,122.5667231,1.318353666
2020-01-16,135,122.27383,1.565669524
2020-01-16,136,274.2657725,3.323531056
2020-01-16,138,816.6167425,8.682568307
2020-01-16,139,110.4068894,1.227837063
2020-01-16,141,439.2405369,6.094622762
2020-01-16,142,95.76644716,1.498201267
2020-01-16,144,950.8961522,10.15426398
2020-01-16,145,559.2555294,6.026301878
2020-01-16,146,373.6633782,4.138986625
2020-01-16,149,323.9676167,5.054667389
2020-01-16,15,532.6206141,5.667876976
2020-01-16,151,1212.382648,13.64038634
2020-01-16,152,653.5566793,6.762396098
2020-01-16,155,437.8066557,5.73633454
2020-01-16,157,363.344295,3.629884195
2020-01-16,159,1217.173512,13.66580308
2020-01-16,161,118.6683019,2.062397309
2020-01-16,163,512.5523181,5.947481476
2020-01-16,164,140.762831,1.455702634
2020-01-16,166,822.2924043,9.649491893
2020-01-16,168,1868.699087,20.8886967
2020-01-16,169,617.332532,8.092198988
2020-01-16,171,375.6026942,4.120998557
2020-01-16,172,316.9177671,3.451083951
2020-01-16,173,607.3263343,7.861633429
2020-01-16,174,280.7196952,3.22845366
2020-01-16,175,387.8084133,4.102012271
2020-01-16,177,431.400354,5.364267448
2020-01-16,18,303.1707526,4.287055943
2020-01-16,180,347.862795,3.848109307
2020-01-16,181,410.1830851,4.942541838
2020-01-16,183,132.5529993,1.413781399
2020-01-16,184,398.788842,4.82896058
2020-01-16,188,877.9074838,9.99096166
2020-01-16,189,894.0637289,10.75826009
2020-01-16,19,258.8655581,3.683361618
2020-01-16,190,321.9667755,4.330834952
2020-01-16,192,631.4523836,7.831203867
2020-01-16,193,307.352118,3.726818127
2020-01-16,195,300.9078228,3.642715103
2020-01-16,196,1117.431072,11.91846752
2020-01-16,197,341.3721408,3.398956875
2020-01-16,198,647.4222163,7.866590438
2020-01-16,20,717.2709168,8.84106797
2020-01-16,22,276.4790369,4.340479989
2020-01-16,23,153.7527127,1.6801325
2020-01-16,25,1003.791581,12.49762669
2020-01-16,26,591.3052054,6.697399643
2020-01-16,27,114.4828133,1.417714346
2020-01-16,28,1080.791869,12.0816901
2020-01-16,3,457.4743738,5.862605445
2020-01-16,31,673.3728372,7.334412303
2020-01-16,33,124.8619851,1.318353666
2020-01-16,35,123.0358298,1.565669524
2020-01-16,36,273.6966516,3.323531056
2020-01-16,38,808.5269499,8.682568307
2020-01-16,39,110.4086877,1.227837063
2020-01-16,41,443.7452625,6.094622762
2020-01-16,42,97.18329694,1.498201267
2020-01-16,44,951.7108646,10.15426398
2020-01-16,45,554.0048207,6.026301878
2020-01-16,46,373.0020272,4.138986625
2020-01-16,49,323.0797335,5.054667389
2020-01-16,5,1093.451545,11.70342004
2020-01-16,51,1206.859851,13.64038634
2020-01-16,52,659.0522763,6.762396098
2020-01-16,55,441.7655496,5.73633454
2020-01-16,57,357.8484308,3.629884195
2020-01-16,59,1225.30105,13.66580308
2020-01-16,61,116.0606194,2.062397309
2020-01-16,63,518.6068551,5.947481476
2020-01-16,64,144.1717036,1.455702634
2020-01-16,66,833.108982,9.649491893
2020-01-16,68,1845.714958,20.8886967
2020-01-16,69,615.2774136,8.092198988
2020-01-16,71,380.0996205,4.120998557
2020-01-16,72,312.3277072,3.451083951
2020-01-16,73,609.5636223,7.861633429
2020-01-16,74,285.8914478,3.22845366
2020-01-16,75,392.4360773,4.102012271
2020-01-16,77,433.7493065,5.364267448
2020-01-16,8,371.9341109,4.845222587
2020-01-16,80,352.1958613,3.848109307
2020-01-16,81,409.9898108,4.942541838
2020-01-16,83,133.0332478,1.413781399
2020-01-16,84,395.1646347,4.82896058
2020-01-16,88,866.9922182,9.99096166
2020-01-16,89,903.5433325,10.75826009
2020-01-16,90,322.8699637,4.330834952
2020-01-16,92,626.472361,7.831203867
2020-01-16,93,312.4072829,3.726818127
2020-01-16,95,298.1488754,3.642715103
2020-01-16,96,1117.983497,11.91846752
2020-01-16,97,338.0883022,3.398956875
2020-01-16,98,644.2752925,7.866590438
2020-01-17,10,1284.015728,14.42995332
2020-01-17,103,459.8287686,5.013179215
2020-01-17,105,1057.374264,11.08927447
2020-01-17,108,371.4314837,4.287593701
2020-01-17,11,869.7162403,10.12867259
2020-01-17,110,1293.523175,14.42995332
2020-01-17,111,866.7631906,10.12867259
2020-01-17,115,524.1552531,5.509037117
2020-01-17,118,306.1101006,3.513396335
2020-01-17,119,257.4737241,3.350270929
2020-01-17,120,717.3276716,9.933347736
2020-01-17,122,279.3564515,3.855286181
2020-01-17,123,153.464227,1.790390943
2020-01-17,125,1021.406877,12.630875
2020-01-17,126,580.5737761,6.204041152
2020-01-17,127,115.9190939,1.566387649
2020-01-17,128,1079.000936,11.45227278
2020-01-17,131,671.1457777,8.413541842
2020-01-17,133,127.2565341,1.796775174
2020-01-17,135,123.2477873,1.407881286
2020-01-17,136,269.0794034,3.051085413
2020-01-17,138,800.5947939,10.41690159
2020-01-17,139,113.7730904,1.131706629
2020-01-17,141,453.632741,4.87185782
2020-01-17,142,94.41160254,2.022960168
2020-01-17,144,957.1884546,9.689914509
2020-01-17,145,543.9476893,5.59136656
2020-01-17,146,370.4838619,4.294720679
2020-01-17,149,321.3941371,3.354076176
2020-01-17,15,522.8727217,5.509037117
2020-01-17,151,1220.453559,13.25474854
2020-01-17,152,651.5781816,7.106336108
2020-01-17,155,443.7957453,4.739588332
2020-01-17,157,360.5863079,4.540976393
2020-01-17,159,1187.138423,13.61224113
2020-01-17,161,111.6438558,1.612999333
2020-01-17,163,517.4320162,5.538618454
2020-01-17,164,145.019694,1.646545574
2020-01-17,166,832.8156787,9.916168654
2020-01-17,168,1878.197093,20.80524268
2020-01-17,169,613.8962004,7.058590389
2020-01-17,171,377.6427068,5.530313617
2020-01-17,172,315.4291295,3.411610571
2020-01-17,173,599.6071335,7.58572389
2020-01-17,174,288.9106,3.970020973
2020-01-17,175,384.5836097,4.050341829
2020-01-17,177,440.8624955,4.768216104
2020-01-17,18,307.2709251,3.513396335
2020-01-17,180,355.9408391,3.937637367
2020-01-17,181,394.2835051,4.574283943
2020-01-17,183,137.1861353,1.792549345
2020-01-17,184,392.3886103,5.042257047
2020-01-17,188,867.9792067,9.797390486
2020-01-17,189,895.4684295,10.50177641
2020-01-17,19,260.6032582,3.350270929
2020-01-17,190,327.2347004,4.103503424
2020-01-17,192,625.4460009,8.395578898
2020-01-17,193,320.5078633,3.216363877
2020-01-17,195,302.4945117,4.65599101
2020-01-17,196,1092.648467,11.97037438
2020-01-17,197,340.7904317,3.879001769
2020-01-17,198,655.6321623,7.266448799
2020-01-17,20,717.1184842,9.933347736
2020-01-17,22,277.4983696,3.855286181
2020-01-17,23,152.4037656,1.790390943
2020-01-17,25,1023.462645,12.630875
2020-01-17,26,577.4238733,6.204041152
2020-01-17,27,115.3060419,1.566387649
2020-01-17,28,1071.210413,11.45227278
2020-01-17,3,462.5236291,5.013179215
2020-01-17,31,670.8381875,8.413541842
2020-01-17,33,125.6729176,1.796775174
2020-01-17,35,122.2284658,1.407881286
2020-01-17,36,270.2777884,3.051085413
2020-01-17,38,803.6138809,10.41690159
2020-01-17,39,111.2769396,1.131706629
2020-01-17,41,448.485534,4.87185782
2020-01-17,42,95.06433102,2.022960168
2020-01-17,44,953.7201773,9.689914509
2020-01-17,45,543.5004281,5.59136656
2020-01-17,46,369.5003495,4.294720679
2020-01-17,49,322.7768749,3.354076176
2020-01-17,5,1088.315856,11.08927447
2020-01-17,51,1201.066323,13.25474854
2020-01-17,52,649.2366332,7.106336108
2020-01-17,55,436.0448801,4.739588332
2020-01-17,57,359.2887804,4.540976393
2020-01-17,59,1191.004516,13.61224113
2020-01-17,61,113.0240288,1.612999333
2020-01-17,63,520.570575,5.538618454
2020-01-17,64,144.9884095,1.646545574
2020-01-17,66,835.7500131,9.916168654
2020-01-17,68,1851.469506,20.80524268
2020-01-17,69,616.143868,7.058590389
2020-01-17,71,375.5263438,5.530313617
2020-01-17,72,309.682429,3.411610571
2020-01-17,73,594.4352155,7.58572389
2020-01-17,74,290.558257,3.970020973
2020-01-17,75,380.4117052,4.050341829
2020-01-17,77,441.8403409,4.768216104
2020-01-17,8,373.6949405,4.287593701
2020-01-17,80,356.5080594,3.937637367
2020-01-17,81,399.7826635,4.574283943
2020-01-17,83,134.3657024,1.792549345
2020-01-17,84,393.5973698,5.042257047
2020-01-17,88,862.7733611,9.797390486
2020-01-17,89,904.4649166,10.50177641
2020-01-17,90,325.6150516,4.103503424
2020-01-17,92,624.7210898,8.395578898
2020-01-17,93,313.0126915,3.216363877
2020-01-17,95,299.5317135,4.65599101
2020-01-17,96,1118.365077,11.97037438
2020-01-17,97,342.8890323,3.879001769
2020-01-17,98,637.7710788,7.266448799
2020-01-18,10,1264.814556,14.07472853
2020-01-18,103,465.8730325,5.693063142
2020-01-18,105,1113.46824,11.73366437
2020-01-18,108,361.8375209,3.949534842
2020-01-18,11,860.6457934,11.10989025
2020-01-18,110,1272.955637,14.07472853
2020-01-18,111,857.0768984,11.10989025
2020-01-18,115,503.3095516,5.343694587
2020-01-18,118,304.2058332,3.901531995
2020-01-18,119,263.3305342,3.247678255
2020-01-18,120,699.7547751,8.63549624
2020-01-18,122,281.592559,3.207122666
2020-01-18,123,149.7457372,1.767007245
2020-01-18,125,1016.923286,11.98363621
2020-01-18,126,593.1476282,6.525056979
2020-01-18,127,114.7054853,1.17541282
2020-01-18,128,1045.679878,11.9073551
2020-01-18,131,665.3274383,7.737763978
2020-01-18,133,127.7507978,1.647974202
2020-01-18,135,116.6269672,1.275165949
2020-01-18,136,266.706302,3.492614336
2020-01-18,138,793.0956191,8.979736085
2020-01-18,139,110.2045542,1.713370939
2020-01-18,141,455.8570654,5.345998251
2020-01-18,142,93.78184964,1.983543777
2020-01-18,144,908.0779318,10.12216801
2020-01-18,145,551.2725471,6.671268673
2020-01-18,146,369.4475526,4.940919166
2020-01-18,149,323.712916,4.452011252
2020-01-18,15,514.5260026,5.343694587
2020-01-18,151,1181.732604,14.67710491
2020-01-18,152,640.3940618,6.934206313
2020-01-18,155,422.0724852,5.614780045
2020-01-18,157,358.8088521,4.236867808
2020-01-18,159,1150.649715,12.34590267
2020-01-18,161,111.5574941,1.249849341
2020-01-18,163,525.0966699,5.568533139
2020-01-18,164,149.0819009,2.186871752
2020-01-18,166,826.2681033,10.6132893
2020-01-18,168,1821.450501,20.98374668
2020-01-18,169,607.8592507,7.125314017
2020-01-18,171,375.2441335,4.743335703
2020-01-18,172,310.802915,4.269227506
2020-01-18,173,573.8260127,7.250288288
2020-01-18,174,287.6347038,4.89073875
2020-01-18,175,388.9313137,4.369375666
2020-01-18,177,435.0619184,4.81426832
2020-01-18,18,304.8011011,3.901531995
2020-01-18,180,357.9974969,3.862618963
2020-01-18,181,398.9738812,4.33529074
2020-01-18,183,133.9745015,1.371178469
2020-01-18,184,393.7020393,5.224430195
2020-01-18,188,850.8806383,9.487305739
2020-01-18,189,903.0149283,9.7524856
2020-01-18,19,260.7421989,3.247678255
2020-01-18,190,323.7370656,4.209571038
2020-01-18,192,627.3814151,7.171073927
2020-01-18,193,308.0846898,3.14219287
2020-01-18,195,300.1400923,4.250664736
2020-01-18,196,1111.734619,11.4886813
2020-01-18,197,341.3431895,3.502001295
2020-01-18,198,626.0864545,8.091719989
2020-01-18,20,696.7876216,8.63549624
2020-01-18,22,275.724449,3.207122666
2020-01-18,23,150.7681799,1.767007245
2020-01-18,25,1009.58922,11.98363621
2020-01-18,26,580.570784,6.525056979
2020-01-18,27,115.237618,1.17541282
2020-01-18,28,1053.423299,11.9073551
2020-01-18,3,463.6493606,5.693063142
2020-01-18,31,659.0681021,7.737763978
2020-01-18,33,126.4581052,1.647974202
2020-01-18,35,120.8568941,1.275165949
2020-01-18,36,266.9121221,3.492614336
2020-01-18,38,795.5128102,8.979736085
2020-01-18,39,112.2104522,1.713370939
2020-01-18,41,456.8229304,5.345998251
2020-01-18,42,92.52056772,1.983543777
2020-01-18,44,920.2394373,10.12216801
2020-01-18,45,540.0979071,6.671268673
2020-01-18,46,367.8813695,4.940919166
2020-01-18,49,318.4513756,4.452011252
2020-01-18,5,1100.784217,11.73366437
2020-01-18,51,1201.46425,14.67710491
2020-01-18,52,644.5124147,6.934206313
2020-01-18,55,425.0873631,5.614780045
2020-01-18,57,356.8604446,4.236867808
2020-01-18,59,1155.210486,12.34590267
2020-01-18,61,110.8993269,1.249849341
2020-01-18,63,521.3373025,5.568533139
2020-01-18,64,146.4172495,2.186871752
2020-01-18,66,825.7187713,10.6132893
2020-01-18,68,1845.169765,20.98374668
2020-01-18,69,606.7056847,7.125314017
2020-01-18,71,375.6946294,4.743335703
2020-01-18,72,309.7192922,4.269227506
2020-01-18,73,577.4560937,7.250288288
2020-01-18,74,288.4137228,4.89073875
2020-01-18,75,386.0686146,4.369375666
2020-01-18,77,435.0263889,4.81426832
2020-01-18,8,370.1862151,3.949534842
2020-01-18,80,358.5516638,3.862618963
2020-01-18,81,396.4139434,4.33529074
2020-01-18,83,131.8276124,1.371178469
2020-01-18,84,393.1039864,5.224430195
2020-01-18,88,847.6195493,9.487305739
2020-01-18,89,895.3946883,9.7524856
2020-01-18,90,316.8328932,4.209571038
2020-01-18,92,623.315067,7.171073927
2020-01-18,93,311.1248868,3.14219287
2020-01-18,95,301.5139123,4.250664736
2020-01-18,96,1105.811468,11.4886813
2020-01-18,97,341.8557919,3.502001295
2020-01-18,98,638.3208701,8.091719989
2020-01-19,10,1254.443966,14.1934249
2020-01-19,103,468.4362672,5.275288756
2020-01-19,105,1090.041273,10.88428592
2020-01-19,108,363.3419224,4.325526727
2020-01-19,11,853.4938203,10.29806708
2020-01-19,110,1242.854115,14.1934249
2020-01-19,111,859.9779326,10.29806708
2020-01-19,115,509.0261119,5.714682873
2020-01-19,118,306.3198494,3.449478129
2020-01-19,119,257.8410872,3.472329746
2020-01-19,120,689.8195757,7.499148529
2020-01-19,122,274.313471,3.90890006
2020-01-19,123,152.4416117,1.865810059
2020-01-19,125,989.2543092,12.52481069
2020-01-19,126,586.0377894,6.552702665
2020-01-19,127,116.7509882,1.276724785
2020-01-19,128,1060.372834,11.63138149
2020-01-19,131,646.6901802,7.431445702
2020-01-19,133,127.1482555,1.357783939
2020-01-19,135,120.5560236,2.024348966
2020-01-19,136,262.9632314,3.180789889
2020-01-19,138,790.1301787,8.645423099
2020-01-19,139,108.7140511,1.225625598
2020-01-19,141,452.9364569,5.438491644
2020-01-19,142,91.88861805,1.498753692
2020-01-19,144,926.4916078,9.750370569
2020-01-19,145,556.6506487,6.389471534
2020-01-19,146,362.6677658,3.998151566
2020-01-19,149,306.9805285,3.927539362
2020-01-19,15,510.1561019,5.714682873
2020-01-19,151,1183.270983,14.10649088
2020-01-19,152,639.8206638,7.459688279
2020-01-19,155,439.1395987,5.163362953
2020-01-19,157,364.3182642,5.126110904
2020-01-19,159,1164.600587,13.92487727
2020-01-19,161,113.6880823,1.931939778
2020-01-19,163,505.5597323,5.681054522
2020-01-19,164,141.0502493,1.871158259
2020-01-19,166,824.5544099,9.122741746
2020-01-19,168,1866.310751,21.08522261
2020-01-19,169,608.2504011,6.739738023
2020-01-19,171,374.4651864,4.146597507
2020-01-19,172,298.3669939,3.810663463
2020-01-19,173,583.2245472,5.905486986
2020-01-19,174,296.8116849,4.902922391
2020-01-19,175,380.9155776,4.253543194
2020-01-19,177,429.1960881,5.214792636
2020-01-19,18,307.0125924,3.449478129
2020-01-19,180,352.4302577,4.431820962
2020-01-19,181,391.2591171,5.122367875
2020-01-19,183,131.2004672,2.083128117
2020-01-19,184,389.4619342,5.394270782
2020-01-19,188,836.6052556,9.081711243
2020-01-19,189,878.1177444,10.77589096
2020-01-19,19,259.5100457,3.472329746
2020-01-19,190,317.8130204,3.983795954
2020-01-19,192,606.6390969,6.763255845
2020-01-19,193,311.496183,3.636295615
2020-01-19,195,299.592786,3.417967153
2020-01-19,196,1098.372982,11.80036415
2020-01-19,197,333.9779846,3.539255393
2020-01-19,198,626.0481148,7.79834364
2020-01-19,20,693.0878697,7.499148529
2020-01-19,22,275.0130461,3.90890006
2020-01-19,23,148.9587397,1.865810059
2020-01-19,25,989.8147689,12.52481069
2020-01-19,26,574.9269899,6.552702665
2020-01-19,27,115.8858529,1.276724785
2020-01-19,28,1055.729289,11.63138149
2020-01-19,3,465.391205,5.275288756
2020-01-19,31,646.3356777,7.431445702
2020-01-19,33,126.0656096,1.357783939
2020-01-19,35,119.9600309,2.024348966
2020-01-19,36,266.0836181,3.180789889
2020-01-19,38,793.7693283,8.645423099
2020-01-19,39,107.724149,1.225625598
2020-01-19,41,456.879895,5.438491644
2020-01-19,42,92.01379058,1.498753692
2020-01-19,44,920.0430996,9.750370569
2020-01-19,45,549.5193363,6.389471534
2020-01-19,46,364.1461323,3.998151566
2020-01-19,49,310.8594271,3.927539362
2020-01-19,5,1070.598841,10.88428592
2020-01-19,51,1196.161103,14.10649088
2020-01-19,52,641.8878657,7.459688279
2020-01-19,55,427.7713007,5.163362953
2020-01-19,57,360.5687916,5.126110904
2020-01-19,59,1142.0689,13.92487727
2020-01-19,61,111.5506011,1.931939778
2020-01-19,63,511.0015798,5.681054522
2020-01-19,64,144.2057576,1.871158259
2020-01-19,66,814.1688916,9.122741746
2020-01-19,68,1844.775023,21.08522261
2020-01-19,69,606.0598284,6.739738023
2020-01-19,71,373.9591245,4.146597507
2020-01-19,72,300.9134587,3.810663463
2020-01-19,73,574.4055966,5.905486986
2020-01-19,74,290.718031,4.902922391
2020-01-19,75,381.6216946,4.253543194
2020-01-19,77,435.2513095,5.214792636
2020-01-19,8,362.6304875,4.325526727
2020-01-19,80,357.026905,4.431820962
2020-01-19,81,391.2387173,5.122367875
2020-01-19,83,127.3239325,2.083128117
2020-01-19,84,391.964421,5.394270782
2020-01-19,88,845.5475695,9.081711243
2020-01-19,89,867.7205472,10.77589096
2020-01-19,90,316.9949976,3.983795954
2020-01-19,92,605.6259735,6.763255845
2020-01-19,93,314.5833732,3.636295615
2020-01-19,95,297.2131383,3.417967153
2020-01-19,96,1095.10559,11.80036415
2020-01-19,97,332.7845987,3.539255393
2020-01-19,98,632.9050975,7.79834364
2020-01-20,10,1262.373268,15.13901814
2020-01-20,103,471.914128,5.523639907
2020-01-20,105,1047.615235,10.64504904
2020-01-20,108,359.4697586,4.115327251
2020-01-20,11,855.0966863,9.586827791
2020-01-20,110,1271.998938,15.13901814
2020-01-20,111,863.3846935,9.586827791
2020-01-20,115,503.6155194,6.226319979
2020-01-20,118,305.3879403,3.79569908
2020-01-20,119,258.1762959,4.25266028
2020-01-20,120,688.4516078,8.884937952
2020-01-20,122,268.7524448,3.023575989
2020-01-20,123,145.7490201,2.012154065
2020-01-20,125,971.0293746,10.63429918
2020-01-20,126,584.8309197,6.912846285
2020-01-20,127,114.6256004,1.323533572
2020-01-20,128,1047.564673,11.28125049
2020-01-20,131,643.8719215,6.809407939
2020-01-20,133,125.820992,1.622152689
2020-01-20,135,112.6477492,1.472335056
2020-01-20,136,269.8761729,3.522707951
2020-01-20,138,793.5701007,9.703202606
2020-01-20,139,112.2231926,1.210960013
2020-01-20,141,445.5100501,5.567468184
2020-01-20,142,94.44357036,1.314125564
2020-01-20,144,929.6277678,10.50603529
2020-01-20,145,553.574778,5.858939612
2020-01-20,146,370.6410762,5.336239049
2020-01-20,149,310.6593162,3.730402847
2020-01-20,15,502.7965176,6.226319979
2020-01-20,151,1175.989279,14.78506289
2020-01-20,152,637.4034853,6.770603194
2020-01-20,155,434.8720152,5.63247977
2020-01-20,157,356.9163958,4.16633941
2020-01-20,159,1130.840875,12.35481468
2020-01-20,161,105.6546036,1.444913419
2020-01-20,163,505.3806834,5.593897153
2020-01-20,164,148.0812621,1.706755796
2020-01-20,166,836.5617308,9.849807623
2020-01-20,168,1842.829008,20.3217096
2020-01-20,169,602.092939,7.103198738
2020-01-20,171,374.018968,4.41191301
2020-01-20,172,306.6503648,3.799813361
2020-01-20,173,594.4009326,6.501035158
2020-01-20,174,286.979867,4.670915388
2020-01-20,175,390.2526883,4.437705765
2020-01-20,177,445.271208,4.782507259
2020-01-20,18,306.0670475,3.79569908
2020-01-20,180,363.2708622,3.924684263
2020-01-20,181,381.0882765,5.313350476
2020-01-20,183,127.8034438,1.876206934
2020-01-20,184,396.9552947,4.472031213
2020-01-20,188,848.9751552,9.601030091
2020-01-20,189,874.361826,9.9824439
2020-01-20,19,261.8823332,4.25266028
2020-01-20,190,314.8031363,3.327917122
2020-01-20,192,585.8491596,6.874934856
2020-01-20,193,318.1624731,3.484198222
2020-01-20,195,301.171928,4.515442901
2020-01-20,196,1082.267613,12.12996025
2020-01-20,197,328.4484775,3.770988832
2020-01-20,198,640.4817887,7.816944476
2020-01-20,20,694.8747234,8.884937952
2020-01-20,22,270.2705932,3.023575989
2020-01-20,23,147.6755725,2.012154065
2020-01-20,25,980.137291,10.63429918
2020-01-20,26,580.1734795,6.912846285
2020-01-20,27,113.040245,1.323533572
2020-01-20,28,1050.618268,11.28125049
2020-01-20,3,468.3678406,5.523639907
2020-01-20,31,642.4993844,6.809407939
2020-01-20,33,127.2802219,1.622152689
2020-01-20,35,117.1666216,1.472335056
2020-01-20,36,269.3241458,3.522707951
2020-01-20,38,787.6218023,9.703202606
2020-01-20,39,108.7837487,1.210960013
2020-01-20,41,451.7448325,5.567468184
2020-01-20,42,92.79945947,1.314125564
2020-01-20,44,930.6249823,10.50603529
2020-01-20,45,557.6601402,5.858939612
2020-01-20,46,368.8090152,5.336239049
2020-01-20,49,310.8949369,3.730402847
2020-01-20,5,1042.862745,10.64504904
2020-01-20,51,1197.76435,14.78506289
2020-01-20,52,630.5872777,6.770603194
2020-01-20,55,433.906526,5.63247977
2020-01-20,57,358.7390934,4.16633941
2020-01-20,59,1125.437455,12.35481468
2020-01-20,61,107.9851547,1.444913419
2020-01-20,63,504.8224195,5.593897153
2020-01-20,64,145.3582743,1.706755796
2020-01-20,66,820.1562989,9.849807623
2020-01-20,68,1852.426105,20.3217096
2020-01-20,69,601.0113909,7.103198738
2020-01-20,71,375.2240073,4.41191301
2020-01-20,72,302.7986649,3.799813361
2020-01-20,73,576.8858805,6.501035158
2020-01-20,74,286.4473182,4.670915388
2020-01-20,75,385.6443901,4.437705765
2020-01-20,77,439.7053793,4.782507259
2020-01-20,8,357.9233878,4.115327251
2020-01-20,80,358.9264922,3.924684263
2020-01-20,81,384.7061312,5.313350476
2020-01-20,83,128.477868,1.876206934
2020-01-20,84,393.4024239,4.472031213
2020-01-20,88,845.8342593,9.601030091
2020-01-20,89,874.06559,9.9824439
2020-01-20,90,315.3902271,3.327917122
2020-01-20,92,599.8836475,6.874934856
2020-01-20,93,315.068797,3.484198222
2020-01-20,95,295.8157909,4.515442901
2020-01-20,96,1097.7956,12.12996025
2020-01-20,97,338.0676279,3.770988832
2020-01-20,98,633.0780292,7.816944476
2020-01-21,10,1263.412693,13.65671003
2020-01-21,103,470.8236293,5.017464817
2020-01-21,105,1017.581749,10.94587234
2020-01-21,108,364.6306385,4.843230148
2020-01-21,11,873.4861347,9.086492898
2020-01-21,110,1257.174046,13.65671003
2020-01-21,111,880.8147945,9.086492898
2020-01-21,115,500.1761002,5.548318694
2020-01-21,118,303.5616733,3.736537438
2020-01-21,119,266.2762227,2.765070726
2020-01-21,120,697.2171857,7.93712428
2020-01-21,122,276.3695103,3.009319751
2020-01-21,123,144.234505,1.722106784
2020-01-21,125,996.6423153,11.5040882
2020-01-21,126,601.1881926,6.553952212
2020-01-21,127,111.6461298,1.322924297
2020-01-21,128,1037.017606,11.33605532
2020-01-21,131,653.9847274,7.302182585
2020-01-21,133,130.7534844,1.582779437
2020-01-21,135,121.008033,1.465098087
2020-01-21,136,274.6979891,3.681902949
2020-01-21,138,799.0492415,8.090022131
2020-01-21,139,111.1800799,1.470659749
2020-01-21,141,461.4064606,4.885123195
2020-01-21,142,93.08961558,1.458241441
2020-01-21,144,951.9688054,9.881820809
2020-01-21,145,553.8525368,6.348585414
2020-01-21,146,371.7199452,5.726643748
2020-01-21,149,307.2650151,4.007847175
2020-01-21,15,504.9996569,5.548318694
2020-01-21,151,1210.234408,13.82700577
2020-01-21,152,643.8920814,6.584696326
2020-01-21,155,443.2546052,4.855307896
2020-01-21,157,366.5824459,3.871881479
2020-01-21,159,1134.027857,12.1947631
2020-01-21,161,112.2784001,1.170264805
2020-01-21,163,527.1761438,5.806452306
2020-01-21,164,147.7241923,2.105506702
2020-01-21,166,830.0653529,8.743740702
2020-01-21,168,1819.156844,19.31792729
2020-01-21,169,612.5761996,7.760384548
2020-01-21,171,372.8732841,4.388083526
2020-01-21,172,306.2698454,3.58966142
2020-01-21,173,580.7358261,6.09949678
2020-01-21,174,287.9889719,4.1594088
2020-01-21,175,391.8773981,4.181172259
2020-01-21,177,441.1445694,4.939395995
2020-01-21,18,305.6251731,3.736537438
2020-01-21,180,363.0466119,4.505417123
2020-01-21,181,392.2473445,4.976324672
2020-01-21,183,132.4273237,1.449065655
2020-01-21,184,402.6831929,4.504178542
2020-01-21,188,841.3397139,9.722839833
2020-01-21,189,889.7959278,9.547809248
2020-01-21,19,263.6057385,2.765070726
2020-01-21,190,327.2389773,4.381790503
2020-01-21,192,605.2027315,7.598704913
2020-01-21,193,310.0683774,4.2310301
2020-01-21,195,295.8447331,4.069542503
2020-01-21,196,1148.493355,11.88755321
2020-01-21,197,346.366995,3.470985413
2020-01-21,198,638.0259699,7.44742406
2020-01-21,20,698.137417,7.93712428
2020-01-21,22,275.0058647,3.009319751
2020-01-21,23,147.6163165,1.722106784
2020-01-21,25,992.9237155,11.5040882
2020-01-21,26,591.2956042,6.553952212
2020-01-21,27,113.5523236,1.322924297
2020-01-21,28,1042.363031,11.33605532
2020-01-21,3,472.2377656,5.017464817
2020-01-21,31,650.988268,7.302182585
2020-01-21,33,129.8781567,1.582779437
2020-01-21,35,122.8939739,1.465098087
2020-01-21,36,274.4689926,3.681902949
2020-01-21,38,791.2009021,8.090022131
2020-01-21,39,110.3475997,1.470659749
2020-01-21,41,456.5168954,4.885123195
2020-01-21,42,92.23645481,1.458241441
2020-01-21,44,948.1654319,9.881820809
2020-01-21,45,557.6291947,6.348585414
2020-01-21,46,373.7943119,5.726643748
2020-01-21,49,307.103218,4.007847175
2020-01-21,5,1034.97306,10.94587234
2020-01-21,51,1215.735581,13.82700577
2020-01-21,52,640.4771292,6.584696326
2020-01-21,55,443.2931607,4.855307896
2020-01-21,57,363.2034516,3.871881479
2020-01-21,59,1133.323186,12.1947631
2020-01-21,61,110.9785269,1.170264805
2020-01-21,63,515.7217755,5.806452306
2020-01-21,64,148.570921,2.105506702
2020-01-21,66,822.795588,8.743740702
2020-01-21,68,1841.561726,19.31792729
2020-01-21,69,610.8708998,7.760384548
2020-01-21,71,376.0747366,4.388083526
2020-01-21,72,309.2325694,3.58966142
2020-01-21,73,579.7268359,6.09949678
2020-01-21,74,290.4660965,4.1594088
2020-01-21,75,388.7958179,4.181172259
2020-01-21,77,438.1969921,4.939395995
2020-01-21,8,363.6656031,4.843230148
2020-01-21,80,361.6339672,4.505417123
2020-01-21,81,393.130419,4.976324672
2020-01-21,83,130.8481106,1.449065655
2020-01-21,84,395.1408465,4.504178542
2020-01-21,88,853.5988693,9.722839833
2020-01-21,89,886.769317,9.547809248
2020-01-21,90,320.3257707,4.381790503
2020-01-21,92,611.9276483,7.598704913
2020-01-21,93,311.3301092,4.2310301
2020-01-21,95,298.4305936,4.069542503
2020-01-21,96,1118.56851,11.88755321
2020-01-21,97,338.1669274,3.470985413
2020-01-21,98,645.3587725,7.44742406
2020-01-22,10,1266.65651,14.02304446
2020-01-22,103,478.3130565,5.055419303
2020-01-22,105,1006.856657,10.38758332
2020-01-22,108,364.3886998,4.201983363
2020-01-22,11,863.719322,9.91577196
2020-01-22,110,1266.417749,14.02304446
2020-01-22,111,864.6834827,9.91577196
2020-01-22,115,511.7772923,5.601012223
2020-01-22,118,301.2076467,3.659894794
2020-01-22,119,261.8439084,2.667525073
2020-01-22,120,697.6501169,8.112079704
2020-01-22,122,276.0392763,3.228879069
2020-01-22,123,144.7735692,1.76381698
2020-01-22,125,993.5043515,10.45384569
2020-01-22,126,588.5987059,6.608699138
2020-01-22,127,119.2940176,1.169761448
2020-01-22,128,1032.108916,11.20524198
2020-01-22,131,638.9019655,7.310767816
2020-01-22,133,129.895328,1.529872743
2020-01-22,135,125.4573786,1.269399681
2020-01-22,136,283.1101292,3.31411725
2020-01-22,138,819.2405548,8.47672302
2020-01-22,139,110.6825698,1.484093866
2020-01-22,141,465.7858807,5.470044122
2020-01-22,142,89.77288477,1.307399103
2020-01-22,144,963.2582826,10.82160428
2020-01-22,145,560.6319714,6.425358216
2020-01-22,146,379.9761287,4.1238198
2020-01-22,149,306.9508055,3.66755789
2020-01-22,15,506.3156536,5.601012223
2020-01-22,151,1188.841139,13.11693266
2020-01-22,152,628.3157057,7.08800386
2020-01-22,155,435.4997572,5.060044065
2020-01-22,157,372.7744326,4.584189553
2020-01-22,159,1132.439648,12.94435832
2020-01-22,161,111.0087462,1.117099455
2020-01-22,163,499.3862215,6.213328976
2020-01-22,164,148.4414482,1.600650332
2020-01-22,166,815.437777,9.304132022
2020-01-22,168,1866.895502,19.63575898
2020-01-22,169,599.0299534,7.724459899
2020-01-22,171,390.5891994,4.43975383
2020-01-22,172,307.7708153,3.640281635
2020-01-22,173,570.4873724,6.392119889
2020-01-22,174,286.143225,4.119232238
2020-01-22,175,375.9742719,5.115569021
2020-01-22,177,430.426617,5.355865803
2020-01-22,18,302.2529206,3.659894794
2020-01-22,180,370.7028836,4.439329787
2020-01-22,181,391.6205908,4.528879394
2020-01-22,183,132.8748203,1.440945138
2020-01-22,184,393.7421891,4.436297143
2020-01-22,188,848.65118,9.972517275
2020-01-22,189,880.1627412,10.69645253
2020-01-22,19,260.1725092,2.667525073
2020-01-22,190,326.4588823,5.242875908
2020-01-22,192,615.0287813,7.675472412
2020-01-22,193,320.6846608,3.43753834
2020-01-22,195,296.6416252,3.238435972
2020-01-22,196,1125.348813,12.17949965
2020-01-22,197,349.0079653,4.685740576
2020-01-22,198,638.3105599,6.972990762
2020-01-22,20,688.4482447,8.112079704
2020-01-22,22,272.6587495,3.228879069
2020-01-22,23,146.6022864,1.76381698
2020-01-22,25,992.8583776,10.45384569
2020-01-22,26,598.3507917,6.608699138
2020-01-22,27,115.2605229,1.169761448
2020-01-22,28,1038.034056,11.20524198
2020-01-22,3,473.7005226,5.055419303
2020-01-22,31,646.295126,7.310767816
2020-01-22,33,131.8025919,1.529872743
2020-01-22,35,122.8863321,1.269399681
2020-01-22,36,276.9740911,3.31411725
2020-01-22,38,801.6931709,8.47672302
2020-01-22,39,111.9028989,1.484093866
2020-01-22,41,464.9040413,5.470044122
2020-01-22,42,89.76229234,1.307399103
2020-01-22,44,946.9206891,10.82160428
2020-01-22,45,556.7058034,6.425358216
2020-01-22,46,376.2059503,4.1238198
2020-01-22,49,307.6718597,3.66755789
2020-01-22,5,1018.720708,10.38758332
2020-01-22,51,1197.190196,13.11693266
2020-01-22,52,636.2904716,7.08800386
2020-01-22,55,440.9035888,5.060044065
2020-01-22,57,365.8058308,4.584189553
2020-01-22,59,1142.69361,12.94435832
2020-01-22,61,109.7452621,1.117099455
2020-01-22,63,515.9197039,6.213328976
2020-01-22,64,144.6314997,1.600650332
2020-01-22,66,815.0640146,9.304132022
2020-01-22,68,1826.114248,19.63575898
2020-01-22,69,603.7090306,7.724459899
2020-01-22,71,383.1884255,4.43975383
2020-01-22,72,305.7076009,3.640281635
2020-01-22,73,573.5745185,6.392119889
2020-01-22,74,289.9434372,4.119232238
2020-01-22,75,385.6016462,5.115569021
2020-01-22,77,439.8871988,5.355865803
2020-01-22,8,370.5679734,4.201983363
2020-01-22,80,368.3167586,4.439329787
2020-01-22,81,386.4945919,4.528879394
2020-01-22,83,131.1144971,1.440945138
2020-01-22,84,393.099241,4.436297143
2020-01-22,88,846.782899,9.972517275
2020-01-22,89,885.9783145,10.69645253
2020-01-22,90,322.4851256,5.242875908
2020-01-22,92,618.3432354,7.675472412
2020-01-22,93,316.6988023,3.43753834
2020-01-22,95,298.3550497,3.238435972
2020-01-22,96,1116.29538,12.17949965
2020-01-22,97,349.5434899,4.685740576
2020-01-22,98,641.2759133,6.972990762
2020-01-23,10,1275.335706,14.61510716
2020-01-23,103,477.6629291,4.84355008
2020-01-23,105,1019.170474,10.93980831
2020-01-23,108,374.0433202,4.443674637
2020-01-23,11,879.6589315,11.09896098
2020-01-23,110,1268.417828,14.61510716
2020-01-23,111,884.4653324,11.09896098
2020-01-23,115,517.2027501,5.373672785
2020-01-23,118,304.8296014,3.338873588
2020-01-23,119,268.6140328,3.078937555
2020-01-23,120,683.917012,9.125830431
2020-01-23,122,275.4139373,3.737106923
2020-01-23,123,143.5183948,2.054545318
2020-01-23,125,994.6000606,11.78960968
2020-01-23,126,587.5221429,6.319992763
2020-01-23,127,121.6181405,1.470078082
2020-01-23,128,1044.213875,11.4238212
2020-01-23,131,672.0749722,7.941358282
2020-01-23,133,130.5547799,2.102936894
2020-01-23,135,123.5085707,1.400773967
2020-01-23,136,268.7440296,3.530877036
2020-01-23,138,814.8619314,8.431314292
2020-01-23,139,107.5209477,1.769518871
2020-01-23,141,470.3221798,5.347006494
2020-01-23,142,87.60978918,0.9433862146
2020-01-23,144,973.7468957,10.70529926
2020-01-23,145,558.9233791,6.753928168
2020-01-23,146,375.3730456,4.499732187
2020-01-23,149,305.4423584,3.969612869
2020-01-23,15,509.9857204,5.373672785
2020-01-23,151,1202.026481,15.34491194
2020-01-23,152,666.9309923,7.734871547
2020-01-23,155,435.5449993,5.391096396
2020-01-23,157,365.0662858,4.839404092
2020-01-23,159,1160.879221,12.81917626
2020-01-23,161,109.0990129,1.249925348
2020-01-23,163,522.9446869,5.35253823
2020-01-23,164,148.5353382,1.666193146
2020-01-23,166,822.419404,9.277583885
2020-01-23,168,1830.83494,20.4904019
2020-01-23,169,606.9977545,6.799520257
2020-01-23,171,390.0892593,5.216153017
2020-01-23,172,314.2671369,3.440260759
2020-01-23,173,561.0504123,6.282900095
2020-01-23,174,295.4044446,3.84821953
2020-01-23,175,400.1123192,5.298548089
2020-01-23,177,443.2519119,4.80098607
2020-01-23,18,302.7436744,3.338873588
2020-01-23,180,373.366595,4.590711272
2020-01-23,181,394.5783316,5.767623661
2020-01-23,183,128.7452769,1.544374062
2020-01-23,184,396.0097267,5.546337031
2020-01-23,188,849.5451377,9.827982075
2020-01-23,189,885.7514125,10.3955691
2020-01-23,19,265.1077,3.078937555
2020-01-23,190,325.4256916,3.530908199
2020-01-23,192,609.0693323,7.195803607
2020-01-23,193,327.202971,3.254852052
2020-01-23,195,300.1247703,4.732086034
2020-01-23,196,1110.829102,11.98520695
2020-01-23,197,349.6329908,3.642826529
2020-01-23,198,652.1031621,6.670123241
2020-01-23,20,689.9154803,9.125830431
2020-01-23,22,273.5242924,3.737106923
2020-01-23,23,144.1277254,2.054545318
2020-01-23,25,991.6090312,11.78960968
2020-01-23,26,588.1158503,6.319992763
2020-01-23,27,119.7022933,1.470078082
2020-01-23,28,1051.897192,11.4238212
2020-01-23,3,473.3581208,4.84355008
2020-01-23,31,658.8702351,7.941358282
2020-01-23,33,133.6734874,2.102936894
2020-01-23,35,124.7890801,1.400773967
2020-01-23,36,275.77461,3.530877036
2020-01-23,38,811.3174617,8.431314292
2020-01-23,39,109.5503063,1.769518871
2020-01-23,41,474.0575482,5.347006494
2020-01-23,42,89.39287439,0.9433862146
2020-01-23,44,968.4577026,10.70529926
2020-01-23,45,560.1832901,6.753928168
2020-01-23,46,373.0501688,4.499732187
2020-01-23,49,309.5380282,3.969612869
2020-01-23,5,1033.896646,10.93980831
2020-01-23,51,1204.145553,15.34491194
2020-01-23,52,653.6698856,7.734871547
2020-01-23,55,440.8184254,5.391096396
2020-01-23,57,369.562162,4.839404092
2020-01-23,59,1148.610046,12.81917626
2020-01-23,61,109.471633,1.249925348
2020-01-23,63,525.3478125,5.35253823
2020-01-23,64,145.9984915,1.666193146
2020-01-23,66,816.572885,9.277583885
2020-01-23,68,1842.39486,20.4904019
2020-01-23,69,612.804688,6.799520257
2020-01-23,71,386.8302414,5.216153017
2020-01-23,72,310.0611611,3.440260759
2020-01-23,73,563.3136439,6.282900095
2020-01-23,74,291.7933211,3.84821953
2020-01-23,75,395.625203,5.298548089
2020-01-23,77,442.4006393,4.80098607
2020-01-23,8,374.4488492,4.443674637
2020-01-23,80,373.5343442,4.590711272
2020-01-23,81,392.8704361,5.767623661
2020-01-23,83,130.9589543,1.544374062
2020-01-23,84,393.8009641,5.546337031
2020-01-23,88,844.9229613,9.827982075
2020-01-23,89,888.2446213,10.3955691
2020-01-23,90,323.7839774,3.530908199
2020-01-23,92,619.909937,7.195803607
2020-01-23,93,324.1766855,3.254852052
2020-01-23,95,295.8297967,4.732086034
2020-01-23,96,1113.611395,11.98520695
2020-01-23,97,352.5063844,3.642826529
2020-01-23,98,642.6425057,6.670123241
2020-01-24,10,1274.10741,15.06344992
2020-01-24,103,469.3827279,5.892372707
2020-01-24,105,1042.487301,10.52870993
2020-01-24,108,378.0976561,4.761503657
2020-01-24,11,876.7431179,9.556931239
2020-01-24,110,1271.00469,15.06344992
2020-01-24,111,874.4115159,9.556931239
2020-01-24,115,516.0692698,5.965261604
2020-01-24,118,308.5133811,3.616403931
2020-01-24,119,265.7385352,2.641657129
2020-01-24,120,685.9682121,8.421193593
2020-01-24,122,271.1744233,4.630120196
2020-01-24,123,140.7386304,2.397150664
2020-01-24,125,992.8086843,11.05285005
2020-01-24,126,593.5173166,6.779567525
2020-01-24,127,120.0032313,1.4320494
2020-01-24,128,1058.909071,11.84791834
2020-01-24,131,660.1118132,7.282102546
2020-01-24,133,131.5188296,1.830761714
2020-01-24,135,118.7495223,1.860026148
2020-01-24,136,275.4596305,4.52279666
2020-01-24,138,814.9081604,8.54523166
2020-01-24,139,112.5296977,1.386383032
2020-01-24,141,464.3741734,7.625381978
2020-01-24,142,91.11004853,1.03746944
2020-01-24,144,969.5247316,10.49275152
2020-01-24,145,565.4844468,6.49973993
2020-01-24,146,372.5551814,4.315250301
2020-01-24,149,306.7628182,3.637891592
2020-01-24,15,521.9847141,5.965261604
2020-01-24,151,1213.872444,14.94858384
2020-01-24,152,644.2711607,7.003994889
2020-01-24,155,447.7125533,6.271286254
2020-01-24,157,365.2403171,4.698668728
2020-01-24,159,1116.063726,13.82513514
2020-01-24,161,108.2051677,1.386030432
2020-01-24,163,528.3672256,6.055116117
2020-01-24,164,139.3173264,1.861446878
2020-01-24,166,819.0300977,9.248755591
2020-01-24,168,1874.835879,19.50033071
2020-01-24,169,622.1457611,7.309108447
2020-01-24,171,378.42642,4.279695938
2020-01-24,172,317.8808295,3.548148481
2020-01-24,173,573.3184185,6.661295416
2020-01-24,174,297.4388156,3.687138239
2020-01-24,175,395.7011728,4.460292572
2020-01-24,177,454.665884,5.372550329
2020-01-24,18,305.7298754,3.616403931
2020-01-24,180,372.8538733,4.221980256
2020-01-24,181,389.8691388,4.557703351
2020-01-24,183,126.3434212,1.530338032
2020-01-24,184,398.5851436,5.657368571
2020-01-24,188,856.139772,9.846129564
2020-01-24,189,905.6103886,11.67575102
2020-01-24,19,261.8618076,2.641657129
2020-01-24,190,322.9910721,4.428147872
2020-01-24,192,617.0755864,6.999393184
2020-01-24,193,339.6048571,3.632356759
2020-01-24,195,294.2911621,3.944285692
2020-01-24,196,1082.425851,11.66330233
2020-01-24,197,357.3095137,3.529786119
2020-01-24,198,642.3642658,7.218927698
2020-01-24,20,690.4627228,8.421193593
2020-01-24,22,275.6168405,4.630120196
2020-01-24,23,144.2305572,2.397150664
2020-01-24,25,1005.523478,11.05285005
2020-01-24,26,598.9937374,6.779567525
2020-01-24,27,119.7241579,1.4320494
2020-01-24,28,1058.621434,11.84791834
2020-01-24,3,473.945385,5.892372707
2020-01-24,31,662.6347426,7.282102546
2020-01-24,33,135.9184398,1.830761714
2020-01-24,35,123.3187307,1.860026148
2020-01-24,36,277.1705455,4.52279666
2020-01-24,38,814.2706955,8.54523166
2020-01-24,39,112.4365147,1.386383032
2020-01-24,41,466.8730117,7.625381978
2020-01-24,42,90.20519252,1.03746944
2020-01-24,44,972.6307633,10.49275152
2020-01-24,45,559.7797049,6.49973993
2020-01-24,46,375.3678574,4.315250301
2020-01-24,49,310.6304282,3.637891592
2020-01-24,5,1047.782024,10.52870993
2020-01-24,51,1194.046555,14.94858384
2020-01-24,52,650.4294879,7.003994889
2020-01-24,55,446.5400356,6.271286254
2020-01-24,57,367.6209682,4.698668728
2020-01-24,59,1134.509163,13.82513514
2020-01-24,61,108.1918593,1.386030432
2020-01-24,63,519.9437101,6.055116117
2020-01-24,64,143.243071,1.861446878
2020-01-24,66,824.0109709,9.248755591
2020-01-24,68,1864.324751,19.50033071
2020-01-24,69,611.9877155,7.309108447
2020-01-24,71,379.9393867,4.279695938
2020-01-24,72,312.9133118,3.548148481
2020-01-24,73,567.2118312,6.661295416
2020-01-24,74,294.9082682,3.687138239
2020-01-24,75,393.0107042,4.460292572
2020-01-24,77,449.0503937,5.372550329
2020-01-24,8,378.2759886,4.761503657
2020-01-24,80,374.236079,4.221980256
2020-01-24,81,392.634734,4.557703351
2020-01-24,83,130.399324,1.530338032
2020-01-24,84,392.5543302,5.657368571
2020-01-24,88,849.4157056,9.846129564
2020-01-24,89,893.7248544,11.67575102
2020-01-24,90,328.0438153,4.428147872
2020-01-24,92,620.678139,6.999393184
2020-01-24,93,327.4979972,3.632356759
2020-01-24,95,290.7411371,3.944285692
2020-01-24,96,1094.874874,11.66330233
2020-01-24,97,351.7203081,3.529786119
2020-01-24,98,637.0921168,7.218927698
2020-01-25,10,1264.858751,15.3699258
2020-01-25,103,473.3399579,6.049808412
2020-01-25,105,1041.007096,11.30973451
2020-01-25,108,387.5325589,4.649107426
2020-01-25,11,871.2011892,10.31979931
2020-01-25,110,1257.530967,15.3699258
2020-01-25,111,873.9114247,10.31979931
2020-01-25,115,511.4311772,6.753611657
2020-01-25,118,300.687826,4.147196803
2020-01-25,119,263.99361,3.897672116
2020-01-25,120,682.0039519,8.22285567
2020-01-25,122,266.544149,3.544243035
2020-01-25,123,138.22098,1.617566076
2020-01-25,125,985.2307456,11.38501154
2020-01-25,126,616.4827828,6.32257789
2020-01-25,127,119.3807319,1.260984877
2020-01-25,128,1035.281012,11.21950397
2020-01-25,131,677.7234626,7.58982648
2020-01-25,133,134.0966712,1.96250732
2020-01-25,135,120.7002238,1.799337188
2020-01-25,136,278.9075726,3.723292022
2020-01-25,138,813.1450716,9.883134499
2020-01-25,139,114.0430643,1.399079888
2020-01-25,141,465.81906,5.965007742
2020-01-25,142,86.71706365,1.638735822
2020-01-25,144,971.0587365,10.03571718
2020-01-25,145,563.7664423,6.67351565
2020-01-25,146,370.2026937,4.228324313
2020-01-25,149,301.3585162,3.517480853
2020-01-25,15,510.2744231,6.753611657
2020-01-25,151,1178.425962,13.67975281
2020-01-25,152,645.1450245,8.191084723
2020-01-25,155,456.1831853,4.937416315
2020-01-25,157,368.1352747,4.072881155
2020-01-25,159,1125.632127,13.17090924
2020-01-25,161,106.5779314,1.161385137
2020-01-25,163,524.9402387,6.246263421
2020-01-25,164,143.1283679,1.867613907
2020-01-25,166,803.409461,10.81041106
2020-01-25,168,1852.682418,20.1977461
2020-01-25,169,604.4182341,7.581238827
2020-01-25,171,381.872083,4.11524463
2020-01-25,172,302.1884648,4.160154827
2020-01-25,173,571.6176065,6.028886085
2020-01-25,174,305.8708515,4.595775654
2020-01-25,175,394.7431846,4.551950576
2020-01-25,177,453.9490172,5.001638893
2020-01-25,18,302.3224813,4.147196803
2020-01-25,180,372.2088772,4.953669426
2020-01-25,181,380.8535938,4.203147446
2020-01-25,183,125.9709455,1.628564909
2020-01-25,184,382.5581305,4.588958256
2020-01-25,188,838.0514383,9.686942956
2020-01-25,189,869.1325036,10.17174687
2020-01-25,19,260.7124252,3.897672116
2020-01-25,190,338.3722311,3.5146278
2020-01-25,192,615.5091833,7.677012498
2020-01-25,193,325.2276654,3.58321764
2020-01-25,195,289.0162587,3.783166302
2020-01-25,196,1070.779407,11.68470236
2020-01-25,197,349.9467792,4.059640125
2020-01-25,198,619.7713466,6.988338868
2020-01-25,20,682.0183862,8.22285567
2020-01-25,22,271.2598323,3.544243035
2020-01-25,23,140.8329804,1.617566076
2020-01-25,25,991.8282804,11.38501154
2020-01-25,26,590.1334204,6.32257789
2020-01-25,27,119.3068057,1.260984877
2020-01-25,28,1044.32977,11.21950397
2020-01-25,3,472.5153985,6.049808412
2020-01-25,31,658.9292722,7.58982648
2020-01-25,33,137.3334403,1.96250732
2020-01-25,35,120.2937153,1.799337188
2020-01-25,36,278.0292532,3.723292022
2020-01-25,38,807.4280719,9.883134499
2020-01-25,39,113.5174195,1.399079888
2020-01-25,41,461.3637788,5.965007742
2020-01-25,42,89.39859494,1.638735822
2020-01-25,44,962.4687248,10.03571718
2020-01-25,45,555.6007868,6.67351565
2020-01-25,46,373.4384538,4.228324313
2020-01-25,49,303.0990337,3.517480853
2020-01-25,5,1042.517487,11.30973451
2020-01-25,51,1166.274659,13.67975281
2020-01-25,52,644.3098422,8.191084723
2020-01-25,55,447.9127311,4.937416315
2020-01-25,57,367.3018018,4.072881155
2020-01-25,59,1126.123397,13.17090924
2020-01-25,61,108.8454695,1.161385137
2020-01-25,63,527.2340395,6.246263421
2020-01-25,64,142.7632828,1.867613907
2020-01-25,66,816.0121139,10.81041106
2020-01-25,68,1829.090077,20.1977461
2020-01-25,69,613.3132273,7.581238827
2020-01-25,71,377.8466278,4.11524463
2020-01-25,72,309.7783126,4.160154827
2020-01-25,73,566.4965544,6.028886085
2020-01-25,74,301.9418395,4.595775654
2020-01-25,75,392.1989453,4.551950576
2020-01-25,77,446.0775676,5.001638893
2020-01-25,8,383.0029278,4.649107426
2020-01-25,80,370.2472025,4.953669426
2020-01-25,81,384.9008663,4.203147446
2020-01-25,83,129.9178601,1.628564909
2020-01-25,84,387.8037256,4.588958256
2020-01-25,88,830.6003938,9.686942956
2020-01-25,89,875.8388541,10.17174687
2020-01-25,90,329.8464353,3.5146278
2020-01-25,92,619.7340624,7.677012498
2020-01-25,93,327.3487397,3.58321764
2020-01-25,95,288.9301871,3.783166302
2020-01-25,96,1085.832249,11.68470236
2020-01-25,97,355.4791591,4.059640125
2020-01-25,98,629.063743,6.988338868
2020-01-26,10,1259.573255,14.33944268
2020-01-26,103,461.3407796,4.821146617
2020-01-26,105,1045.257945,10.83854629
2020-01-26,108,381.9318649,4.486463649
2020-01-26,11,868.3486033,11.4352359
2020-01-26,110,1255.314723,14.33944268
2020-01-26,111,872.6353288,11.4352359
2020-01-26,115,488.0166052,5.222232934
2020-01-26,118,303.9399492,3.797727263
2020-01-26,119,265.0849714,3.380251897
2020-01-26,120,662.0640644,8.409690895
2020-01-26,122,263.8029273,3.79207266
2020-01-26,123,140.4745127,1.767675976
2020-01-26,125,988.3954968,11.98205858
2020-01-26,126,601.5960253,6.631005584
2020-01-26,127,118.9816096,1.527032813
2020-01-26,128,1034.093794,11.27381796
2020-01-26,131,647.971772,7.459138623
2020-01-26,133,135.2982294,1.743034532
2020-01-26,135,117.8106336,1.94200658
2020-01-26,136,279.9975254,3.372807535
2020-01-26,138,791.6424796,9.634391136
2020-01-26,139,111.5469828,1.450083673
2020-01-26,141,451.6562998,5.227299041
2020-01-26,142,88.32159438,0.9523028065
2020-01-26,144,951.0459664,10.88412507
2020-01-26,145,571.5770685,6.269678365
2020-01-26,146,363.6589517,4.452525364
2020-01-26,149,301.6365963,3.716091968
2020-01-26,15,496.5505348,5.222232934
2020-01-26,151,1136.72029,13.99703471
2020-01-26,152,633.5385134,7.097219506
2020-01-26,155,455.7291213,6.216021284
2020-01-26,157,358.2268837,4.887096952
2020-01-26,159,1128.181205,13.44420419
2020-01-26,161,106.7309343,1.491896382
2020-01-26,163,530.5783083,5.61843677
2020-01-26,164,147.4655785,1.926499497
2020-01-26,166,806.0159362,8.852997995
2020-01-26,168,1762.879344,20.15359328
2020-01-26,169,613.982104,8.222062569
2020-01-26,171,374.2683608,3.766255205
2020-01-26,172,307.9834295,4.15638002
2020-01-26,173,566.9476015,6.295341876
2020-01-26,174,298.0357465,3.503551025
2020-01-26,175,385.6918419,4.739976802
2020-01-26,177,442.8535664,5.262256098
2020-01-26,18,305.6175536,3.797727263
2020-01-26,180,370.6188582,4.966374979
2020-01-26,181,374.7458281,4.799642287
2020-01-26,183,129.9717913,1.557412812
2020-01-26,184,380.2899494,4.661342593
2020-01-26,188,833.0598051,9.514504203
2020-01-26,189,870.2285559,10.20781452
2020-01-26,19,261.7591572,3.380251897
2020-01-26,190,332.0359924,4.349350569
2020-01-26,192,612.8991579,7.98425731
2020-01-26,193,314.447159,3.890262392
2020-01-26,195,284.7519255,3.361046271
2020-01-26,196,1117.934961,12.35921699
2020-01-26,197,352.828492,3.618175989
2020-01-26,198,627.6730908,7.418614925
2020-01-26,20,665.6249142,8.409690895
2020-01-26,22,269.3798284,3.79207266
2020-01-26,23,142.6264048,1.767675976
2020-01-26,25,986.7116185,11.98205858
2020-01-26,26,588.1727353,6.631005584
2020-01-26,27,117.0276527,1.527032813
2020-01-26,28,1028.10126,11.27381796
2020-01-26,3,465.9708542,4.821146617
2020-01-26,31,645.6954662,7.459138623
2020-01-26,33,135.8815324,1.743034532
2020-01-26,35,118.8144607,1.94200658
2020-01-26,36,277.9480874,3.372807535
2020-01-26,38,790.2357282,9.634391136
2020-01-26,39,113.0857579,1.450083673
2020-01-26,41,452.0457984,5.227299041
2020-01-26,42,89.05188498,0.9523028065
2020-01-26,44,955.7143754,10.88412507
2020-01-26,45,557.829887,6.269678365
2020-01-26,46,364.8673278,4.452525364
2020-01-26,49,297.9418699,3.716091968
2020-01-26,5,1026.911176,10.83854629
2020-01-26,51,1147.568725,13.99703471
2020-01-26,52,633.0449146,7.097219506
2020-01-26,55,448.2097899,6.216021284
2020-01-26,57,361.652436,4.887096952
2020-01-26,59,1120.55817,13.44420419
2020-01-26,61,108.1478964,1.491896382
2020-01-26,63,526.5497164,5.61843677
2020-01-26,64,144.2649316,1.926499497
2020-01-26,66,804.4293483,8.852997995
2020-01-26,68,1779.51202,20.15359328
2020-01-26,69,614.858253,8.222062569
2020-01-26,71,372.9155092,3.766255205
2020-01-26,72,309.8078434,4.15638002
2020-01-26,73,572.132737,6.295341876
2020-01-26,74,298.3335557,3.503551025
2020-01-26,75,385.3062501,4.739976802
2020-01-26,77,444.7938834,5.262256098
2020-01-26,8,379.4375779,4.486463649
2020-01-26,80,369.7405545,4.966374979
2020-01-26,81,374.3537411,4.799642287
2020-01-26,83,127.8923131,1.557412812
2020-01-26,84,374.8392659,4.661342593
2020-01-26,88,831.0970235,9.514504203
2020-01-26,89,873.4092673,10.20781452
2020-01-26,90,327.9510565,4.349350569
2020-01-26,92,614.263247,7.98425731
2020-01-26,93,320.2225639,3.890262392
2020-01-26,95,283.8508464,3.361046271
2020-01-26,96,1101.31492,12.35921699
2020-01-26,97,353.1367944,3.618175989
2020-01-26,98,626.722527,7.418614925
2020-01-27,10,1251.306189,14.17457617
2020-01-27,103,481.7721093,6.111257643
2020-01-27,105,1032.929161,10.76880155
2020-01-27,108,377.2341401,4.344129705
2020-01-27,11,867.7903681,10.49088364
2020-01-27,110,1254.836894,14.17457617
2020-01-27,111,880.6550126,10.49088364
2020-01-27,115,496.4404754,5.464600221
2020-01-27,118,301.3054816,3.292712095
2020-01-27,119,259.9153386,3.388603719
2020-01-27,120,667.6250344,8.670247388
2020-01-27,122,266.9518072,3.218417163
2020-01-27,123,142.474514,1.887367582
2020-01-27,125,989.4628194,11.64416696
2020-01-27,126,584.5099571,6.780629204
2020-01-27,127,116.1997268,1.348684864
2020-01-27,128,1014.761815,11.32031809
2020-01-27,131,646.4774653,7.96486389
2020-01-27,133,136.8415444,1.364671865
2020-01-27,135,117.8698882,1.530477254
2020-01-27,136,278.8366493,4.123185511
2020-01-27,138,785.8831358,8.680815464
2020-01-27,139,111.7821031,1.193894393
2020-01-27,141,452.3143934,5.826454213
2020-01-27,142,91.3508236,1.246945524
2020-01-27,144,962.5999763,9.859691038
2020-01-27,145,569.005152,6.458438578
2020-01-27,146,364.2286879,4.127211299
2020-01-27,149,298.1848159,3.757892212
2020-01-27,15,491.2002376,5.464600221
2020-01-27,151,1139.795725,12.86477226
2020-01-27,152,621.0079566,6.926697403
2020-01-27,155,466.8573209,5.799477299
2020-01-27,157,365.1084124,4.973538232
2020-01-27,159,1120.127718,13.37947227
2020-01-27,161,110.1843902,1.448229432
2020-01-27,163,544.89198,5.831455257
2020-01-27,164,146.9303987,2.049645368
2020-01-27,166,798.9585062,10.45341673
2020-01-27,168,1789.780588,19.77668143
2020-01-27,169,620.0168885,7.213351618
2020-01-27,171,359.1889746,5.668720572
2020-01-27,172,309.4890671,3.970183446
2020-01-27,173,587.040451,7.095471746
2020-01-27,174,299.3579501,3.604905149
2020-01-27,175,395.7633654,5.023401183
2020-01-27,177,439.7125303,5.321743273
2020-01-27,18,303.5778178,3.292712095
2020-01-27,180,362.6849934,4.928116922
2020-01-27,181,356.7887041,5.472755013
2020-01-27,183,126.1874002,1.679973298
2020-01-27,184,379.4885884,4.509887156
2020-01-27,188,821.5088258,9.6892349
2020-01-27,189,889.1218126,9.484965715
2020-01-27,19,260.3022419,3.388603719
2020-01-27,190,320.3913258,4.680950688
2020-01-27,192,611.1149315,7.394941736
2020-01-27,193,318.3709659,3.218861803
2020-01-27,195,288.8868799,3.180766556
2020-01-27,196,1114.837852,12.04555896
2020-01-27,197,348.5258688,4.262546217
2020-01-27,198,624.0965587,7.292388122
2020-01-27,20,664.5587878,8.670247388
2020-01-27,22,269.1045255,3.218417163
2020-01-27,23,144.0107418,1.887367582
2020-01-27,25,997.3555559,11.64416696
2020-01-27,26,585.6980288,6.780629204
2020-01-27,27,114.8885232,1.348684864
2020-01-27,28,1022.566603,11.32031809
2020-01-27,3,472.1746326,6.111257643
2020-01-27,31,647.4218328,7.96486389
2020-01-27,33,136.3776799,1.364671865
2020-01-27,35,120.1925638,1.530477254
2020-01-27,36,277.3798084,4.123185511
2020-01-27,38,784.1992647,8.680815464
2020-01-27,39,110.7146077,1.193894393
2020-01-27,41,450.7247598,5.826454213
2020-01-27,42,91.23579369,1.246945524
2020-01-27,44,955.0570232,9.859691038
2020-01-27,45,566.7049925,6.458438578
2020-01-27,46,364.1863867,4.127211299
2020-01-27,49,301.8066971,3.757892212
2020-01-27,5,1047.644942,10.76880155
2020-01-27,51,1134.920278,12.86477226
2020-01-27,52,632.7272051,6.926697403
2020-01-27,55,461.5300226,5.799477299
2020-01-27,57,363.6411118,4.973538232
2020-01-27,59,1125.670314,13.37947227
2020-01-27,61,108.5760672,1.448229432
2020-01-27,63,532.6783218,5.831455257
2020-01-27,64,144.2572628,2.049645368
2020-01-27,66,800.6560841,10.45341673
2020-01-27,68,1765.83882,19.77668143
2020-01-27,69,620.577014,7.213351618
2020-01-27,71,365.7140648,5.668720572
2020-01-27,72,307.1579593,3.970183446
2020-01-27,73,581.4853228,7.095471746
2020-01-27,74,300.8347902,3.604905149
2020-01-27,75,386.9469438,5.023401183
2020-01-27,77,439.4380949,5.321743273
2020-01-27,8,379.5956495,4.344129705
2020-01-27,80,366.5970724,4.928116922
2020-01-27,81,368.8878647,5.472755013
2020-01-27,83,125.6555494,1.679973298
2020-01-27,84,376.7673454,4.509887156
2020-01-27,88,826.4994745,9.6892349
2020-01-27,89,876.8976938,9.484965715
2020-01-27,90,322.3806263,4.680950688
2020-01-27,92,615.7115628,7.394941736
2020-01-27,93,318.6836141,3.218861803
2020-01-27,95,286.4469234,3.180766556
2020-01-27,96,1107.327629,12.04555896
2020-01-27,97,346.6425589,4.262546217
2020-01-27,98,627.9138428,7.292388122
2020-01-28,10,1264.439957,14.32339787
2020-01-28,103,474.1799046,5.306706451
2020-01-28,105,1022.493288,11.25009616
2020-01-28,108,380.2480776,4.10515999
2020-01-28,11,872.9733334,10.87545075
2020-01-28,110,1286.032068,14.32339787
2020-01-28,111,877.3905772,10.87545075
2020-01-28,115,479.105864,5.560334794
2020-01-28,118,306.466317,4.225936467
2020-01-28,119,260.0990968,3.145298752
2020-01-28,120,674.9285326,7.589423132
2020-01-28,122,268.0120339,3.300795122
2020-01-28,123,147.0410748,1.82993939
2020-01-28,125,1009.688669,11.53235844
2020-01-28,126,599.537859,7.722881833
2020-01-28,127,119.0544429,1.379338902
2020-01-28,128,1028.961368,11.1448265
2020-01-28,131,656.7154648,7.396560976
2020-01-28,133,138.0666837,1.649504937
2020-01-28,135,118.9395692,2.1639709
2020-01-28,136,281.4387208,2.920958767
2020-01-28,138,793.6717276,8.608873796
2020-01-28,139,110.8104106,1.14292787
2020-01-28,141,455.3451654,6.125878131
2020-01-28,142,93.07708608,1.197611422
2020-01-28,144,971.1570248,10.51168914
2020-01-28,145,557.1085403,6.057695758
2020-01-28,146,370.8263289,4.231546652
2020-01-28,149,311.0267486,3.801017679
2020-01-28,15,487.0364606,5.560334794
2020-01-28,151,1129.027112,13.63901139
2020-01-28,152,638.8699756,7.001498816
2020-01-28,155,488.6123512,5.15946041
2020-01-28,157,368.5187385,3.895648796
2020-01-28,159,1134.983253,11.76730485
2020-01-28,161,108.292706,1.464249223
2020-01-28,163,528.3573467,6.078307098
2020-01-28,164,143.4705583,1.560174292
2020-01-28,166,808.2980557,9.771621287
2020-01-28,168,1745.383183,18.42632527
2020-01-28,169,614.9728522,7.482318151
2020-01-28,171,372.3214401,5.068467989
2020-01-28,172,313.88737,3.480761402
2020-01-28,173,575.1724062,6.958021974
2020-01-28,174,299.5434043,3.504029369
2020-01-28,175,394.28167,5.818853087
2020-01-28,177,431.50611,4.722881422
2020-01-28,18,304.1077638,4.225936467
2020-01-28,180,368.2672796,4.750042652
2020-01-28,181,373.192227,5.552187703
2020-01-28,183,122.7280234,2.362956454
2020-01-28,184,381.350677,4.279056992
2020-01-28,188,825.7156668,9.054193343
2020-01-28,189,899.3439637,11.51569978
2020-01-28,19,259.1560322,3.145298752
2020-01-28,190,338.614566,3.723412628
2020-01-28,192,644.7225302,7.646040765
2020-01-28,193,326.8171218,3.675699681
2020-01-28,195,289.6657543,3.112208832
2020-01-28,196,1105.177604,12.20562198
2020-01-28,197,343.1026225,3.560840926
2020-01-28,198,624.2475279,8.172798999
2020-01-28,20,674.6521235,7.589423132
2020-01-28,22,269.0949233,3.300795122
2020-01-28,23,147.6500436,1.82993939
2020-01-28,25,1006.75685,11.53235844
2020-01-28,26,589.8369497,7.722881833
2020-01-28,27,116.4480436,1.379338902
2020-01-28,28,1030.187103,11.1448265
2020-01-28,3,477.6455879,5.306706451
2020-01-28,31,655.7557998,7.396560976
2020-01-28,33,140.0212247,1.649504937
2020-01-28,35,119.6654448,2.1639709
2020-01-28,36,281.0339272,2.920958767
2020-01-28,38,791.8532587,8.608873796
2020-01-28,39,112.1158925,1.14292787
2020-01-28,41,457.2815768,6.125878131
2020-01-28,42,90.52444289,1.197611422
2020-01-28,44,966.7000254,10.51168914
2020-01-28,45,558.6754043,6.057695758
2020-01-28,46,374.2204153,4.231546652
2020-01-28,49,307.4998818,3.801017679
2020-01-28,5,1059.511084,11.25009616
2020-01-28,51,1129.678603,13.63901139
2020-01-28,52,631.3449251,7.001498816
2020-01-28,55,473.6417661,5.15946041
2020-01-28,57,365.2727724,3.895648796
2020-01-28,59,1136.821941,11.76730485
2020-01-28,61,109.1644374,1.464249223
2020-01-28,63,542.4774055,6.078307098
2020-01-28,64,144.1586331,1.560174292
2020-01-28,66,805.5632965,9.771621287
2020-01-28,68,1771.484367,18.42632527
2020-01-28,69,628.4010466,7.482318151
2020-01-28,71,368.64625,5.068467989
2020-01-28,72,313.3319341,3.480761402
2020-01-28,73,571.6401368,6.958021974
2020-01-28,74,304.2986917,3.504029369
2020-01-28,75,391.8368198,5.818853087
2020-01-28,77,436.9033026,4.722881422
2020-01-28,8,377.6284812,4.10515999
2020-01-28,80,369.0836066,4.750042652
2020-01-28,81,379.1733972,5.552187703
2020-01-28,83,125.5664255,2.362956454
2020-01-28,84,375.4880603,4.279056992
2020-01-28,88,824.6452299,9.054193343
2020-01-28,89,895.2420658,11.51569978
2020-01-28,90,330.0052954,3.723412628
2020-01-28,92,627.6770497,7.646040765
2020-01-28,93,326.972347,3.675699681
2020-01-28,95,292.5295801,3.112208832
2020-01-28,96,1102.898293,12.20562198
2020-01-28,97,344.8682838,3.560840926
2020-01-28,98,628.0024938,8.172798999
2020-01-29,10,1254.970854,15.00349839
2020-01-29,103,472.8109317,5.267144971
2020-01-29,105,1046.944537,11.20051234
2020-01-29,108,389.0216187,4.441611192
2020-01-29,11,864.8433825,9.974352905
2020-01-29,110,1265.862037,15.00349839
2020-01-29,111,845.6052814,9.974352905
2020-01-29,115,487.1834876,5.466050845
2020-01-29,118,307.3183896,3.544681322
2020-01-29,119,254.441709,3.441511711
2020-01-29,120,679.2125566,8.068436146
2020-01-29,122,271.8213567,3.386354608
2020-01-29,123,144.896881,1.46723949
2020-01-29,125,1015.610189,11.78434381
2020-01-29,126,580.5912288,6.029634759
2020-01-29,127,117.2708156,2.056690969
2020-01-29,128,1030.31177,11.88627687
2020-01-29,131,654.1748393,7.031313522
2020-01-29,133,142.0571735,2.060138447
2020-01-29,135,119.7842898,1.571814934
2020-01-29,136,281.4856006,3.433329375
2020-01-29,138,794.5939353,8.925160527
2020-01-29,139,115.7430954,1.341032097
2020-01-29,141,464.3602903,5.896734235
2020-01-29,142,92.80672243,1.228138039
2020-01-29,144,977.1049963,10.45752738
2020-01-29,145,551.3288903,6.60734412
2020-01-29,146,372.3322494,3.973338965
2020-01-29,149,298.7819327,3.816549224
2020-01-29,15,490.6043568,5.466050845
2020-01-29,151,1129.887025,14.2440346
2020-01-29,152,616.7273983,6.425427531
2020-01-29,155,480.2790465,5.434313874
2020-01-29,157,368.5871011,4.588689055
2020-01-29,159,1141.44839,11.93595155
2020-01-29,161,105.4107699,1.222455507
2020-01-29,163,550.6814639,6.415034617
2020-01-29,164,137.2647208,2.318861759
2020-01-29,166,807.1789307,10.4298944
2020-01-29,168,1778.507151,19.75138319
2020-01-29,169,626.4503229,7.416654636
2020-01-29,171,366.6663716,3.761619451
2020-01-29,172,319.7088869,3.672300607
2020-01-29,173,588.1463743,6.066551306
2020-01-29,174,300.6221252,4.293405734
2020-01-29,175,391.5206563,4.29993608
2020-01-29,177,445.8332937,5.285638899
2020-01-29,18,308.2083066,3.544681322
2020-01-29,180,366.6358534,4.153680217
2020-01-29,181,382.9935672,4.526648424
2020-01-29,183,122.994475,1.860289844
2020-01-29,184,372.2227781,4.29745648
2020-01-29,188,837.4147939,9.817780033
2020-01-29,189,909.4176377,10.27253345
2020-01-29,19,254.8230474,3.441511711
2020-01-29,190,327.7106535,4.629103547
2020-01-29,192,635.4810673,7.051025669
2020-01-29,193,341.3605858,3.539729121
2020-01-29,195,291.9971354,3.626460501
2020-01-29,196,1093.955637,11.77884508
2020-01-29,197,345.8549683,3.904801509
2020-01-29,198,623.901325,6.603997209
2020-01-29,20,676.2953922,8.068436146
2020-01-29,22,269.6911907,3.386354608
2020-01-29,23,146.6157105,1.46723949
2020-01-29,25,1001.816991,11.78434381
2020-01-29,26,576.1997771,6.029634759
2020-01-29,27,114.4946805,2.056690969
2020-01-29,28,1026.846047,11.88627687
2020-01-29,3,475.7004865,5.267144971
2020-01-29,31,652.9193201,7.031313522
2020-01-29,33,140.0525231,2.060138447
2020-01-29,35,120.3831816,1.571814934
2020-01-29,36,281.9205255,3.433329375
2020-01-29,38,795.5585473,8.925160527
2020-01-29,39,113.755536,1.341032097
2020-01-29,41,455.6834764,5.896734235
2020-01-29,42,92.16110971,1.228138039
2020-01-29,44,978.7577569,10.45752738
2020-01-29,45,552.4498582,6.60734412
2020-01-29,46,369.768947,3.973338965
2020-01-29,49,304.9612385,3.816549224
2020-01-29,5,1060.294968,11.20051234
2020-01-29,51,1132.607095,14.2440346
2020-01-29,52,621.487372,6.425427531
2020-01-29,55,476.3377879,5.434313874
2020-01-29,57,363.7994927,4.588689055
2020-01-29,59,1135.489178,11.93595155
2020-01-29,61,108.0190658,1.222455507
2020-01-29,63,552.2813904,6.415034617
2020-01-29,64,139.2383206,2.318861759
2020-01-29,66,803.6345988,10.4298944
2020-01-29,68,1771.118517,19.75138319
2020-01-29,69,633.8102186,7.416654636
2020-01-29,71,369.0584368,3.761619451
2020-01-29,72,318.019486,3.672300607
2020-01-29,73,585.8955688,6.066551306
2020-01-29,74,304.9136906,4.293405734
2020-01-29,75,387.0112262,4.29993608
2020-01-29,77,443.4676533,5.285638899
2020-01-29,8,379.8697562,4.441611192
2020-01-29,80,371.4992153,4.153680217
2020-01-29,81,384.6119691,4.526648424
2020-01-29,83,123.1624477,1.860289844
2020-01-29,84,376.8732548,4.29745648
2020-01-29,88,838.1539966,9.817780033
2020-01-29,89,903.5251358,10.27253345
2020-01-29,90,325.7553668,4.629103547
2020-01-29,92,630.4837732,7.051025669
2020-01-29,93,334.7011422,3.539729121
2020-01-29,95,289.6026037,3.626460501
2020-01-29,96,1102.348422,11.77884508
2020-01-29,97,346.9025562,3.904801509
2020-01-29,98,627.7168768,6.603997209
2020-01-30,10,1264.821967,14.35954109
2020-01-30,103,478.4572631,5.19475336
2020-01-30,105,1071.549011,11.7616817
2020-01-30,108,380.3755433,4.604810159
2020-01-30,11,880.2365356,9.96632423
2020-01-30,110,1267.507621,14.35954109
2020-01-30,111,899.9681002,9.96632423
2020-01-30,115,495.0330316,5.499417596
2020-01-30,118,311.7415717,3.229808468
2020-01-30,119,260.1790343,2.933871523
2020-01-30,120,677.7660564,7.695855923
2020-01-30,122,274.9273588,2.954383673
2020-01-30,123,147.4941795,1.455936941
2020-01-30,125,992.8339226,10.96068383
2020-01-30,126,578.5077662,6.0413441
2020-01-30,127,113.249742,1.359348811
2020-01-30,128,1038.103979,11.81920229
2020-01-30,131,661.5971087,7.748647431
2020-01-30,133,138.4680462,2.07994603
2020-01-30,135,122.242875,1.682034178
2020-01-30,136,287.468626,3.567749879
2020-01-30,138,808.5231642,9.246267088
2020-01-30,139,118.9681818,1.4071783
2020-01-30,141,450.9236544,5.296233976
2020-01-30,142,95.01732446,1.403481003
2020-01-30,144,991.9344259,10.40753007
2020-01-30,145,571.2857765,7.076354029
2020-01-30,146,377.7597159,3.823200357
2020-01-30,149,307.3603829,4.154771807
2020-01-30,15,504.6509025,5.499417596
2020-01-30,151,1135.490181,13.3146126
2020-01-30,152,610.3269127,7.325597287
2020-01-30,155,482.4552856,5.415338535
2020-01-30,157,370.5713917,4.24876769
2020-01-30,159,1146.585286,12.68813526
2020-01-30,161,105.1004723,1.179251906
2020-01-30,163,552.1309947,6.912672918
2020-01-30,164,140.043845,1.77101823
2020-01-30,166,792.8894094,10.73316428
2020-01-30,168,1793.849402,19.2216132
2020-01-30,169,636.6667774,7.472095934
2020-01-30,171,368.2020826,3.976238097
2020-01-30,172,318.2673073,3.730225847
2020-01-30,173,596.4327583,7.270781261
2020-01-30,174,310.6487764,3.234173561
2020-01-30,175,384.5300978,4.664502852
2020-01-30,177,461.7982015,5.948472918
2020-01-30,18,309.5800788,3.229808468
2020-01-30,180,366.2001228,5.033570327
2020-01-30,181,390.3616793,4.415524711
2020-01-30,183,123.4589975,1.449891825
2020-01-30,184,384.2789342,4.752031886
2020-01-30,188,864.9902837,8.963229734
2020-01-30,189,912.3059475,10.93285314
2020-01-30,19,258.5444435,2.933871523
2020-01-30,190,331.3064491,4.226295324
2020-01-30,192,641.9075113,7.303891343
2020-01-30,193,333.7961679,3.663589566
2020-01-30,195,290.4818221,3.458566157
2020-01-30,196,1069.358774,11.74584429
2020-01-30,197,352.7231609,4.009660156
2020-01-30,198,650.4979139,7.376186249
2020-01-30,20,677.8817097,7.695855923
2020-01-30,22,271.3329582,2.954383673
2020-01-30,23,144.8369281,1.455936941
2020-01-30,25,1001.603031,10.96068383
2020-01-30,26,582.6501501,6.0413441
2020-01-30,27,115.3342961,1.359348811
2020-01-30,28,1035.135265,11.81920229
2020-01-30,3,476.8786277,5.19475336
2020-01-30,31,662.5334015,7.748647431
2020-01-30,33,140.8239171,2.07994603
2020-01-30,35,121.1973371,1.682034178
2020-01-30,36,287.3308361,3.567749879
2020-01-30,38,799.231644,9.246267088
2020-01-30,39,115.4199461,1.4071783
2020-01-30,41,456.1309804,5.296233976
2020-01-30,42,94.24821963,1.403481003
2020-01-30,44,983.9757958,10.40753007
2020-01-30,45,558.6840773,7.076354029
2020-01-30,46,372.3923119,3.823200357
2020-01-30,49,311.4267082,4.154771807
2020-01-30,5,1090.484512,11.7616817
2020-01-30,51,1134.483353,13.3146126
2020-01-30,52,618.3627388,7.325597287
2020-01-30,55,485.1782906,5.415338535
2020-01-30,57,368.7345255,4.24876769
2020-01-30,59,1130.785907,12.68813526
2020-01-30,61,107.1743061,1.179251906
2020-01-30,63,550.2402391,6.912672918
2020-01-30,64,138.0711018,1.77101823
2020-01-30,66,798.2949862,10.73316428
2020-01-30,68,1785.560201,19.2216132
2020-01-30,69,636.2933414,7.472095934
2020-01-30,71,372.7815158,3.976238097
2020-01-30,72,315.9455629,3.730225847
2020-01-30,73,606.1056982,7.270781261
2020-01-30,74,308.3108632,3.234173561
2020-01-30,75,388.1460711,4.664502852
2020-01-30,77,454.4199358,5.948472918
2020-01-30,8,381.9688701,4.604810159
2020-01-30,80,367.4337488,5.033570327
2020-01-30,81,397.3175725,4.415524711
2020-01-30,83,123.0917717,1.449891825
2020-01-30,84,383.2589175,4.752031886
2020-01-30,88,847.2867022,8.963229734
2020-01-30,89,910.7520144,10.93285314
2020-01-30,90,331.9967542,4.226295324
2020-01-30,92,640.2454607,7.303891343
2020-01-30,93,334.1500125,3.663589566
2020-01-30,95,290.0199057,3.458566157
2020-01-30,96,1088.941725,11.74584429
2020-01-30,97,356.9003786,4.009660156
2020-01-30,98,639.8198129,7.376186249
2020-01-31,10,1285.110033,14.37687811
2020-01-31,103,483.1405575,4.968623305
2020-01-31,105,1077.671768,11.49570388
2020-01-31,108,379.7652478,4.490188691
2020-01-31,11,878.2344748,10.48753429
2020-01-31,110,1276.534822,14.37687811
2020-01-31,111,877.2620288,10.48753429
2020-01-31,115,501.7897526,5.45710467
2020-01-31,118,313.7955966,4.216941664
2020-01-31,119,263.4001455,4.151569163
2020-01-31,120,685.4361376,7.810248395
2020-01-31,122,266.5802111,3.253219003
2020-01-31,123,149.9111795,1.762510374
2020-01-31,125,1006.500669,11.84368129
2020-01-31,126,580.4999632,6.695496799
2020-01-31,127,115.41041,2.250358548
2020-01-31,128,1042.561116,12.3363852
2020-01-31,131,657.0726872,7.406604904
2020-01-31,133,134.1060903,2.058512918
2020-01-31,135,120.7438067,2.335216991
2020-01-31,136,289.8381753,3.933545412
2020-01-31,138,813.0284791,9.163082749
2020-01-31,139,113.9351148,1.166592366
2020-01-31,141,470.4677957,5.275690263
2020-01-31,142,92.5576759,1.415295981
2020-01-31,144,989.0091567,10.88780859
2020-01-31,145,544.7217895,7.101507296
2020-01-31,146,367.7459653,4.414011363
2020-01-31,149,303.943746,4.140698873
2020-01-31,15,505.1889853,5.45710467
2020-01-31,151,1137.347519,12.73963258
2020-01-31,152,618.4173333,6.657086273
2020-01-31,155,481.8021805,5.293329553
2020-01-31,157,373.8744776,5.20912305
2020-01-31,159,1103.211741,12.5476871
2020-01-31,161,107.9023879,1.759892471
2020-01-31,163,547.8190223,5.633336969
2020-01-31,164,138.304109,1.541178559
2020-01-31,166,795.8684423,10.7002822
2020-01-31,168,1788.859421,19.83551756
2020-01-31,169,657.8207302,7.365445481
2020-01-31,171,367.1388659,4.172067434
2020-01-31,172,315.1294543,4.334827797
2020-01-31,173,616.883181,6.803255964
2020-01-31,174,312.5584848,3.995295556
2020-01-31,175,385.1379917,4.999825492
2020-01-31,177,455.4933326,5.288653395
2020-01-31,18,310.4435463,4.216941664
2020-01-31,180,366.1850409,4.528320698
2020-01-31,181,395.0514683,4.102905208
2020-01-31,183,119.7974492,1.497440448
2020-01-31,184,391.9551579,4.559418973
2020-01-31,188,825.7698644,9.572750312
2020-01-31,189,896.6626247,10.23987199
2020-01-31,19,258.6340686,4.151569163
2020-01-31,190,330.7529797,4.07790768
2020-01-31,192,629.4250897,7.68104836
2020-01-31,193,321.1272057,3.604091995
2020-01-31,195,289.3975881,3.721627915
2020-01-31,196,1081.530776,11.09704181
2020-01-31,197,357.7060322,4.796132649
2020-01-31,198,632.2958723,7.164670431
2020-01-31,20,681.5763003,7.810248395
2020-01-31,22,269.5646717,3.253219003
2020-01-31,23,144.469814,1.762510374
2020-01-31,25,1000.05728,11.84368129
2020-01-31,26,580.5306549,6.695496799
2020-01-31,27,114.5565592,2.250358548
2020-01-31,28,1036.344524,12.3363852
2020-01-31,3,478.7032137,4.968623305
2020-01-31,31,654.5443479,7.406604904
2020-01-31,33,137.4483983,2.058512918
2020-01-31,35,123.7991533,2.335216991
2020-01-31,36,289.9452335,3.933545412
2020-01-31,38,807.9381739,9.163082749
2020-01-31,39,113.3358278,1.166592366
2020-01-31,41,461.155593,5.275690263
2020-01-31,42,92.85974563,1.415295981
2020-01-31,44,990.6400381,10.88780859
2020-01-31,45,549.2299786,7.101507296
2020-01-31,46,368.4625237,4.414011363
2020-01-31,49,304.1609785,4.140698873
2020-01-31,5,1071.503882,11.49570388
2020-01-31,51,1140.744687,12.73963258
2020-01-31,52,624.9147035,6.657086273
2020-01-31,55,487.5215088,5.293329553
2020-01-31,57,368.3973059,5.20912305
2020-01-31,59,1121.397282,12.5476871
2020-01-31,61,109.2323988,1.759892471
2020-01-31,63,540.6757946,5.633336969
2020-01-31,64,137.9569053,1.541178559
2020-01-31,66,800.3463515,10.7002822
2020-01-31,68,1766.676059,19.83551756
2020-01-31,69,645.864304,7.365445481
2020-01-31,71,373.2896729,4.172067434
2020-01-31,72,313.5174762,4.334827797
2020-01-31,73,611.5767147,6.803255964
2020-01-31,74,309.346797,3.995295556
2020-01-31,75,388.4845944,4.999825492
2020-01-31,77,455.3516587,5.288653395
2020-01-31,8,378.5889801,4.490188691
2020-01-31,80,366.6615307,4.528320698
2020-01-31,81,397.6193444,4.102905208
2020-01-31,83,123.3382921,1.497440448
2020-01-31,84,387.5230163,4.559418973
2020-01-31,88,831.1225064,9.572750312
2020-01-31,89,907.5674627,10.23987199
2020-01-31,90,332.78486,4.07790768
2020-01-31,92,649.3664041,7.68104836
2020-01-31,93,329.0305608,3.604091995
2020-01-31,95,291.5194998,3.721627915
2020-01-31,96,1082.515087,11.09704181
2020-01-31,97,357.4807487,4.796132649
2020-01-31,98,637.3822641,7.164670431
2020-02-01,10,1293.686357,14.64587943
2020-02-01,103,473.1086037,5.895769332
2020-02-01,105,1049.003091,10.83493304
2020-02-01,108,378.3810529,5.15718808
2020-02-01,11,878.0433487,10.31837533
2020-02-01,110,1295.112858,14.64587943
2020-02-01,111,877.9355096,10.31837533
2020-02-01,115,506.3222864,6.375950585
2020-02-01,118,314.9187471,3.15992974
2020-02-01,119,263.4992989,2.93049613
2020-02-01,120,682.6263937,7.595928894
2020-02-01,122,273.8602851,2.81578354
2020-02-01,123,142.5238547,1.907895584
2020-02-01,125,988.7353451,11.89521077
2020-02-01,126,565.0351564,6.842721962
2020-02-01,127,113.194131,1.402402945
2020-02-01,128,1002.233597,10.55534415
2020-02-01,131,653.2658643,8.744130995
2020-02-01,133,130.7038557,1.522573289
2020-02-01,135,125.2671054,1.571704022
2020-02-01,136,291.5825199,3.328552226
2020-02-01,138,804.7953864,9.468376081
2020-02-01,139,111.0378758,1.920692791
2020-02-01,141,465.054286,5.539466257
2020-02-01,142,92.50237865,1.118847513
2020-02-01,144,970.6763478,11.1402617
2020-02-01,145,547.2817579,5.644218537
2020-02-01,146,368.610019,4.698611985
2020-02-01,149,300.1392429,3.040880439
2020-02-01,15,503.3848903,6.375950585
2020-02-01,151,1132.071261,13.12509501
2020-02-01,152,637.3844974,7.444005768
2020-02-01,155,485.3958588,5.443871576
2020-02-01,157,362.4374738,4.45987646
2020-02-01,159,1106.821561,12.12077194
2020-02-01,161,110.2743438,1.104430149
2020-02-01,163,547.2781517,6.540605293
2020-02-01,164,138.9535146,1.666285878
2020-02-01,166,796.8649982,9.966011041
2020-02-01,168,1736.623267,19.49086231
2020-02-01,169,632.5808811,8.363346568
2020-02-01,171,364.8664269,4.475336913
2020-02-01,172,305.3592661,3.383804907
2020-02-01,173,595.0961642,7.218645794
2020-02-01,174,308.4262923,3.932624
2020-02-01,175,390.5219325,4.725278362
2020-02-01,177,452.7899553,5.396998157
2020-02-01,18,309.5702958,3.15992974
2020-02-01,180,368.3321485,4.920284171
2020-02-01,181,386.7947712,4.97425004
2020-02-01,183,123.3354494,1.410464896
2020-02-01,184,382.5076104,4.591913961
2020-02-01,188,818.7728617,9.438641616
2020-02-01,189,877.0289948,9.55729665
2020-02-01,19,258.2744956,2.93049613
2020-02-01,190,331.8914533,4.108510711
2020-02-01,192,656.7703359,6.789098857
2020-02-01,193,327.4550807,3.586730836
2020-02-01,195,296.7394372,3.696621107
2020-02-01,196,1037.966116,11.06105387
2020-02-01,197,364.7741985,4.325784179
2020-02-01,198,627.3119752,8.025206953
2020-02-01,20,682.8980786,7.595928894
2020-02-01,22,270.7451611,2.81578354
2020-02-01,23,140.8659821,1.907895584
2020-02-01,25,991.4959588,11.89521077
2020-02-01,26,579.0104678,6.842721962
2020-02-01,27,112.1678818,1.402402945
2020-02-01,28,1001.813345,10.55534415
2020-02-01,3,472.8126705,5.895769332
2020-02-01,31,653.1844007,8.744130995
2020-02-01,33,133.9062322,1.522573289
2020-02-01,35,125.2233199,1.571704022
2020-02-01,36,292.5540852,3.328552226
2020-02-01,38,803.2858928,9.468376081
2020-02-01,39,109.7828472,1.920692791
2020-02-01,41,455.1469549,5.539466257
2020-02-01,42,91.17117954,1.118847513
2020-02-01,44,968.5249411,11.1402617
2020-02-01,45,543.4238316,5.644218537
2020-02-01,46,366.112667,4.698611985
2020-02-01,49,299.5281305,3.040880439
2020-02-01,5,1055.440579,10.83493304
2020-02-01,51,1132.044415,13.12509501
2020-02-01,52,622.0260701,7.444005768
2020-02-01,55,481.5090324,5.443871576
2020-02-01,57,363.3274507,4.45987646
2020-02-01,59,1097.750494,12.12077194
2020-02-01,61,109.4811579,1.104430149
2020-02-01,63,543.4475291,6.540605293
2020-02-01,64,138.7407834,1.666285878
2020-02-01,66,787.8938184,9.966011041
2020-02-01,68,1729.631403,19.49086231
2020-02-01,69,630.3977173,8.363346568
2020-02-01,71,365.1294488,4.475336913
2020-02-01,72,308.1268534,3.383804907
2020-02-01,73,596.2215908,7.218645794
2020-02-01,74,308.6336943,3.932624
2020-02-01,75,387.0533087,4.725278362
2020-02-01,77,445.7608345,5.396998157
2020-02-01,8,375.3295269,5.15718808
2020-02-01,80,371.3844109,4.920284171
2020-02-01,81,391.5617389,4.97425004
2020-02-01,83,120.6727851,1.410464896
2020-02-01,84,379.1165247,4.591913961
2020-02-01,88,820.0741584,9.438641616
2020-02-01,89,880.8309574,9.55729665
2020-02-01,90,333.2753764,4.108510711
2020-02-01,92,652.0311178,6.789098857
2020-02-01,93,328.4301571,3.586730836
2020-02-01,95,288.8749513,3.696621107
2020-02-01,96,1049.907436,11.06105387
2020-02-01,97,356.496507,4.325784179
2020-02-01,98,630.2468735,8.025206953
2020-02-02,10,1283.780208,15.61246831
2020-02-02,103,468.1617911,5.106092463
2020-02-02,105,1038.682118,11.05620874
2020-02-02,108,369.1507386,4.83454458
2020-02-02,11,880.658281,9.642901549
2020-02-02,110,1294.297651,15.61246831
2020-02-02,111,877.5178299,9.642901549
2020-02-02,115,511.4612494,6.067817933
2020-02-02,118,302.2254267,3.607793442
2020-02-02,119,254.409878,3.349115323
2020-02-02,120,659.6078119,8.172735585
2020-02-02,122,268.4765192,3.713103104
2020-02-02,123,136.2823018,2.202945949
2020-02-02,125,977.8052884,11.20746022
2020-02-02,126,576.0359819,6.112496607
2020-02-02,127,114.3885399,1.255202298
2020-02-02,128,1022.682997,12.1302867
2020-02-02,131,656.4982631,7.024720275
2020-02-02,133,130.2582947,1.611343563
2020-02-02,135,127.282493,1.313638892
2020-02-02,136,293.3488721,3.444283835
2020-02-02,138,792.680159,9.194596123
2020-02-02,139,107.2292701,1.558783686
2020-02-02,141,457.7044809,5.319388083
2020-02-02,142,92.39822928,1.466162362
2020-02-02,144,965.3456092,10.38543595
2020-02-02,145,532.2659489,6.109142973
2020-02-02,146,363.7619598,4.628878873
2020-02-02,149,289.9229855,4.994697659
2020-02-02,15,499.5443145,6.067817933
2020-02-02,151,1116.837837,13.27847353
2020-02-02,152,618.6510759,6.87646068
2020-02-02,155,466.5132809,5.226322734
2020-02-02,157,359.0220587,4.247306109
2020-02-02,159,1081.989244,11.43615092
2020-02-02,161,104.3677639,1.298080536
2020-02-02,163,539.0867238,5.746688163
2020-02-02,164,137.5283321,1.691856344
2020-02-02,166,776.1422983,9.963879268
2020-02-02,168,1733.902642,18.31516945
2020-02-02,169,616.1736912,7.426083347
2020-02-02,171,363.3211785,4.547182583
2020-02-02,172,309.1759946,3.910217429
2020-02-02,173,589.8775514,7.030109504
2020-02-02,174,306.6154496,3.320310835
2020-02-02,175,379.81022,5.952240417
2020-02-02,177,438.9679365,5.839393889
2020-02-02,18,310.948458,3.607793442
2020-02-02,180,379.3165716,4.537622048
2020-02-02,181,398.2394562,4.78541726
2020-02-02,183,118.1896815,1.448860612
2020-02-02,184,364.4925795,4.634860369
2020-02-02,188,796.4019793,9.094151259
2020-02-02,189,881.9995708,9.953161369
2020-02-02,19,255.3345325,3.349115323
2020-02-02,190,332.615741,3.405227125
2020-02-02,192,644.4069591,6.792833679
2020-02-02,193,325.1429771,3.760778823
2020-02-02,195,293.9764371,3.416109677
2020-02-02,196,1042.154772,11.39754476
2020-02-02,197,347.503243,3.829918523
2020-02-02,198,621.8096481,6.533433426
2020-02-02,20,661.8093068,8.172735585
2020-02-02,22,268.9116483,3.713103104
2020-02-02,23,137.3671713,2.202945949
2020-02-02,25,992.3960825,11.20746022
2020-02-02,26,588.3026531,6.112496607
2020-02-02,27,112.4152153,1.255202298
2020-02-02,28,1021.130577,12.1302867
2020-02-02,3,471.1436738,5.106092463
2020-02-02,31,653.9234459,7.024720275
2020-02-02,33,131.3150396,1.611343563
2020-02-02,35,126.0615195,1.313638892
2020-02-02,36,294.6863929,3.444283835
2020-02-02,38,800.4615157,9.194596123
2020-02-02,39,108.1158199,1.558783686
2020-02-02,41,460.1098187,5.319388083
2020-02-02,42,91.88988486,1.466162362
2020-02-02,44,969.3781127,10.38543595
2020-02-02,45,540.619187,6.109142973
2020-02-02,46,360.6119693,4.628878873
2020-02-02,49,293.723346,4.994697659
2020-02-02,5,1038.26706,11.05620874
2020-02-02,51,1119.090827,13.27847353
2020-02-02,52,614.4719754,6.87646068
2020-02-02,55,476.1970578,5.226322734
2020-02-02,57,358.1669955,4.247306109
2020-02-02,59,1091.41629,11.43615092
2020-02-02,61,106.7156904,1.298080536
2020-02-02,63,537.4261832,5.746688163
2020-02-02,64,137.5370818,1.691856344
2020-02-02,66,772.4540614,9.963879268
2020-02-02,68,1724.800425,18.31516945
2020-02-02,69,624.8852426,7.426083347
2020-02-02,71,358.9330789,4.547182583
2020-02-02,72,300.7146004,3.910217429
2020-02-02,73,593.6083056,7.030109504
2020-02-02,74,303.2321908,3.320310835
2020-02-02,75,378.775387,5.952240417
2020-02-02,77,445.2622087,5.839393889
2020-02-02,8,375.491441,4.83454458
2020-02-02,80,369.9317614,4.537622048
2020-02-02,81,387.4403062,4.78541726
2020-02-02,83,118.7685791,1.448860612
2020-02-02,84,369.4697754,4.634860369
2020-02-02,88,807.658781,9.094151259
2020-02-02,89,886.4763251,9.953161369
2020-02-02,90,331.1786126,3.405227125
2020-02-02,92,644.3403688,6.792833679
2020-02-02,93,329.840756,3.760778823
2020-02-02,95,291.6331806,3.416109677
2020-02-02,96,1055.570831,11.39754476
2020-02-02,97,347.5798971,3.829918523
2020-02-02,98,617.9433628,6.533433426
2020-02-03,10,1288.572233,14.12967835
2020-02-03,103,474.6571501,5.061098299
2020-02-03,105,1027.412983,10.45498773
2020-02-03,108,372.2124932,4.941844212
2020-02-03,11,895.0921702,10.24721762
2020-02-03,110,1279.976599,14.12967835
2020-02-03,111,909.6256581,10.24721762
2020-02-03,115,491.7348822,5.567927685
2020-02-03,118,316.7546295,3.821673852
2020-02-03,119,259.9512865,3.722640416
2020-02-03,120,665.9756175,7.748721347
2020-02-03,122,262.0974894,3.719390976
2020-02-03,123,138.5405865,1.632975295
2020-02-03,125,996.3605165,10.65845467
2020-02-03,126,589.1710723,6.261362078
2020-02-03,127,112.993297,1.208111925
2020-02-03,128,1010.606174,12.17255607
2020-02-03,131,660.2703633,7.908889506
2020-02-03,133,132.4232542,1.484943224
2020-02-03,135,126.2941663,1.720563605
2020-02-03,136,290.5753119,4.281551039
2020-02-03,138,814.0039482,8.604775554
2020-02-03,139,108.8130421,1.705615036
2020-02-03,141,454.977252,5.507181681
2020-02-03,142,91.27503625,0.9195050539
2020-02-03,144,974.5555756,9.975638948
2020-02-03,145,525.4927657,6.392236
2020-02-03,146,363.0718218,3.808664039
2020-02-03,149,290.494348,3.984293448
2020-02-03,15,498.0689415,5.567927685
2020-02-03,151,1105.253261,12.85524033
2020-02-03,152,610.232699,6.940499
2020-02-03,155,472.2347001,5.736363722
2020-02-03,157,345.8126723,3.703355563
2020-02-03,159,1081.480731,12.40859508
2020-02-03,161,108.6495924,1.275419998
2020-02-03,163,531.0593755,6.790700804
2020-02-03,164,132.2833752,1.93258877
2020-02-03,166,754.6621985,9.772728571
2020-02-03,168,1741.136682,19.45719509
2020-02-03,169,630.0355452,8.05730865
2020-02-03,171,353.2387016,4.315400658
2020-02-03,172,305.4117946,3.917887279
2020-02-03,173,590.0486174,6.984550528
2020-02-03,174,313.4144731,3.642301495
2020-02-03,175,375.9663137,3.824476101
2020-02-03,177,444.5113782,4.906267781
2020-02-03,18,311.7086606,3.821673852
2020-02-03,180,366.907246,4.807469201
2020-02-03,181,388.3244764,4.066559275
2020-02-03,183,114.8992152,1.723710793
2020-02-03,184,378.3087463,4.176470903
2020-02-03,188,809.1097521,9.580274731
2020-02-03,189,871.9301933,11.03248404
2020-02-03,19,257.3369326,3.722640416
2020-02-03,190,332.7478494,4.678446845
2020-02-03,192,641.4911175,6.819133755
2020-02-03,193,327.1578998,3.545085441
2020-02-03,195,296.8683717,4.172186558
2020-02-03,196,1034.273925,11.65578449
2020-02-03,197,347.382544,3.783056311
2020-02-03,198,617.3921426,8.117238323
2020-02-03,20,662.3473891,7.748721347
2020-02-03,22,264.1669513,3.719390976
2020-02-03,23,139.7447378,1.632975295
2020-02-03,25,985.4030333,10.65845467
2020-02-03,26,580.7704829,6.261362078
2020-02-03,27,112.6603301,1.208111925
2020-02-03,28,1020.104365,12.17255607
2020-02-03,3,468.5046435,5.061098299
2020-02-03,31,657.2005068,7.908889506
2020-02-03,33,134.8742168,1.484943224
2020-02-03,35,127.7030307,1.720563605
2020-02-03,36,292.2929095,4.281551039
2020-02-03,38,803.9566132,8.604775554
2020-02-03,39,109.034665,1.705615036
2020-02-03,41,460.6198724,5.507181681
2020-02-03,42,89.49036847,0.9195050539
2020-02-03,44,969.9744236,9.975638948
2020-02-03,45,541.858562,6.392236
2020-02-03,46,362.3140099,3.808664039
2020-02-03,49,291.8393217,3.984293448
2020-02-03,5,1042.997686,10.45498773
2020-02-03,51,1105.35227,12.85524033
2020-02-03,52,606.4783185,6.940499
2020-02-03,55,473.6549365,5.736363722
2020-02-03,57,350.598595,3.703355563
2020-02-03,59,1089.137772,12.40859508
2020-02-03,61,108.3307861,1.275419998
2020-02-03,63,540.2726056,6.790700804
2020-02-03,64,134.2998522,1.93258877
2020-02-03,66,768.5863514,9.772728571
2020-02-03,68,1720.583482,19.45719509
2020-02-03,69,628.7250548,8.05730865
2020-02-03,71,354.5259878,4.315400658
2020-02-03,72,306.3534051,3.917887279
2020-02-03,73,581.7589709,6.984550528
2020-02-03,74,306.877212,3.642301495
2020-02-03,75,374.888732,3.824476101
2020-02-03,77,443.8335496,4.906267781
2020-02-03,8,371.4794731,4.941844212
2020-02-03,80,362.0074232,4.807469201
2020-02-03,81,392.8094649,4.066559275
2020-02-03,83,116.3577662,1.723710793
2020-02-03,84,376.0139405,4.176470903
2020-02-03,88,814.2522667,9.580274731
2020-02-03,89,871.6409514,11.03248404
2020-02-03,90,331.1573044,4.678446845
2020-02-03,92,642.2154588,6.819133755
2020-02-03,93,329.5275126,3.545085441
2020-02-03,95,290.9944318,4.172186558
2020-02-03,96,1054.978007,11.65578449
2020-02-03,97,349.9484024,3.783056311
2020-02-03,98,614.5654529,8.117238323
2020-02-04,10,1299.003448,14.44228998
2020-02-04,103,479.6663759,5.445638349
2020-02-04,105,1003.339854,10.50565295
2020-02-04,108,379.5258817,4.708194336
2020-02-04,11,904.5137528,11.62460515
2020-02-04,110,1297.255131,14.44228998
2020-02-04,111,904.3957487,11.62460515
2020-02-04,115,509.1182486,5.817088971
2020-02-04,118,316.9598346,4.234638837
2020-02-04,119,255.2782487,3.684369966
2020-02-04,120,671.3668647,8.426858374
2020-02-04,122,270.2361952,3.91872555
2020-02-04,123,138.7559927,2.378552585
2020-02-04,125,1000.370202,11.44542898
2020-02-04,126,573.1741021,6.522956892
2020-02-04,127,110.5711714,2.08667522
2020-02-04,128,1017.115874,12.06092437
2020-02-04,131,669.6044358,8.101468161
2020-02-04,133,138.6613072,1.996233065
2020-02-04,135,129.6340188,1.592699633
2020-02-04,136,293.5137979,3.854737901
2020-02-04,138,840.5398029,9.221097343
2020-02-04,139,109.2574328,1.277083655
2020-02-04,141,461.2233283,5.571870825
2020-02-04,142,89.83219764,0.9592752729
2020-02-04,144,1013.387186,10.34812132
2020-02-04,145,557.183397,6.527419604
2020-02-04,146,365.1017128,4.306938464
2020-02-04,149,292.0506292,3.874971303
2020-02-04,15,509.1662998,5.817088971
2020-02-04,151,1123.097564,14.47536874
2020-02-04,152,613.9807376,6.343848573
2020-02-04,155,468.179103,5.700712324
2020-02-04,157,346.5324833,4.607767475
2020-02-04,159,1105.698421,12.19406757
2020-02-04,161,107.3185017,1.561059814
2020-02-04,163,525.6919565,5.828777212
2020-02-04,164,135.649779,1.753069179
2020-02-04,166,758.0321916,9.307522739
2020-02-04,168,1719.8301,19.21737848
2020-02-04,169,628.5735688,7.788481532
2020-02-04,171,353.157391,4.419563803
2020-02-04,172,307.0163103,4.477196485
2020-02-04,173,581.9247597,5.879243243
2020-02-04,174,298.803043,3.931720521
2020-02-04,175,383.3880793,4.597469188
2020-02-04,177,448.2635661,5.344279995
2020-02-04,18,317.8673986,4.234638837
2020-02-04,180,378.3179576,4.070311924
2020-02-04,181,396.900609,4.674390756
2020-02-04,183,114.7356361,2.22001758
2020-02-04,184,370.5572992,4.457246221
2020-02-04,188,822.4358345,9.755297763
2020-02-04,189,874.6933548,10.0451612
2020-02-04,19,258.5372768,3.684369966
2020-02-04,190,338.2852128,3.871255278
2020-02-04,192,648.0739841,7.809963266
2020-02-04,193,333.274963,3.361494785
2020-02-04,195,291.6945528,3.912979084
2020-02-04,196,1051.15399,11.10374027
2020-02-04,197,363.9839189,4.496540283
2020-02-04,198,625.3202264,7.381404176
2020-02-04,20,671.2123673,8.426858374
2020-02-04,22,269.8135448,3.91872555
2020-02-04,23,140.7142136,2.378552585
2020-02-04,25,999.7421606,11.44542898
2020-02-04,26,578.6339166,6.522956892
2020-02-04,27,113.1202097,2.08667522
2020-02-04,28,1018.725225,12.06092437
2020-02-04,3,476.2790348,5.445638349
2020-02-04,31,674.7521218,8.101468161
2020-02-04,33,139.3099747,1.996233065
2020-02-04,35,128.4756345,1.592699633
2020-02-04,36,293.7722634,3.854737901
2020-02-04,38,829.421529,9.221097343
2020-02-04,39,109.085993,1.277083655
2020-02-04,41,458.2403748,5.571870825
2020-02-04,42,89.32013315,0.9592752729
2020-02-04,44,1002.806204,10.34812132
2020-02-04,45,551.4673407,6.527419604
2020-02-04,46,367.0784386,4.306938464
2020-02-04,49,292.4477504,3.874971303
2020-02-04,5,1035.524988,10.50565295
2020-02-04,51,1116.534121,14.47536874
2020-02-04,52,612.4459672,6.343848573
2020-02-04,55,472.2881153,5.700712324
2020-02-04,57,348.7340967,4.607767475
2020-02-04,59,1092.705813,12.19406757
2020-02-04,61,107.5965301,1.561059814
2020-02-04,63,537.6605296,5.828777212
2020-02-04,64,137.1632578,1.753069179
2020-02-04,66,768.3336133,9.307522739
2020-02-04,68,1731.331167,19.21737848
2020-02-04,69,632.130404,7.788481532
2020-02-04,71,351.9323184,4.419563803
2020-02-04,72,309.0320827,4.477196485
2020-02-04,73,582.1107258,5.879243243
2020-02-04,74,305.1701172,3.931720521
2020-02-04,75,385.5581018,4.597469188
2020-02-04,77,443.8551411,5.344279995
2020-02-04,8,376.3216258,4.708194336
2020-02-04,80,366.9157651,4.070311924
2020-02-04,81,389.3474736,4.674390756
2020-02-04,83,117.6140115,2.22001758
2020-02-04,84,373.63067,4.457246221
2020-02-04,88,828.1123778,9.755297763
2020-02-04,89,883.5416929,10.0451612
2020-02-04,90,339.1379067,3.871255278
2020-02-04,92,652.8315496,7.809963266
2020-02-04,93,326.798992,3.361494785
2020-02-04,95,289.4335502,3.912979084
2020-02-04,96,1042.700356,11.10374027
2020-02-04,97,356.8002529,4.496540283
2020-02-04,98,621.1992507,7.381404176
2020-02-05,10,1298.040413,14.78610183
2020-02-05,103,477.9757637,5.994437301
2020-02-05,105,1056.299258,10.84504996
2020-02-05,108,374.7411074,4.380498043
2020-02-05,11,898.6556645,10.38756909
2020-02-05,110,1296.064779,14.78610183
2020-02-05,111,889.9578507,10.38756909
2020-02-05,115,504.7698264,5.850883301
2020-02-05,118,315.3157325,4.076773701
2020-02-05,119,259.2530557,3.581821281
2020-02-05,120,660.775405,6.941464517
2020-02-05,122,271.3781818,3.782066905
2020-02-05,123,138.6513195,1.550364922
2020-02-05,125,1004.308947,10.71914535
2020-02-05,126,572.1402215,6.688331959
2020-02-05,127,112.8106968,2.011902553
2020-02-05,128,1016.834781,10.90233147
2020-02-05,131,683.8264738,8.626885432
2020-02-05,133,147.0099652,2.304530401
2020-02-05,135,129.5422854,1.453976389
2020-02-05,136,297.2856795,3.981868345
2020-02-05,138,828.161308,9.805762048
2020-02-05,139,104.652485,1.115355144
2020-02-05,141,458.6477207,6.919253009
2020-02-05,142,87.57887171,0.9701497228
2020-02-05,144,983.8442378,10.67814114
2020-02-05,145,529.1048588,5.851973953
2020-02-05,146,375.4604324,4.278364303
2020-02-05,149,287.6582992,4.768932933
2020-02-05,15,504.7636686,5.850883301
2020-02-05,151,1113.745968,12.85958013
2020-02-05,152,612.0910425,6.968121492
2020-02-05,155,468.4859186,5.022807514
2020-02-05,157,345.7462547,3.907932903
2020-02-05,159,1101.585537,11.45809524
2020-02-05,161,108.8498657,1.082045717
2020-02-05,163,539.5654145,6.56433062
2020-02-05,164,141.1044347,1.658409843
2020-02-05,166,761.9728645,8.778985952
2020-02-05,168,1749.756191,19.0207277
2020-02-05,169,636.7143456,7.24594931
2020-02-05,171,350.0563905,4.195470666
2020-02-05,172,313.4517243,4.059464588
2020-02-05,173,592.7888693,7.214183532
2020-02-05,174,303.7721125,3.71451563
2020-02-05,175,380.1566535,4.727667533
2020-02-05,177,439.7339721,4.661824477
2020-02-05,18,318.5244984,4.076773701
2020-02-05,180,367.4928793,4.649270821
2020-02-05,181,387.1764711,4.485380521
2020-02-05,183,116.210766,1.571083158
2020-02-05,184,370.6230918,4.688648778
2020-02-05,188,821.0843264,9.589177331
2020-02-05,189,877.879785,10.19438018
2020-02-05,19,257.623837,3.581821281
2020-02-05,190,344.7989667,4.821233846
2020-02-05,192,655.6678269,7.644898559
2020-02-05,193,325.0877759,3.743753083
2020-02-05,195,294.4243039,3.47420868
2020-02-05,196,1026.508565,10.5178243
2020-02-05,197,356.05739,4.559500226
2020-02-05,198,623.0866079,7.211908716
2020-02-05,20,669.6895453,6.941464517
2020-02-05,22,268.621225,3.782066905
2020-02-05,23,136.4345055,1.550364922
2020-02-05,25,993.705331,10.71914535
2020-02-05,26,571.2179913,6.688331959
2020-02-05,27,113.9173932,2.011902553
2020-02-05,28,1019.132977,10.90233147
2020-02-05,3,474.0802083,5.994437301
2020-02-05,31,679.6654655,8.626885432
2020-02-05,33,142.5802253,2.304530401
2020-02-05,35,128.1347981,1.453976389
2020-02-05,36,295.5014799,3.981868345
2020-02-05,38,824.8649034,9.805762048
2020-02-05,39,106.0287777,1.115355144
2020-02-05,41,457.0797514,6.919253009
2020-02-05,42,89.64344882,0.9701497228
2020-02-05,44,991.4446926,10.67814114
2020-02-05,45,539.9468229,5.851973953
2020-02-05,46,371.690776,4.278364303
2020-02-05,49,291.58371,4.768932933
2020-02-05,5,1034.988101,10.84504996
2020-02-05,51,1118.923701,12.85958013
2020-02-05,52,606.0851088,6.968121492
2020-02-05,55,474.4880692,5.022807514
2020-02-05,57,346.0275591,3.907932903
2020-02-05,59,1095.160291,11.45809524
2020-02-05,61,107.4865419,1.082045717
2020-02-05,63,542.9700701,6.56433062
2020-02-05,64,141.3304627,1.658409843
2020-02-05,66,762.1664524,8.778985952
2020-02-05,68,1767.844812,19.0207277
2020-02-05,69,637.6939785,7.24594931
2020-02-05,71,353.8592856,4.195470666
2020-02-05,72,311.930807,4.059464588
2020-02-05,73,575.7777932,7.214183532
2020-02-05,74,304.7026272,3.71451563
2020-02-05,75,382.2877923,4.727667533
2020-02-05,77,439.4422371,4.661824477
2020-02-05,8,374.094374,4.380498043
2020-02-05,80,368.8274283,4.649270821
2020-02-05,81,386.8638731,4.485380521
2020-02-05,83,115.4111786,1.571083158
2020-02-05,84,374.6862976,4.688648778
2020-02-05,88,820.9677034,9.589177331
2020-02-05,89,876.6329293,10.19438018
2020-02-05,90,336.7434555,4.821233846
2020-02-05,92,648.5871643,7.644898559
2020-02-05,93,328.9693305,3.743753083
2020-02-05,95,291.4186943,3.47420868
2020-02-05,96,1023.841588,10.5178243
2020-02-05,97,356.2503584,4.559500226
2020-02-05,98,623.5662502,7.211908716
2020-02-06,10,1296.464817,15.90327271
2020-02-06,103,479.7832872,5.317467617
2020-02-06,105,1026.446087,10.8114165
2020-02-06,108,381.8650051,4.519241745
2020-02-06,11,910.9085152,12.21677772
2020-02-06,110,1299.050531,15.90327271
2020-02-06,111,916.5980247,12.21677772
2020-02-06,115,504.3588271,6.010519557
2020-02-06,118,318.3131213,3.484757081
2020-02-06,119,266.8210866,3.290799661
2020-02-06,120,673.2488084,9.131180846
2020-02-06,122,274.9231217,4.188759224
2020-02-06,123,141.1043001,1.911401762
2020-02-06,125,1009.556499,12.05976872
2020-02-06,126,571.053711,6.156132729
2020-02-06,127,112.1165097,1.54375715
2020-02-06,128,1022.088571,12.12637398
2020-02-06,131,685.6714733,8.223340415
2020-02-06,133,142.2874442,1.424082583
2020-02-06,135,122.2215782,1.313701628
2020-02-06,136,296.1262162,4.253977262
2020-02-06,138,817.7972542,9.283615383
2020-02-06,139,105.2441295,1.772382386
2020-02-06,141,469.8998368,5.403457679
2020-02-06,142,95.13917503,0.989620628
2020-02-06,144,984.4459034,10.91618117
2020-02-06,145,559.5078228,6.05839874
2020-02-06,146,366.7781161,4.796320022
2020-02-06,149,301.7546003,4.017487136
2020-02-06,15,508.5036771,6.010519557
2020-02-06,151,1117.727855,13.18007896
2020-02-06,152,609.8738352,6.401182126
2020-02-06,155,481.9290718,5.616599878
2020-02-06,157,348.1829227,4.046261997
2020-02-06,159,1107.120296,11.81103176
2020-02-06,161,112.9844172,1.272819538
2020-02-06,163,561.9062722,5.898472935
2020-02-06,164,142.3922447,1.612680652
2020-02-06,166,778.0005341,9.001964382
2020-02-06,168,1747.841873,19.03900401
2020-02-06,169,645.4547351,7.108684165
2020-02-06,171,356.046237,3.86879582
2020-02-06,172,321.5402533,3.610073155
2020-02-06,173,580.6385439,6.242992915
2020-02-06,174,312.7719379,3.911751863
2020-02-06,175,383.5653568,4.55173584
2020-02-06,177,423.339385,5.2292816
2020-02-06,18,317.4708204,3.484757081
2020-02-06,180,367.210127,4.393381609
2020-02-06,181,393.6898924,5.827959364
2020-02-06,183,116.4451779,1.59365369
2020-02-06,184,389.520293,4.870790887
2020-02-06,188,829.594984,9.217533017
2020-02-06,189,905.5890431,10.8063754
2020-02-06,19,263.0362063,3.290799661
2020-02-06,190,348.289785,4.498666507
2020-02-06,192,653.2662872,7.907725117
2020-02-06,193,321.2741611,3.779848767
2020-02-06,195,301.2648346,4.229291755
2020-02-06,196,1049.209798,11.11079941
2020-02-06,197,350.3438345,4.126321288
2020-02-06,198,642.9096228,7.58826054
2020-02-06,20,679.6720574,9.131180846
2020-02-06,22,274.4799981,4.188759224
2020-02-06,23,141.1985376,1.911401762
2020-02-06,25,1014.268118,12.05976872
2020-02-06,26,568.7306005,6.156132729
2020-02-06,27,112.5730543,1.54375715
2020-02-06,28,1028.157187,12.12637398
2020-02-06,3,482.9043094,5.317467617
2020-02-06,31,683.5505037,8.223340415
2020-02-06,33,142.2478486,1.424082583
2020-02-06,35,125.5255717,1.313701628
2020-02-06,36,296.7292084,4.253977262
2020-02-06,38,827.8457414,9.283615383
2020-02-06,39,106.6027475,1.772382386
2020-02-06,41,466.4950619,5.403457679
2020-02-06,42,91.59282245,0.989620628
2020-02-06,44,999.2499398,10.91618117
2020-02-06,45,553.264568,6.05839874
2020-02-06,46,372.948365,4.796320022
2020-02-06,49,298.8059047,4.017487136
2020-02-06,5,1042.058998,10.8114165
2020-02-06,51,1118.391432,13.18007896
2020-02-06,52,605.5434852,6.401182126
2020-02-06,55,480.9235557,5.616599878
2020-02-06,57,354.3364363,4.046261997
2020-02-06,59,1103.581905,11.81103176
2020-02-06,61,110.0253948,1.272819538
2020-02-06,63,561.6793877,5.898472935
2020-02-06,64,141.6718695,1.612680652
2020-02-06,66,781.5084798,9.001964382
2020-02-06,68,1767.250263,19.03900401
2020-02-06,69,642.6872209,7.108684165
2020-02-06,71,355.5673905,3.86879582
2020-02-06,72,316.8131444,3.610073155
2020-02-06,73,575.863493,6.242992915
2020-02-06,74,310.1880541,3.911751863
2020-02-06,75,380.6966331,4.55173584
2020-02-06,77,432.52017,5.2292816
2020-02-06,8,379.1662686,4.519241745
2020-02-06,80,367.8932415,4.393381609
2020-02-06,81,391.6524246,5.827959364
2020-02-06,83,116.4715652,1.59365369
2020-02-06,84,384.9481934,4.870790887
2020-02-06,88,821.7732069,9.217533017
2020-02-06,89,898.1082633,10.8063754
2020-02-06,90,345.6489943,4.498666507
2020-02-06,92,657.6328438,7.907725117
2020-02-06,93,327.4764127,3.779848767
2020-02-06,95,297.9975577,4.229291755
2020-02-06,96,1060.756735,11.11079941
2020-02-06,97,355.9027372,4.126321288
2020-02-06,98,630.8684977,7.58826054
2020-02-07,10,1314.820513,15.45255123
2020-02-07,103,482.7875638,5.858815172
2020-02-07,105,1008.480224,11.68211985
2020-02-07,108,379.4230889,4.107991875
2020-02-07,11,910.259104,10.00346323
2020-02-07,110,1301.922996,15.45255123
2020-02-07,111,903.4046909,10.00346323
2020-02-07,115,506.132696,5.383980895
2020-02-07,118,318.1055456,4.749087327
2020-02-07,119,263.7134917,3.572369212
2020-02-07,120,680.4089135,7.400178136
2020-02-07,122,269.4063881,3.618335541
2020-02-07,123,139.4059773,1.636678316
2020-02-07,125,1029.767616,13.57665094
2020-02-07,126,570.790109,5.895853758
2020-02-07,127,112.6473123,1.62542564
2020-02-07,128,1038.243935,11.21694323
2020-02-07,131,688.3302477,7.547507387
2020-02-07,133,143.1243503,1.773545504
2020-02-07,135,126.4408801,1.597603043
2020-02-07,136,296.7890858,3.072531483
2020-02-07,138,836.0302459,9.326625379
2020-02-07,139,102.1401812,1.182835452
2020-02-07,141,467.9207244,5.718744517
2020-02-07,142,92.26713491,0.9622480542
2020-02-07,144,978.9254588,10.57460455
2020-02-07,145,565.9204278,6.579476466
2020-02-07,146,364.289125,4.632807357
2020-02-07,149,297.4380048,3.822725882
2020-02-07,15,506.8370314,5.383980895
2020-02-07,151,1108.500194,12.23370872
2020-02-07,152,604.2648748,7.051041632
2020-02-07,155,482.2272946,5.985860712
2020-02-07,157,365.4767321,4.147708866
2020-02-07,159,1087.653114,11.35518337
2020-02-07,161,113.2122869,1.312396493
2020-02-07,163,558.6535319,6.892632354
2020-02-07,164,143.0173585,1.604495572
2020-02-07,166,770.065037,9.101775449
2020-02-07,168,1737.226704,19.45067329
2020-02-07,169,632.3285035,7.245164501
2020-02-07,171,363.1360906,3.983909793
2020-02-07,172,305.1933452,3.719843154
2020-02-07,173,579.1064016,6.598625313
2020-02-07,174,312.8777847,3.786973865
2020-02-07,175,375.6217484,4.122920224
2020-02-07,177,426.7515165,4.964206643
2020-02-07,18,318.8681832,4.749087327
2020-02-07,180,370.3250702,5.377882213
2020-02-07,181,387.7941486,4.515668143
2020-02-07,183,114.9175482,2.206436923
2020-02-07,184,385.7576484,4.374476801
2020-02-07,188,807.3145174,8.770451543
2020-02-07,189,897.3635561,9.750432109
2020-02-07,19,262.9839692,3.572369212
2020-02-07,190,337.1155477,3.75106993
2020-02-07,192,663.2566816,7.888807715
2020-02-07,193,332.333191,3.2864783
2020-02-07,195,298.1260273,3.202940967
2020-02-07,196,1060.803544,11.44375834
2020-02-07,197,362.8060048,3.933298179
2020-02-07,198,634.0296079,7.580289465
2020-02-07,20,682.2661383,7.400178136
2020-02-07,22,271.556097,3.618335541
2020-02-07,23,138.9261384,1.636678316
2020-02-07,25,1024.24111,13.57665094
2020-02-07,26,572.9706621,5.895853758
2020-02-07,27,112.7412332,1.62542564
2020-02-07,28,1034.606152,11.21694323
2020-02-07,3,487.5016167,5.858815172
2020-02-07,31,682.1843582,7.547507387
2020-02-07,33,142.3426501,1.773545504
2020-02-07,35,125.7983332,1.597603043
2020-02-07,36,296.1232791,3.072531483
2020-02-07,38,819.8328539,9.326625379
2020-02-07,39,102.8220103,1.182835452
2020-02-07,41,464.8151152,5.718744517
2020-02-07,42,91.58683424,0.9622480542
2020-02-07,44,985.9814301,10.57460455
2020-02-07,45,560.1358153,6.579476466
2020-02-07,46,368.6236001,4.632807357
2020-02-07,49,295.1127052,3.822725882
2020-02-07,5,1021.669981,11.68211985
2020-02-07,51,1118.646352,12.23370872
2020-02-07,52,601.2035315,7.051041632
2020-02-07,55,484.2189995,5.985860712
2020-02-07,57,361.2799263,4.147708866
2020-02-07,59,1088.732183,11.35518337
2020-02-07,61,111.6678863,1.312396493
2020-02-07,63,563.4007761,6.892632354
2020-02-07,64,142.9868097,1.604495572
2020-02-07,66,777.5154378,9.101775449
2020-02-07,68,1742.374336,19.45067329
2020-02-07,69,634.6389336,7.245164501
2020-02-07,71,356.7909743,3.983909793
2020-02-07,72,307.7685276,3.719843154
2020-02-07,73,583.5577231,6.598625313
2020-02-07,74,309.7271651,3.786973865
2020-02-07,75,378.7074134,4.122920224
2020-02-07,77,430.2989727,4.964206643
2020-02-07,8,379.2830293,4.107991875
2020-02-07,80,366.8826437,5.377882213
2020-02-07,81,386.2540251,4.515668143
2020-02-07,83,115.668875,2.206436923
2020-02-07,84,386.0332264,4.374476801
2020-02-07,88,813.6493593,8.770451543
2020-02-07,89,906.5546937,9.750432109
2020-02-07,90,339.98592,3.75106993
2020-02-07,92,659.2870816,7.888807715
2020-02-07,93,323.0932152,3.2864783
2020-02-07,95,299.9335813,3.202940967
2020-02-07,96,1065.891153,11.44375834
2020-02-07,97,358.0427494,3.933298179
2020-02-07,98,630.7012889,7.580289465
2020-02-08,10,1306.943576,16.60630736
2020-02-08,103,482.9091483,5.062016968
2020-02-08,105,1014.117076,10.92411052
2020-02-08,108,382.5270423,4.456668234
2020-02-08,11,899.2548589,10.41593801
2020-02-08,110,1306.699786,16.60630736
2020-02-08,111,891.4204272,10.41593801
2020-02-08,115,503.8826154,6.3074745
2020-02-08,118,316.5508455,3.949395497
2020-02-08,119,259.8767254,3.28288533
2020-02-08,120,668.7790731,8.488262627
2020-02-08,122,273.2798818,4.017660728
2020-02-08,123,136.8953925,2.4906851
2020-02-08,125,1012.825246,11.74551325
2020-02-08,126,561.9006399,6.502446521
2020-02-08,127,112.2406807,1.684814129
2020-02-08,128,1033.382421,11.54837603
2020-02-08,131,679.8111889,6.819088682
2020-02-08,133,141.4672258,2.385520174
2020-02-08,135,120.3617858,1.481499806
2020-02-08,136,288.447828,3.419030248
2020-02-08,138,803.8681448,8.844098328
2020-02-08,139,104.3367775,1.20048755
2020-02-08,141,460.0855634,5.493428733
2020-02-08,142,86.19836295,1.470506608
2020-02-08,144,966.583791,10.63476989
2020-02-08,145,566.056059,6.109456461
2020-02-08,146,364.1815849,4.124545618
2020-02-08,149,294.8672048,3.183939946
2020-02-08,15,501.4980793,6.3074745
2020-02-08,151,1126.834596,14.37389744
2020-02-08,152,594.6803771,6.478601694
2020-02-08,155,476.0446696,5.071593039
2020-02-08,157,357.3131008,5.005754881
2020-02-08,159,1086.635108,11.67437649
2020-02-08,161,108.3490546,1.193142628
2020-02-08,163,559.6986876,5.984149817
2020-02-08,164,142.4407109,1.671590163
2020-02-08,166,762.9169039,7.886415236
2020-02-08,168,1710.741294,18.96160611
2020-02-08,169,632.3907119,7.71675112
2020-02-08,171,352.5131587,4.306120329
2020-02-08,172,306.6230671,4.433455606
2020-02-08,173,565.9278014,7.189280855
2020-02-08,174,311.6180722,4.751437785
2020-02-08,175,372.451834,4.123998104
2020-02-08,177,440.4376663,4.594616345
2020-02-08,18,315.8962996,3.949395497
2020-02-08,180,363.6064545,4.053737294
2020-02-08,181,380.1322581,4.574142878
2020-02-08,183,117.2016868,1.215055152
2020-02-08,184,378.714308,4.499222153
2020-02-08,188,807.7998295,8.941412162
2020-02-08,189,912.7192627,10.57846674
2020-02-08,19,262.6219837,3.28288533
2020-02-08,190,350.9373686,4.308736779
2020-02-08,192,650.4436686,8.043199042
2020-02-08,193,322.9175693,4.120599729
2020-02-08,195,290.5786712,4.340714042
2020-02-08,196,1059.392507,11.42569364
2020-02-08,197,353.0671524,3.572448566
2020-02-08,198,617.3015534,7.297318596
2020-02-08,20,672.3215069,8.488262627
2020-02-08,22,269.2141645,4.017660728
2020-02-08,23,135.7744089,2.4906851
2020-02-08,25,1013.107942,11.74551325
2020-02-08,26,565.9757723,6.502446521
2020-02-08,27,109.5626677,1.684814129
2020-02-08,28,1012.691687,11.54837603
2020-02-08,3,480.6399356,5.062016968
2020-02-08,31,671.6376025,6.819088682
2020-02-08,33,138.9684345,2.385520174
2020-02-08,35,121.3806327,1.481499806
2020-02-08,36,288.8969852,3.419030248
2020-02-08,38,812.1370391,8.844098328
2020-02-08,39,102.2909691,1.20048755
2020-02-08,41,464.0385277,5.493428733
2020-02-08,42,88.85823185,1.470506608
2020-02-08,44,974.2784304,10.63476989
2020-02-08,45,566.8693911,6.109456461
2020-02-08,46,365.7280108,4.124545618
2020-02-08,49,296.5221768,3.183939946
2020-02-08,5,1015.806779,10.92411052
2020-02-08,51,1120.55525,14.37389744
2020-02-08,52,588.9413495,6.478601694
2020-02-08,55,473.3730133,5.071593039
2020-02-08,57,357.2048241,5.005754881
2020-02-08,59,1081.790062,11.67437649
2020-02-08,61,106.1857532,1.193142628
2020-02-08,63,565.3858469,5.984149817
2020-02-08,64,141.7957861,1.671590163
2020-02-08,66,764.2656852,7.886415236
2020-02-08,68,1716.882661,18.96160611
2020-02-08,69,624.0139175,7.71675112
2020-02-08,71,354.5084738,4.306120329
2020-02-08,72,305.9634224,4.433455606
2020-02-08,73,568.4830193,7.189280855
2020-02-08,74,306.1853355,4.751437785
2020-02-08,75,377.2002083,4.123998104
2020-02-08,77,433.9480391,4.594616345
2020-02-08,8,375.6964305,4.456668234
2020-02-08,80,360.3379907,4.053737294
2020-02-08,81,382.0386756,4.574142878
2020-02-08,83,115.5922432,1.215055152
2020-02-08,84,381.835665,4.499222153
2020-02-08,88,810.5776286,8.941412162
2020-02-08,89,905.7184622,10.57846674
2020-02-08,90,344.26456,4.308736779
2020-02-08,92,650.3387356,8.043199042
2020-02-08,93,317.908678,4.120599729
2020-02-08,95,293.021591,4.340714042
2020-02-08,96,1067.452406,11.42569364
2020-02-08,97,348.8931279,3.572448566
2020-02-08,98,616.2392501,7.297318596
2020-02-09,10,1305.134557,15.22648803
2020-02-09,103,483.504595,4.924837773
2020-02-09,105,1009.355078,10.09156277
2020-02-09,108,367.0794894,4.689897028
2020-02-09,11,887.3472352,10.31770356
2020-02-09,110,1303.178956,15.22648803
2020-02-09,111,893.0109216,10.31770356
2020-02-09,115,490.5406481,5.570261181
2020-02-09,118,311.6435915,4.838843353
2020-02-09,119,265.144866,3.181811077
2020-02-09,120,670.0283667,8.093963511
2020-02-09,122,269.5176902,3.482220852
2020-02-09,123,133.3689238,1.929586914
2020-02-09,125,1019.721462,11.39985445
2020-02-09,126,555.4552364,6.155578947
2020-02-09,127,113.389213,1.350915132
2020-02-09,128,1006.593979,11.27368632
2020-02-09,131,662.253421,8.116104891
2020-02-09,133,135.6980428,1.91378217
2020-02-09,135,113.9045716,1.51287344
2020-02-09,136,288.8211546,4.203773218
2020-02-09,138,799.1341246,9.403784826
2020-02-09,139,105.5095715,1.220606473
2020-02-09,141,460.8893127,6.524851912
2020-02-09,142,89.83507506,1.112769392
2020-02-09,144,962.988994,10.75939707
2020-02-09,145,567.019416,6.226488902
2020-02-09,146,357.653718,3.875865388
2020-02-09,149,297.431639,4.169147832
2020-02-09,15,487.5454482,5.570261181
2020-02-09,151,1127.104834,13.2345083
2020-02-09,152,591.8268159,6.559320979
2020-02-09,155,468.5920901,4.778274123
2020-02-09,157,363.2823513,4.401626026
2020-02-09,159,1090.401538,12.05205686
2020-02-09,161,106.0919543,1.282011631
2020-02-09,163,571.3672445,6.755208893
2020-02-09,164,141.0722165,1.879651862
2020-02-09,166,760.2934688,8.645911257
2020-02-09,168,1722.215161,19.32952444
2020-02-09,169,621.9575743,6.999001198
2020-02-09,171,350.3099938,4.259900101
2020-02-09,172,305.3447682,3.247737397
2020-02-09,173,560.7047447,6.069794617
2020-02-09,174,302.795832,4.280685705
2020-02-09,175,369.6524912,4.408557281
2020-02-09,177,425.2414703,4.916857484
2020-02-09,18,315.1439744,4.838843353
2020-02-09,180,357.5468107,4.013373581
2020-02-09,181,376.4541716,4.593955328
2020-02-09,183,112.361964,1.519336528
2020-02-09,184,387.5509381,4.40996518
2020-02-09,188,808.5043871,9.860628119
2020-02-09,189,900.5865486,10.47950065
2020-02-09,19,260.6501698,3.181811077
2020-02-09,190,349.8858661,4.904121523
2020-02-09,192,644.8977547,7.945891815
2020-02-09,193,319.1953684,3.513118786
2020-02-09,195,284.6980087,3.193878667
2020-02-09,196,1075.935693,10.98041773
2020-02-09,197,334.0328899,3.685926066
2020-02-09,198,608.0563701,6.891817222
2020-02-09,20,667.8677051,8.093963511
2020-02-09,22,268.9004447,3.482220852
2020-02-09,23,133.7798405,1.929586914
2020-02-09,25,1015.507145,11.39985445
2020-02-09,26,559.797848,6.155578947
2020-02-09,27,109.4054519,1.350915132
2020-02-09,28,997.4017458,11.27368632
2020-02-09,3,478.4802758,4.924837773
2020-02-09,31,670.1467993,8.116104891
2020-02-09,33,136.5885587,1.91378217
2020-02-09,35,118.5356109,1.51287344
2020-02-09,36,290.9600315,4.203773218
2020-02-09,38,803.0926748,9.403784826
2020-02-09,39,102.6508501,1.220606473
2020-02-09,41,456.9000384,6.524851912
2020-02-09,42,88.54976709,1.112769392
2020-02-09,44,963.4216943,10.75939707
2020-02-09,45,566.8010564,6.226488902
2020-02-09,46,357.7722371,3.875865388
2020-02-09,49,296.7847781,4.169147832
2020-02-09,5,1003.39211,10.09156277
2020-02-09,51,1115.659834,13.2345083
2020-02-09,52,591.6535969,6.559320979
2020-02-09,55,465.8326917,4.778274123
2020-02-09,57,356.5158184,4.401626026
2020-02-09,59,1075.034752,12.05205686
2020-02-09,61,103.9246745,1.282011631
2020-02-09,63,564.9158516,6.755208893
2020-02-09,64,141.2638925,1.879651862
2020-02-09,66,761.1860841,8.645911257
2020-02-09,68,1720.249747,19.32952444
2020-02-09,69,614.4199108,6.999001198
2020-02-09,71,349.8591781,4.259900101
2020-02-09,72,306.9373388,3.247737397
2020-02-09,73,557.1862275,6.069794617
2020-02-09,74,306.9594647,4.280685705
2020-02-09,75,367.8132448,4.408557281
2020-02-09,77,429.6910908,4.916857484
2020-02-09,8,369.6330899,4.689897028
2020-02-09,80,355.2909727,4.013373581
2020-02-09,81,378.9202447,4.593955328
2020-02-09,83,112.9636571,1.519336528
2020-02-09,84,385.9310982,4.40996518
2020-02-09,88,807.3191163,9.860628119
2020-02-09,89,905.1941583,10.47950065
2020-02-09,90,346.5837942,4.904121523
2020-02-09,92,648.3869616,7.945891815
2020-02-09,93,314.0091431,3.513118786
2020-02-09,95,288.6568859,3.193878667
2020-02-09,96,1067.749992,10.98041773
2020-02-09,97,342.3234252,3.685926066
2020-02-09,98,617.5255472,6.891817222
2020-02-10,10,1319.218186,15.62671859
2020-02-10,103,475.2529868,5.432617784
2020-02-10,105,985.637558,10.22659763
2020-02-10,108,366.1535682,4.46624962
2020-02-10,11,882.4737481,10.90305992
2020-02-10,110,1308.91087,15.62671859
2020-02-10,111,904.2397634,10.90305992
2020-02-10,115,490.3965744,5.620415445
2020-02-10,118,314.807294,3.463518396
2020-02-10,119,263.3022554,4.097693346
2020-02-10,120,682.9422921,8.345214695
2020-02-10,122,264.7999473,3.341092305
2020-02-10,123,134.1607811,2.108860732
2020-02-10,125,1009.453541,12.16407216
2020-02-10,126,571.9450173,6.331256761
2020-02-10,127,110.3868849,1.640287368
2020-02-10,128,979.3419844,11.12941472
2020-02-10,131,671.579217,7.067171324
2020-02-10,133,135.9787506,2.024870003
2020-02-10,135,119.83414,1.362655772
2020-02-10,136,291.4591525,3.542306461
2020-02-10,138,812.933836,9.468916385
2020-02-10,139,105.2195831,1.124576649
2020-02-10,141,456.0853991,5.872674447
2020-02-10,142,88.05873333,1.61045016
2020-02-10,144,982.3640806,10.75264757
2020-02-10,145,570.388127,6.277680935
2020-02-10,146,350.0348686,3.893796295
2020-02-10,149,299.758894,4.696972682
2020-02-10,15,486.5190077,5.620415445
2020-02-10,151,1124.625433,13.058914
2020-02-10,152,584.8273503,6.715663696
2020-02-10,155,469.6165512,5.167010866
2020-02-10,157,348.4178902,4.436415161
2020-02-10,159,1062.636221,11.86186354
2020-02-10,161,99.8703795,1.536190224
2020-02-10,163,552.0880693,5.86676833
2020-02-10,164,138.7173599,1.862150656
2020-02-10,166,757.7200847,8.732260372
2020-02-10,168,1698.228867,19.69374076
2020-02-10,169,619.4430498,7.717019374
2020-02-10,171,360.2765236,4.545146711
2020-02-10,172,308.5396127,4.246002197
2020-02-10,173,569.477458,6.142709636
2020-02-10,174,311.5248819,3.359927701
2020-02-10,175,374.3052499,4.441985886
2020-02-10,177,431.9399152,5.134453177
2020-02-10,18,318.6914997,3.463518396
2020-02-10,180,368.9752842,3.838526137
2020-02-10,181,382.7573712,5.340935567
2020-02-10,183,114.5161905,1.484994651
2020-02-10,184,400.1559133,4.087188853
2020-02-10,188,812.8559238,9.517464908
2020-02-10,189,918.7867096,10.37173216
2020-02-10,19,261.5024702,4.097693346
2020-02-10,190,355.6204551,4.327431247
2020-02-10,192,664.2043121,7.523375129
2020-02-10,193,317.1037002,3.647991346
2020-02-10,195,287.1439609,3.289835623
2020-02-10,196,1053.787637,10.85149624
2020-02-10,197,341.3655029,4.062803575
2020-02-10,198,622.9533881,6.452803717
2020-02-10,20,678.3165308,8.345214695
2020-02-10,22,267.875367,3.341092305
2020-02-10,23,135.3543082,2.108860732
2020-02-10,25,1014.894483,12.16407216
2020-02-10,26,569.238655,6.331256761
2020-02-10,27,109.6112536,1.640287368
2020-02-10,28,986.5474533,11.12941472
2020-02-10,3,479.026556,5.432617784
2020-02-10,31,671.2734121,7.067171324
2020-02-10,33,135.2107215,2.024870003
2020-02-10,35,118.4169905,1.362655772
2020-02-10,36,288.872586,3.542306461
2020-02-10,38,808.342948,9.468916385
2020-02-10,39,101.1543089,1.124576649
2020-02-10,41,450.8094253,5.872674447
2020-02-10,42,87.74718865,1.61045016
2020-02-10,44,982.2847392,10.75264757
2020-02-10,45,569.3584332,6.277680935
2020-02-10,46,353.4202835,3.893796295
2020-02-10,49,299.1571288,4.696972682
2020-02-10,5,1009.592997,10.22659763
2020-02-10,51,1119.380527,13.058914
2020-02-10,52,591.7434326,6.715663696
2020-02-10,55,465.8659768,5.167010866
2020-02-10,57,351.811404,4.436415161
2020-02-10,59,1065.325429,11.86186354
2020-02-10,61,101.8756839,1.536190224
2020-02-10,63,560.8304674,5.86676833
2020-02-10,64,140.0837822,1.862150656
2020-02-10,66,762.922904,8.732260372
2020-02-10,68,1707.506388,19.69374076
2020-02-10,69,619.5877932,7.717019374
2020-02-10,71,353.6219006,4.545146711
2020-02-10,72,306.1860457,4.246002197
2020-02-10,73,561.8116896,6.142709636
2020-02-10,74,305.7143229,3.359927701
2020-02-10,75,371.6804508,4.441985886
2020-02-10,77,436.8666664,5.134453177
2020-02-10,8,362.7353499,4.46624962
2020-02-10,80,361.5210967,3.838526137
2020-02-10,81,380.3458915,5.340935567
2020-02-10,83,113.9561694,1.484994651
2020-02-10,84,394.2368799,4.087188853
2020-02-10,88,818.881659,9.517464908
2020-02-10,89,910.8838015,10.37173216
2020-02-10,90,351.1177205,4.327431247
2020-02-10,92,654.7711436,7.523375129
2020-02-10,93,319.7467889,3.647991346
2020-02-10,95,290.4720246,3.289835623
2020-02-10,96,1053.263768,10.85149624
2020-02-10,97,339.940294,4.062803575
2020-02-10,98,615.9671461,6.452803717
2020-02-11,10,1336.958028,16.75085803
2020-02-11,103,488.0421768,5.545722967
2020-02-11,105,1031.470735,10.43222129
2020-02-11,108,370.4810757,4.25682625
2020-02-11,11,890.9943467,11.30205267
2020-02-11,110,1338.087528,16.75085803
2020-02-11,111,895.3621284,11.30205267
2020-02-11,115,502.67582,6.906074735
2020-02-11,118,321.3670783,4.374905152
2020-02-11,119,258.2939607,2.955185749
2020-02-11,120,674.9546294,8.266809344
2020-02-11,122,268.9344412,3.579249029
2020-02-11,123,136.5224515,1.744663944
2020-02-11,125,1037.30491,12.3164085
2020-02-11,126,578.8360969,6.351987626
2020-02-11,127,111.1395216,1.456337786
2020-02-11,128,970.6515494,12.08371005
2020-02-11,131,688.3952982,7.575089531
2020-02-11,133,131.6158512,2.027917717
2020-02-11,135,122.3847098,1.963184827
2020-02-11,136,292.4165755,3.762760085
2020-02-11,138,800.9780895,9.818671131
2020-02-11,139,101.9279069,1.166984561
2020-02-11,141,453.772925,6.743832973
2020-02-11,142,88.10495212,1.40827766
2020-02-11,144,973.1664672,11.06536162
2020-02-11,145,562.6289803,6.190630086
2020-02-11,146,359.7486719,4.161966111
2020-02-11,149,296.6766138,3.669341287
2020-02-11,15,487.9803176,6.906074735
2020-02-11,151,1148.200499,12.74207424
2020-02-11,152,592.2435349,7.064316898
2020-02-11,155,463.8643483,5.280915036
2020-02-11,157,349.01479,3.780841878
2020-02-11,159,1071.636462,11.48770299
2020-02-11,161,100.2071466,1.11650884
2020-02-11,163,566.5747727,6.45595927
2020-02-11,164,140.0622294,1.465142643
2020-02-11,166,776.9704966,9.900000952
2020-02-11,168,1712.598401,18.89100085
2020-02-11,169,625.8020072,6.813088427
2020-02-11,171,345.2562554,3.852884278
2020-02-11,172,305.2428689,4.244646411
2020-02-11,173,572.720507,5.868501333
2020-02-11,174,308.0703171,4.654965608
2020-02-11,175,364.602537,4.897366825
2020-02-11,177,439.7148128,5.203733782
2020-02-11,18,318.3089664,4.374905152
2020-02-11,180,376.7320121,4.045519688
2020-02-11,181,375.6888582,4.418490131
2020-02-11,183,117.4473419,1.659232217
2020-02-11,184,395.984852,4.785136285
2020-02-11,188,811.5577913,9.580969354
2020-02-11,189,915.4835271,11.08089398
2020-02-11,19,260.5781954,2.955185749
2020-02-11,190,353.2252323,4.302790998
2020-02-11,192,656.7391119,7.249794998
2020-02-11,193,306.5792664,3.698930192
2020-02-11,195,292.1411975,3.941860224
2020-02-11,196,1062.662533,11.33182216
2020-02-11,197,329.3728417,3.69742382
2020-02-11,198,629.1873131,7.921112732
2020-02-11,20,681.4761838,8.266809344
2020-02-11,22,267.6753246,3.579249029
2020-02-11,23,135.3586315,1.744663944
2020-02-11,25,1030.409036,12.3164085
2020-02-11,26,581.7423507,6.351987626
2020-02-11,27,110.2458791,1.456337786
2020-02-11,28,995.7659633,12.08371005
2020-02-11,3,482.0985267,5.545722967
2020-02-11,31,684.1847185,7.575089531
2020-02-11,33,134.1705741,2.027917717
2020-02-11,35,121.9835783,1.963184827
2020-02-11,36,287.9242616,3.762760085
2020-02-11,38,810.6490276,9.818671131
2020-02-11,39,101.5473798,1.166984561
2020-02-11,41,459.3640056,6.743832973
2020-02-11,42,88.24152821,1.40827766
2020-02-11,44,995.3030306,11.06536162
2020-02-11,45,572.1381189,6.190630086
2020-02-11,46,352.6144567,4.161966111
2020-02-11,49,299.9976489,3.669341287
2020-02-11,5,1023.358144,10.43222129
2020-02-11,51,1130.351058,12.74207424
2020-02-11,52,596.1133905,7.064316898
2020-02-11,55,466.8254092,5.280915036
2020-02-11,57,349.9785481,3.780841878
2020-02-11,59,1084.622158,11.48770299
2020-02-11,61,100.6365061,1.11650884
2020-02-11,63,572.7178453,6.45595927
2020-02-11,64,141.9695424,1.465142643
2020-02-11,66,771.7853655,9.900000952
2020-02-11,68,1732.126855,18.89100085
2020-02-11,69,622.1167421,6.813088427
2020-02-11,71,352.3474792,3.852884278
2020-02-11,72,304.7086015,4.244646411
2020-02-11,73,571.4780951,5.868501333
2020-02-11,74,311.7944355,4.654965608
2020-02-11,75,369.5345641,4.897366825
2020-02-11,77,444.0752368,5.203733782
2020-02-11,8,370.0877339,4.25682625
2020-02-11,80,373.6590383,4.045519688
2020-02-11,81,374.6777534,4.418490131
2020-02-11,83,116.3433132,1.659232217
2020-02-11,84,394.1057253,4.785136285
2020-02-11,88,812.2217662,9.580969354
2020-02-11,89,914.8876307,11.08089398
2020-02-11,90,355.3915592,4.302790998
2020-02-11,92,653.37359,7.249794998
2020-02-11,93,315.4566131,3.698930192
2020-02-11,95,291.1938467,3.941860224
2020-02-11,96,1054.847511,11.33182216
2020-02-11,97,331.4997372,3.69742382
2020-02-11,98,623.9677285,7.921112732
2020-02-12,10,1320.381149,15.64809198
2020-02-12,103,484.050481,5.844377558
2020-02-12,105,1017.81664,10.79117412
2020-02-12,108,365.9177792,5.064503651
2020-02-12,11,885.17152,10.32142642
2020-02-12,110,1314.691866,15.64809198
2020-02-12,111,899.8192509,10.32142642
2020-02-12,115,494.1125413,6.224106964
2020-02-12,118,313.4775296,4.014687388
2020-02-12,119,264.3368531,3.505543832
2020-02-12,120,673.3373004,9.966799444
2020-02-12,122,276.0391646,4.062748551
2020-02-12,123,132.5993366,1.813569404
2020-02-12,125,1043.466373,11.80305146
2020-02-12,126,562.6179142,6.777826339
2020-02-12,127,111.4897115,1.169881574
2020-02-12,128,1019.179824,10.75005926
2020-02-12,131,686.2578846,7.906945318
2020-02-12,133,136.7555441,3.034056294
2020-02-12,135,122.3121925,2.046829701
2020-02-12,136,291.6369468,3.214708016
2020-02-12,138,807.6919644,8.810312538
2020-02-12,139,104.7589979,1.102163933
2020-02-12,141,462.4964406,5.70010551
2020-02-12,142,83.99612356,1.360406515
2020-02-12,144,969.9829125,10.47331289
2020-02-12,145,565.6049867,6.079884372
2020-02-12,146,362.6772558,4.173413667
2020-02-12,149,304.915003,3.769142688
2020-02-12,15,492.6794188,6.224106964
2020-02-12,151,1143.342607,13.75331113
2020-02-12,152,585.8389976,6.720803217
2020-02-12,155,469.8978491,5.059909644
2020-02-12,157,351.0697021,3.865714128
2020-02-12,159,1085.066562,12.21509016
2020-02-12,161,98.39832598,1.269700462
2020-02-12,163,584.5942976,6.293850023
2020-02-12,164,140.725697,1.723307713
2020-02-12,166,769.4517295,9.379126304
2020-02-12,168,1719.146541,19.36990544
2020-02-12,169,611.2298889,7.862465568
2020-02-12,171,351.8888866,4.096692016
2020-02-12,172,301.8466529,3.83560966
2020-02-12,173,569.8534705,6.234008256
2020-02-12,174,311.0253092,3.377407376
2020-02-12,175,360.3132967,4.105594282
2020-02-12,177,452.9309004,4.726883862
2020-02-12,18,320.2015762,4.014687388
2020-02-12,180,363.3879572,4.42639309
2020-02-12,181,374.2987366,4.058963311
2020-02-12,183,114.3937191,1.576221677
2020-02-12,184,397.3336672,4.506346417
2020-02-12,188,808.5814692,9.347469591
2020-02-12,189,911.5236401,11.36819932
2020-02-12,19,262.9562183,3.505543832
2020-02-12,190,356.22509,4.085330976
2020-02-12,192,659.5363665,7.932284551
2020-02-12,193,321.3934665,3.369380371
2020-02-12,195,289.9159744,3.99173843
2020-02-12,196,1067.074944,11.23579139
2020-02-12,197,331.055889,4.61177951
2020-02-12,198,627.4161832,7.012804353
2020-02-12,20,680.0668646,9.966799444
2020-02-12,22,270.2743474,4.062748551
2020-02-12,23,134.0656648,1.813569404
2020-02-12,25,1033.185008,11.80305146
2020-02-12,26,577.6630504,6.777826339
2020-02-12,27,110.0247416,1.169881574
2020-02-12,28,1008.773313,10.75005926
2020-02-12,3,486.6830964,5.844377558
2020-02-12,31,683.7756844,7.906945318
2020-02-12,33,134.2148638,3.034056294
2020-02-12,35,124.6310032,2.046829701
2020-02-12,36,288.1715655,3.214708016
2020-02-12,38,810.7564123,8.810312538
2020-02-12,39,102.5485373,1.102163933
2020-02-12,41,457.2751473,5.70010551
2020-02-12,42,86.11892021,1.360406515
2020-02-12,44,993.349619,10.47331289
2020-02-12,45,574.365797,6.079884372
2020-02-12,46,358.8963294,4.173413667
2020-02-12,49,299.9419439,3.769142688
2020-02-12,5,1043.02293,10.79117412
2020-02-12,51,1129.295314,13.75331113
2020-02-12,52,587.9195322,6.720803217
2020-02-12,55,458.5855715,5.059909644
2020-02-12,57,351.118417,3.865714128
2020-02-12,59,1086.064889,12.21509016
2020-02-12,61,100.1279129,1.269700462
2020-02-12,63,578.8158901,6.293850023
2020-02-12,64,141.6980791,1.723307713
2020-02-12,66,773.5374276,9.379126304
2020-02-12,68,1734.63786,19.36990544
2020-02-12,69,623.1678452,7.862465568
2020-02-12,71,349.377869,4.096692016
2020-02-12,72,305.6681994,3.83560966
2020-02-12,73,573.512274,6.234008256
2020-02-12,74,306.908085,3.377407376
2020-02-12,75,367.3544335,4.105594282
2020-02-12,77,452.4531021,4.726883862
2020-02-12,8,367.9544145,5.064503651
2020-02-12,80,368.1068214,4.42639309
2020-02-12,81,375.2042392,4.058963311
2020-02-12,83,114.4588322,1.576221677
2020-02-12,84,394.5181601,4.506346417
2020-02-12,88,809.1633033,9.347469591
2020-02-12,89,913.6859511,11.36819932
2020-02-12,90,359.307227,4.085330976
2020-02-12,92,649.6960586,7.932284551
2020-02-12,93,313.7690928,3.369380371
2020-02-12,95,294.4416193,3.99173843
2020-02-12,96,1056.7634,11.23579139
2020-02-12,97,333.9291123,4.61177951
2020-02-12,98,629.9566985,7.012804353
2020-02-13,10,1338.73683,15.08974498
2020-02-13,103,488.209322,5.309840524
2020-02-13,105,1098.295001,11.15734615
2020-02-13,108,379.2009398,4.637904854
2020-02-13,11,884.2516937,10.26359749
2020-02-13,110,1342.070847,15.08974498
2020-02-13,111,892.7779941,10.26359749
2020-02-13,115,487.174017,6.165723573
2020-02-13,118,333.5286233,4.311566473
2020-02-13,119,266.0810729,3.743181178
2020-02-13,120,692.9744825,7.996636323
2020-02-13,122,271.4631618,3.246018368
2020-02-13,123,136.8645031,2.018551739
2020-02-13,125,1024.704116,11.42874565
2020-02-13,126,582.2233566,6.371801699
2020-02-13,127,111.2244736,1.699059344
2020-02-13,128,1035.31765,12.16891343
2020-02-13,131,703.8742813,8.331067612
2020-02-13,133,132.8201117,1.400038937
2020-02-13,135,126.8393938,1.417077364
2020-02-13,136,295.2341034,3.405702387
2020-02-13,138,808.9342162,9.751896555
2020-02-13,139,105.6063593,2.189815067
2020-02-13,141,452.2143805,5.253548609
2020-02-13,142,87.38697543,1.604192156
2020-02-13,144,1038.445209,10.72836487
2020-02-13,145,572.6405923,6.046531175
2020-02-13,146,350.7244099,4.650450624
2020-02-13,149,305.4825293,3.7933583
2020-02-13,15,491.7235646,6.165723573
2020-02-13,151,1126.946908,12.74402333
2020-02-13,152,594.1488422,6.966308766
2020-02-13,155,462.7528136,5.788579263
2020-02-13,157,360.4322277,4.331715913
2020-02-13,159,1092.274406,12.69224333
2020-02-13,161,101.9119141,1.953945207
2020-02-13,163,575.6408458,6.140147781
2020-02-13,164,143.7815966,1.546414904
2020-02-13,166,769.4521559,8.823653003
2020-02-13,168,1736.778678,18.66303922
2020-02-13,169,625.6827875,7.119089839
2020-02-13,171,344.9095456,4.095403011
2020-02-13,172,306.0298449,3.664287524
2020-02-13,173,576.5547873,6.651472339
2020-02-13,174,313.0338449,4.225431949
2020-02-13,175,359.2860194,3.940346276
2020-02-13,177,467.3884855,5.689316595
2020-02-13,18,327.3229635,4.311566473
2020-02-13,180,371.7918356,4.035057421
2020-02-13,181,378.6780779,5.01971587
2020-02-13,183,115.5192605,1.460331009
2020-02-13,184,397.9445143,4.332319702
2020-02-13,188,815.7432523,9.849097795
2020-02-13,189,939.2832584,9.926099911
2020-02-13,19,266.5428023,3.743181178
2020-02-13,190,365.3212215,4.080712716
2020-02-13,192,649.7755612,7.330645241
2020-02-13,193,323.1313979,3.481500182
2020-02-13,195,300.4621427,3.461113299
2020-02-13,196,1111.872628,11.86266016
2020-02-13,197,328.3188501,3.482216663
2020-02-13,198,614.2092823,7.494493261
2020-02-13,20,687.3755418,7.996636323
2020-02-13,22,271.6083139,3.246018368
2020-02-13,23,136.7313848,2.018551739
2020-02-13,25,1027.850078,11.42874565
2020-02-13,26,582.6649857,6.371801699
2020-02-13,27,110.3376737,1.699059344
2020-02-13,28,1021.71873,12.16891343
2020-02-13,3,492.1276885,5.309840524
2020-02-13,31,694.5398379,8.331067612
2020-02-13,33,134.4960917,1.400038937
2020-02-13,35,125.6155239,1.417077364
2020-02-13,36,294.1262888,3.405702387
2020-02-13,38,805.6483211,9.751896555
2020-02-13,39,104.3723029,2.189815067
2020-02-13,41,458.6618686,5.253548609
2020-02-13,42,86.885438,1.604192156
2020-02-13,44,1021.119577,10.72836487
2020-02-13,45,576.1162392,6.046531175
2020-02-13,46,360.1917458,4.650450624
2020-02-13,49,299.6914239,3.7933583
2020-02-13,5,1084.306354,11.15734615
2020-02-13,51,1129.252309,12.74402333
2020-02-13,52,600.1276612,6.966308766
2020-02-13,55,468.8423819,5.788579263
2020-02-13,57,356.6118394,4.331715913
2020-02-13,59,1081.580197,12.69224333
2020-02-13,61,101.0845161,1.953945207
2020-02-13,63,593.3424,6.140147781
2020-02-13,64,142.2177225,1.546414904
2020-02-13,66,775.1914357,8.823653003
2020-02-13,68,1737.296124,18.66303922
2020-02-13,69,625.7259725,7.119089839
2020-02-13,71,349.0980817,4.095403011
2020-02-13,72,306.6069294,3.664287524
2020-02-13,73,574.6776944,6.651472339
2020-02-13,74,311.9812825,4.225431949
2020-02-13,75,366.1681557,3.940346276
2020-02-13,77,466.6226305,5.689316595
2020-02-13,8,376.1224826,4.637904854
2020-02-13,80,377.5518569,4.035057421
2020-02-13,81,384.6472249,5.01971587
2020-02-13,83,113.3216858,1.460331009
2020-02-13,84,398.3662558,4.332319702
2020-02-13,88,809.6599774,9.849097795
2020-02-13,89,929.9403259,9.926099911
2020-02-13,90,366.4348558,4.080712716
2020-02-13,92,652.8271787,7.330645241
2020-02-13,93,320.3113247,3.481500182
2020-02-13,95,297.57822,3.461113299
2020-02-13,96,1101.283449,11.86266016
2020-02-13,97,337.9858541,3.482216663
2020-02-13,98,618.6491635,7.494493261
2020-02-14,10,1327.268177,16.32782477
2020-02-14,103,481.631856,5.78597018
2020-02-14,105,1074.912961,10.89125533
2020-02-14,108,368.4046943,5.467619953
2020-02-14,11,884.4900296,9.953982765
2020-02-14,110,1332.105119,16.32782477
2020-02-14,111,879.3508652,9.953982765
2020-02-14,115,504.9333934,6.176647736
2020-02-14,118,326.969533,4.076483186
2020-02-14,119,272.3179499,2.886704902
2020-02-14,120,685.0509426,8.072746892
2020-02-14,122,269.8119599,3.833397423
2020-02-14,123,136.7046073,1.699766696
2020-02-14,125,1022.497093,12.86077393
2020-02-14,126,585.0352562,6.13369293
2020-02-14,127,113.3701164,1.284486562
2020-02-14,128,1036.136651,11.78191865
2020-02-14,131,693.2926826,8.488484611
2020-02-14,133,132.9248026,1.803123444
2020-02-14,135,123.8550973,2.049092331
2020-02-14,136,289.9962562,4.028445569
2020-02-14,138,815.4088758,9.068643892
2020-02-14,139,104.7762652,1.565982048
2020-02-14,141,454.787005,5.693056416
2020-02-14,142,87.90653902,1.728136217
2020-02-14,144,1019.162576,10.89920194
2020-02-14,145,568.3692825,6.876283749
2020-02-14,146,360.3397869,4.337687845
2020-02-14,149,297.6858275,4.089854624
2020-02-14,15,501.1237974,6.176647736
2020-02-14,151,1115.703647,14.49869384
2020-02-14,152,582.6806475,6.266645931
2020-02-14,155,468.9415549,4.774124388
2020-02-14,157,353.7477521,4.322857421
2020-02-14,159,1092.01978,12.29512466
2020-02-14,161,98.74367007,1.222489457
2020-02-14,163,596.7734716,7.437156683
2020-02-14,164,144.1465239,1.734654796
2020-02-14,166,768.7742181,10.42026103
2020-02-14,168,1733.012859,18.68806369
2020-02-14,169,623.2992687,7.706135818
2020-02-14,171,347.9245997,3.88921537
2020-02-14,172,305.1981368,3.223863523
2020-02-14,173,575.9428896,6.787624289
2020-02-14,174,312.4170064,4.247863003
2020-02-14,175,366.2311858,4.95982953
2020-02-14,177,471.493287,6.021010743
2020-02-14,18,328.2420373,4.076483186
2020-02-14,180,380.7136105,5.560070919
2020-02-14,181,387.2826763,4.495097038
2020-02-14,183,115.6625384,1.200334063
2020-02-14,184,401.5976612,4.253308271
2020-02-14,188,807.5398937,10.54135501
2020-02-14,189,906.8494775,11.14405398
2020-02-14,19,269.8293401,2.886704902
2020-02-14,190,355.8273351,4.342288528
2020-02-14,192,661.596168,8.041832607
2020-02-14,193,322.7444071,3.767521236
2020-02-14,195,305.5216759,3.458523
2020-02-14,196,1110.328529,12.20567685
2020-02-14,197,335.6652351,3.597584628
2020-02-14,198,603.9377125,7.925292106
2020-02-14,20,687.1291516,8.072746892
2020-02-14,22,271.6935982,3.833397423
2020-02-14,23,138.3920709,1.699766696
2020-02-14,25,1025.470136,12.86077393
2020-02-14,26,584.6530003,6.13369293
2020-02-14,27,110.4336068,1.284486562
2020-02-14,28,1025.00144,11.78191865
2020-02-14,3,490.0735589,5.78597018
2020-02-14,31,690.1081975,8.488484611
2020-02-14,33,134.5485034,1.803123444
2020-02-14,35,125.7550048,2.049092331
2020-02-14,36,295.4744279,4.028445569
2020-02-14,38,810.1253088,9.068643892
2020-02-14,39,102.5444722,1.565982048
2020-02-14,41,462.0368884,5.693056416
2020-02-14,42,87.05794589,1.728136217
2020-02-14,44,1020.294888,10.89920194
2020-02-14,45,582.4711281,6.876283749
2020-02-14,46,356.3444284,4.337687845
2020-02-14,49,300.0137424,4.089854624
2020-02-14,5,1079.884855,10.89125533
2020-02-14,51,1132.316847,14.49869384
2020-02-14,52,594.2304623,6.266645931
2020-02-14,55,466.5600387,4.774124388
2020-02-14,57,359.6797606,4.322857421
2020-02-14,59,1080.383528,12.29512466
2020-02-14,61,100.5500839,1.222489457
2020-02-14,63,597.4326709,7.437156683
2020-02-14,64,144.4971782,1.734654796
2020-02-14,66,774.4818452,10.42026103
2020-02-14,68,1711.627451,18.68806369
2020-02-14,69,619.4574877,7.706135818
2020-02-14,71,349.3076033,3.88921537
2020-02-14,72,303.6203513,3.223863523
2020-02-14,73,576.4469626,6.787624289
2020-02-14,74,314.1457339,4.247863003
2020-02-14,75,367.5473074,4.95982953
2020-02-14,77,465.041736,6.021010743
2020-02-14,8,372.9224441,5.467619953
2020-02-14,80,384.2367251,5.560070919
2020-02-14,81,387.2365693,4.495097038
2020-02-14,83,115.8227905,1.200334063
2020-02-14,84,397.840054,4.253308271
2020-02-14,88,804.3534754,10.54135501
2020-02-14,89,923.4141574,11.14405398
2020-02-14,90,361.4765613,4.342288528
2020-02-14,92,661.3495627,8.041832607
2020-02-14,93,317.8958116,3.767521236
2020-02-14,95,301.9355819,3.458523
2020-02-14,96,1110.082972,12.20567685
2020-02-14,97,329.8257744,3.597584628
2020-02-14,98,608.8232163,7.925292106
2020-02-15,10,1331.532262,16.24160935
2020-02-15,103,493.6353651,6.302702678
2020-02-15,105,1040.966959,10.81583753
2020-02-15,108,371.1810677,4.799228221
2020-02-15,11,881.0180128,10.17952323
2020-02-15,110,1337.698474,16.24160935
2020-02-15,111,884.3887509,10.17952323
2020-02-15,115,484.8629823,5.264215462
2020-02-15,118,325.4079304,4.269877929
2020-02-15,119,274.7653453,4.940405898
2020-02-15,120,685.2196429,8.061766817
2020-02-15,122,263.8023415,4.142112027
2020-02-15,123,135.597995,1.455670174
2020-02-15,125,1008.844247,12.81624785
2020-02-15,126,584.4375107,6.400130963
2020-02-15,127,109.2745528,1.362484167
2020-02-15,128,1007.355879,10.75740457
2020-02-15,131,686.5607286,8.17847003
2020-02-15,133,132.2745099,1.42220282
2020-02-15,135,123.2572776,1.864420878
2020-02-15,136,292.6277259,3.491580637
2020-02-15,138,789.0966333,9.757975685
2020-02-15,139,99.82781726,1.311728927
2020-02-15,141,459.4401628,5.68811586
2020-02-15,142,88.34711361,1.011591157
2020-02-15,144,989.8924734,10.41614834
2020-02-15,145,588.0454418,6.727630212
2020-02-15,146,350.9139969,3.681991648
2020-02-15,149,296.8558146,4.064915094
2020-02-15,15,487.3443765,5.264215462
2020-02-15,151,1126.773021,13.50941873
2020-02-15,152,572.985291,6.439157246
2020-02-15,155,478.0012095,5.881406887
2020-02-15,157,361.4026079,4.217813507
2020-02-15,159,1071.399224,12.13487775
2020-02-15,161,98.98192607,1.365630725
2020-02-15,163,594.4934395,6.685736615
2020-02-15,164,138.9742043,2.033174257
2020-02-15,166,774.5005842,9.179797119
2020-02-15,168,1706.973982,18.35604073
2020-02-15,169,617.4283953,7.574965146
2020-02-15,171,354.4050873,3.692933482
2020-02-15,172,304.8974989,3.538334712
2020-02-15,173,576.055983,6.386053899
2020-02-15,174,318.0208396,3.579199203
2020-02-15,175,368.6397247,5.473405749
2020-02-15,177,463.6257109,5.36526786
2020-02-15,18,325.9818588,4.269877929
2020-02-15,180,381.7832222,3.877753132
2020-02-15,181,386.7998016,4.215326748
2020-02-15,183,110.7168704,1.323532388
2020-02-15,184,402.6136687,4.756044562
2020-02-15,188,792.3617093,8.912071468
2020-02-15,189,922.7821541,10.94571093
2020-02-15,19,270.6093246,4.940405898
2020-02-15,190,358.4903647,4.987566333
2020-02-15,192,656.3899224,7.306291932
2020-02-15,193,321.7824764,3.790772605
2020-02-15,195,298.1756888,3.771868738
2020-02-15,196,1075.380674,11.15321027
2020-02-15,197,322.4060031,3.756995498
2020-02-15,198,602.5188517,6.262864152
2020-02-15,20,680.9449164,8.061766817
2020-02-15,22,266.9940661,4.142112027
2020-02-15,23,132.1447038,1.455670174
2020-02-15,25,1010.359253,12.81624785
2020-02-15,26,576.3705034,6.400130963
2020-02-15,27,108.5397839,1.362484167
2020-02-15,28,1017.878891,10.75740457
2020-02-15,3,490.6657019,6.302702678
2020-02-15,31,684.4927909,8.17847003
2020-02-15,33,132.7993218,1.42220282
2020-02-15,35,125.1549254,1.864420878
2020-02-15,36,289.7330371,3.491580637
2020-02-15,38,799.6003612,9.757975685
2020-02-15,39,100.2246845,1.311728927
2020-02-15,41,463.7310112,5.68811586
2020-02-15,42,87.29222619,1.011591157
2020-02-15,44,1002.788367,10.41614834
2020-02-15,45,578.7542469,6.727630212
2020-02-15,46,348.2243433,3.681991648
2020-02-15,49,299.1526446,4.064915094
2020-02-15,5,1060.569188,10.81583753
2020-02-15,51,1112.76208,13.50941873
2020-02-15,52,578.7788516,6.439157246
2020-02-15,55,465.7042643,5.881406887
2020-02-15,57,353.4621005,4.217813507
2020-02-15,59,1062.783546,12.13487775
2020-02-15,61,98.36698885,1.365630725
2020-02-15,63,596.4101219,6.685736615
2020-02-15,64,137.8167143,2.033174257
2020-02-15,66,769.448295,9.179797119
2020-02-15,68,1692.348065,18.35604073
2020-02-15,69,617.1646038,7.574965146
2020-02-15,71,351.8941163,3.692933482
2020-02-15,72,302.353477,3.538334712
2020-02-15,73,580.2379083,6.386053899
2020-02-15,74,314.939712,3.579199203
2020-02-15,75,367.9929488,5.473405749
2020-02-15,77,466.7028397,5.36526786
2020-02-15,8,367.8264007,4.799228221
2020-02-15,80,381.9729678,3.877753132
2020-02-15,81,384.2885385,4.215326748
2020-02-15,83,110.6003524,1.323532388
2020-02-15,84,398.5641839,4.756044562
2020-02-15,88,785.9565561,8.912071468
2020-02-15,89,922.4769186,10.94571093
2020-02-15,90,358.7873225,4.987566333
2020-02-15,92,652.7259506,7.306291932
2020-02-15,93,319.082471,3.790772605
2020-02-15,95,298.7798352,3.771868738
2020-02-15,96,1087.406549,11.15321027
2020-02-15,97,326.5994497,3.756995498
2020-02-15,98,601.8367679,6.262864152
2020-02-16,10,1337.888519,17.22200363
2020-02-16,103,478.959603,5.077493704
2020-02-16,105,1043.186084,11.16569104
2020-02-16,108,358.0151838,4.053690948
2020-02-16,11,873.9105609,10.2219604
2020-02-16,110,1339.455443,17.22200363
2020-02-16,111,875.3574283,10.2219604
2020-02-16,115,476.4358246,5.867147433
2020-02-16,118,325.2068589,3.927280884
2020-02-16,119,268.1171445,2.845006851
2020-02-16,120,681.0620111,9.202214077
2020-02-16,122,267.5153112,3.06821596
2020-02-16,123,134.1878095,1.523875241
2020-02-16,125,1013.383297,11.35507334
2020-02-16,126,570.2434207,6.450312538
2020-02-16,127,106.3001873,1.18408346
2020-02-16,128,999.4306332,11.67648879
2020-02-16,131,672.4668725,7.737843909
2020-02-16,133,132.5869047,1.536056308
2020-02-16,135,124.0646843,1.329217975
2020-02-16,136,285.0248631,3.147668434
2020-02-16,138,798.4790653,8.819186799
2020-02-16,139,96.74669178,2.099775132
2020-02-16,141,451.7063022,5.220672799
2020-02-16,142,85.78146832,0.9530761241
2020-02-16,144,1010.740164,10.71894708
2020-02-16,145,569.8168763,6.344147476
2020-02-16,146,345.881499,3.631834755
2020-02-16,149,295.983255,3.074665269
2020-02-16,15,486.4984889,5.867147433
2020-02-16,151,1104.045,12.22933939
2020-02-16,152,584.856131,6.024356791
2020-02-16,155,466.3974879,5.340515609
2020-02-16,157,338.2464564,6.237198605
2020-02-16,159,1056.467105,11.45789926
2020-02-16,161,96.70048094,1.547384772
2020-02-16,163,599.001922,6.940393295
2020-02-16,164,135.1948197,1.743011505
2020-02-16,166,748.4001161,8.844480328
2020-02-16,168,1667.348519,17.52213786
2020-02-16,169,600.4586332,7.266415504
2020-02-16,171,345.3314934,4.036961206
2020-02-16,172,303.7605327,3.785987379
2020-02-16,173,572.5288195,6.743107933
2020-02-16,174,306.2743799,3.449390982
2020-02-16,175,370.8291081,4.260115674
2020-02-16,177,455.941612,5.440908338
2020-02-16,18,326.8987046,3.927280884
2020-02-16,180,376.4274935,4.307899315
2020-02-16,181,383.6668397,4.658681815
2020-02-16,183,109.5010421,1.278319687
2020-02-16,184,388.4422502,4.855616928
2020-02-16,188,772.827859,8.973192401
2020-02-16,189,927.5350886,11.42873359
2020-02-16,19,269.8590341,2.845006851
2020-02-16,190,362.9390664,5.212714866
2020-02-16,192,647.2789263,8.357616501
2020-02-16,193,314.2359203,3.321219273
2020-02-16,195,303.5603915,4.287333848
2020-02-16,196,1096.363325,11.61790292
2020-02-16,197,319.0725756,3.668741123
2020-02-16,198,589.4101769,7.499290383
2020-02-16,20,678.0779219,9.202214077
2020-02-16,22,267.7788031,3.06821596
2020-02-16,23,133.6068086,1.523875241
2020-02-16,25,996.2903538,11.35507334
2020-02-16,26,574.2358652,6.450312538
2020-02-16,27,106.8372424,1.18408346
2020-02-16,28,1012.651937,11.67648879
2020-02-16,3,483.6446497,5.077493704
2020-02-16,31,683.0882264,7.737843909
2020-02-16,33,133.4956398,1.536056308
2020-02-16,35,124.1156215,1.329217975
2020-02-16,36,289.1560246,3.147668434
2020-02-16,38,801.4170113,8.819186799
2020-02-16,39,95.83900661,2.099775132
2020-02-16,41,450.410851,5.220672799
2020-02-16,42,85.63329529,0.9530761241
2020-02-16,44,1004.355348,10.71894708
2020-02-16,45,581.6062131,6.344147476
2020-02-16,46,345.772846,3.631834755
2020-02-16,49,293.8644706,3.074665269
2020-02-16,5,1047.021369,11.16569104
2020-02-16,51,1098.924712,12.22933939
2020-02-16,52,575.6799561,6.024356791
2020-02-16,55,458.4387751,5.340515609
2020-02-16,57,346.8229127,6.237198605
2020-02-16,59,1055.273295,11.45789926
2020-02-16,61,98.81800898,1.547384772
2020-02-16,63,598.9947491,6.940393295
2020-02-16,64,134.3648484,1.743011505
2020-02-16,66,753.5601476,8.844480328
2020-02-16,68,1653.795342,17.52213786
2020-02-16,69,602.0001898,7.266415504
2020-02-16,71,344.5450906,4.036961206
2020-02-16,72,306.5474674,3.785987379
2020-02-16,73,574.7835151,6.743107933
2020-02-16,74,308.9488024,3.449390982
2020-02-16,75,363.041032,4.260115674
2020-02-16,77,457.2541578,5.440908338
2020-02-16,8,363.921492,4.053690948
2020-02-16,80,375.1902932,4.307899315
2020-02-16,81,377.2539468,4.658681815
2020-02-16,83,108.8935748,1.278319687
2020-02-16,84,391.3900235,4.855616928
2020-02-16,88,775.75443,8.973192401
2020-02-16,89,923.4129133,11.42873359
2020-02-16,90,360.4971329,5.212714866
2020-02-16,92,649.1926593,8.357616501
2020-02-16,93,313.3000589,3.321219273
2020-02-16,95,297.8223468,4.287333848
2020-02-16,96,1088.888471,11.61790292
2020-02-16,97,326.7638452,3.668741123
2020-02-16,98,590.2839006,7.499290383
2020-02-17,10,1321.20394,14.36220303
2020-02-17,103,479.9996346,5.708423496
2020-02-17,105,1080.607391,11.0672867
2020-02-17,108,358.1933236,4.823119246
2020-02-17,11,880.876543,10.13980121
2020-02-17,110,1332.946029,14.36220303
2020-02-17,111,901.8701868,10.13980121
2020-02-17,115,493.0592535,5.747041633
2020-02-17,118,323.2479012,3.94617029
2020-02-17,119,269.9786122,4.387467106
2020-02-17,120,685.2783873,7.439207534
2020-02-17,122,262.8076432,4.961149265
2020-02-17,123,138.9998721,1.87741399
2020-02-17,125,976.0819198,11.90348991
2020-02-17,126,560.2927555,5.838719756
2020-02-17,127,105.8191107,1.579783012
2020-02-17,128,1001.433868,11.6791116
2020-02-17,131,672.9789789,8.343979635
2020-02-17,133,137.5531356,1.388863715
2020-02-17,135,123.3093441,1.440086306
2020-02-17,136,286.2027415,3.973029024
2020-02-17,138,797.8830717,10.25665407
2020-02-17,139,95.14937099,1.377203417
2020-02-17,141,445.7234335,6.016675798
2020-02-17,142,85.09785014,1.603181728
2020-02-17,144,990.1997103,10.70088297
2020-02-17,145,590.6093566,7.1155438
2020-02-17,146,346.3387135,4.315997344
2020-02-17,149,293.7134469,3.734484476
2020-02-17,15,490.5443228,5.747041633
2020-02-17,151,1106.558318,13.42935012
2020-02-17,152,564.9205382,6.199000468
2020-02-17,155,466.528621,6.007590231
2020-02-17,157,350.2153844,4.633495714
2020-02-17,159,1039.278545,12.12392485
2020-02-17,161,99.07176469,1.495316563
2020-02-17,163,595.8148122,6.350826053
2020-02-17,164,129.9941495,1.771520585
2020-02-17,166,751.8233063,9.349666363
2020-02-17,168,1625.265511,18.63602202
2020-02-17,169,606.5954439,6.462753489
2020-02-17,171,347.1744208,4.085229432
2020-02-17,172,302.0569505,3.839451112
2020-02-17,173,584.3506905,6.019610575
2020-02-17,174,304.6913903,4.093680653
2020-02-17,175,368.8008646,4.135945923
2020-02-17,177,462.8135514,5.251409662
2020-02-17,18,323.8999173,3.94617029
2020-02-17,180,378.3506902,5.065756522
2020-02-17,181,373.9207104,4.974049385
2020-02-17,183,106.0224071,1.464899655
2020-02-17,184,399.6907756,4.933740277
2020-02-17,188,772.1462263,8.783439956
2020-02-17,189,912.0483545,11.21324326
2020-02-17,19,270.1402952,4.387467106
2020-02-17,190,357.9097194,5.101988604
2020-02-17,192,641.8529317,7.282224475
2020-02-17,193,317.2589183,3.295171669
2020-02-17,195,296.5933053,3.282621489
2020-02-17,196,1101.571846,11.40534775
2020-02-17,197,342.6255831,3.975111496
2020-02-17,198,583.0846835,6.474285742
2020-02-17,20,684.3045577,7.439207534
2020-02-17,22,262.6554878,4.961149265
2020-02-17,23,139.4419869,1.87741399
2020-02-17,25,990.0252502,11.90348991
2020-02-17,26,573.1675007,5.838719756
2020-02-17,27,104.1779596,1.579783012
2020-02-17,28,1017.502947,11.6791116
2020-02-17,3,478.3540208,5.708423496
2020-02-17,31,678.1930482,8.343979635
2020-02-17,33,134.5420925,1.388863715
2020-02-17,35,125.9454514,1.440086306
2020-02-17,36,284.4569472,3.973029024
2020-02-17,38,803.8858609,10.25665407
2020-02-17,39,96.17353091,1.377203417
2020-02-17,41,449.0429885,6.016675798
2020-02-17,42,83.93894459,1.603181728
2020-02-17,44,1004.347121,10.70088297
2020-02-17,45,597.4862431,7.1155438
2020-02-17,46,347.4450764,4.315997344
2020-02-17,49,295.7548614,3.734484476
2020-02-17,5,1052.741319,11.0672867
2020-02-17,51,1103.501487,13.42935012
2020-02-17,52,575.1028177,6.199000468
2020-02-17,55,461.3980233,6.007590231
2020-02-17,57,349.8478114,4.633495714
2020-02-17,59,1050.686487,12.12392485
2020-02-17,61,100.8483734,1.495316563
2020-02-17,63,598.6982545,6.350826053
2020-02-17,64,130.7411319,1.771520585
2020-02-17,66,742.8170399,9.349666363
2020-02-17,68,1625.146881,18.63602202
2020-02-17,69,601.082262,6.462753489
2020-02-17,71,346.078677,4.085229432
2020-02-17,72,301.3092722,3.839451112
2020-02-17,73,586.3016573,6.019610575
2020-02-17,74,304.4367032,4.093680653
2020-02-17,75,366.129715,4.135945923
2020-02-17,77,462.7179064,5.251409662
2020-02-17,8,364.8313747,4.823119246
2020-02-17,80,381.2802601,5.065756522
2020-02-17,81,378.4290245,4.974049385
2020-02-17,83,108.4122624,1.464899655
2020-02-17,84,399.9067334,4.933740277
2020-02-17,88,773.0465599,8.783439956
2020-02-17,89,921.8956058,11.21324326
2020-02-17,90,360.7281969,5.101988604
2020-02-17,92,652.5010016,7.282224475
2020-02-17,93,312.093201,3.295171669
2020-02-17,95,296.8846578,3.282621489
2020-02-17,96,1096.735663,11.40534775
2020-02-17,97,337.5268237,3.975111496
2020-02-17,98,587.9432986,6.474285742
2020-02-18,10,1330.820672,14.24202171
2020-02-18,103,482.3075746,5.838134386
2020-02-18,105,1104.676429,11.15652859
2020-02-18,108,371.243927,4.239899047
2020-02-18,11,891.9925879,11.50964028
2020-02-18,110,1324.190803,14.24202171
2020-02-18,111,884.3524063,11.50964028
2020-02-18,115,476.8080859,5.715599109
2020-02-18,118,324.7213026,3.774998449
2020-02-18,119,271.5422927,3.30502878
2020-02-18,120,689.344484,8.949462958
2020-02-18,122,258.4074303,3.703458772
2020-02-18,123,143.5238478,1.464204543
2020-02-18,125,996.7071035,11.12938985
2020-02-18,126,568.5750117,6.949810637
2020-02-18,127,106.1045146,1.081822804
2020-02-18,128,1032.721299,12.88909959
2020-02-18,131,690.2744233,7.795646527
2020-02-18,133,135.2856679,1.580966139
2020-02-18,135,130.1427964,1.74519463
2020-02-18,136,282.4316567,4.146946504
2020-02-18,138,799.5988478,9.147343004
2020-02-18,139,98.74682552,1.448727375
2020-02-18,141,446.9360348,5.556384455
2020-02-18,142,85.45311132,1.151593056
2020-02-18,144,1010.084554,10.99404835
2020-02-18,145,590.8970967,7.620918941
2020-02-18,146,347.3587176,3.877414309
2020-02-18,149,295.9936742,3.931361292
2020-02-18,15,484.7185226,5.715599109
2020-02-18,151,1094.376332,14.0058129
2020-02-18,152,580.6326993,5.951560486
2020-02-18,155,474.2207227,5.064406848
2020-02-18,157,356.3938255,4.33168862
2020-02-18,159,1069.821885,11.68242756
2020-02-18,161,99.68153614,1.291036097
2020-02-18,163,612.0628111,6.476992873
2020-02-18,164,139.3078967,1.764351881
2020-02-18,166,749.04424,8.564670339
2020-02-18,168,1656.362462,18.76249539
2020-02-18,169,596.019195,7.682604401
2020-02-18,171,350.0279622,3.757865126
2020-02-18,172,301.6688772,4.437671811
2020-02-18,173,601.4238683,6.383835618
2020-02-18,174,303.7076336,3.635645681
2020-02-18,175,364.5245104,4.84803648
2020-02-18,177,462.9438594,5.305109933
2020-02-18,18,325.1904067,3.774998449
2020-02-18,180,385.0491923,4.825353431
2020-02-18,181,379.0369845,4.607150647
2020-02-18,183,107.7273538,1.34058155
2020-02-18,184,396.3035185,4.130802493
2020-02-18,188,786.4183976,9.019584069
2020-02-18,189,928.4681554,11.58859422
2020-02-18,19,277.1195164,3.30502878
2020-02-18,190,359.409774,4.563980284
2020-02-18,192,654.0218953,8.593872243
2020-02-18,193,315.6035765,3.471726655
2020-02-18,195,299.1375821,3.394348928
2020-02-18,196,1134.083566,11.75041446
2020-02-18,197,344.0773151,3.500269101
2020-02-18,198,602.310938,6.174917119
2020-02-18,20,695.3063755,8.949462958
2020-02-18,22,259.5906541,3.703458772
2020-02-18,23,142.8146183,1.464204543
2020-02-18,25,995.6749888,11.12938985
2020-02-18,26,582.3587263,6.949810637
2020-02-18,27,107.0920771,1.081822804
2020-02-18,28,1028.062678,12.88909959
2020-02-18,3,483.4950605,5.838134386
2020-02-18,31,687.1471106,7.795646527
2020-02-18,33,134.8071084,1.580966139
2020-02-18,35,130.412824,1.74519463
2020-02-18,36,287.5120105,4.146946504
2020-02-18,38,795.9559961,9.147343004
2020-02-18,39,97.28600344,1.448727375
2020-02-18,41,452.9514156,5.556384455
2020-02-18,42,85.6030989,1.151593056
2020-02-18,44,1008.806007,10.99404835
2020-02-18,45,595.8693347,7.620918941
2020-02-18,46,345.9490145,3.877414309
2020-02-18,49,299.1472687,3.931361292
2020-02-18,5,1074.391585,11.15652859
2020-02-18,51,1101.474115,14.0058129
2020-02-18,52,574.0898926,5.951560486
2020-02-18,55,471.8061106,5.064406848
2020-02-18,57,354.5250975,4.33168862
2020-02-18,59,1068.209155,11.68242756
2020-02-18,61,100.3144618,1.291036097
2020-02-18,63,609.6364189,6.476992873
2020-02-18,64,134.8501523,1.764351881
2020-02-18,66,751.2256471,8.564670339
2020-02-18,68,1651.221339,18.76249539
2020-02-18,69,607.0159775,7.682604401
2020-02-18,71,348.0838037,3.757865126
2020-02-18,72,305.5326956,4.437671811
2020-02-18,73,588.186542,6.383835618
2020-02-18,74,306.8100862,3.635645681
2020-02-18,75,367.2340773,4.84803648
2020-02-18,77,460.2484167,5.305109933
2020-02-18,8,372.4737848,4.239899047
2020-02-18,80,385.4710761,4.825353431
2020-02-18,81,382.5813143,4.607150647
2020-02-18,83,107.4376609,1.34058155
2020-02-18,84,398.4488305,4.130802493
2020-02-18,88,785.9043469,9.019584069
2020-02-18,89,926.3531718,11.58859422
2020-02-18,90,359.9473141,4.563980284
2020-02-18,92,655.6951621,8.593872243
2020-02-18,93,306.4959001,3.471726655
2020-02-18,95,302.6146351,3.394348928
2020-02-18,96,1118.014678,11.75041446
2020-02-18,97,344.9390653,3.500269101
2020-02-18,98,594.2615419,6.174917119
2020-02-19,10,1332.474247,16.54390114
2020-02-19,103,483.3132794,5.496454679
2020-02-19,105,1051.636223,11.29362084
2020-02-19,108,372.1295656,5.004119589
2020-02-19,11,895.175003,10.95637337
2020-02-19,110,1346.19354,16.54390114
2020-02-19,111,879.8790907,10.95637337
2020-02-19,115,495.128747,6.140271845
2020-02-19,118,325.8594901,4.241508855
2020-02-19,119,283.4473124,3.451219406
2020-02-19,120,687.653514,9.129283143
2020-02-19,122,260.061059,3.242467172
2020-02-19,123,142.9724552,1.432742815
2020-02-19,125,997.9276532,10.88804807
2020-02-19,126,592.3159835,6.168607148
2020-02-19,127,108.5222042,1.239675355
2020-02-19,128,1020.294205,12.85766115
2020-02-19,131,704.7155806,8.587469756
2020-02-19,133,132.0884413,1.466862174
2020-02-19,135,122.2572456,1.639942781
2020-02-19,136,285.4657805,3.476713988
2020-02-19,138,792.5997574,8.727506399
2020-02-19,139,95.1346427,1.05997746
2020-02-19,141,449.5685156,5.748132246
2020-02-19,142,88.02150553,0.9803739379
2020-02-19,144,1002.699011,10.96493284
2020-02-19,145,591.8779611,7.491117684
2020-02-19,146,334.3234583,4.384886397
2020-02-19,149,303.5952544,3.338229153
2020-02-19,15,493.9046334,6.140271845
2020-02-19,151,1104.97269,14.49830238
2020-02-19,152,577.6273177,6.217333686
2020-02-19,155,465.8229015,5.170410057
2020-02-19,157,354.7956755,3.998290404
2020-02-19,159,1058.037399,12.08622117
2020-02-19,161,99.63063031,1.330542225
2020-02-19,163,600.1289628,7.249607137
2020-02-19,164,135.5676738,2.149677057
2020-02-19,166,742.6584597,8.980947986
2020-02-19,168,1662.361656,17.21374767
2020-02-19,169,616.7147662,6.259941679
2020-02-19,171,344.4992268,4.35421573
2020-02-19,172,307.349026,3.288886245
2020-02-19,173,590.5414204,6.896527368
2020-02-19,174,304.8758391,4.15172904
2020-02-19,175,366.1555911,3.979409663
2020-02-19,177,470.621206,5.036838965
2020-02-19,18,324.7249922,4.241508855
2020-02-19,180,375.3403906,4.615810243
2020-02-19,181,388.9892708,4.425688585
2020-02-19,183,110.3534318,1.346309552
2020-02-19,184,397.7740009,4.819522124
2020-02-19,188,785.2587893,9.091907088
2020-02-19,189,908.1066789,10.6299769
2020-02-19,19,279.7977759,3.451219406
2020-02-19,190,353.0087342,4.698387927
2020-02-19,192,662.6681512,7.876620504
2020-02-19,193,313.3879711,3.306069446
2020-02-19,195,302.5744623,4.101471278
2020-02-19,196,1102.909134,12.14663849
2020-02-19,197,343.2097737,3.703481406
2020-02-19,198,590.5114782,6.917930048
2020-02-19,20,689.3646152,9.129283143
2020-02-19,22,259.0501211,3.242467172
2020-02-19,23,141.5908913,1.432742815
2020-02-19,25,992.0586611,10.88804807
2020-02-19,26,584.6397749,6.168607148
2020-02-19,27,107.7898447,1.239675355
2020-02-19,28,1019.389482,12.85766115
2020-02-19,3,480.2340735,5.496454679
2020-02-19,31,691.6387806,8.587469756
2020-02-19,33,132.1387143,1.466862174
2020-02-19,35,126.8569095,1.639942781
2020-02-19,36,285.8695439,3.476713988
2020-02-19,38,784.0087532,8.727506399
2020-02-19,39,94.96552059,1.05997746
2020-02-19,41,459.122628,5.748132246
2020-02-19,42,85.25271121,0.9803739379
2020-02-19,44,1013.861991,10.96493284
2020-02-19,45,596.1738729,7.491117684
2020-02-19,46,339.3007808,4.384886397
2020-02-19,49,302.4137941,3.338229153
2020-02-19,5,1075.955461,11.29362084
2020-02-19,51,1114.431471,14.49830238
2020-02-19,52,574.7263563,6.217333686
2020-02-19,55,470.831918,5.170410057
2020-02-19,57,352.5364687,3.998290404
2020-02-19,59,1075.911607,12.08622117
2020-02-19,61,99.55456744,1.330542225
2020-02-19,63,607.6979874,7.249607137
2020-02-19,64,132.8727133,2.149677057
2020-02-19,66,749.6126613,8.980947986
2020-02-19,68,1668.313407,17.21374767
2020-02-19,69,613.0930671,6.259941679
2020-02-19,71,345.6187572,4.35421573
2020-02-19,72,305.1358048,3.288886245
2020-02-19,73,589.6011297,6.896527368
2020-02-19,74,306.8653371,4.15172904
2020-02-19,75,369.0670896,3.979409663
2020-02-19,77,471.0687943,5.036838965
2020-02-19,8,374.8647601,5.004119589
2020-02-19,80,381.1928147,4.615810243
2020-02-19,81,382.722084,4.425688585
2020-02-19,83,108.0187927,1.346309552
2020-02-19,84,398.5731712,4.819522124
2020-02-19,88,789.6782363,9.091907088
2020-02-19,89,919.5008509,10.6299769
2020-02-19,90,357.2520367,4.698387927
2020-02-19,92,657.0738032,7.876620504
2020-02-19,93,308.0622763,3.306069446
2020-02-19,95,303.8303959,4.101471278
2020-02-19,96,1096.624188,12.14663849
2020-02-19,97,343.0827304,3.703481406
2020-02-19,98,592.4907923,6.917930048
2020-02-20,10,1331.815667,16.33908218
2020-02-20,103,485.4682713,5.225351256
2020-02-20,105,1079.207929,11.03607737
2020-02-20,108,379.3577447,4.480821754
2020-02-20,11,896.1173546,10.43049089
2020-02-20,110,1332.923095,16.33908218
2020-02-20,111,901.4054905,10.43049089
2020-02-20,115,499.5096326,6.185904164
2020-02-20,118,341.0349345,4.035461235
2020-02-20,119,280.8681704,3.070472312
2020-02-20,120,699.1874795,8.196697379
2020-02-20,122,265.8111842,3.70866
2020-02-20,123,143.4419947,2.536642306
2020-02-20,125,1006.897366,12.37950133
2020-02-20,126,603.707929,7.53426994
2020-02-20,127,109.1316079,1.840406009
2020-02-20,128,1024.955638,11.21719237
2020-02-20,131,685.3295696,8.523388915
2020-02-20,133,130.6701547,1.500501177
2020-02-20,135,127.7793191,1.269015223
2020-02-20,136,287.9032394,4.240142447
2020-02-20,138,800.6475119,9.13546756
2020-02-20,139,98.71491867,1.886402003
2020-02-20,141,463.9706641,6.470347331
2020-02-20,142,86.10323375,1.261564964
2020-02-20,144,1040.415836,10.53508809
2020-02-20,145,595.3472923,6.812031533
2020-02-20,146,336.1688415,4.138550317
2020-02-20,149,298.9947945,3.886135231
2020-02-20,15,499.8764744,6.185904164
2020-02-20,151,1116.327962,13.60507486
2020-02-20,152,573.797226,6.245713501
2020-02-20,155,487.5711189,5.267720124
2020-02-20,157,366.1857223,4.938692291
2020-02-20,159,1080.62855,11.52585054
2020-02-20,161,98.63884386,1.25525716
2020-02-20,163,622.21463,8.678066577
2020-02-20,164,133.3519065,1.780633321
2020-02-20,166,762.644186,8.653357943
2020-02-20,168,1692.085651,19.06420069
2020-02-20,169,620.412007,7.719778087
2020-02-20,171,355.6076882,4.65927576
2020-02-20,172,306.1157445,3.946501465
2020-02-20,173,588.5941964,7.385045537
2020-02-20,174,313.5224255,4.095534722
2020-02-20,175,364.9416732,4.843898942
2020-02-20,177,478.0886556,5.454042244
2020-02-20,18,335.2903934,4.035461235
2020-02-20,180,380.2713008,4.364772358
2020-02-20,181,391.3277342,4.216530691
2020-02-20,183,101.951428,1.793077251
2020-02-20,184,407.4408257,4.956428787
2020-02-20,188,822.6748894,9.148642511
2020-02-20,189,945.2917496,12.18046749
2020-02-20,19,280.3417404,3.070472312
2020-02-20,190,358.107094,4.938089678
2020-02-20,192,653.8893489,7.061891176
2020-02-20,193,322.6481939,3.366187872
2020-02-20,195,306.0429679,3.30986588
2020-02-20,196,1150.006422,12.98049605
2020-02-20,197,343.5507491,4.812021068
2020-02-20,198,599.7931459,6.842235116
2020-02-20,20,701.6898379,8.196697379
2020-02-20,22,264.4742893,3.70866
2020-02-20,23,142.5585889,2.536642306
2020-02-20,25,1006.107626,12.37950133
2020-02-20,26,597.0052946,7.53426994
2020-02-20,27,111.7004845,1.840406009
2020-02-20,28,1024.014689,11.21719237
2020-02-20,3,489.881172,5.225351256
2020-02-20,31,697.4581095,8.523388915
2020-02-20,33,133.0439596,1.500501177
2020-02-20,35,125.871137,1.269015223
2020-02-20,36,287.7247628,4.240142447
2020-02-20,38,791.4050839,9.13546756
2020-02-20,39,97.23065832,1.886402003
2020-02-20,41,463.4356585,6.470347331
2020-02-20,42,85.41471605,1.261564964
2020-02-20,44,1039.27722,10.53508809
2020-02-20,45,594.8309989,6.812031533
2020-02-20,46,332.3456284,4.138550317
2020-02-20,49,300.7042184,3.886135231
2020-02-20,5,1089.854245,11.03607737
2020-02-20,51,1112.455552,13.60507486
2020-02-20,52,575.5000275,6.245713501
2020-02-20,55,489.948451,5.267720124
2020-02-20,57,361.5341254,4.938692291
2020-02-20,59,1085.465387,11.52585054
2020-02-20,61,98.00687971,1.25525716
2020-02-20,63,610.1638308,8.678066577
2020-02-20,64,134.7961424,1.780633321
2020-02-20,66,759.5205178,8.653357943
2020-02-20,68,1679.703619,19.06420069
2020-02-20,69,617.4805897,7.719778087
2020-02-20,71,350.9577095,4.65927576
2020-02-20,72,305.6881805,3.946501465
2020-02-20,73,597.9846874,7.385045537
2020-02-20,74,315.0678706,4.095534722
2020-02-20,75,369.0372044,4.843898942
2020-02-20,77,475.7280779,5.454042244
2020-02-20,8,381.1927994,4.480821754
2020-02-20,80,385.1924281,4.364772358
2020-02-20,81,382.4852479,4.216530691
2020-02-20,83,104.8760594,1.793077251
2020-02-20,84,402.138945,4.956428787
2020-02-20,88,799.4357467,9.148642511
2020-02-20,89,940.114686,12.18046749
2020-02-20,90,360.566137,4.938089678
2020-02-20,92,653.1763517,7.061891176
2020-02-20,93,317.7908516,3.366187872
2020-02-20,95,305.5961473,3.30986588
2020-02-20,96,1148.381851,12.98049605
2020-02-20,97,342.8916022,4.812021068
2020-02-20,98,593.1322101,6.842235116
2020-02-21,10,1310.227598,14.69615512
2020-02-21,103,483.645588,5.854000933
2020-02-21,105,1058.215377,10.93051977
2020-02-21,108,382.7578697,4.25361002
2020-02-21,11,894.3295417,11.02478176
2020-02-21,110,1318.047998,14.69615512
2020-02-21,111,895.8794776,11.02478176
2020-02-21,115,489.1805423,5.766958069
2020-02-21,118,331.4139684,4.528366809
2020-02-21,119,280.5673052,3.524990745
2020-02-21,120,699.1905915,8.866075841
2020-02-21,122,267.4430147,2.96141283
2020-02-21,123,142.2453132,1.625607179
2020-02-21,125,1006.660286,10.91322969
2020-02-21,126,587.6543647,8.048933144
2020-02-21,127,108.5710178,1.159651871
2020-02-21,128,1025.109864,11.39488105
2020-02-21,131,707.4399959,8.558328412
2020-02-21,133,135.8497618,1.916081288
2020-02-21,135,123.7938726,1.317557498
2020-02-21,136,289.5376151,3.735530674
2020-02-21,138,802.8136241,10.43417219
2020-02-21,139,93.89114841,1.376298615
2020-02-21,141,475.324035,6.23690438
2020-02-21,142,83.80340769,1.678711484
2020-02-21,144,1044.493086,11.79364773
2020-02-21,145,591.9474704,7.274981804
2020-02-21,146,331.7870033,3.830788758
2020-02-21,149,292.1169381,3.354309679
2020-02-21,15,492.3255313,5.766958069
2020-02-21,151,1088.887419,12.33356834
2020-02-21,152,570.9114615,6.457960311
2020-02-21,155,496.0503491,5.689482544
2020-02-21,157,359.5760212,4.582205848
2020-02-21,159,1085.088671,11.67091915
2020-02-21,161,98.03684292,1.580289528
2020-02-21,163,604.8811601,6.602414749
2020-02-21,164,131.1751285,1.732246911
2020-02-21,166,755.3901435,9.333563727
2020-02-21,168,1669.274385,17.69061587
2020-02-21,169,626.9970168,7.655232895
2020-02-21,171,357.8214497,4.065473102
2020-02-21,172,304.4229434,3.343251584
2020-02-21,173,602.5403445,7.018455779
2020-02-21,174,314.2425053,3.595569888
2020-02-21,175,361.0380706,4.438500837
2020-02-21,177,479.0945186,6.465942247
2020-02-21,18,329.6320131,4.528366809
2020-02-21,180,391.5850136,4.25676035
2020-02-21,181,398.6327769,4.476271185
2020-02-21,183,106.5754169,1.295871715
2020-02-21,184,405.9073257,4.249701757
2020-02-21,188,803.7237938,9.295707682
2020-02-21,189,926.8279205,10.49803784
2020-02-21,19,280.7689235,3.524990745
2020-02-21,190,359.9202935,4.095197073
2020-02-21,192,656.3127157,8.006811783
2020-02-21,193,317.7371264,3.440956951
2020-02-21,195,301.4261752,3.771851553
2020-02-21,196,1179.536341,12.11604505
2020-02-21,197,336.7046605,3.567835055
2020-02-21,198,588.5586268,7.156434383
2020-02-21,20,702.8428214,8.866075841
2020-02-21,22,268.0530088,2.96141283
2020-02-21,23,140.8798485,1.625607179
2020-02-21,25,1008.561205,10.91322969
2020-02-21,26,597.4993286,8.048933144
2020-02-21,27,108.7414428,1.159651871
2020-02-21,28,1029.371994,11.39488105
2020-02-21,3,493.2055743,5.854000933
2020-02-21,31,699.3119337,8.558328412
2020-02-21,33,132.5879668,1.916081288
2020-02-21,35,124.8579492,1.317557498
2020-02-21,36,290.1380589,3.735530674
2020-02-21,38,798.9805166,10.43417219
2020-02-21,39,95.82325128,1.376298615
2020-02-21,41,466.3152072,6.23690438
2020-02-21,42,83.55933606,1.678711484
2020-02-21,44,1037.911221,11.79364773
2020-02-21,45,585.7844097,7.274981804
2020-02-21,46,330.4222218,3.830788758
2020-02-21,49,298.9742065,3.354309679
2020-02-21,5,1057.8064,10.93051977
2020-02-21,51,1095.594582,12.33356834
2020-02-21,52,579.7510467,6.457960311
2020-02-21,55,494.9064511,5.689482544
2020-02-21,57,362.5933596,4.582205848
2020-02-21,59,1088.584702,11.67091915
2020-02-21,61,97.35376125,1.580289528
2020-02-21,63,611.7725981,6.602414749
2020-02-21,64,132.0965763,1.732246911
2020-02-21,66,754.7173538,9.333563727
2020-02-21,68,1675.62976,17.69061587
2020-02-21,69,627.0390671,7.655232895
2020-02-21,71,357.8279991,4.065473102
2020-02-21,72,303.1254705,3.343251584
2020-02-21,73,599.1803394,7.018455779
2020-02-21,74,313.4197168,3.595569888
2020-02-21,75,367.4551218,4.438500837
2020-02-21,77,478.536733,6.465942247
2020-02-21,8,375.6060651,4.25361002
2020-02-21,80,383.2144826,4.25676035
2020-02-21,81,386.3680025,4.476271185
2020-02-21,83,105.673016,1.295871715
2020-02-21,84,403.4778257,4.249701757
2020-02-21,88,802.1229361,9.295707682
2020-02-21,89,931.8596937,10.49803784
2020-02-21,90,362.4229467,4.095197073
2020-02-21,92,651.4965776,8.006811783
2020-02-21,93,316.7772243,3.440956951
2020-02-21,95,300.2370437,3.771851553
2020-02-21,96,1171.078589,12.11604505
2020-02-21,97,339.4677587,3.567835055
2020-02-21,98,596.7882302,7.156434383
2020-02-22,10,1306.005718,14.52167502
2020-02-22,103,479.5740678,5.482769126
2020-02-22,105,1041.227315,10.55634859
2020-02-22,108,376.7251731,4.701029643
2020-02-22,11,894.0311201,11.99475488
2020-02-22,110,1287.915689,14.52167502
2020-02-22,111,894.9091788,11.99475488
2020-02-22,115,475.1338402,6.831325679
2020-02-22,118,338.6890503,4.588319201
2020-02-22,119,280.2870834,3.038781087
2020-02-22,120,684.659452,8.670585348
2020-02-22,122,264.8626392,2.826318288
2020-02-22,123,138.749145,1.664160976
2020-02-22,125,1000.904312,11.6273815
2020-02-22,126,592.8699074,6.307210712
2020-02-22,127,109.4860819,1.756518954
2020-02-22,128,1028.755611,11.16311929
2020-02-22,131,683.785716,8.163879854
2020-02-22,133,128.2059347,1.621894897
2020-02-22,135,123.1035108,2.095114191
2020-02-22,136,290.4146745,3.620284596
2020-02-22,138,786.0480874,8.695551966
2020-02-22,139,95.47950214,1.667621184
2020-02-22,141,466.2715961,4.905777186
2020-02-22,142,83.68760588,1.469531006
2020-02-22,144,1029.730787,10.58525624
2020-02-22,145,603.1149768,6.577247568
2020-02-22,146,326.0163587,4.263897318
2020-02-22,149,294.0902612,4.289914482
2020-02-22,15,476.919734,6.831325679
2020-02-22,151,1066.897653,12.13785714
2020-02-22,152,583.2577547,6.070701281
2020-02-22,155,473.5516309,5.102499365
2020-02-22,157,360.4063286,4.533531283
2020-02-22,159,1084.585039,12.52299663
2020-02-22,161,96.93252215,1.141542726
2020-02-22,163,595.2494834,6.797360659
2020-02-22,164,130.1684751,1.984820195
2020-02-22,166,750.6243051,9.601494824
2020-02-22,168,1689.038754,18.39008352
2020-02-22,169,614.9802815,6.672299194
2020-02-22,171,355.8539276,5.247063375
2020-02-22,172,300.1479154,3.580885741
2020-02-22,173,596.099036,6.281514446
2020-02-22,174,314.8089932,3.92782884
2020-02-22,175,364.6703028,4.111829106
2020-02-22,177,473.9279439,5.311416589
2020-02-22,18,331.9613316,4.588319201
2020-02-22,180,377.8356228,4.073775394
2020-02-22,181,385.3486193,4.152940489
2020-02-22,183,104.9092269,1.587957302
2020-02-22,184,389.2590712,5.200477135
2020-02-22,188,804.0863353,8.904144357
2020-02-22,189,928.7127926,10.60576781
2020-02-22,19,280.9735018,3.038781087
2020-02-22,190,362.4910988,3.950757068
2020-02-22,192,628.5498232,6.924145475
2020-02-22,193,307.0466791,3.615456677
2020-02-22,195,300.3200994,4.055720142
2020-02-22,196,1159.330667,12.83565867
2020-02-22,197,340.3046468,3.530824797
2020-02-22,198,589.5895405,7.247406534
2020-02-22,20,688.5813973,8.670585348
2020-02-22,22,266.5479709,2.826318288
2020-02-22,23,139.3667528,1.664160976
2020-02-22,25,992.6274743,11.6273815
2020-02-22,26,595.0409919,6.307210712
2020-02-22,27,108.4910888,1.756518954
2020-02-22,28,1019.920678,11.16311929
2020-02-22,3,488.2947855,5.482769126
2020-02-22,31,688.2876246,8.163879854
2020-02-22,33,130.1752168,1.621894897
2020-02-22,35,124.4359106,2.095114191
2020-02-22,36,290.2858409,3.620284596
2020-02-22,38,783.6108405,8.695551966
2020-02-22,39,93.54789324,1.667621184
2020-02-22,41,463.404552,4.905777186
2020-02-22,42,83.73918928,1.469531006
2020-02-22,44,1028.080307,10.58525624
2020-02-22,45,595.4313186,6.577247568
2020-02-22,46,323.5856222,4.263897318
2020-02-22,49,294.2815904,4.289914482
2020-02-22,5,1041.517608,10.55634859
2020-02-22,51,1089.912491,12.13785714
2020-02-22,52,571.1083891,6.070701281
2020-02-22,55,488.3696837,5.102499365
2020-02-22,57,361.1577713,4.533531283
2020-02-22,59,1076.003838,12.52299663
2020-02-22,61,97.01148868,1.141542726
2020-02-22,63,601.5634347,6.797360659
2020-02-22,64,128.963023,1.984820195
2020-02-22,66,743.6387101,9.601494824
2020-02-22,68,1684.325974,18.39008352
2020-02-22,69,618.8756136,6.672299194
2020-02-22,71,354.4969607,5.247063375
2020-02-22,72,298.2615969,3.580885741
2020-02-22,73,597.5073384,6.281514446
2020-02-22,74,309.3961125,3.92782884
2020-02-22,75,366.813938,4.111829106
2020-02-22,77,469.4703818,5.311416589
2020-02-22,8,374.3486348,4.701029643
2020-02-22,80,373.6396233,4.073775394
2020-02-22,81,387.1554757,4.152940489
2020-02-22,83,106.8893742,1.587957302
2020-02-22,84,397.3142384,5.200477135
2020-02-22,88,797.3365222,8.904144357
2020-02-22,89,921.4247438,10.60576781
2020-02-22,90,360.0877775,3.950757068
2020-02-22,92,635.4118687,6.924145475
2020-02-22,93,313.4373128,3.615456677
2020-02-22,95,299.9912802,4.055720142
2020-02-22,96,1155.762159,12.83565867
2020-02-22,97,342.5899519,3.530824797
2020-02-22,98,587.5716661,7.247406534
2020-02-23,10,1302.065181,16.28368374
2020-02-23,103,491.089935,6.118378168
2020-02-23,105,1032.087526,11.06155599
2020-02-23,108,378.8341611,4.734994651
2020-02-23,11,881.3019086,10.80480267
2020-02-23,110,1297.785895,16.28368374
2020-02-23,111,877.9910214,10.80480267
2020-02-23,115,462.0971117,5.587717345
2020-02-23,118,324.6926979,4.183541659
2020-02-23,119,273.968914,3.58843278
2020-02-23,120,680.7093001,7.704401
2020-02-23,122,265.1044815,3.756943816
2020-02-23,123,134.870538,1.615652895
2020-02-23,125,1001.534282,11.0203089
2020-02-23,126,584.1213007,7.104181801
2020-02-23,127,109.1697552,1.158782367
2020-02-23,128,1009.876561,11.15248521
2020-02-23,131,685.6724845,7.945193414
2020-02-23,133,132.7953415,1.872494141
2020-02-23,135,124.2216514,1.715022436
2020-02-23,136,290.5003466,3.437928631
2020-02-23,138,777.2220379,8.960506459
2020-02-23,139,93.9932276,1.211030788
2020-02-23,141,451.1035488,5.292237253
2020-02-23,142,81.16755572,1.336245441
2020-02-23,144,1019.761508,11.20193006
2020-02-23,145,576.8899464,6.172047666
2020-02-23,146,312.2875323,4.439808998
2020-02-23,149,291.4707257,3.611636813
2020-02-23,15,471.2117123,5.587717345
2020-02-23,151,1071.092584,13.41981383
2020-02-23,152,552.0722487,6.304230329
2020-02-23,155,478.7733354,5.07264671
2020-02-23,157,358.2777751,4.266779699
2020-02-23,159,1054.882219,12.59151382
2020-02-23,161,94.96394838,1.135115698
2020-02-23,163,606.7276425,7.109369715
2020-02-23,164,128.4002196,1.6069876
2020-02-23,166,738.6886211,8.557663869
2020-02-23,168,1663.406546,17.95316891
2020-02-23,169,613.2017728,6.777286779
2020-02-23,171,349.4865204,5.36398442
2020-02-23,172,294.9230438,3.81605307
2020-02-23,173,579.4075574,6.125137196
2020-02-23,174,304.443366,3.803399411
2020-02-23,175,365.8555223,4.530034507
2020-02-23,177,455.4280329,5.063816853
2020-02-23,18,327.9639061,4.183541659
2020-02-23,180,364.6965698,4.576643634
2020-02-23,181,379.4668226,4.776938307
2020-02-23,183,106.3305582,1.717820523
2020-02-23,184,392.2238679,5.291358973
2020-02-23,188,766.6789355,8.401891229
2020-02-23,189,922.6752314,10.49444974
2020-02-23,19,272.3870684,3.58843278
2020-02-23,190,357.3715018,4.460537732
2020-02-23,192,626.5991672,6.910620445
2020-02-23,193,320.6797076,3.234644878
2020-02-23,195,299.5087246,3.587896635
2020-02-23,196,1129.813093,11.96833034
2020-02-23,197,326.7941377,3.68583847
2020-02-23,198,587.4113742,6.750903978
2020-02-23,20,679.9161666,7.704401
2020-02-23,22,265.4389884,3.756943816
2020-02-23,23,137.9739307,1.615652895
2020-02-23,25,998.4256444,11.0203089
2020-02-23,26,591.3783232,7.104181801
2020-02-23,27,107.1620931,1.158782367
2020-02-23,28,1002.921161,11.15248521
2020-02-23,3,491.9437438,6.118378168
2020-02-23,31,684.9162337,7.945193414
2020-02-23,33,131.4267997,1.872494141
2020-02-23,35,124.5638465,1.715022436
2020-02-23,36,288.00903,3.437928631
2020-02-23,38,780.2973533,8.960506459
2020-02-23,39,92.99806913,1.211030788
2020-02-23,41,450.8303128,5.292237253
2020-02-23,42,82.16343636,1.336245441
2020-02-23,44,1026.386637,11.20193006
2020-02-23,45,590.2075691,6.172047666
2020-02-23,46,321.3494579,4.439808998
2020-02-23,49,293.6541863,3.611636813
2020-02-23,5,1010.324697,11.06155599
2020-02-23,51,1079.760116,13.41981383
2020-02-23,52,559.4619111,6.304230329
2020-02-23,55,480.5983389,5.07264671
2020-02-23,57,354.3582027,4.266779699
2020-02-23,59,1063.28702,12.59151382
2020-02-23,61,95.37503892,1.135115698
2020-02-23,63,603.0310568,7.109369715
2020-02-23,64,127.4517177,1.6069876
2020-02-23,66,736.40446,8.557663869
2020-02-23,68,1659.024967,17.95316891
2020-02-23,69,611.1134453,6.777286779
2020-02-23,71,352.1886992,5.36398442
2020-02-23,72,293.0078152,3.81605307
2020-02-23,73,584.439636,6.125137196
2020-02-23,74,305.7672588,3.803399411
2020-02-23,75,363.1245999,4.530034507
2020-02-23,77,463.3991075,5.063816853
2020-02-23,8,381.5425683,4.734994651
2020-02-23,80,368.1253174,4.576643634
2020-02-23,81,387.8640738,4.776938307
2020-02-23,83,107.2560314,1.717820523
2020-02-23,84,393.1048965,5.291358973
2020-02-23,88,771.014343,8.401891229
2020-02-23,89,913.5240925,10.49444974
2020-02-23,90,355.9763316,4.460537732
2020-02-23,92,634.3014131,6.910620445
2020-02-23,93,321.7133852,3.234644878
2020-02-23,95,294.1890968,3.587896635
2020-02-23,96,1121.677781,11.96833034
2020-02-23,97,330.2349034,3.68583847
2020-02-23,98,583.2945583,6.750903978
2020-02-24,10,1281.700899,13.94034876
2020-02-24,103,496.597224,5.939288752
2020-02-24,105,1015.10357,11.1154173
2020-02-24,108,376.306817,4.373965742
2020-02-24,11,874.3089028,9.273051612
2020-02-24,110,1290.274603,13.94034876
2020-02-24,111,857.9406661,9.273051612
2020-02-24,115,458.8516588,5.597190873
2020-02-24,118,328.4375258,3.923048951
2020-02-24,119,272.2299313,3.048867176
2020-02-24,120,686.5889719,9.012998582
2020-02-24,122,263.6938983,3.085654217
2020-02-24,123,135.9387474,1.851568365
2020-02-24,125,1010.386153,11.98605527
2020-02-24,126,586.3886064,6.367922872
2020-02-24,127,104.927828,1.686433486
2020-02-24,128,1016.04677,10.41980298
2020-02-24,131,691.3314365,7.934099177
2020-02-24,133,133.6886273,1.645143957
2020-02-24,135,124.5799364,1.698495814
2020-02-24,136,287.6937066,3.295941459
2020-02-24,138,766.1970413,8.864670972
2020-02-24,139,94.77682653,1.261330969
2020-02-24,141,439.646539,6.02073255
2020-02-24,142,85.20629781,1.314753615
2020-02-24,144,1018.214518,10.32459399
2020-02-24,145,591.6228969,6.427041433
2020-02-24,146,311.7048098,4.744827114
2020-02-24,149,286.8750506,3.032047299
2020-02-24,15,466.2052645,5.597190873
2020-02-24,151,1088.828208,12.90131818
2020-02-24,152,550.9554517,5.739636726
2020-02-24,155,478.6129089,5.149440726
2020-02-24,157,360.8103205,4.957633043
2020-02-24,159,1076.308125,11.32374968
2020-02-24,161,96.38363812,1.628870206
2020-02-24,163,599.2250277,7.170549347
2020-02-24,164,129.61389,2.314714549
2020-02-24,166,733.4123423,9.576039007
2020-02-24,168,1651.039766,17.67301277
2020-02-24,169,617.170882,7.683205091
2020-02-24,171,354.011162,4.411553066
2020-02-24,172,296.1585437,3.799171675
2020-02-24,173,579.0432725,6.897227014
2020-02-24,174,309.086757,4.284211624
2020-02-24,175,358.8182831,4.463573129
2020-02-24,177,454.8401024,5.790544087
2020-02-24,18,328.3118577,3.923048951
2020-02-24,180,360.1765057,4.383156823
2020-02-24,181,384.8525856,4.331763589
2020-02-24,183,108.358524,1.24852073
2020-02-24,184,399.3340921,4.712845215
2020-02-24,188,783.8223418,8.696809313
2020-02-24,189,922.5896134,10.48704614
2020-02-24,19,269.7392812,3.048867176
2020-02-24,190,352.5664719,4.322739566
2020-02-24,192,630.0054941,6.870821813
2020-02-24,193,336.4053219,3.270964204
2020-02-24,195,300.6524581,3.753427722
2020-02-24,196,1105.528141,11.78458398
2020-02-24,197,338.9695653,4.151364465
2020-02-24,198,583.4748948,8.725848791
2020-02-24,20,690.4974785,9.012998582
2020-02-24,22,265.6482931,3.085654217
2020-02-24,23,134.4423778,1.851568365
2020-02-24,25,1003.086479,11.98605527
2020-02-24,26,586.0762218,6.367922872
2020-02-24,27,106.1242835,1.686433486
2020-02-24,28,1013.134223,10.41980298
2020-02-24,3,494.696288,5.939288752
2020-02-24,31,687.6959524,7.934099177
2020-02-24,33,132.3348629,1.645143957
2020-02-24,35,125.9252302,1.698495814
2020-02-24,36,288.1820955,3.295941459
2020-02-24,38,775.7171731,8.864670972
2020-02-24,39,94.55593699,1.261330969
2020-02-24,41,444.9198146,6.02073255
2020-02-24,42,81.740859,1.314753615
2020-02-24,44,1011.462306,10.32459399
2020-02-24,45,596.4790306,6.427041433
2020-02-24,46,317.6062112,4.744827114
2020-02-24,49,292.2895202,3.032047299
2020-02-24,5,1016.628589,11.1154173
2020-02-24,51,1082.953527,12.90131818
2020-02-24,52,553.4020641,5.739636726
2020-02-24,55,479.3632775,5.149440726
2020-02-24,57,355.0941136,4.957633043
2020-02-24,59,1059.745141,11.32374968
2020-02-24,61,93.99327417,1.628870206
2020-02-24,63,602.030231,7.170549347
2020-02-24,64,125.8157466,2.314714549
2020-02-24,66,741.0635329,9.576039007
2020-02-24,68,1665.83715,17.67301277
2020-02-24,69,613.5253651,7.683205091
2020-02-24,71,355.5351842,4.411553066
2020-02-24,72,292.8339661,3.799171675
2020-02-24,73,582.0720011,6.897227014
2020-02-24,74,308.0674471,4.284211624
2020-02-24,75,361.5394862,4.463573129
2020-02-24,77,460.0468494,5.790544087
2020-02-24,8,382.3777824,4.373965742
2020-02-24,80,367.2252512,4.383156823
2020-02-24,81,380.051243,4.331763589
2020-02-24,83,106.9694457,1.24852073
2020-02-24,84,397.5135336,4.712845215
2020-02-24,88,772.9091575,8.696809313
2020-02-24,89,917.0520865,10.48704614
2020-02-24,90,353.9715485,4.322739566
2020-02-24,92,640.0755391,6.870821813
2020-02-24,93,326.6297407,3.270964204
2020-02-24,95,302.3233387,3.753427722
2020-02-24,96,1119.729337,11.78458398
2020-02-24,97,335.5384411,4.151364465
2020-02-24,98,585.9020388,8.725848791
2020-02-25,10,1298.832008,14.16052275
2020-02-25,103,496.2419032,5.179314961
2020-02-25,105,1031.784967,10.74053843
2020-02-25,108,389.1857538,5.053379987
2020-02-25,11,877.3518143,10.39022419
2020-02-25,110,1291.605583,14.16052275
2020-02-25,111,875.6886499,10.39022419
2020-02-25,115,472.5593565,5.748960739
2020-02-25,118,328.1034675,4.978581084
2020-02-25,119,273.9567948,3.662622437
2020-02-25,120,694.7641003,8.426200296
2020-02-25,122,263.54495,4.860471863
2020-02-25,123,130.196593,1.862907735
2020-02-25,125,1015.967645,11.66393398
2020-02-25,126,595.3421737,6.457526104
2020-02-25,127,105.6495326,1.340458476
2020-02-25,128,1024.922427,12.32410865
2020-02-25,131,678.3268363,8.472865283
2020-02-25,133,135.6834918,1.414891846
2020-02-25,135,129.0241951,1.528255338
2020-02-25,136,295.7700024,3.949322007
2020-02-25,138,799.8787429,9.455738779
2020-02-25,139,93.32902106,1.312771412
2020-02-25,141,450.2558031,5.406632719
2020-02-25,142,79.55007011,0.9545180035
2020-02-25,144,1028.899785,11.51863605
2020-02-25,145,598.5575876,6.269104226
2020-02-25,146,326.5415261,4.101019177
2020-02-25,149,299.636804,3.745266534
2020-02-25,15,468.5070602,5.748960739
2020-02-25,151,1083.542052,11.91893901
2020-02-25,152,558.6182939,6.60830853
2020-02-25,155,490.5534052,5.382244412
2020-02-25,157,354.3336918,3.766407862
2020-02-25,159,1060.105351,10.99295281
2020-02-25,161,94.38133478,1.754431031
2020-02-25,163,596.2337844,6.782818084
2020-02-25,164,125.8152209,1.771875239
2020-02-25,166,740.4463191,10.78956641
2020-02-25,168,1674.222537,18.53290426
2020-02-25,169,622.5284382,6.809790367
2020-02-25,171,348.948019,3.781442659
2020-02-25,172,298.8657948,4.324991995
2020-02-25,173,576.7684463,7.028329984
2020-02-25,174,308.7955553,3.897857976
2020-02-25,175,363.7424791,4.225576444
2020-02-25,177,457.6189204,6.371855009
2020-02-25,18,331.8175859,4.978581084
2020-02-25,180,369.1613451,4.446125768
2020-02-25,181,397.4098192,5.900138927
2020-02-25,183,108.9695979,1.514128115
2020-02-25,184,406.4964789,5.206927551
2020-02-25,188,772.4623706,8.080717794
2020-02-25,189,912.1082208,10.58729191
2020-02-25,19,270.5310218,3.662622437
2020-02-25,190,356.0262642,4.038669773
2020-02-25,192,658.7292807,8.337262338
2020-02-25,193,341.9389838,3.819527154
2020-02-25,195,308.4948606,5.386939132
2020-02-25,196,1123.144704,12.45221512
2020-02-25,197,336.2320642,3.334490044
2020-02-25,198,585.913195,6.330842961
2020-02-25,20,692.1539451,8.426200296
2020-02-25,22,267.0156657,4.860471863
2020-02-25,23,138.5727459,1.862907735
2020-02-25,25,1000.339388,11.66393398
2020-02-25,26,588.9560838,6.457526104
2020-02-25,27,104.036201,1.340458476
2020-02-25,28,1019.000231,12.32410865
2020-02-25,3,499.6974902,5.179314961
2020-02-25,31,682.6767984,8.472865283
2020-02-25,33,132.5417707,1.414891846
2020-02-25,35,126.5529268,1.528255338
2020-02-25,36,294.2160538,3.949322007
2020-02-25,38,786.941095,9.455738779
2020-02-25,39,94.14514878,1.312771412
2020-02-25,41,447.1770514,5.406632719
2020-02-25,42,80.32153151,0.9545180035
2020-02-25,44,1028.396961,11.51863605
2020-02-25,45,603.8136223,6.269104226
2020-02-25,46,326.2009841,4.101019177
2020-02-25,49,298.2536488,3.745266534
2020-02-25,5,1034.817572,10.74053843
2020-02-25,51,1088.12045,11.91893901
2020-02-25,52,568.7524239,6.60830853
2020-02-25,55,487.1818689,5.382244412
2020-02-25,57,355.7626984,3.766407862
2020-02-25,59,1057.77845,10.99295281
2020-02-25,61,92.42201486,1.754431031
2020-02-25,63,596.7217142,6.782818084
2020-02-25,64,125.1996293,1.771875239
2020-02-25,66,748.3302548,10.78956641
2020-02-25,68,1682.798983,18.53290426
2020-02-25,69,619.0488761,6.809790367
2020-02-25,71,355.3827793,3.781442659
2020-02-25,72,293.7953696,4.324991995
2020-02-25,73,586.3053614,7.028329984
2020-02-25,74,304.7922659,3.897857976
2020-02-25,75,364.3641092,4.225576444
2020-02-25,77,463.4846422,6.371855009
2020-02-25,8,388.1931378,5.053379987
2020-02-25,80,368.6456102,4.446125768
2020-02-25,81,390.8546613,5.900138927
2020-02-25,83,110.6784017,1.514128115
2020-02-25,84,408.0900709,5.206927551
2020-02-25,88,773.6937264,8.080717794
2020-02-25,89,919.5374213,10.58729191
2020-02-25,90,359.1506182,4.038669773
2020-02-25,92,655.0253512,8.337262338
2020-02-25,93,340.4722276,3.819527154
2020-02-25,95,301.4980669,5.386939132
2020-02-25,96,1127.268622,12.45221512
2020-02-25,97,331.5746963,3.334490044
2020-02-25,98,583.3564115,6.330842961
2020-02-26,10,1311.41678,15.82386318
2020-02-26,103,507.0898797,6.133809345
2020-02-26,105,1031.946903,10.84350947
2020-02-26,108,390.3047784,4.831692177
2020-02-26,11,883.4912976,9.762596303
2020-02-26,110,1313.858945,15.82386318
2020-02-26,111,879.2113891,9.762596303
2020-02-26,115,480.2182615,5.447976111
2020-02-26,118,338.9257416,4.165541332
2020-02-26,119,267.3784526,3.911160832
2020-02-26,120,688.959218,9.522047649
2020-02-26,122,266.6962277,3.111053136
2020-02-26,123,143.5049524,1.522724516
2020-02-26,125,982.5287979,11.96617187
2020-02-26,126,576.5857831,7.08649444
2020-02-26,127,107.2538974,1.440940473
2020-02-26,128,1034.248093,12.14588527
2020-02-26,131,688.3134694,8.046300735
2020-02-26,133,131.3466836,1.822870817
2020-02-26,135,129.3623158,1.827488913
2020-02-26,136,290.0030139,3.422490145
2020-02-26,138,787.3655475,10.1013375
2020-02-26,139,94.71336203,1.293410409
2020-02-26,141,454.1073549,6.735416426
2020-02-26,142,80.97599367,0.9927646214
2020-02-26,144,1008.618814,11.96168595
2020-02-26,145,604.1167293,6.517825925
2020-02-26,146,317.0296612,4.457442902
2020-02-26,149,301.9644162,3.725833104
2020-02-26,15,476.3675476,5.447976111
2020-02-26,151,1106.539835,14.10501753
2020-02-26,152,570.4209919,6.159668195
2020-02-26,155,485.7906065,6.040930613
2020-02-26,157,351.7105268,4.014988871
2020-02-26,159,1063.886614,12.88871248
2020-02-26,161,94.26639525,1.344781597
2020-02-26,163,594.1746303,7.259154295
2020-02-26,164,124.8524177,1.649531779
2020-02-26,166,754.0523454,8.997385199
2020-02-26,168,1677.341724,17.63716154
2020-02-26,169,622.5228704,7.936700069
2020-02-26,171,357.0120688,4.779619823
2020-02-26,172,299.341701,4.799281765
2020-02-26,173,588.3777709,6.646744788
2020-02-26,174,309.6510538,3.509724444
2020-02-26,175,355.6439706,4.066961563
2020-02-26,177,461.757213,5.391398171
2020-02-26,18,338.4857373,4.165541332
2020-02-26,180,361.2927721,4.584843566
2020-02-26,181,388.9203798,4.586019408
2020-02-26,183,113.3682205,1.454787024
2020-02-26,184,411.7296609,4.548971206
2020-02-26,188,783.7541635,9.964784219
2020-02-26,189,912.7447555,11.41821808
2020-02-26,19,272.2244698,3.911160832
2020-02-26,190,360.4076607,4.389064826
2020-02-26,192,644.3139536,8.256201027
2020-02-26,193,338.8907578,3.458577854
2020-02-26,195,303.1132576,4.175888185
2020-02-26,196,1141.250492,12.15771624
2020-02-26,197,344.2915808,3.602833762
2020-02-26,198,576.3322569,6.469135018
2020-02-26,20,688.7056642,9.522047649
2020-02-26,22,263.8953748,3.111053136
2020-02-26,23,141.3187553,1.522724516
2020-02-26,25,995.7155465,11.96617187
2020-02-26,26,577.9887132,7.08649444
2020-02-26,27,103.3738094,1.440940473
2020-02-26,28,1038.598702,12.14588527
2020-02-26,3,503.3942178,6.133809345
2020-02-26,31,692.0048396,8.046300735
2020-02-26,33,131.1070762,1.822870817
2020-02-26,35,126.3010517,1.827488913
2020-02-26,36,296.7418146,3.422490145
2020-02-26,38,785.6231404,10.1013375
2020-02-26,39,94.71504844,1.293410409
2020-02-26,41,449.8952342,6.735416426
2020-02-26,42,80.3796901,0.9927646214
2020-02-26,44,1027.792574,11.96168595
2020-02-26,45,603.6205361,6.517825925
2020-02-26,46,316.4777344,4.457442902
2020-02-26,49,300.9577477,3.725833104
2020-02-26,5,1030.039129,10.84350947
2020-02-26,51,1101.254526,14.10501753
2020-02-26,52,567.890453,6.159668195
2020-02-26,55,486.8932568,6.040930613
2020-02-26,57,355.7171398,4.014988871
2020-02-26,59,1059.107436,12.88871248
2020-02-26,61,95.31726965,1.344781597
2020-02-26,63,596.9916201,7.259154295
2020-02-26,64,125.0595643,1.649531779
2020-02-26,66,749.1791627,8.997385199
2020-02-26,68,1692.984456,17.63716154
2020-02-26,69,622.8925687,7.936700069
2020-02-26,71,355.3679769,4.779619823
2020-02-26,72,290.048651,4.799281765
2020-02-26,73,586.9253886,6.646744788
2020-02-26,74,306.1635831,3.509724444
2020-02-26,75,363.3052741,4.066961563
2020-02-26,77,458.7988683,5.391398171
2020-02-26,8,390.4784796,4.831692177
2020-02-26,80,364.1956435,4.584843566
2020-02-26,81,388.2835964,4.586019408
2020-02-26,83,113.3912271,1.454787024
2020-02-26,84,414.0014958,4.548971206
2020-02-26,88,784.4979735,9.964784219
2020-02-26,89,917.7507799,11.41821808
2020-02-26,90,362.2473425,4.389064826
2020-02-26,92,647.5650417,8.256201027
2020-02-26,93,338.158733,3.458577854
2020-02-26,95,304.7554792,4.175888185
2020-02-26,96,1119.790763,12.15771624
2020-02-26,97,339.9471621,3.602833762
2020-02-26,98,574.7792416,6.469135018
2020-02-27,10,1320.784779,15.70469813
2020-02-27,103,514.9669155,5.257610275
2020-02-27,105,1068.294785,11.37231865
2020-02-27,108,390.5437285,4.713139747
2020-02-27,11,892.1738335,10.23375154
2020-02-27,110,1324.711363,15.70469813
2020-02-27,111,893.096229,10.23375154
2020-02-27,115,479.9592769,6.873424165
2020-02-27,118,342.0146031,3.892019576
2020-02-27,119,277.1292268,4.038191498
2020-02-27,120,697.8074949,8.111633642
2020-02-27,122,273.8458546,3.36627458
2020-02-27,123,140.0930999,1.621974444
2020-02-27,125,1013.478688,12.73063595
2020-02-27,126,595.484886,6.571270063
2020-02-27,127,101.0126408,1.03895006
2020-02-27,128,1048.459424,11.6935467
2020-02-27,131,700.3479833,7.540940135
2020-02-27,133,132.9627797,1.338055622
2020-02-27,135,127.7983771,1.939311243
2020-02-27,136,294.5704785,3.318805662
2020-02-27,138,812.1961446,8.882439349
2020-02-27,139,96.65400562,1.682402324
2020-02-27,141,461.6029985,5.62837493
2020-02-27,142,79.48515636,0.9166528565
2020-02-27,144,1000.843652,11.15315313
2020-02-27,145,595.8069893,6.226821269
2020-02-27,146,320.8418563,3.989903218
2020-02-27,149,303.4987819,3.504165348
2020-02-27,15,476.6332374,6.873424165
2020-02-27,151,1101.821378,12.41659446
2020-02-27,152,573.7519916,6.498086547
2020-02-27,155,490.4647969,5.342238704
2020-02-27,157,351.7231177,4.212641911
2020-02-27,159,1085.800565,11.68285189
2020-02-27,161,99.20959062,1.278596656
2020-02-27,163,605.7676924,7.779854634
2020-02-27,164,126.8646877,2.002164273
2020-02-27,166,760.6005869,10.86782016
2020-02-27,168,1676.136242,19.18096198
2020-02-27,169,613.4908557,7.047177134
2020-02-27,171,351.976773,4.87945051
2020-02-27,172,293.2319935,3.850721893
2020-02-27,173,598.4366764,6.876009894
2020-02-27,174,308.2458439,3.296408238
2020-02-27,175,363.7009049,4.856074299
2020-02-27,177,470.792971,6.38786734
2020-02-27,18,338.9634877,3.892019576
2020-02-27,180,368.7265435,4.41091812
2020-02-27,181,386.2880395,4.043345095
2020-02-27,183,116.1853321,1.708885043
2020-02-27,184,418.8969272,5.059873567
2020-02-27,188,790.0133356,9.352280347
2020-02-27,189,932.7625076,11.95832508
2020-02-27,19,280.9539174,4.038191498
2020-02-27,190,368.2259583,4.7560914
2020-02-27,192,659.0496926,7.283535432
2020-02-27,193,328.8954973,3.456979238
2020-02-27,195,306.2058484,3.733254279
2020-02-27,196,1143.870059,11.86568607
2020-02-27,197,352.0969174,3.726060356
2020-02-27,198,578.6595676,6.234192885
2020-02-27,20,696.8558985,8.111633642
2020-02-27,22,269.0239894,3.36627458
2020-02-27,23,140.9442603,1.621974444
2020-02-27,25,1011.880362,12.73063595
2020-02-27,26,597.7794515,6.571270063
2020-02-27,27,103.8852877,1.03895006
2020-02-27,28,1060.015092,11.6935467
2020-02-27,3,505.6040983,5.257610275
2020-02-27,31,698.0958643,7.540940135
2020-02-27,33,131.8874771,1.338055622
2020-02-27,35,127.3060735,1.939311243
2020-02-27,36,298.8436235,3.318805662
2020-02-27,38,806.6488888,8.882439349
2020-02-27,39,96.78429468,1.682402324
2020-02-27,41,464.8520111,5.62837493
2020-02-27,42,81.51843938,0.9166528565
2020-02-27,44,1022.515709,11.15315313
2020-02-27,45,602.5831145,6.226821269
2020-02-27,46,320.2616593,3.989903218
2020-02-27,49,305.0971335,3.504165348
2020-02-27,5,1047.609564,11.37231865
2020-02-27,51,1107.342768,12.41659446
2020-02-27,52,567.5643314,6.498086547
2020-02-27,55,497.0748128,5.342238704
2020-02-27,57,356.1569222,4.212641911
2020-02-27,59,1079.936358,11.68285189
2020-02-27,61,97.10079369,1.278596656
2020-02-27,63,609.7026196,7.779854634
2020-02-27,64,127.4798106,2.002164273
2020-02-27,66,750.3063782,10.86782016
2020-02-27,68,1703.311985,19.18096198
2020-02-27,69,617.3538756,7.047177134
2020-02-27,71,358.2783049,4.87945051
2020-02-27,72,290.1658943,3.850721893
2020-02-27,73,593.5395266,6.876009894
2020-02-27,74,310.2646316,3.296408238
2020-02-27,75,364.66958,4.856074299
2020-02-27,77,468.0024636,6.38786734
2020-02-27,8,391.5904176,4.713139747
2020-02-27,80,368.8914152,4.41091812
2020-02-27,81,390.3851345,4.043345095
2020-02-27,83,117.8118773,1.708885043
2020-02-27,84,417.0434674,5.059873567
2020-02-27,88,782.88413,9.352280347
2020-02-27,89,929.2088564,11.95832508
2020-02-27,90,365.4788124,4.7560914
2020-02-27,92,654.6924605,7.283535432
2020-02-27,93,333.5339387,3.456979238
2020-02-27,95,304.3124956,3.733254279
2020-02-27,96,1145.571112,11.86568607
2020-02-27,97,341.2741181,3.726060356
2020-02-27,98,577.2091171,6.234192885
2020-02-28,10,1314.854097,15.58391192
2020-02-28,103,504.9695065,6.519824302
2020-02-28,105,1062.601572,10.85142116
2020-02-28,108,386.6777262,4.626978903
2020-02-28,11,883.1326276,9.979514369
2020-02-28,110,1311.416788,15.58391192
2020-02-28,111,883.5400051,9.979514369
2020-02-28,115,476.5776789,5.728462349
2020-02-28,118,338.1152936,4.642100085
2020-02-28,119,282.5268905,3.139050353
2020-02-28,120,699.3348683,8.436147817
2020-02-28,122,269.0051877,3.111718964
2020-02-28,123,134.5554486,1.852630531
2020-02-28,125,1005.592648,12.33062267
2020-02-28,126,618.200072,7.127807612
2020-02-28,127,103.9125693,1.254193929
2020-02-28,128,1068.259072,12.48763068
2020-02-28,131,689.4334036,8.316609709
2020-02-28,133,134.4037535,2.168316579
2020-02-28,135,127.1721639,1.782540384
2020-02-28,136,302.6556737,3.454841888
2020-02-28,138,789.0196742,9.817546416
2020-02-28,139,98.69983645,0.9652193694
2020-02-28,141,465.5178584,5.570127162
2020-02-28,142,77.98186864,1.357208517
2020-02-28,144,1032.656994,10.76617923
2020-02-28,145,617.4980035,7.999004484
2020-02-28,146,314.3055704,3.793596041
2020-02-28,149,304.9484467,3.920546021
2020-02-28,15,471.4004218,5.728462349
2020-02-28,151,1086.898916,12.92951768
2020-02-28,152,570.5943364,6.675057824
2020-02-28,155,495.1767442,5.663090109
2020-02-28,157,357.4122204,4.218223556
2020-02-28,159,1110.795545,12.20292891
2020-02-28,161,93.79111472,1.231698145
2020-02-28,163,609.4611578,6.496079133
2020-02-28,164,122.8635464,1.802441166
2020-02-28,166,747.1627283,8.722667261
2020-02-28,168,1720.483812,19.08224139
2020-02-28,169,612.6646303,7.70526893
2020-02-28,171,355.6888968,4.230093686
2020-02-28,172,291.5757393,3.865583016
2020-02-28,173,588.0779927,7.026371038
2020-02-28,174,310.885453,5.015150425
2020-02-28,175,358.3711223,4.305471592
2020-02-28,177,451.0075727,4.808893702
2020-02-28,18,340.5284361,4.642100085
2020-02-28,180,357.3873591,4.401200435
2020-02-28,181,391.9752934,5.04606537
2020-02-28,183,122.0266563,1.850416863
2020-02-28,184,405.9094284,5.267473512
2020-02-28,188,789.435356,9.356136988
2020-02-28,189,945.6543717,11.20420366
2020-02-28,19,284.0013457,3.139050353
2020-02-28,190,365.762721,4.464727896
2020-02-28,192,656.7188727,6.753869255
2020-02-28,193,346.7643158,3.791262773
2020-02-28,195,296.0791671,4.631638108
2020-02-28,196,1126.976557,12.25929288
2020-02-28,197,330.8462076,3.786039659
2020-02-28,198,566.5063939,6.077687333
2020-02-28,20,701.8204811,8.436147817
2020-02-28,22,267.9671028,3.111718964
2020-02-28,23,140.9434634,1.852630531
2020-02-28,25,1001.779492,12.33062267
2020-02-28,26,608.5098643,7.127807612
2020-02-28,27,105.6780154,1.254193929
2020-02-28,28,1073.555574,12.48763068
2020-02-28,3,510.1380814,6.519824302
2020-02-28,31,694.3475136,8.316609709
2020-02-28,33,134.6249274,2.168316579
2020-02-28,35,129.2026015,1.782540384
2020-02-28,36,302.8690871,3.454841888
2020-02-28,38,804.822909,9.817546416
2020-02-28,39,96.44344075,0.9652193694
2020-02-28,41,466.3391429,5.570127162
2020-02-28,42,79.56025621,1.357208517
2020-02-28,44,1023.206744,10.76617923
2020-02-28,45,617.9030688,7.999004484
2020-02-28,46,319.4908279,3.793596041
2020-02-28,49,303.0013581,3.920546021
2020-02-28,5,1056.821177,10.85142116
2020-02-28,51,1095.297281,12.92951768
2020-02-28,52,569.8849002,6.675057824
2020-02-28,55,494.0285894,5.663090109
2020-02-28,57,362.1200075,4.218223556
2020-02-28,59,1108.992078,12.20292891
2020-02-28,61,95.03688078,1.231698145
2020-02-28,63,622.1188208,6.496079133
2020-02-28,64,124.9592288,1.802441166
2020-02-28,66,747.621221,8.722667261
2020-02-28,68,1740.092884,19.08224139
2020-02-28,69,608.09313,7.70526893
2020-02-28,71,355.4106361,4.230093686
2020-02-28,72,291.368921,3.865583016
2020-02-28,73,590.0972867,7.026371038
2020-02-28,74,309.5273176,5.015150425
2020-02-28,75,360.2397821,4.305471592
2020-02-28,77,460.2109204,4.808893702
2020-02-28,8,385.5089894,4.626978903
2020-02-28,80,362.7693962,4.401200435
2020-02-28,81,392.001708,5.04606537
2020-02-28,83,120.2253139,1.850416863
2020-02-28,84,410.2506558,5.267473512
2020-02-28,88,791.7528214,9.356136988
2020-02-28,89,938.8118479,11.20420366
2020-02-28,90,367.7902907,4.464727896
2020-02-28,92,658.497222,6.753869255
2020-02-28,93,338.2843826,3.791262773
2020-02-28,95,303.0217082,4.631638108
2020-02-28,96,1130.089564,12.25929288
2020-02-28,97,333.5304583,3.786039659
2020-02-28,98,573.283633,6.077687333
2020-02-29,10,1308.595723,13.77692703
2020-02-29,103,508.5020409,5.340204347
2020-02-29,105,1015.889596,10.2852203
2020-02-29,108,386.2689991,4.673303351
2020-02-29,11,886.4013733,10.95094634
2020-02-29,110,1294.092698,13.77692703
2020-02-29,111,896.6809376,10.95094634
2020-02-29,115,469.4880158,5.423748888
2020-02-29,118,341.9111035,4.23274366
2020-02-29,119,275.2629209,3.457182144
2020-02-29,120,676.0420562,8.012831283
2020-02-29,122,265.4108689,2.838775112
2020-02-29,123,135.8002613,1.474840006
2020-02-29,125,999.3974874,12.40339091
2020-02-29,126,606.5212774,7.660899761
2020-02-29,127,105.1960085,1.07106565
2020-02-29,128,1053.635221,11.82701678
2020-02-29,131,684.8806017,7.520430411
2020-02-29,133,133.8141335,1.571439396
2020-02-29,135,128.0256434,1.764078632
2020-02-29,136,303.5289038,4.644752657
2020-02-29,138,805.480138,10.09840562
2020-02-29,139,95.72419272,1.172731917
2020-02-29,141,463.7431526,6.478372224
2020-02-29,142,80.96785665,1.250355588
2020-02-29,144,1025.123061,11.78449439
2020-02-29,145,603.4306315,6.993038601
2020-02-29,146,321.8784688,3.731861483
2020-02-29,149,297.1662725,4.018032746
2020-02-29,15,466.8679486,5.423748888
2020-02-29,151,1072.327026,13.20511191
2020-02-29,152,574.8803165,6.866077065
2020-02-29,155,487.5919448,5.070754836
2020-02-29,157,367.441711,4.910193485
2020-02-29,159,1096.755972,12.15413719
2020-02-29,161,92.20136365,0.9615556383
2020-02-29,163,596.6387191,6.277372321
2020-02-29,164,123.2103929,1.439136648
2020-02-29,166,726.1038735,8.347372277
2020-02-29,168,1761.953446,19.51935893
2020-02-29,169,593.0216943,6.863445546
2020-02-29,171,346.0958781,3.699446438
2020-02-29,172,288.4328568,4.21654372
2020-02-29,173,588.1109272,6.462127536
2020-02-29,174,311.8100786,4.089377763
2020-02-29,175,355.7733634,4.944848894
2020-02-29,177,459.6715999,5.526942555
2020-02-29,18,341.0405092,4.23274366
2020-02-29,180,361.4087653,3.619054412
2020-02-29,181,392.7118103,4.207261884
2020-02-29,183,116.8737365,1.186863252
2020-02-29,184,398.944509,4.101163256
2020-02-29,188,770.3755823,8.995202627
2020-02-29,189,929.304555,10.45630167
2020-02-29,19,277.8331508,3.457182144
2020-02-29,190,358.1448572,4.093592665
2020-02-29,192,635.7308984,8.353133556
2020-02-29,193,334.9078264,3.79615371
2020-02-29,195,297.0953698,3.559377605
2020-02-29,196,1075.485353,11.11076078
2020-02-29,197,331.1898304,3.46595449
2020-02-29,198,578.6775026,7.61580486
2020-02-29,20,679.2884558,8.012831283
2020-02-29,22,264.0572444,2.838775112
2020-02-29,23,137.0072913,1.474840006
2020-02-29,25,986.5178967,12.40339091
2020-02-29,26,599.63832,7.660899761
2020-02-29,27,104.8507225,1.07106565
2020-02-29,28,1061.10223,11.82701678
2020-02-29,3,502.5845612,5.340204347
2020-02-29,31,681.7692996,7.520430411
2020-02-29,33,133.4893568,1.571439396
2020-02-29,35,128.8408981,1.764078632
2020-02-29,36,299.8559503,4.644752657
2020-02-29,38,799.2036925,10.09840562
2020-02-29,39,95.97253749,1.172731917
2020-02-29,41,459.6824748,6.478372224
2020-02-29,42,80.36514459,1.250355588
2020-02-29,44,1026.433725,11.78449439
2020-02-29,45,602.1508804,6.993038601
2020-02-29,46,319.9835185,3.731861483
2020-02-29,49,298.7337836,4.018032746
2020-02-29,5,1027.09923,10.2852203
2020-02-29,51,1080.407944,13.20511191
2020-02-29,52,566.4244618,6.866077065
2020-02-29,55,482.7455693,5.070754836
2020-02-29,57,366.0219222,4.910193485
2020-02-29,59,1105.538016,12.15413719
2020-02-29,61,93.70929617,0.9615556383
2020-02-29,63,612.8630788,6.277372321
2020-02-29,64,123.8876148,1.439136648
2020-02-29,66,734.0569017,8.347372277
2020-02-29,68,1764.633604,19.51935893
2020-02-29,69,596.7526841,6.863445546
2020-02-29,71,350.3464453,3.699446438
2020-02-29,72,288.094793,4.21654372
2020-02-29,73,581.6688762,6.462127536
2020-02-29,74,306.2123577,4.089377763
2020-02-29,75,356.5036647,4.944848894
2020-02-29,77,453.7695655,5.526942555
2020-02-29,8,389.7820948,4.673303351
2020-02-29,80,361.3942376,3.619054412
2020-02-29,81,384.1651983,4.207261884
2020-02-29,83,117.3195909,1.186863252
2020-02-29,84,400.0150714,4.101163256
2020-02-29,88,774.3508358,8.995202627
2020-02-29,89,930.6714326,10.45630167
2020-02-29,90,361.7861011,4.093592665
2020-02-29,92,638.0044432,8.353133556
2020-02-29,93,339.053042,3.79615371
2020-02-29,95,298.7946576,3.559377605
2020-02-29,96,1091.0858,11.11076078
2020-02-29,97,334.3494021,3.46595449
2020-02-29,98,572.9543852,7.61580486
2020-03-01,10,1307.596994,14.22397641
2020-03-01,103,487.5912795,5.330268013
2020-03-01,105,1052.266,10.41783464
2020-03-01,108,376.4759795,4.751648214
2020-03-01,11,884.1493276,10.54878568
2020-03-01,110,1292.110977,14.22397641
2020-03-01,111,886.1277778,10.54878568
2020-03-01,115,454.5165869,5.766273996
2020-03-01,118,327.2836153,3.763027184
2020-03-01,119,275.62413,3.713857295
2020-03-01,120,673.6836329,9.414996297
2020-03-01,122,259.0019645,2.7005991
2020-03-01,123,133.364631,1.746964728
2020-03-01,125,982.7906429,10.65781721
2020-03-01,126,592.6059163,7.56220819
2020-03-01,127,104.9033278,1.067319245
2020-03-01,128,1023.984556,12.12112687
2020-03-01,131,677.1852056,8.341278445
2020-03-01,133,128.8070944,1.95420077
2020-03-01,135,127.9485007,1.623810083
2020-03-01,136,296.0228837,5.356921153
2020-03-01,138,789.0468596,8.918591366
2020-03-01,139,94.20949331,1.074094971
2020-03-01,141,445.1690917,5.177704136
2020-03-01,142,80.42754131,1.414670002
2020-03-01,144,1010.242675,11.7079206
2020-03-01,145,598.9561937,6.92683486
2020-03-01,146,322.3370592,4.140276387
2020-03-01,149,297.0598617,3.187584047
2020-03-01,15,459.3286269,5.766273996
2020-03-01,151,1078.355492,12.90766535
2020-03-01,152,569.8876228,6.352256465
2020-03-01,155,452.800734,5.909495377
2020-03-01,157,360.9742231,5.276155762
2020-03-01,159,1076.339699,11.92478999
2020-03-01,161,92.35929745,0.9666804982
2020-03-01,163,612.4755848,6.908809908
2020-03-01,164,119.1123966,1.347260214
2020-03-01,166,720.3064935,9.921005822
2020-03-01,168,1805.950928,18.07644691
2020-03-01,169,599.3743641,6.806017964
2020-03-01,171,356.5828818,4.283888779
2020-03-01,172,283.9624155,3.83809649
2020-03-01,173,574.5744847,7.262209906
2020-03-01,174,303.9935096,3.464325922
2020-03-01,175,351.6606906,4.441973358
2020-03-01,177,447.0623603,5.969886768
2020-03-01,18,330.8839033,3.763027184
2020-03-01,180,355.4866787,4.51930384
2020-03-01,181,386.0210069,4.980563
2020-03-01,183,110.6613565,1.709653717
2020-03-01,184,398.3891393,4.375154192
2020-03-01,188,752.7128326,9.002059741
2020-03-01,189,926.9063762,11.08646861
2020-03-01,19,277.0764698,3.713857295
2020-03-01,190,353.3223684,3.952404977
2020-03-01,192,620.4899877,7.621604574
2020-03-01,193,347.152011,4.350720623
2020-03-01,195,292.0884966,3.899485422
2020-03-01,196,1063.957343,11.28261069
2020-03-01,197,329.4312078,3.745441447
2020-03-01,198,560.6819591,7.606291769
2020-03-01,20,676.8078362,9.414996297
2020-03-01,22,261.8752635,2.7005991
2020-03-01,23,132.5812334,1.746964728
2020-03-01,25,981.0159816,10.65781721
2020-03-01,26,597.0189003,7.56220819
2020-03-01,27,103.8690594,1.067319245
2020-03-01,28,1034.074978,12.12112687
2020-03-01,3,494.5320131,5.330268013
2020-03-01,31,675.8741193,8.341278445
2020-03-01,33,128.9012565,1.95420077
2020-03-01,35,127.3782528,1.623810083
2020-03-01,36,298.6380153,5.356921153
2020-03-01,38,786.5449399,8.918591366
2020-03-01,39,93.36164159,1.074094971
2020-03-01,41,449.4348396,5.177704136
2020-03-01,42,79.39223283,1.414670002
2020-03-01,44,1012.301599,11.7079206
2020-03-01,45,604.1661136,6.92683486
2020-03-01,46,322.6206365,4.140276387
2020-03-01,49,296.4628879,3.187584047
2020-03-01,5,1021.055987,10.41783464
2020-03-01,51,1072.786408,12.90766535
2020-03-01,52,573.9143397,6.352256465
2020-03-01,55,461.6808552,5.909495377
2020-03-01,57,364.3528888,5.276155762
2020-03-01,59,1079.451092,11.92478999
2020-03-01,61,92.01532119,0.9666804982
2020-03-01,63,601.5532808,6.908809908
2020-03-01,64,120.9562333,1.347260214
2020-03-01,66,723.8973674,9.921005822
2020-03-01,68,1746.702327,18.07644691
2020-03-01,69,594.2218905,6.806017964
2020-03-01,71,353.909124,4.283888779
2020-03-01,72,283.0875366,3.83809649
2020-03-01,73,583.2677979,7.262209906
2020-03-01,74,303.1109497,3.464325922
2020-03-01,75,348.9299389,4.441973358
2020-03-01,77,444.718251,5.969886768
2020-03-01,8,381.5088335,4.751648214
2020-03-01,80,357.201453,4.51930384
2020-03-01,81,385.2505012,4.980563
2020-03-01,83,113.5488198,1.709653717
2020-03-01,84,397.8186081,4.375154192
2020-03-01,88,763.504704,9.002059741
2020-03-01,89,920.1758599,11.08646861
2020-03-01,90,353.7035632,3.952404977
2020-03-01,92,628.5340743,7.621604574
2020-03-01,93,340.949126,4.350720623
2020-03-01,95,293.9479606,3.899485422
2020-03-01,96,1073.832734,11.28261069
2020-03-01,97,334.9061942,3.745441447
2020-03-01,98,565.5425464,7.606291769
2020-03-02,10,1300.857116,15.3899391
2020-03-02,103,497.8642672,5.336900244
2020-03-02,105,1010.19193,10.44028213
2020-03-02,108,376.4238119,6.084860961
2020-03-02,11,890.4440767,10.14973677
2020-03-02,110,1304.139602,15.3899391
2020-03-02,111,902.0661499,10.14973677
2020-03-02,115,459.2734231,5.513418542
2020-03-02,118,328.6950967,4.315091835
2020-03-02,119,274.599326,3.120291224
2020-03-02,120,677.0994587,7.637874193
2020-03-02,122,266.9656404,2.978752341
2020-03-02,123,137.1722882,1.741674569
2020-03-02,125,972.1731782,10.78026028
2020-03-02,126,616.2590252,7.047153347
2020-03-02,127,107.4886988,1.077618261
2020-03-02,128,1017.229746,11.29055879
2020-03-02,131,673.0654573,7.109632474
2020-03-02,133,126.6126111,1.641700557
2020-03-02,135,128.2223988,1.26788744
2020-03-02,136,295.5867205,4.190270223
2020-03-02,138,789.3309361,8.582038331
2020-03-02,139,91.88861031,1.735911846
2020-03-02,141,451.3328443,5.522857679
2020-03-02,142,81.11399246,1.323299871
2020-03-02,144,1004.512913,10.98666336
2020-03-02,145,608.8272043,6.198650317
2020-03-02,146,320.800748,3.937327881
2020-03-02,149,293.4886594,3.633167776
2020-03-02,15,456.5337494,5.513418542
2020-03-02,151,1077.554769,12.58322528
2020-03-02,152,570.4386996,6.975104416
2020-03-02,155,467.2164556,6.019712624
2020-03-02,157,360.1454641,3.908292216
2020-03-02,159,1054.228359,11.36951506
2020-03-02,161,94.93328977,1.077068874
2020-03-02,163,612.8596102,7.108028664
2020-03-02,164,123.610485,1.464296435
2020-03-02,166,717.4160928,8.574867925
2020-03-02,168,1713.546823,19.36776268
2020-03-02,169,601.67017,7.464560894
2020-03-02,171,357.1851456,4.205358798
2020-03-02,172,279.6455659,3.932030869
2020-03-02,173,594.8614634,6.410618194
2020-03-02,174,304.2979077,3.628345271
2020-03-02,175,349.3474518,3.995879003
2020-03-02,177,455.2695742,5.43445007
2020-03-02,18,325.7059224,4.315091835
2020-03-02,180,353.490662,3.960111837
2020-03-02,181,376.4942937,4.115099526
2020-03-02,183,110.0041303,2.27385302
2020-03-02,184,393.009627,5.377687977
2020-03-02,188,769.6724926,8.501740534
2020-03-02,189,901.7984122,10.42721111
2020-03-02,19,280.460156,3.120291224
2020-03-02,190,347.7123042,4.731282188
2020-03-02,192,625.0282796,7.63233549
2020-03-02,193,336.3327428,4.015530642
2020-03-02,195,288.0878806,3.695510984
2020-03-02,196,1060.582843,11.55746295
2020-03-02,197,336.2353401,3.695009609
2020-03-02,198,550.5393955,6.046284947
2020-03-02,20,678.2546607,7.637874193
2020-03-02,22,262.4203493,2.978752341
2020-03-02,23,134.040415,1.741674569
2020-03-02,25,974.1416877,10.78026028
2020-03-02,26,603.3421839,7.047153347
2020-03-02,27,107.300353,1.077618261
2020-03-02,28,1036.972177,11.29055879
2020-03-02,3,496.5571513,5.336900244
2020-03-02,31,673.878521,7.109632474
2020-03-02,33,127.4825508,1.641700557
2020-03-02,35,126.6667674,1.26788744
2020-03-02,36,298.8896914,4.190270223
2020-03-02,38,797.09588,8.582038331
2020-03-02,39,93.4310705,1.735911846
2020-03-02,41,450.8488047,5.522857679
2020-03-02,42,79.99399608,1.323299871
2020-03-02,44,998.5990984,10.98666336
2020-03-02,45,608.2206186,6.198650317
2020-03-02,46,320.6778137,3.937327881
2020-03-02,49,293.9142914,3.633167776
2020-03-02,5,1006.193931,10.44028213
2020-03-02,51,1077.713373,12.58322528
2020-03-02,52,573.9791577,6.975104416
2020-03-02,55,470.1029263,6.019712624
2020-03-02,57,365.9023575,3.908292216
2020-03-02,59,1068.699879,11.36951506
2020-03-02,61,94.21182474,1.077068874
2020-03-02,63,604.6436557,7.108028664
2020-03-02,64,122.967538,1.464296435
2020-03-02,66,722.9940599,8.574867925
2020-03-02,68,1718.157967,19.36776268
2020-03-02,69,599.4865361,7.464560894
2020-03-02,71,358.3909173,4.205358798
2020-03-02,72,281.6223612,3.932030869
2020-03-02,73,589.0806798,6.410618194
2020-03-02,74,304.4985835,3.628345271
2020-03-02,75,346.8380904,3.995879003
2020-03-02,77,448.5215605,5.43445007
2020-03-02,8,379.1971336,6.084860961
2020-03-02,80,350.3905721,3.960111837
2020-03-02,81,377.3397239,4.115099526
2020-03-02,83,113.3771706,2.27385302
2020-03-02,84,401.8227208,5.377687977
2020-03-02,88,763.7224349,8.501740534
2020-03-02,89,917.8703322,10.42721111
2020-03-02,90,350.6727035,4.731282188
2020-03-02,92,631.3262545,7.63233549
2020-03-02,93,340.5605679,4.015530642
2020-03-02,95,289.3330503,3.695510984
2020-03-02,96,1064.614726,11.55746295
2020-03-02,97,333.7091898,3.695009609
2020-03-02,98,557.1248408,6.046284947
2020-03-03,10,1328.983211,16.58853154
2020-03-03,103,501.7677623,5.672355602
2020-03-03,105,1062.471406,10.21253607
2020-03-03,108,385.4085902,4.243654288
2020-03-03,11,896.4189648,10.83994531
2020-03-03,110,1338.612262,16.58853154
2020-03-03,111,886.0976729,10.83994531
2020-03-03,115,444.9612574,6.128365418
2020-03-03,118,328.3441301,3.625256592
2020-03-03,119,284.8232958,4.379564321
2020-03-03,120,674.7015496,8.20385646
2020-03-03,122,263.2473118,3.350726915
2020-03-03,123,133.9774696,1.591830755
2020-03-03,125,992.8378297,11.6169299
2020-03-03,126,618.6961402,6.866627095
2020-03-03,127,106.7159849,1.353108092
2020-03-03,128,1059.466801,11.11462224
2020-03-03,131,689.6376826,7.705674574
2020-03-03,133,132.0073577,2.195171767
2020-03-03,135,127.8989559,2.437165167
2020-03-03,136,309.1535141,3.516579218
2020-03-03,138,808.1174702,8.902459404
2020-03-03,139,91.56818868,1.584863028
2020-03-03,141,459.5756597,5.970748844
2020-03-03,142,79.28820209,1.56401588
2020-03-03,144,986.5583493,10.63750509
2020-03-03,145,595.4098445,7.779371137
2020-03-03,146,321.3524277,3.563660528
2020-03-03,149,295.9448322,3.570143673
2020-03-03,15,452.6525593,6.128365418
2020-03-03,151,1077.489551,12.02403019
2020-03-03,152,565.6560075,6.882856556
2020-03-03,155,462.9661595,4.915097197
2020-03-03,157,363.9071703,4.421396999
2020-03-03,159,1068.990467,12.0365942
2020-03-03,161,95.87852946,2.247346196
2020-03-03,163,614.1125471,6.742459445
2020-03-03,164,120.9167829,2.138080164
2020-03-03,166,731.0728295,8.511303207
2020-03-03,168,1746.627806,18.16958563
2020-03-03,169,596.5596825,7.192837066
2020-03-03,171,352.6471363,5.105155497
2020-03-03,172,282.2918741,4.084051684
2020-03-03,173,585.1308585,6.477356518
2020-03-03,174,306.4910484,3.454508666
2020-03-03,175,351.1212528,3.85866174
2020-03-03,177,437.5048772,5.106335599
2020-03-03,18,328.9192289,3.625256592
2020-03-03,180,350.2572917,3.733866883
2020-03-03,181,376.0628483,4.872814377
2020-03-03,183,117.4129495,1.669344186
2020-03-03,184,399.4041283,4.503857742
2020-03-03,188,752.0185801,9.700189987
2020-03-03,189,905.9830092,10.31705267
2020-03-03,19,288.5380921,4.379564321
2020-03-03,190,341.5408158,4.347213982
2020-03-03,192,636.3693176,8.382952323
2020-03-03,193,351.384731,4.517481051
2020-03-03,195,291.6063951,3.737240229
2020-03-03,196,1053.506918,11.1542915
2020-03-03,197,334.6739158,3.485573064
2020-03-03,198,570.4014758,6.975248483
2020-03-03,20,681.9720526,8.20385646
2020-03-03,22,269.0514665,3.350726915
2020-03-03,23,134.5805484,1.591830755
2020-03-03,25,992.0521582,11.6169299
2020-03-03,26,617.8179735,6.866627095
2020-03-03,27,107.794882,1.353108092
2020-03-03,28,1054.536992,11.11462224
2020-03-03,3,510.4627997,5.672355602
2020-03-03,31,678.0096104,7.705674574
2020-03-03,33,130.7877642,2.195171767
2020-03-03,35,127.522849,2.437165167
2020-03-03,36,303.7260326,3.516579218
2020-03-03,38,801.8155567,8.902459404
2020-03-03,39,92.8941753,1.584863028
2020-03-03,41,458.3690927,5.970748844
2020-03-03,42,81.02256838,1.56401588
2020-03-03,44,1004.947003,10.63750509
2020-03-03,45,614.1795524,7.779371137
2020-03-03,46,320.8120539,3.563660528
2020-03-03,49,291.7313515,3.570143673
2020-03-03,5,1020.336861,10.21253607
2020-03-03,51,1081.973482,12.02403019
2020-03-03,52,568.8121761,6.882856556
2020-03-03,55,471.6665161,4.915097197
2020-03-03,57,371.8641442,4.421396999
2020-03-03,59,1073.757186,12.0365942
2020-03-03,61,94.38893523,2.247346196
2020-03-03,63,615.3464072,6.742459445
2020-03-03,64,122.6435537,2.138080164
2020-03-03,66,726.4631261,8.511303207
2020-03-03,68,1742.303639,18.16958563
2020-03-03,69,607.2610748,7.192837066
2020-03-03,71,355.0325801,5.105155497
2020-03-03,72,282.5574387,4.084051684
2020-03-03,73,586.1128843,6.477356518
2020-03-03,74,304.5214923,3.454508666
2020-03-03,75,345.9267274,3.85866174
2020-03-03,77,441.8436274,5.106335599
2020-03-03,8,380.8144817,4.243654288
2020-03-03,80,353.4837982,3.733866883
2020-03-03,81,376.0944128,4.872814377
2020-03-03,83,114.7578656,1.669344186
2020-03-03,84,400.124484,4.503857742
2020-03-03,88,757.2554916,9.700189987
2020-03-03,89,916.7446788,10.31705267
2020-03-03,90,343.4404335,4.347213982
2020-03-03,92,635.8342655,8.382952323
2020-03-03,93,345.7727714,4.517481051
2020-03-03,95,292.5343031,3.737240229
2020-03-03,96,1049.749692,11.1542915
2020-03-03,97,334.2421077,3.485573064
2020-03-03,98,563.7612134,6.975248483
2020-03-04,10,1322.230113,15.7600218
2020-03-04,103,510.3194318,6.315144413
2020-03-04,105,1028.241588,10.79914621
2020-03-04,108,386.2009252,4.964896364
2020-03-04,11,899.6814224,11.36535498
2020-03-04,110,1325.528791,15.7600218
2020-03-04,111,897.6511793,11.36535498
2020-03-04,115,448.8594149,5.476082796
2020-03-04,118,330.8709348,3.847086068
2020-03-04,119,286.90933,4.477090847
2020-03-04,120,680.0419858,8.968607112
2020-03-04,122,271.0243948,3.523971701
2020-03-04,123,131.7970411,1.9787334
2020-03-04,125,998.094764,11.98564643
2020-03-04,126,619.9460294,6.721899987
2020-03-04,127,103.732788,1.130252355
2020-03-04,128,1054.930675,11.42567909
2020-03-04,131,667.2101951,7.785885901
2020-03-04,133,127.0927808,2.10697401
2020-03-04,135,122.7108472,1.923251622
2020-03-04,136,304.9591014,3.605143641
2020-03-04,138,813.6879337,8.93479492
2020-03-04,139,94.31613314,1.184301942
2020-03-04,141,464.5830468,4.976530208
2020-03-04,142,78.82362583,1.692692992
2020-03-04,144,1005.518208,10.85936751
2020-03-04,145,624.417916,7.539835966
2020-03-04,146,320.9257686,4.298853037
2020-03-04,149,289.4483029,3.855447763
2020-03-04,15,448.5338357,5.476082796
2020-03-04,151,1070.309493,12.60714077
2020-03-04,152,577.8807329,6.002246287
2020-03-04,155,463.8764142,6.036919296
2020-03-04,157,369.4848908,5.092195994
2020-03-04,159,1058.168299,11.90011165
2020-03-04,161,91.80479581,1.188711923
2020-03-04,163,606.0101261,6.87502245
2020-03-04,164,121.0655811,1.794372393
2020-03-04,166,722.3613867,8.839897096
2020-03-04,168,1742.204149,18.74964578
2020-03-04,169,601.0772898,7.612084403
2020-03-04,171,357.0804863,3.827550198
2020-03-04,172,285.9861351,3.503464781
2020-03-04,173,587.4159845,6.338659496
2020-03-04,174,299.7791562,4.032606424
2020-03-04,175,341.880499,4.040681322
2020-03-04,177,436.976708,5.044504201
2020-03-04,18,329.0525758,3.847086068
2020-03-04,180,346.4970197,4.37433907
2020-03-04,181,368.8957851,4.544038324
2020-03-04,183,113.5236501,1.564519091
2020-03-04,184,416.2601215,4.313893025
2020-03-04,188,754.3797593,8.667604675
2020-03-04,189,926.3718277,11.40189524
2020-03-04,19,291.1459996,4.477090847
2020-03-04,190,339.7596182,3.837844908
2020-03-04,192,643.7635146,8.430149556
2020-03-04,193,337.4327116,3.590642875
2020-03-04,195,296.5676981,3.966399714
2020-03-04,196,1066.303961,11.41929384
2020-03-04,197,335.4283957,4.137492208
2020-03-04,198,573.5493352,5.98659423
2020-03-04,20,682.888237,8.968607112
2020-03-04,22,268.5838249,3.523971701
2020-03-04,23,133.9144145,1.9787334
2020-03-04,25,1007.644741,11.98564643
2020-03-04,26,612.7033445,6.721899987
2020-03-04,27,107.2470587,1.130252355
2020-03-04,28,1063.122458,11.42567909
2020-03-04,3,506.8924095,6.315144413
2020-03-04,31,669.8208347,7.785885901
2020-03-04,33,128.8854954,2.10697401
2020-03-04,35,127.1786886,1.923251622
2020-03-04,36,304.1194981,3.605143641
2020-03-04,38,806.7562865,8.93479492
2020-03-04,39,95.07970963,1.184301942
2020-03-04,41,463.238152,4.976530208
2020-03-04,42,78.06171876,1.692692992
2020-03-04,44,1009.842956,10.85936751
2020-03-04,45,624.4815745,7.539835966
2020-03-04,46,316.5022745,4.298853037
2020-03-04,49,288.2349432,3.855447763
2020-03-04,5,1042.799964,10.79914621
2020-03-04,51,1080.064865,12.60714077
2020-03-04,52,565.6281909,6.002246287
2020-03-04,55,468.9709894,6.036919296
2020-03-04,57,367.8806487,5.092195994
2020-03-04,59,1061.235874,11.90011165
2020-03-04,61,92.91980276,1.188711923
2020-03-04,63,609.127858,6.87502245
2020-03-04,64,122.100191,1.794372393
2020-03-04,66,723.6093507,8.839897096
2020-03-04,68,1739.963426,18.74964578
2020-03-04,69,597.5350727,7.612084403
2020-03-04,71,360.2945246,3.827550198
2020-03-04,72,286.7852507,3.503464781
2020-03-04,73,582.9971233,6.338659496
2020-03-04,74,304.1295843,4.032606424
2020-03-04,75,345.4532678,4.040681322
2020-03-04,77,436.0736819,5.044504201
2020-03-04,8,380.440869,4.964896364
2020-03-04,80,349.192394,4.37433907
2020-03-04,81,368.4503359,4.544038324
2020-03-04,83,113.4060405,1.564519091
2020-03-04,84,406.9549852,4.313893025
2020-03-04,88,765.2890292,8.667604675
2020-03-04,89,921.4864139,11.40189524
2020-03-04,90,339.1761492,3.837844908
2020-03-04,92,644.3878356,8.430149556
2020-03-04,93,337.2265367,3.590642875
2020-03-04,95,291.3560692,3.966399714
2020-03-04,96,1069.915042,11.41929384
2020-03-04,97,335.4845202,4.137492208
2020-03-04,98,572.5364452,5.98659423
2020-03-05,10,1319.070111,15.09588341
2020-03-05,103,525.5668322,6.115930523
2020-03-05,105,1060.371153,10.48552559
2020-03-05,108,380.2577241,4.715686849
2020-03-05,11,908.0621326,11.11531272
2020-03-05,110,1330.529827,15.09588341
2020-03-05,111,911.1673179,11.11531272
2020-03-05,115,449.2964221,5.021257814
2020-03-05,118,326.7592899,4.370742347
2020-03-05,119,291.0569311,3.394864235
2020-03-05,120,688.1097695,8.830548056
2020-03-05,122,268.2306432,3.478383724
2020-03-05,123,135.8570431,1.535613954
2020-03-05,125,1005.12628,10.98859675
2020-03-05,126,624.1184635,6.454872626
2020-03-05,127,109.0425496,1.397534978
2020-03-05,128,1073.138633,11.43738554
2020-03-05,131,687.1768072,7.389794201
2020-03-05,133,131.1752116,1.533543637
2020-03-05,135,127.2591578,1.497433493
2020-03-05,136,314.8482013,3.247561647
2020-03-05,138,793.3652581,8.921767969
2020-03-05,139,95.11287929,1.889548413
2020-03-05,141,469.8738984,4.823243044
2020-03-05,142,79.41329741,1.09234445
2020-03-05,144,1009.514243,11.3829858
2020-03-05,145,635.0647837,6.958695329
2020-03-05,146,316.0527405,4.123560822
2020-03-05,149,295.7487897,3.591638256
2020-03-05,15,452.6336939,5.021257814
2020-03-05,151,1081.75971,12.72820712
2020-03-05,152,574.0112787,5.906184218
2020-03-05,155,475.6958735,4.883956403
2020-03-05,157,374.9427013,4.423601088
2020-03-05,159,1065.425608,11.11837907
2020-03-05,161,94.27838387,2.116904244
2020-03-05,163,618.6732035,6.759865091
2020-03-05,164,126.93085,1.481964127
2020-03-05,166,730.1414422,8.818496799
2020-03-05,168,1754.352312,19.46776034
2020-03-05,169,600.6137638,7.258700506
2020-03-05,171,370.7724728,4.662771968
2020-03-05,172,293.5800021,3.460060275
2020-03-05,173,580.5769471,6.712314344
2020-03-05,174,304.2721108,3.524526964
2020-03-05,175,351.6502239,3.822630252
2020-03-05,177,432.0716384,4.493918449
2020-03-05,18,335.6659218,4.370742347
2020-03-05,180,355.977236,4.110779448
2020-03-05,181,379.6167517,4.751704422
2020-03-05,183,112.4248915,1.174584631
2020-03-05,184,417.9574536,5.334169066
2020-03-05,188,797.1095298,8.928879641
2020-03-05,189,922.7575014,10.09309842
2020-03-05,19,292.9475839,3.394864235
2020-03-05,190,338.9971833,4.486129001
2020-03-05,192,646.6755778,7.507415636
2020-03-05,193,341.8187747,3.679543292
2020-03-05,195,292.4265592,3.508466376
2020-03-05,196,1076.070277,11.04801686
2020-03-05,197,327.3861735,3.804199105
2020-03-05,198,583.9357933,7.312810153
2020-03-05,20,688.2293602,8.830548056
2020-03-05,22,270.5221381,3.478383724
2020-03-05,23,136.4208372,1.535613954
2020-03-05,25,1003.966948,10.98859675
2020-03-05,26,624.5780479,6.454872626
2020-03-05,27,108.5519053,1.397534978
2020-03-05,28,1060.936082,11.43738554
2020-03-05,3,514.25937,6.115930523
2020-03-05,31,678.100087,7.389794201
2020-03-05,33,131.8049811,1.533543637
2020-03-05,35,127.3675967,1.497433493
2020-03-05,36,305.0525893,3.247561647
2020-03-05,38,805.0138804,8.921767969
2020-03-05,39,96.19496687,1.889548413
2020-03-05,41,472.154999,4.823243044
2020-03-05,42,81.06705706,1.09234445
2020-03-05,44,1012.511855,11.3829858
2020-03-05,45,634.1448032,6.958695329
2020-03-05,46,319.8705917,4.123560822
2020-03-05,49,292.8667817,3.591638256
2020-03-05,5,1047.241339,10.48552559
2020-03-05,51,1077.991314,12.72820712
2020-03-05,52,573.2740323,5.906184218
2020-03-05,55,468.1247674,4.883956403
2020-03-05,57,369.9437986,4.423601088
2020-03-05,59,1074.929857,11.11837907
2020-03-05,61,93.7340933,2.116904244
2020-03-05,63,609.0200747,6.759865091
2020-03-05,64,123.9700205,1.481964127
2020-03-05,66,726.8244858,8.818496799
2020-03-05,68,1747.403637,19.46776034
2020-03-05,69,603.9193117,7.258700506
2020-03-05,71,367.4702018,4.662771968
2020-03-05,72,294.1017346,3.460060275
2020-03-05,73,577.4963791,6.712314344
2020-03-05,74,304.9335887,3.524526964
2020-03-05,75,349.3466297,3.822630252
2020-03-05,77,429.987332,4.493918449
2020-03-05,8,378.9831062,4.715686849
2020-03-05,80,354.1236066,4.110779448
2020-03-05,81,372.1124402,4.751704422
2020-03-05,83,112.7739855,1.174584631
2020-03-05,84,410.1968458,5.334169066
2020-03-05,88,781.5997613,8.928879641
2020-03-05,89,926.916236,10.09309842
2020-03-05,90,341.5785174,4.486129001
2020-03-05,92,655.9682761,7.507415636
2020-03-05,93,348.6371615,3.679543292
2020-03-05,95,293.0295751,3.508466376
2020-03-05,96,1087.133605,11.04801686
2020-03-05,97,334.4066986,3.804199105
2020-03-05,98,581.6393445,7.312810153
2020-03-06,10,1312.075032,15.83570777
2020-03-06,103,511.5763788,6.455740922
2020-03-06,105,1052.198674,11.45270585
2020-03-06,108,372.0545553,3.864226836
2020-03-06,11,913.6055633,10.40513019
2020-03-06,110,1304.130033,15.83570777
2020-03-06,111,914.9235883,10.40513019
2020-03-06,115,459.5855064,5.580816534
2020-03-06,118,331.6986705,4.371509785
2020-03-06,119,297.6358626,3.624351539
2020-03-06,120,687.6673842,7.8436503
2020-03-06,122,271.666287,3.22817424
2020-03-06,123,135.3960583,1.691872411
2020-03-06,125,999.4527741,11.13387795
2020-03-06,126,610.7758203,6.349399287
2020-03-06,127,106.5385064,1.236657594
2020-03-06,128,1090.776396,11.62192884
2020-03-06,131,675.0452768,7.068779245
2020-03-06,133,126.7086847,1.682582629
2020-03-06,135,126.9153337,1.665327534
2020-03-06,136,306.9846216,4.248191612
2020-03-06,138,802.9824218,9.789056995
2020-03-06,139,94.19640674,1.67297756
2020-03-06,141,476.6294819,5.107093062
2020-03-06,142,83.0461241,1.136020035
2020-03-06,144,1018.883698,11.21670666
2020-03-06,145,650.9387338,6.809244202
2020-03-06,146,321.4773996,3.386054616
2020-03-06,149,287.5787471,3.937787574
2020-03-06,15,456.7733499,5.580816534
2020-03-06,151,1098.739312,12.63987451
2020-03-06,152,562.9329643,6.150102886
2020-03-06,155,481.7471003,5.259497866
2020-03-06,157,372.0518432,3.737747258
2020-03-06,159,1062.076657,11.99562742
2020-03-06,161,92.95899392,1.276965204
2020-03-06,163,606.4766148,6.926831845
2020-03-06,164,127.6840903,1.546143136
2020-03-06,166,729.374564,9.881745435
2020-03-06,168,1707.715211,19.39912839
2020-03-06,169,604.9366335,6.645830031
2020-03-06,171,364.6903532,3.83549915
2020-03-06,172,295.0535671,3.463359967
2020-03-06,173,573.1478263,6.483976726
2020-03-06,174,303.8736124,4.295475626
2020-03-06,175,352.5719061,4.227738341
2020-03-06,177,429.1632115,4.927488804
2020-03-06,18,338.3263714,4.371509785
2020-03-06,180,353.7369239,4.216187453
2020-03-06,181,369.6933097,4.217585349
2020-03-06,183,111.6369207,1.608828993
2020-03-06,184,407.3235067,4.66310768
2020-03-06,188,786.1283185,8.938425376
2020-03-06,189,921.903705,12.22901635
2020-03-06,19,296.6723996,3.624351539
2020-03-06,190,342.6081224,4.503781438
2020-03-06,192,656.620459,7.999834754
2020-03-06,193,347.0777041,3.78505024
2020-03-06,195,296.6321797,3.890948803
2020-03-06,196,1086.488223,10.98051632
2020-03-06,197,334.5339707,3.600823679
2020-03-06,198,570.9871315,5.94796021
2020-03-06,20,682.0493338,7.8436503
2020-03-06,22,271.6473154,3.22817424
2020-03-06,23,137.8843283,1.691872411
2020-03-06,25,999.6689537,11.13387795
2020-03-06,26,614.9672912,6.349399287
2020-03-06,27,107.61131,1.236657594
2020-03-06,28,1068.433212,11.62192884
2020-03-06,3,514.5696946,6.455740922
2020-03-06,31,679.1784312,7.068779245
2020-03-06,33,129.6838986,1.682582629
2020-03-06,35,129.2735998,1.665327534
2020-03-06,36,305.8998456,4.248191612
2020-03-06,38,809.7523822,9.789056995
2020-03-06,39,95.68753707,1.67297756
2020-03-06,41,472.3680609,5.107093062
2020-03-06,42,80.9416046,1.136020035
2020-03-06,44,999.3824068,11.21670666
2020-03-06,45,642.8464529,6.809244202
2020-03-06,46,319.5503079,3.386054616
2020-03-06,49,292.4895782,3.937787574
2020-03-06,5,1066.820344,11.45270585
2020-03-06,51,1088.095683,12.63987451
2020-03-06,52,562.1332072,6.150102886
2020-03-06,55,476.613368,5.259497866
2020-03-06,57,368.6953332,3.737747258
2020-03-06,59,1064.756061,11.99562742
2020-03-06,61,94.11703214,1.276965204
2020-03-06,63,610.4788014,6.926831845
2020-03-06,64,125.6035766,1.546143136
2020-03-06,66,723.1428158,9.881745435
2020-03-06,68,1711.519174,19.39912839
2020-03-06,69,611.2103432,6.645830031
2020-03-06,71,366.7632264,3.83549915
2020-03-06,72,293.1980837,3.463359967
2020-03-06,73,575.614198,6.483976726
2020-03-06,74,301.9451225,4.295475626
2020-03-06,75,349.8309962,4.227738341
2020-03-06,77,426.3030977,4.927488804
2020-03-06,8,376.3658705,3.864226836
2020-03-06,80,351.1506088,4.216187453
2020-03-06,81,371.8734823,4.217585349
2020-03-06,83,110.6326623,1.608828993
2020-03-06,84,413.0387513,4.66310768
2020-03-06,88,774.8433268,8.938425376
2020-03-06,89,931.4345596,12.22901635
2020-03-06,90,342.3061304,4.503781438
2020-03-06,92,662.3365542,7.999834754
2020-03-06,93,344.3073713,3.78505024
2020-03-06,95,293.457112,3.890948803
2020-03-06,96,1088.233228,10.98051632
2020-03-06,97,337.0961994,3.600823679
2020-03-06,98,571.8331777,5.94796021
2020-03-07,10,1296.390578,15.99135833
2020-03-07,103,501.6276624,6.644305185
2020-03-07,105,1054.634251,11.40094704
2020-03-07,108,371.6260501,3.98342691
2020-03-07,11,903.9484591,10.28136907
2020-03-07,110,1282.527819,15.99135833
2020-03-07,111,889.8577535,10.28136907
2020-03-07,115,442.1066627,5.099985604
2020-03-07,118,338.0901958,4.258173058
2020-03-07,119,287.4903018,3.587286095
2020-03-07,120,680.3448965,8.397715288
2020-03-07,122,267.8338134,3.726234571
2020-03-07,123,135.7351448,1.618036082
2020-03-07,125,975.5496663,11.78187659
2020-03-07,126,608.1627588,6.381305762
2020-03-07,127,106.4827108,2.19517467
2020-03-07,128,1058.594481,11.6539661
2020-03-07,131,674.4806817,8.051714785
2020-03-07,133,123.0173051,1.962528029
2020-03-07,135,127.9633781,1.757826283
2020-03-07,136,305.2217238,4.222620266
2020-03-07,138,790.3260936,9.14267579
2020-03-07,139,93.53949274,1.500231
2020-03-07,141,480.4228667,5.349398156
2020-03-07,142,78.85406109,0.9195964093
2020-03-07,144,988.6446983,10.59826579
2020-03-07,145,622.3236828,6.530602442
2020-03-07,146,316.0967658,3.34108545
2020-03-07,149,290.2769089,3.382789822
2020-03-07,15,448.5472715,5.099985604
2020-03-07,151,1079.669854,13.59025345
2020-03-07,152,552.4169564,5.902140946
2020-03-07,155,489.8401163,5.075596923
2020-03-07,157,362.3005286,4.023374658
2020-03-07,159,1056.773131,12.2184707
2020-03-07,161,93.34043557,1.318450991
2020-03-07,163,604.2657404,6.292532214
2020-03-07,164,123.2467168,1.465085044
2020-03-07,166,708.5815511,9.179500714
2020-03-07,168,1718.701058,17.77446015
2020-03-07,169,609.2471441,7.818633236
2020-03-07,171,364.8840274,4.259657209
2020-03-07,172,298.345394,3.283138644
2020-03-07,173,569.9402298,6.772518441
2020-03-07,174,303.3156007,3.622033234
2020-03-07,175,350.8011789,3.796662235
2020-03-07,177,426.9680698,5.007646392
2020-03-07,18,332.6786924,4.258173058
2020-03-07,180,356.584205,4.371363152
2020-03-07,181,364.4237446,4.259872138
2020-03-07,183,111.0031662,1.446481932
2020-03-07,184,409.6767807,5.00257845
2020-03-07,188,764.5218798,8.507578955
2020-03-07,189,922.2609158,11.75769508
2020-03-07,19,292.180938,3.587286095
2020-03-07,190,330.4864038,4.16796299
2020-03-07,192,658.8377353,8.110594848
2020-03-07,193,336.1887094,3.945819973
2020-03-07,195,285.6436097,3.10811825
2020-03-07,196,1084.081191,12.52121422
2020-03-07,197,338.9343948,3.599293369
2020-03-07,198,559.2518537,7.615819923
2020-03-07,20,684.0251982,8.397715288
2020-03-07,22,269.3461964,3.726234571
2020-03-07,23,139.5479429,1.618036082
2020-03-07,25,981.5321829,11.78187659
2020-03-07,26,595.1599705,6.381305762
2020-03-07,27,107.6662906,2.19517467
2020-03-07,28,1059.032498,11.6539661
2020-03-07,3,508.9768078,6.644305185
2020-03-07,31,680.3636363,8.051714785
2020-03-07,33,124.2620431,1.962528029
2020-03-07,35,128.2014501,1.757826283
2020-03-07,36,305.2129001,4.222620266
2020-03-07,38,797.3784093,9.14267579
2020-03-07,39,92.56835095,1.500231
2020-03-07,41,474.7423886,5.349398156
2020-03-07,42,80.05708487,0.9195964093
2020-03-07,44,992.4118206,10.59826579
2020-03-07,45,631.8860952,6.530602442
2020-03-07,46,313.6086623,3.34108545
2020-03-07,49,290.2978704,3.382789822
2020-03-07,5,1073.029134,11.40094704
2020-03-07,51,1078.728855,13.59025345
2020-03-07,52,552.5606072,5.902140946
2020-03-07,55,480.5869211,5.075596923
2020-03-07,57,363.0852887,4.023374658
2020-03-07,59,1050.351001,12.2184707
2020-03-07,61,92.53588222,1.318450991
2020-03-07,63,606.5733371,6.292532214
2020-03-07,64,122.1548615,1.465085044
2020-03-07,66,719.7811106,9.179500714
2020-03-07,68,1710.230632,17.77446015
2020-03-07,69,612.6485765,7.818633236
2020-03-07,71,362.3395606,4.259657209
2020-03-07,72,295.000018,3.283138644
2020-03-07,73,568.4981217,6.772518441
2020-03-07,74,301.2485077,3.622033234
2020-03-07,75,350.9492297,3.796662235
2020-03-07,77,429.0705455,5.007646392
2020-03-07,8,375.9284491,3.98342691
2020-03-07,80,348.4700475,4.371363152
2020-03-07,81,364.106171,4.259872138
2020-03-07,83,110.1931438,1.446481932
2020-03-07,84,413.6375582,5.00257845
2020-03-07,88,755.1418123,8.507578955
2020-03-07,89,935.6706874,11.75769508
2020-03-07,90,333.9534148,4.16796299
2020-03-07,92,656.9564447,8.110594848
2020-03-07,93,337.0688794,3.945819973
2020-03-07,95,290.5846622,3.10811825
2020-03-07,96,1084.006719,12.52121422
2020-03-07,97,341.2213716,3.599293369
2020-03-07,98,565.1817284,7.615819923
2020-03-08,10,1283.084246,15.07269545
2020-03-08,103,499.3914801,6.246405999
2020-03-08,105,1054.203985,10.84986897
2020-03-08,108,369.6828928,4.669757947
2020-03-08,11,900.713583,10.04041129
2020-03-08,110,1264.275784,15.07269545
2020-03-08,111,905.9097221,10.04041129
2020-03-08,115,449.5009945,5.435528167
2020-03-08,118,328.247181,4.488922137
2020-03-08,119,284.5239131,4.143090544
2020-03-08,120,661.5621911,8.490900299
2020-03-08,122,268.3650398,3.286696633
2020-03-08,123,135.2384146,1.865654981
2020-03-08,125,987.2025236,11.6039635
2020-03-08,126,595.8467919,6.834908421
2020-03-08,127,111.6975236,1.210240942
2020-03-08,128,1048.212418,11.64536308
2020-03-08,131,680.1586793,8.797080179
2020-03-08,133,129.4168557,1.851438431
2020-03-08,135,130.1819256,1.851069788
2020-03-08,136,308.6159453,3.418245304
2020-03-08,138,810.6119882,9.86090515
2020-03-08,139,90.31539152,1.576794935
2020-03-08,141,466.2510434,5.30933539
2020-03-08,142,78.95396672,0.9204121004
2020-03-08,144,980.6092778,10.64663182
2020-03-08,145,620.6000967,8.172235733
2020-03-08,146,318.1038333,4.620936405
2020-03-08,149,284.4493717,3.760948427
2020-03-08,15,446.4924055,5.435528167
2020-03-08,151,1077.006932,12.90144588
2020-03-08,152,553.9341041,6.517545564
2020-03-08,155,482.909171,5.754427479
2020-03-08,157,356.0350488,4.564758251
2020-03-08,159,1058.945652,11.81618716
2020-03-08,161,90.83657923,1.463737648
2020-03-08,163,610.366897,7.390435089
2020-03-08,164,117.9380595,1.330889676
2020-03-08,166,720.2293625,8.745864472
2020-03-08,168,1689.439549,20.63633618
2020-03-08,169,610.2778151,7.106310847
2020-03-08,171,347.7313741,4.347592346
2020-03-08,172,286.8518833,3.057498772
2020-03-08,173,571.2854767,6.518191859
2020-03-08,174,306.3191435,3.467962906
2020-03-08,175,348.7159805,3.516562009
2020-03-08,177,416.5514813,4.441489898
2020-03-08,18,329.6039786,4.488922137
2020-03-08,180,348.5478709,4.998462133
2020-03-08,181,361.8015361,4.513976607
2020-03-08,183,108.1200142,2.074938242
2020-03-08,184,407.9821631,5.226717074
2020-03-08,188,741.2082143,8.166101469
2020-03-08,189,925.8301484,10.42159418
2020-03-08,19,283.4880474,4.143090544
2020-03-08,190,334.5184246,3.9053444
2020-03-08,192,633.3243984,7.89148404
2020-03-08,193,328.4855732,3.394292783
2020-03-08,195,284.2221308,3.018135172
2020-03-08,196,1040.901659,10.79674676
2020-03-08,197,319.5644764,3.944076795
2020-03-08,198,555.9008072,6.322271986
2020-03-08,20,669.2680114,8.490900299
2020-03-08,22,265.3173026,3.286696633
2020-03-08,23,136.5971591,1.865654981
2020-03-08,25,985.2876698,11.6039635
2020-03-08,26,600.4560539,6.834908421
2020-03-08,27,109.0107761,1.210240942
2020-03-08,28,1046.206778,11.64536308
2020-03-08,3,505.136064,6.246405999
2020-03-08,31,676.3563353,8.797080179
2020-03-08,33,129.1329273,1.851438431
2020-03-08,35,128.0397918,1.851069788
2020-03-08,36,304.9647449,3.418245304
2020-03-08,38,798.1114194,9.86090515
2020-03-08,39,92.94036635,1.576794935
2020-03-08,41,467.8575012,5.30933539
2020-03-08,42,78.92076353,0.9204121004
2020-03-08,44,986.9068073,10.64663182
2020-03-08,45,624.253496,8.172235733
2020-03-08,46,315.5546123,4.620936405
2020-03-08,49,283.7748761,3.760948427
2020-03-08,5,1069.740942,10.84986897
2020-03-08,51,1076.010731,12.90144588
2020-03-08,52,546.118793,6.517545564
2020-03-08,55,482.9012781,5.754427479
2020-03-08,57,356.3044454,4.564758251
2020-03-08,59,1052.02031,11.81618716
2020-03-08,61,91.34875389,1.463737648
2020-03-08,63,611.4045244,7.390435089
2020-03-08,64,120.7687299,1.330889676
2020-03-08,66,717.2985704,8.745864472
2020-03-08,68,1690.266197,20.63633618
2020-03-08,69,601.838825,7.106310847
2020-03-08,71,359.7028128,4.347592346
2020-03-08,72,291.2080491,3.057498772
2020-03-08,73,565.3960741,6.518191859
2020-03-08,74,300.5859404,3.467962906
2020-03-08,75,346.300153,3.516562009
2020-03-08,77,418.3113897,4.441489898
2020-03-08,8,369.6280714,4.669757947
2020-03-08,80,343.9793019,4.998462133
2020-03-08,81,363.0334358,4.513976607
2020-03-08,83,108.5924717,2.074938242
2020-03-08,84,413.3366665,5.226717074
2020-03-08,88,742.5377759,8.166101469
2020-03-08,89,926.6240391,10.42159418
2020-03-08,90,330.0031538,3.9053444
2020-03-08,92,645.9763528,7.89148404
2020-03-08,93,337.2441402,3.394292783
2020-03-08,95,287.3007114,3.018135172
2020-03-08,96,1053.054151,10.79674676
2020-03-08,97,331.5874535,3.944076795
2020-03-08,98,555.2130243,6.322271986
2020-03-09,10,1297.835414,14.83504225
2020-03-09,103,507.3925314,5.466466989
2020-03-09,105,1093.223639,10.89657501
2020-03-09,108,374.4527857,4.942379253
2020-03-09,11,906.2031413,10.9972641
2020-03-09,110,1303.98901,14.83504225
2020-03-09,111,896.1985012,10.9972641
2020-03-09,115,440.0808659,4.979591614
2020-03-09,118,326.8320671,4.207118932
2020-03-09,119,283.5769076,3.281880499
2020-03-09,120,662.9329569,8.387789109
2020-03-09,122,259.7688359,3.361754992
2020-03-09,123,133.2059682,1.533363116
2020-03-09,125,990.6040936,11.35196576
2020-03-09,126,589.8555239,6.557787266
2020-03-09,127,104.6080387,1.66349284
2020-03-09,128,1048.9256,11.04546628
2020-03-09,131,692.2988687,7.706954151
2020-03-09,133,127.3587577,1.527226863
2020-03-09,135,127.9645553,1.976776013
2020-03-09,136,305.4829522,3.442641511
2020-03-09,138,794.1448229,8.82210918
2020-03-09,139,93.79308699,1.394121466
2020-03-09,141,470.8921814,6.169947255
2020-03-09,142,78.34276448,1.199084614
2020-03-09,144,981.0665543,11.65598223
2020-03-09,145,619.7111586,6.984940735
2020-03-09,146,311.9080874,4.156008209
2020-03-09,149,289.6953228,4.130277523
2020-03-09,15,445.1680278,4.979591614
2020-03-09,151,1073.375798,12.4019265
2020-03-09,152,544.8667309,6.655725448
2020-03-09,155,482.6775772,5.004712265
2020-03-09,157,347.7938621,3.98476894
2020-03-09,159,1056.478009,13.00548538
2020-03-09,161,93.54762543,1.83769333
2020-03-09,163,605.2210247,7.009102343
2020-03-09,164,121.7682314,1.430217518
2020-03-09,166,731.4607204,8.561884206
2020-03-09,168,1680.329101,18.90384878
2020-03-09,169,585.3697571,7.306876837
2020-03-09,171,362.2148168,4.536158614
2020-03-09,172,292.6736734,3.649972666
2020-03-09,173,573.6918611,6.246540407
2020-03-09,174,300.3418432,3.964938067
2020-03-09,175,353.5678172,3.948614344
2020-03-09,177,427.2529645,4.413117703
2020-03-09,18,326.7342485,4.207118932
2020-03-09,180,351.764313,3.896727493
2020-03-09,181,362.0614343,3.909292816
2020-03-09,183,105.7749883,1.13946575
2020-03-09,184,413.0251444,5.301608662
2020-03-09,188,736.0794348,7.579054064
2020-03-09,189,898.9879314,10.88934936
2020-03-09,19,284.0502202,3.281880499
2020-03-09,190,337.5831908,3.684299992
2020-03-09,192,670.2596109,7.199322688
2020-03-09,193,337.2838076,3.563773673
2020-03-09,195,284.2128322,4.09790889
2020-03-09,196,1052.883362,11.45248867
2020-03-09,197,340.075435,3.983886944
2020-03-09,198,556.3627624,6.930476605
2020-03-09,20,669.8159948,8.387789109
2020-03-09,22,262.8737933,3.361754992
2020-03-09,23,135.9834595,1.533363116
2020-03-09,25,991.8568983,11.35196576
2020-03-09,26,597.3109786,6.557787266
2020-03-09,27,106.9837675,1.66349284
2020-03-09,28,1049.123003,11.04546628
2020-03-09,3,502.9824745,5.466466989
2020-03-09,31,681.5396644,7.706954151
2020-03-09,33,130.0922408,1.527226863
2020-03-09,35,126.8633318,1.976776013
2020-03-09,36,304.4407137,3.442641511
2020-03-09,38,796.1850981,8.82210918
2020-03-09,39,91.63547532,1.394121466
2020-03-09,41,468.7640741,6.169947255
2020-03-09,42,79.14541641,1.199084614
2020-03-09,44,998.6591737,11.65598223
2020-03-09,45,622.937294,6.984940735
2020-03-09,46,317.1782518,4.156008209
2020-03-09,49,285.327081,4.130277523
2020-03-09,5,1088.92356,10.89657501
2020-03-09,51,1062.460178,12.4019265
2020-03-09,52,538.5591093,6.655725448
2020-03-09,55,485.6514581,5.004712265
2020-03-09,57,351.8222859,3.98476894
2020-03-09,59,1057.632101,13.00548538
2020-03-09,61,92.10454805,1.83769333
2020-03-09,63,606.7803247,7.009102343
2020-03-09,64,122.1451786,1.430217518
2020-03-09,66,722.1509695,8.561884206
2020-03-09,68,1711.572058,18.90384878
2020-03-09,69,595.1374723,7.306876837
2020-03-09,71,361.2132336,4.536158614
2020-03-09,72,290.6562928,3.649972666
2020-03-09,73,571.5058157,6.246540407
2020-03-09,74,300.6120749,3.964938067
2020-03-09,75,343.5797689,3.948614344
2020-03-09,77,418.5998253,4.413117703
2020-03-09,8,374.3862869,4.942379253
2020-03-09,80,349.1066811,3.896727493
2020-03-09,81,361.5969861,3.909292816
2020-03-09,83,107.2834327,1.13946575
2020-03-09,84,413.6708362,5.301608662
2020-03-09,88,739.9621506,7.579054064
2020-03-09,89,905.6948666,10.88934936
2020-03-09,90,333.8048183,3.684299992
2020-03-09,92,656.984203,7.199322688
2020-03-09,93,345.4906371,3.563773673
2020-03-09,95,286.4224976,4.09790889
2020-03-09,96,1050.425874,11.45248867
2020-03-09,97,334.8026411,3.983886944
2020-03-09,98,558.2902201,6.930476605
2020-03-10,10,1316.21434,15.50953905
2020-03-10,103,511.2369037,5.852117312
2020-03-10,105,1069.315333,11.48575203
2020-03-10,108,373.3294799,4.54766461
2020-03-10,11,915.2206567,11.41439429
2020-03-10,110,1299.444271,15.50953905
2020-03-10,111,922.3225939,11.41439429
2020-03-10,115,442.012773,5.22048822
2020-03-10,118,323.3527884,3.937032539
2020-03-10,119,286.9317862,3.603776214
2020-03-10,120,674.5126911,9.443658914
2020-03-10,122,270.4439098,3.403499422
2020-03-10,123,135.5622225,1.665814116
2020-03-10,125,1039.961142,11.75461865
2020-03-10,126,607.4517338,7.101914982
2020-03-10,127,106.6507146,1.199907727
2020-03-10,128,1059.250275,12.66757646
2020-03-10,131,692.6182597,8.598530808
2020-03-10,133,133.8953889,1.96091396
2020-03-10,135,126.2860155,1.675526119
2020-03-10,136,314.0150542,3.966041157
2020-03-10,138,799.3115959,9.792867295
2020-03-10,139,92.71530583,1.026340878
2020-03-10,141,479.8711562,5.814415925
2020-03-10,142,80.49337757,0.8161743166
2020-03-10,144,1020.985427,11.22000804
2020-03-10,145,629.8635736,7.087329793
2020-03-10,146,318.7950267,3.518651012
2020-03-10,149,287.0615142,3.562511539
2020-03-10,15,446.5291079,5.22048822
2020-03-10,151,1064.175748,12.77479867
2020-03-10,152,540.0959996,5.368160519
2020-03-10,155,481.4903684,5.67967443
2020-03-10,157,358.2771068,4.720431733
2020-03-10,159,1068.437792,11.77824163
2020-03-10,161,93.763063,1.564524784
2020-03-10,163,621.0321348,7.323100654
2020-03-10,164,122.4674475,1.979684028
2020-03-10,166,734.4563137,8.431796924
2020-03-10,168,1717.990423,18.97097305
2020-03-10,169,587.7090841,7.859927544
2020-03-10,171,369.7922714,4.663469101
2020-03-10,172,288.6018571,3.406052907
2020-03-10,173,579.7478957,6.260338646
2020-03-10,174,308.3220979,3.098262689
2020-03-10,175,352.9785734,4.079599302
2020-03-10,177,411.2314461,4.514318008
2020-03-10,18,325.6425669,3.937032539
2020-03-10,180,346.9329332,5.397502073
2020-03-10,181,368.9186324,4.887933795
2020-03-10,183,109.5741208,1.240834611
2020-03-10,184,414.1709598,5.069661082
2020-03-10,188,732.499733,8.869710367
2020-03-10,189,923.5046543,9.858851639
2020-03-10,19,289.5750274,3.603776214
2020-03-10,190,339.7992497,3.711701899
2020-03-10,192,641.5077113,7.774808337
2020-03-10,193,350.9137518,4.141817716
2020-03-10,195,288.9122394,3.691949269
2020-03-10,196,1029.25681,10.6636012
2020-03-10,197,337.0584337,3.904509511
2020-03-10,198,556.4107753,6.584362521
2020-03-10,20,675.0145127,9.443658914
2020-03-10,22,270.1294775,3.403499422
2020-03-10,23,139.2628403,1.665814116
2020-03-10,25,1014.589321,11.75461865
2020-03-10,26,604.7939425,7.101914982
2020-03-10,27,107.8934404,1.199907727
2020-03-10,28,1063.804696,12.66757646
2020-03-10,3,511.3980661,5.852117312
2020-03-10,31,690.3650391,8.598530808
2020-03-10,33,134.9561793,1.96091396
2020-03-10,35,128.1753367,1.675526119
2020-03-10,36,313.4051037,3.966041157
2020-03-10,38,800.8817397,9.792867295
2020-03-10,39,93.60961669,1.026340878
2020-03-10,41,473.3720403,5.814415925
2020-03-10,42,78.82933625,0.8161743166
2020-03-10,44,1021.308902,11.22000804
2020-03-10,45,633.0208466,7.087329793
2020-03-10,46,315.84162,3.518651012
2020-03-10,49,285.0329775,3.562511539
2020-03-10,5,1083.082345,11.48575203
2020-03-10,51,1075.308224,12.77479867
2020-03-10,52,534.7309179,5.368160519
2020-03-10,55,492.7615202,5.67967443
2020-03-10,57,357.7203249,4.720431733
2020-03-10,59,1067.433139,11.77824163
2020-03-10,61,92.38640026,1.564524784
2020-03-10,63,629.6194858,7.323100654
2020-03-10,64,122.8542458,1.979684028
2020-03-10,66,733.9323696,8.431796924
2020-03-10,68,1722.642633,18.97097305
2020-03-10,69,598.5178133,7.859927544
2020-03-10,71,366.9918702,4.663469101
2020-03-10,72,289.865578,3.406052907
2020-03-10,73,577.8983175,6.260338646
2020-03-10,74,305.1215929,3.098262689
2020-03-10,75,352.1959915,4.079599302
2020-03-10,77,418.3120179,4.514318008
2020-03-10,8,371.4480251,4.54766461
2020-03-10,80,348.0152959,5.397502073
2020-03-10,81,368.3182415,4.887933795
2020-03-10,83,109.6080309,1.240834611
2020-03-10,84,417.7960524,5.069661082
2020-03-10,88,734.8297137,8.869710367
2020-03-10,89,919.589209,9.858851639
2020-03-10,90,339.3315399,3.711701899
2020-03-10,92,649.5098004,7.774808337
2020-03-10,93,349.185911,4.141817716
2020-03-10,95,286.6722618,3.691949269
2020-03-10,96,1053.340708,10.6636012
2020-03-10,97,337.6370683,3.904509511
2020-03-10,98,560.6824266,6.584362521
2020-03-11,10,1326.137398,14.83278839
2020-03-11,103,510.3250382,5.836728553
2020-03-11,105,1100.326955,11.5025107
2020-03-11,108,378.5115175,4.94125747
2020-03-11,11,921.7481012,10.81235884
2020-03-11,110,1345.055086,14.83278839
2020-03-11,111,915.113987,10.81235884
2020-03-11,115,436.2514186,5.361451309
2020-03-11,118,315.1860889,4.513755179
2020-03-11,119,293.2509191,3.182811187
2020-03-11,120,680.4943706,7.940998401
2020-03-11,122,272.2990614,3.770798425
2020-03-11,123,144.2718568,1.765994169
2020-03-11,125,1018.959209,11.89203162
2020-03-11,126,612.2106749,7.048671589
2020-03-11,127,115.0874656,1.519591657
2020-03-11,128,1059.110764,10.65502977
2020-03-11,131,686.0264104,7.42687453
2020-03-11,133,132.2784199,1.619587953
2020-03-11,135,126.1951923,1.358713407
2020-03-11,136,310.1749036,3.766175546
2020-03-11,138,814.0316709,11.00833314
2020-03-11,139,96.74235316,1.519247941
2020-03-11,141,463.2623491,5.307152096
2020-03-11,142,78.02839951,1.176433096
2020-03-11,144,1007.851229,11.49726934
2020-03-11,145,620.9817674,7.504265494
2020-03-11,146,314.430322,4.304487491
2020-03-11,149,287.1080152,3.33468689
2020-03-11,15,441.9078659,5.361451309
2020-03-11,151,1089.595917,11.78495885
2020-03-11,152,536.1050024,6.219030896
2020-03-11,155,491.0868199,5.799075071
2020-03-11,157,355.1939324,4.568019666
2020-03-11,159,1085.714929,11.62933474
2020-03-11,161,88.50881093,1.317010096
2020-03-11,163,658.1927496,6.888355026
2020-03-11,164,124.7394177,1.402989576
2020-03-11,166,728.057055,8.657909013
2020-03-11,168,1729.08782,19.20117701
2020-03-11,169,606.2404985,7.96587645
2020-03-11,171,359.8696625,4.557708258
2020-03-11,172,292.0477773,3.830798148
2020-03-11,173,587.8673832,6.61002502
2020-03-11,174,307.5948606,3.841536584
2020-03-11,175,347.5298222,4.31424321
2020-03-11,177,410.9153033,5.02456822
2020-03-11,18,322.2308715,4.513755179
2020-03-11,180,350.7433311,4.546895686
2020-03-11,181,363.6196049,4.925448478
2020-03-11,183,107.1531078,1.09417381
2020-03-11,184,417.633007,5.224351763
2020-03-11,188,730.1027242,8.285512465
2020-03-11,189,925.7902109,11.16942123
2020-03-11,19,290.0717999,3.182811187
2020-03-11,190,336.6575577,3.761072719
2020-03-11,192,641.5385828,7.129858973
2020-03-11,193,346.7010402,3.640938087
2020-03-11,195,290.8630076,3.251203698
2020-03-11,196,1041.88884,11.20141148
2020-03-11,197,338.4528757,3.721160786
2020-03-11,198,564.2299878,6.811638666
2020-03-11,20,680.5992093,7.940998401
2020-03-11,22,270.5978612,3.770798425
2020-03-11,23,143.2466876,1.765994169
2020-03-11,25,1026.704317,11.89203162
2020-03-11,26,604.6429815,7.048671589
2020-03-11,27,110.0543616,1.519591657
2020-03-11,28,1059.586336,10.65502977
2020-03-11,3,508.9601173,5.836728553
2020-03-11,31,693.9608694,7.42687453
2020-03-11,33,134.7400144,1.619587953
2020-03-11,35,127.0058467,1.358713407
2020-03-11,36,311.2637786,3.766175546
2020-03-11,38,807.8602852,11.00833314
2020-03-11,39,94.00344217,1.519247941
2020-03-11,41,466.0165866,5.307152096
2020-03-11,42,77.22509237,1.176433096
2020-03-11,44,1020.045474,11.49726934
2020-03-11,45,624.6910061,7.504265494
2020-03-11,46,318.2630479,4.304487491
2020-03-11,49,284.8909802,3.33468689
2020-03-11,5,1093.37834,11.5025107
2020-03-11,51,1081.899783,11.78495885
2020-03-11,52,537.4213247,6.219030896
2020-03-11,55,504.3153407,5.799075071
2020-03-11,57,353.9968384,4.568019666
2020-03-11,59,1074.350685,11.62933474
2020-03-11,61,90.10867418,1.317010096
2020-03-11,63,639.959475,6.888355026
2020-03-11,64,122.6570253,1.402989576
2020-03-11,66,729.7115984,8.657909013
2020-03-11,68,1731.666816,19.20117701
2020-03-11,69,601.1605841,7.96587645
2020-03-11,71,367.5565562,4.557708258
2020-03-11,72,290.0522999,3.830798148
2020-03-11,73,579.8178569,6.61002502
2020-03-11,74,312.4389729,3.841536584
2020-03-11,75,352.4520331,4.31424321
2020-03-11,77,412.8409068,5.02456822
2020-03-11,8,371.7537222,4.94125747
2020-03-11,80,345.776102,4.546895686
2020-03-11,81,366.1663904,4.925448478
2020-03-11,83,106.8504111,1.09417381
2020-03-11,84,418.7339265,5.224351763
2020-03-11,88,724.4712362,8.285512465
2020-03-11,89,917.2079317,11.16942123
2020-03-11,90,339.381123,3.761072719
2020-03-11,92,640.2053474,7.129858973
2020-03-11,93,349.3928211,3.640938087
2020-03-11,95,288.2177476,3.251203698
2020-03-11,96,1044.596239,11.20141148
2020-03-11,97,337.9453298,3.721160786
2020-03-11,98,563.7019253,6.811638666
2020-03-12,10,1357.12806,15.86088902
2020-03-12,103,532.9023,5.252746629
2020-03-12,105,1071.816441,11.53185845
2020-03-12,108,382.0212093,4.090078297
2020-03-12,11,934.5113756,10.55703331
2020-03-12,110,1355.05156,15.86088902
2020-03-12,111,935.6801376,10.55703331
2020-03-12,115,442.6455351,4.836693319
2020-03-12,118,320.5195081,4.748573362
2020-03-12,119,289.0163917,3.457805924
2020-03-12,120,692.0126506,9.184002217
2020-03-12,122,270.2036887,3.327728585
2020-03-12,123,142.9687827,1.880574867
2020-03-12,125,1005.751089,11.25787157
2020-03-12,126,613.3049205,6.803827879
2020-03-12,127,107.6101225,1.439791499
2020-03-12,128,1060.100948,11.9548695
2020-03-12,131,709.0237907,8.267256031
2020-03-12,133,131.8432714,1.739940016
2020-03-12,135,133.5976601,2.03939437
2020-03-12,136,315.5783491,4.562844844
2020-03-12,138,823.0167749,8.683004402
2020-03-12,139,93.55089689,1.123416886
2020-03-12,141,474.7315515,4.95649098
2020-03-12,142,80.01854331,1.51808822
2020-03-12,144,1033.822388,11.33231699
2020-03-12,145,624.8159198,7.232524869
2020-03-12,146,320.9031478,4.037988077
2020-03-12,149,286.0970631,3.755312912
2020-03-12,15,442.6393299,4.836693319
2020-03-12,151,1094.493119,13.54689435
2020-03-12,152,541.8127414,5.69274713
2020-03-12,155,503.1529459,5.721066081
2020-03-12,157,360.8127724,4.217499664
2020-03-12,159,1073.766868,11.31375118
2020-03-12,161,91.89825877,1.301716737
2020-03-12,163,670.2155987,6.84356776
2020-03-12,164,125.6182333,2.013499591
2020-03-12,166,756.1274329,8.38850638
2020-03-12,168,1775.294216,19.14961921
2020-03-12,169,608.6859648,6.920449987
2020-03-12,171,367.1025196,4.189210888
2020-03-12,172,288.9547511,3.668214452
2020-03-12,173,579.3084517,6.585610717
2020-03-12,174,314.0175622,4.052539361
2020-03-12,175,355.6198663,5.316352161
2020-03-12,177,410.9326512,4.76010938
2020-03-12,18,322.780181,4.748573362
2020-03-12,180,341.8626936,4.291260445
2020-03-12,181,362.5618705,3.759036703
2020-03-12,183,106.9803244,1.283749797
2020-03-12,184,423.9542088,4.526718388
2020-03-12,188,725.8681472,8.136487158
2020-03-12,189,940.6503468,10.43313442
2020-03-12,19,293.1855994,3.457805924
2020-03-12,190,353.2842482,4.004444521
2020-03-12,192,645.5510524,7.277677373
2020-03-12,193,344.9577766,3.626626989
2020-03-12,195,280.1105259,3.248459284
2020-03-12,196,1064.504841,11.39560175
2020-03-12,197,336.8721133,3.757646797
2020-03-12,198,561.5571845,6.461729939
2020-03-12,20,685.611124,9.184002217
2020-03-12,22,271.6316811,3.327728585
2020-03-12,23,143.0737629,1.880574867
2020-03-12,25,1024.276261,11.25787157
2020-03-12,26,620.5300121,6.803827879
2020-03-12,27,108.5849885,1.439791499
2020-03-12,28,1070.664156,11.9548695
2020-03-12,3,518.8754923,5.252746629
2020-03-12,31,699.2803482,8.267256031
2020-03-12,33,135.4213491,1.739940016
2020-03-12,35,131.2408683,2.03939437
2020-03-12,36,316.3012659,4.562844844
2020-03-12,38,817.3728281,8.683004402
2020-03-12,39,95.21052916,1.123416886
2020-03-12,41,471.3056564,4.95649098
2020-03-12,42,79.14639881,1.51808822
2020-03-12,44,1022.998371,11.33231699
2020-03-12,45,613.4186679,7.232524869
2020-03-12,46,323.4586288,4.037988077
2020-03-12,49,290.1133088,3.755312912
2020-03-12,5,1095.51701,11.53185845
2020-03-12,51,1084.163041,13.54689435
2020-03-12,52,541.5673858,5.69274713
2020-03-12,55,505.0149319,5.721066081
2020-03-12,57,360.6373195,4.217499664
2020-03-12,59,1084.053929,11.31375118
2020-03-12,61,91.70175889,1.301716737
2020-03-12,63,652.3712879,6.84356776
2020-03-12,64,124.6747014,2.013499591
2020-03-12,66,746.7726698,8.38850638
2020-03-12,68,1766.477675,19.14961921
2020-03-12,69,604.7696293,6.920449987
2020-03-12,71,369.7506392,4.189210888
2020-03-12,72,289.9009123,3.668214452
2020-03-12,73,582.5208308,6.585610717
2020-03-12,74,312.320313,4.052539361
2020-03-12,75,354.1960705,5.316352161
2020-03-12,77,411.6112208,4.76010938
2020-03-12,8,376.9070491,4.090078297
2020-03-12,80,343.5384605,4.291260445
2020-03-12,81,361.3071743,3.759036703
2020-03-12,83,106.6952249,1.283749797
2020-03-12,84,423.8223125,4.526718388
2020-03-12,88,733.0742438,8.136487158
2020-03-12,89,928.8359632,10.43313442
2020-03-12,90,346.9825329,4.004444521
2020-03-12,92,647.5743845,7.277677373
2020-03-12,93,342.9079751,3.626626989
2020-03-12,95,283.7083846,3.248459284
2020-03-12,96,1048.222696,11.39560175
2020-03-12,97,344.9828078,3.757646797
2020-03-12,98,567.9749047,6.461729939
2020-03-13,10,1356.132575,14.94896997
2020-03-13,103,509.6526331,5.817576081
2020-03-13,105,1100.127208,11.14362945
2020-03-13,108,376.3682743,4.169830529
2020-03-13,11,924.1288423,11.09211677
2020-03-13,110,1360.064824,14.94896997
2020-03-13,111,911.7981704,11.09211677
2020-03-13,115,450.1383686,4.545996141
2020-03-13,118,329.0566578,3.79023542
2020-03-13,119,294.5819543,3.362410753
2020-03-13,120,686.1516951,9.440483499
2020-03-13,122,266.0773847,3.402747535
2020-03-13,123,145.5414686,2.356102207
2020-03-13,125,1024.023893,11.41525698
2020-03-13,126,593.2638909,6.885963595
2020-03-13,127,109.1763433,2.058330196
2020-03-13,128,1070.958385,11.25358485
2020-03-13,131,698.332857,7.667917624
2020-03-13,133,135.2207578,1.541258511
2020-03-13,135,128.6183375,2.126928666
2020-03-13,136,321.7034579,3.903590516
2020-03-13,138,800.7676311,9.701544065
2020-03-13,139,96.86477185,1.729814369
2020-03-13,141,470.9617522,6.850844289
2020-03-13,142,79.22306831,0.8812708189
2020-03-13,144,993.8831766,10.53258
2020-03-13,145,629.0684244,6.962813718
2020-03-13,146,323.3387709,4.869701917
2020-03-13,149,296.0432182,3.954840354
2020-03-13,15,446.0618353,4.545996141
2020-03-13,151,1075.087762,12.5790788
2020-03-13,152,528.5803344,5.851601082
2020-03-13,155,511.292679,6.661939197
2020-03-13,157,365.1756777,4.323566143
2020-03-13,159,1072.431603,12.33350206
2020-03-13,161,92.08863453,1.493829783
2020-03-13,163,667.9639451,7.376213963
2020-03-13,164,128.1489888,1.419581369
2020-03-13,166,750.3343551,8.640403569
2020-03-13,168,1767.623143,20.57996689
2020-03-13,169,599.9481967,8.818289777
2020-03-13,171,377.9245738,4.146052215
2020-03-13,172,290.9811536,3.93614108
2020-03-13,173,588.6466737,7.284611451
2020-03-13,174,310.6955007,3.261680269
2020-03-13,175,360.2499933,5.045949508
2020-03-13,177,408.8582458,5.905009569
2020-03-13,18,326.3900413,3.79023542
2020-03-13,180,352.0310259,4.42814157
2020-03-13,181,355.1454557,4.292790769
2020-03-13,183,104.0827637,1.422580767
2020-03-13,184,424.1562881,4.433010404
2020-03-13,188,740.5078333,8.854028039
2020-03-13,189,927.8291968,10.65313477
2020-03-13,19,297.9258321,3.362410753
2020-03-13,190,340.5900411,3.977784448
2020-03-13,192,649.4204186,7.043704083
2020-03-13,193,360.6458776,3.782137071
2020-03-13,195,291.0263672,3.287488236
2020-03-13,196,1078.887467,12.08719419
2020-03-13,197,331.8956691,3.992068699
2020-03-13,198,571.2684556,6.575400028
2020-03-13,20,683.8440482,9.440483499
2020-03-13,22,270.425126,3.402747535
2020-03-13,23,143.6014808,2.356102207
2020-03-13,25,1022.509533,11.41525698
2020-03-13,26,616.0536408,6.885963595
2020-03-13,27,108.8348993,2.058330196
2020-03-13,28,1068.15221,11.25358485
2020-03-13,3,512.8105157,5.817576081
2020-03-13,31,698.4439307,7.667917624
2020-03-13,33,134.8368333,1.541258511
2020-03-13,35,131.18587,2.126928666
2020-03-13,36,315.8916936,3.903590516
2020-03-13,38,808.0070935,9.701544065
2020-03-13,39,96.64608699,1.729814369
2020-03-13,41,471.3563915,6.850844289
2020-03-13,42,78.63405454,0.8812708189
2020-03-13,44,1009.11272,10.53258
2020-03-13,45,629.0161244,6.962813718
2020-03-13,46,320.2534019,4.869701917
2020-03-13,49,292.0393736,3.954840354
2020-03-13,5,1104.900931,11.14362945
2020-03-13,51,1061.297876,12.5790788
2020-03-13,52,536.877604,5.851601082
2020-03-13,55,511.3688531,6.661939197
2020-03-13,57,359.0587685,4.323566143
2020-03-13,59,1093.385786,12.33350206
2020-03-13,61,90.75162408,1.493829783
2020-03-13,63,649.8516867,7.376213963
2020-03-13,64,126.0122328,1.419581369
2020-03-13,66,752.2692591,8.640403569
2020-03-13,68,1781.9941,20.57996689
2020-03-13,69,602.5860016,8.818289777
2020-03-13,71,376.5126114,4.146052215
2020-03-13,72,292.2357379,3.93614108
2020-03-13,73,579.5584929,7.284611451
2020-03-13,74,312.3976572,3.261680269
2020-03-13,75,360.224181,5.045949508
2020-03-13,77,412.1778373,5.905009569
2020-03-13,8,373.8142453,4.169830529
2020-03-13,80,347.1708279,4.42814157
2020-03-13,81,358.7203846,4.292790769
2020-03-13,83,104.2553901,1.422580767
2020-03-13,84,418.210536,4.433010404
2020-03-13,88,734.4681856,8.854028039
2020-03-13,89,926.896553,10.65313477
2020-03-13,90,343.8097442,3.977784448
2020-03-13,92,645.5736183,7.043704083
2020-03-13,93,347.8018813,3.782137071
2020-03-13,95,286.9540199,3.287488236
2020-03-13,96,1066.190788,12.08719419
2020-03-13,97,342.2910794,3.992068699
2020-03-13,98,571.4163004,6.575400028
2020-03-14,10,1340.457059,13.84814355
2020-03-14,103,506.2546484,5.436310375
2020-03-14,105,1077.931321,11.17093118
2020-03-14,108,367.9453857,5.70404333
2020-03-14,11,916.1243247,11.12920024
2020-03-14,110,1338.775149,13.84814355
2020-03-14,111,912.0697234,11.12920024
2020-03-14,115,440.2156842,5.639335864
2020-03-14,118,326.3165472,4.118566411
2020-03-14,119,298.2561584,3.826676496
2020-03-14,120,674.4807124,7.599059853
2020-03-14,122,263.3712204,3.597243661
2020-03-14,123,146.1214347,1.546508881
2020-03-14,125,986.2779912,12.35926709
2020-03-14,126,617.863475,8.625987252
2020-03-14,127,110.6585186,1.761001084
2020-03-14,128,1050.586568,11.68472119
2020-03-14,131,685.9881144,7.973100969
2020-03-14,133,135.4334324,1.793911677
2020-03-14,135,127.3216177,1.740811307
2020-03-14,136,312.4852802,4.57879496
2020-03-14,138,820.2943822,8.96265247
2020-03-14,139,93.92873394,1.080850961
2020-03-14,141,465.3020504,6.52070383
2020-03-14,142,81.45747873,1.470673782
2020-03-14,144,991.6572041,11.01317635
2020-03-14,145,615.2911556,6.596939938
2020-03-14,146,312.9212288,4.700951066
2020-03-14,149,286.03894,3.647713008
2020-03-14,15,438.6084071,5.639335864
2020-03-14,151,1053.244391,11.48795304
2020-03-14,152,536.4182957,6.064557631
2020-03-14,155,515.1799909,5.458066285
2020-03-14,157,360.2020572,5.091732652
2020-03-14,159,1077.688682,11.32825182
2020-03-14,161,89.50115762,1.217902898
2020-03-14,163,637.8033516,7.486332118
2020-03-14,164,121.1018485,1.284757917
2020-03-14,166,747.1467478,8.935969847
2020-03-14,168,1750.013945,19.55794352
2020-03-14,169,597.7624215,6.689207512
2020-03-14,171,365.575616,5.172224391
2020-03-14,172,284.2110467,3.262946708
2020-03-14,173,579.7308053,6.381515341
2020-03-14,174,314.6813166,4.038810857
2020-03-14,175,358.8056972,4.636602197
2020-03-14,177,409.4468043,4.434358133
2020-03-14,18,322.5980577,4.118566411
2020-03-14,180,337.7626773,3.993358909
2020-03-14,181,350.2851933,4.600832982
2020-03-14,183,107.1994085,1.178835718
2020-03-14,184,417.8908705,5.861038671
2020-03-14,188,740.2918602,8.985699945
2020-03-14,189,914.0287575,10.67977873
2020-03-14,19,294.7865543,3.826676496
2020-03-14,190,340.0555593,3.823340535
2020-03-14,192,648.835097,7.475646671
2020-03-14,193,340.4154696,4.321089134
2020-03-14,195,284.7907373,3.404988132
2020-03-14,196,1040.341083,12.05029634
2020-03-14,197,340.9003972,3.548578901
2020-03-14,198,565.5048025,6.628264763
2020-03-14,20,680.5804778,7.599059853
2020-03-14,22,263.9023468,3.597243661
2020-03-14,23,145.4244888,1.546508881
2020-03-14,25,1010.282803,12.35926709
2020-03-14,26,620.9502531,8.625987252
2020-03-14,27,112.603071,1.761001084
2020-03-14,28,1044.915236,11.68472119
2020-03-14,3,508.6287319,5.436310375
2020-03-14,31,691.0493908,7.973100969
2020-03-14,33,137.345869,1.793911677
2020-03-14,35,129.7251382,1.740811307
2020-03-14,36,316.0767756,4.57879496
2020-03-14,38,815.1657794,8.96265247
2020-03-14,39,93.5838883,1.080850961
2020-03-14,41,465.0652969,6.52070383
2020-03-14,42,80.41664551,1.470673782
2020-03-14,44,1007.162225,11.01317635
2020-03-14,45,624.0553942,6.596939938
2020-03-14,46,311.8177856,4.700951066
2020-03-14,49,288.9476312,3.647713008
2020-03-14,5,1096.380129,11.17093118
2020-03-14,51,1047.816168,11.48795304
2020-03-14,52,531.1866741,6.064557631
2020-03-14,55,517.0774227,5.458066285
2020-03-14,57,357.5907805,5.091732652
2020-03-14,59,1078.847711,11.32825182
2020-03-14,61,90.65973621,1.217902898
2020-03-14,63,640.6429209,7.486332118
2020-03-14,64,125.1737924,1.284757917
2020-03-14,66,752.6916561,8.935969847
2020-03-14,68,1779.365875,19.55794352
2020-03-14,69,598.9029947,6.689207512
2020-03-14,71,366.3295073,5.172224391
2020-03-14,72,287.0041429,3.262946708
2020-03-14,73,573.5851941,6.381515341
2020-03-14,74,309.7525299,4.038810857
2020-03-14,75,359.9570696,4.636602197
2020-03-14,77,409.9897992,4.434358133
2020-03-14,8,368.1289164,5.70404333
2020-03-14,80,344.4429001,3.993358909
2020-03-14,81,354.2707171,4.600832982
2020-03-14,83,103.1600159,1.178835718
2020-03-14,84,418.5996983,5.861038671
2020-03-14,88,745.5865253,8.985699945
2020-03-14,89,914.5811516,10.67977873
2020-03-14,90,340.0816889,3.823340535
2020-03-14,92,643.2105359,7.475646671
2020-03-14,93,336.8504753,4.321089134
2020-03-14,95,284.8233067,3.404988132
2020-03-14,96,1040.084693,12.05029634
2020-03-14,97,338.8651316,3.548578901
2020-03-14,98,560.1547853,6.628264763
2020-03-15,10,1335.981262,16.28296042
2020-03-15,103,502.0322073,5.753627511
2020-03-15,105,1105.908624,11.5098353
2020-03-15,108,372.0271833,4.895602603
2020-03-15,11,893.9309564,10.35994143
2020-03-15,110,1339.275831,16.28296042
2020-03-15,111,891.9345811,10.35994143
2020-03-15,115,445.7971483,5.09977337
2020-03-15,118,318.6493887,4.102251066
2020-03-15,119,288.9221883,3.234016447
2020-03-15,120,678.8008051,8.547445807
2020-03-15,122,264.1280966,3.211456462
2020-03-15,123,143.7266157,1.651672003
2020-03-15,125,1014.114197,10.99077235
2020-03-15,126,629.8524349,6.631972107
2020-03-15,127,109.2071932,1.349329794
2020-03-15,128,1027.771113,11.36841514
2020-03-15,131,703.9534815,8.140573913
2020-03-15,133,134.9737821,1.711660448
2020-03-15,135,122.2988134,1.581640636
2020-03-15,136,303.9198351,4.032093154
2020-03-15,138,803.8425715,9.909110859
2020-03-15,139,93.1661546,1.014644856
2020-03-15,141,467.8050098,5.883158591
2020-03-15,142,80.21337891,1.312480926
2020-03-15,144,969.1946324,10.96986156
2020-03-15,145,623.0694587,7.947092022
2020-03-15,146,305.5910214,3.451905024
2020-03-15,149,286.9724109,3.472710621
2020-03-15,15,442.3857647,5.09977337
2020-03-15,151,1037.979347,12.22727771
2020-03-15,152,536.8291207,6.003697818
2020-03-15,155,518.4659496,5.846535438
2020-03-15,157,351.4732238,4.872880178
2020-03-15,159,1093.752967,11.17723508
2020-03-15,161,89.37860533,2.109311913
2020-03-15,163,630.4376886,7.787989469
2020-03-15,164,121.6771389,1.425495299
2020-03-15,166,753.9671563,8.877311425
2020-03-15,168,1734.970193,19.56914656
2020-03-15,169,601.8442864,7.078874644
2020-03-15,171,358.6609529,4.4700591
2020-03-15,172,289.2436816,3.605464986
2020-03-15,173,586.4072185,5.947126854
2020-03-15,174,310.9024553,3.498635629
2020-03-15,175,357.6267487,4.538344456
2020-03-15,177,406.3833484,5.022260922
2020-03-15,18,319.6086315,4.102251066
2020-03-15,180,340.9256293,4.715695111
2020-03-15,181,341.8246915,4.624077633
2020-03-15,183,106.2942121,1.139340571
2020-03-15,184,410.9108551,5.32128101
2020-03-15,188,739.3959008,8.092256266
2020-03-15,189,917.8610412,11.87495858
2020-03-15,19,287.4553298,3.234016447
2020-03-15,190,328.0743213,3.551383134
2020-03-15,192,638.1338463,7.204385883
2020-03-15,193,332.5802492,3.606034099
2020-03-15,195,282.6340874,3.084147721
2020-03-15,196,994.5239632,10.67018576
2020-03-15,197,336.6631489,3.558378653
2020-03-15,198,553.8671808,6.315460156
2020-03-15,20,682.4825454,8.547445807
2020-03-15,22,261.6098132,3.211456462
2020-03-15,23,144.4383804,1.651672003
2020-03-15,25,1005.654061,10.99077235
2020-03-15,26,616.1400054,6.631972107
2020-03-15,27,111.454813,1.349329794
2020-03-15,28,1028.682049,11.36841514
2020-03-15,3,507.8267934,5.753627511
2020-03-15,31,690.9579429,8.140573913
2020-03-15,33,133.6419453,1.711660448
2020-03-15,35,123.5593592,1.581640636
2020-03-15,36,307.0547233,4.032093154
2020-03-15,38,806.7155539,9.909110859
2020-03-15,39,91.27941271,1.014644856
2020-03-15,41,462.7286328,5.883158591
2020-03-15,42,78.58973977,1.312480926
2020-03-15,44,998.4938249,10.96986156
2020-03-15,45,621.1439198,7.947092022
2020-03-15,46,307.8628295,3.451905024
2020-03-15,49,284.3104035,3.472710621
2020-03-15,5,1112.68855,11.5098353
2020-03-15,51,1041.208148,12.22727771
2020-03-15,52,537.4780527,6.003697818
2020-03-15,55,510.567946,5.846535438
2020-03-15,57,350.0525024,4.872880178
2020-03-15,59,1077.388381,11.17723508
2020-03-15,61,89.92880421,2.109311913
2020-03-15,63,636.1641254,7.787989469
2020-03-15,64,121.5590476,1.425495299
2020-03-15,66,756.5388588,8.877311425
2020-03-15,68,1743.929073,19.56914656
2020-03-15,69,597.2255385,7.078874644
2020-03-15,71,359.9848932,4.4700591
2020-03-15,72,286.6812343,3.605464986
2020-03-15,73,576.728029,5.947126854
2020-03-15,74,311.9162261,3.498635629
2020-03-15,75,358.3997913,4.538344456
2020-03-15,77,407.0329637,5.022260922
2020-03-15,8,367.3338908,4.895602603
2020-03-15,80,341.1050629,4.715695111
2020-03-15,81,348.9881289,4.624077633
2020-03-15,83,103.8673842,1.139340571
2020-03-15,84,416.9190636,5.32128101
2020-03-15,88,742.3912467,8.092256266
2020-03-15,89,914.2665318,11.87495858
2020-03-15,90,328.8841743,3.551383134
2020-03-15,92,644.4755861,7.204385883
2020-03-15,93,332.6548965,3.606034099
2020-03-15,95,283.8414947,3.084147721
2020-03-15,96,1025.899219,10.67018576
2020-03-15,97,330.149402,3.558378653
2020-03-15,98,557.9885335,6.315460156
2020-03-16,10,1327.926261,15.59359561
2020-03-16,103,525.1345153,5.518159109
2020-03-16,105,1138.325704,11.39201969
2020-03-16,108,371.8040934,4.4281096
2020-03-16,11,903.7902811,10.29382187
2020-03-16,110,1307.40372,15.59359561
2020-03-16,111,904.1827091,10.29382187
2020-03-16,115,438.8167013,5.521131183
2020-03-16,118,321.193011,3.737360067
2020-03-16,119,280.4028232,3.106601411
2020-03-16,120,689.1257869,7.948093299
2020-03-16,122,266.9218008,2.937355605
2020-03-16,123,148.0466582,2.923447932
2020-03-16,125,995.690742,10.589245
2020-03-16,126,613.4920712,7.375883133
2020-03-16,127,110.8476525,1.121873607
2020-03-16,128,1038.031643,11.76617053
2020-03-16,131,698.0757793,8.430597062
2020-03-16,133,136.2749851,1.473618641
2020-03-16,135,123.1033203,1.289518223
2020-03-16,136,299.4821569,3.176027542
2020-03-16,138,800.1909452,9.711691565
2020-03-16,139,91.33782104,1.191573533
2020-03-16,141,455.695873,5.439868724
2020-03-16,142,82.04729659,1.07518234
2020-03-16,144,992.9922569,10.26728708
2020-03-16,145,625.3629283,6.651259892
2020-03-16,146,296.3992235,4.306742232
2020-03-16,149,283.4950543,3.062967378
2020-03-16,15,443.2300646,5.521131183
2020-03-16,151,1048.135334,12.12402635
2020-03-16,152,533.4487074,7.245156939
2020-03-16,155,505.6121579,5.32646679
2020-03-16,157,352.3206722,5.19180691
2020-03-16,159,1070.113726,11.3416997
2020-03-16,161,90.04303648,0.9897340747
2020-03-16,163,627.7316965,6.818829372
2020-03-16,164,126.7205976,2.165518601
2020-03-16,166,740.7275611,8.501511915
2020-03-16,168,1746.456975,19.60343156
2020-03-16,169,609.9036201,7.789085314
2020-03-16,171,361.0824656,4.353205322
2020-03-16,172,285.0337449,3.828801303
2020-03-16,173,564.5926753,6.261850577
2020-03-16,174,314.2021795,3.490073579
2020-03-16,175,363.2090511,3.908919029
2020-03-16,177,397.635828,4.815570697
2020-03-16,18,318.7741576,3.737360067
2020-03-16,180,335.3916078,3.482558771
2020-03-16,181,348.776241,4.9743512
2020-03-16,183,100.4012755,1.565937649
2020-03-16,184,409.3927221,4.420626656
2020-03-16,188,739.9029468,8.761410715
2020-03-16,189,913.3777153,11.93229801
2020-03-16,19,281.7865323,3.106601411
2020-03-16,190,326.1834993,4.122352665
2020-03-16,192,640.3192593,7.75969339
2020-03-16,193,328.3057812,3.851302097
2020-03-16,195,290.0082235,3.89352381
2020-03-16,196,1045.366793,11.19049843
2020-03-16,197,335.63409,4.062311503
2020-03-16,198,548.3941494,6.397506334
2020-03-16,20,691.8542921,7.948093299
2020-03-16,22,263.6452464,2.937355605
2020-03-16,23,146.1595278,2.923447932
2020-03-16,25,1002.640426,10.589245
2020-03-16,26,616.7042658,7.375883133
2020-03-16,27,111.2835242,1.121873607
2020-03-16,28,1044.38781,11.76617053
2020-03-16,3,513.1435408,5.518159109
2020-03-16,31,694.1816654,8.430597062
2020-03-16,33,133.754379,1.473618641
2020-03-16,35,125.5467696,1.289518223
2020-03-16,36,301.8832923,3.176027542
2020-03-16,38,796.9704249,9.711691565
2020-03-16,39,91.37253623,1.191573533
2020-03-16,41,458.5092852,5.439868724
2020-03-16,42,80.45879538,1.07518234
2020-03-16,44,987.3967474,10.26728708
2020-03-16,45,623.9709246,6.651259892
2020-03-16,46,299.683436,4.306742232
2020-03-16,49,283.2061894,3.062967378
2020-03-16,5,1120.629418,11.39201969
2020-03-16,51,1045.86491,12.12402635
2020-03-16,52,542.431931,7.245156939
2020-03-16,55,509.025085,5.32646679
2020-03-16,57,351.255572,5.19180691
2020-03-16,59,1070.916965,11.3416997
2020-03-16,61,91.17015922,0.9897340747
2020-03-16,63,625.7913964,6.818829372
2020-03-16,64,123.7290229,2.165518601
2020-03-16,66,752.7024811,8.501511915
2020-03-16,68,1740.584377,19.60343156
2020-03-16,69,606.12039,7.789085314
2020-03-16,71,361.479365,4.353205322
2020-03-16,72,287.7256675,3.828801303
2020-03-16,73,569.1098012,6.261850577
2020-03-16,74,312.1572235,3.490073579
2020-03-16,75,361.3897127,3.908919029
2020-03-16,77,409.3503249,4.815570697
2020-03-16,8,373.7773259,4.4281096
2020-03-16,80,338.9995236,3.482558771
2020-03-16,81,349.3391458,4.9743512
2020-03-16,83,102.0694675,1.565937649
2020-03-16,84,417.4323696,4.420626656
2020-03-16,88,739.8956855,8.761410715
2020-03-16,89,915.4318195,11.93229801
2020-03-16,90,324.0011378,4.122352665
2020-03-16,92,647.2638443,7.75969339
2020-03-16,93,331.9499197,3.851302097
2020-03-16,95,289.3652413,3.89352381
2020-03-16,96,1053.490953,11.19049843
2020-03-16,97,335.7767013,4.062311503
2020-03-16,98,555.1505514,6.397506334
2020-03-17,10,1354.167926,15.06900743
2020-03-17,103,507.8810849,6.238491478
2020-03-17,105,1160.538449,12.36632141
2020-03-17,108,381.8191499,4.681698945
2020-03-17,11,916.8959074,11.8226393
2020-03-17,110,1372.809607,15.06900743
2020-03-17,111,904.9067549,11.8226393
2020-03-17,115,448.602921,5.106164958
2020-03-17,118,321.3953912,3.571383269
2020-03-17,119,282.3446768,3.235773894
2020-03-17,120,702.5243154,8.731664295
2020-03-17,122,265.9923614,2.936994268
2020-03-17,123,145.608681,1.432137209
2020-03-17,125,1021.324018,12.46882748
2020-03-17,126,618.6996917,7.022433274
2020-03-17,127,111.8250498,1.301499209
2020-03-17,128,1043.727218,10.9164992
2020-03-17,131,697.59804,7.562747158
2020-03-17,133,131.5523717,2.212196442
2020-03-17,135,125.2453119,1.646734635
2020-03-17,136,309.6817096,4.239264146
2020-03-17,138,792.6767773,8.59721133
2020-03-17,139,90.25199709,1.690805076
2020-03-17,141,465.7374724,5.409549885
2020-03-17,142,79.56567662,1.505105692
2020-03-17,144,979.4566718,10.59837989
2020-03-17,145,626.977468,7.74026197
2020-03-17,146,297.4881331,3.337628118
2020-03-17,149,289.0420883,3.39509017
2020-03-17,15,450.0512649,5.106164958
2020-03-17,151,1056.354623,12.13746982
2020-03-17,152,548.664732,5.804191853
2020-03-17,155,507.7211549,5.596237616
2020-03-17,157,347.7961231,4.203522076
2020-03-17,159,1070.841634,12.34547352
2020-03-17,161,93.5956686,1.462643233
2020-03-17,163,651.4931994,6.918240944
2020-03-17,164,124.7532393,1.666588819
2020-03-17,166,767.8043829,10.17641529
2020-03-17,168,1791.563542,19.14021512
2020-03-17,169,603.8195175,7.236372854
2020-03-17,171,365.0558162,4.459680099
2020-03-17,172,293.7810466,4.166704883
2020-03-17,173,589.7842098,6.441166571
2020-03-17,174,313.3107485,3.756203623
2020-03-17,175,353.8825834,4.885041233
2020-03-17,177,408.5326631,4.83755343
2020-03-17,18,319.5152913,3.571383269
2020-03-17,180,339.5623621,3.922834859
2020-03-17,181,356.8429691,5.218404086
2020-03-17,183,102.7309428,1.137241416
2020-03-17,184,420.5175245,4.648007075
2020-03-17,188,750.420124,8.299168633
2020-03-17,189,915.5172079,12.0803312
2020-03-17,19,281.6005648,3.235773894
2020-03-17,190,324.1970751,4.265923577
2020-03-17,192,656.9840526,7.546703781
2020-03-17,193,325.199937,3.399496859
2020-03-17,195,288.5142095,3.515619608
2020-03-17,196,1041.157354,11.59424
2020-03-17,197,339.6777432,3.424663015
2020-03-17,198,558.9331384,6.223719201
2020-03-17,20,697.8975203,8.731664295
2020-03-17,22,263.0165882,2.936994268
2020-03-17,23,142.9333601,1.432137209
2020-03-17,25,1029.755836,12.46882748
2020-03-17,26,628.4067506,7.022433274
2020-03-17,27,112.477363,1.301499209
2020-03-17,28,1048.621658,10.9164992
2020-03-17,3,516.6248287,6.238491478
2020-03-17,31,690.4459956,7.562747158
2020-03-17,33,134.0271943,2.212196442
2020-03-17,35,125.7890766,1.646734635
2020-03-17,36,306.6863127,4.239264146
2020-03-17,38,792.3047785,8.59721133
2020-03-17,39,92.28408949,1.690805076
2020-03-17,41,459.3971016,5.409549885
2020-03-17,42,79.96544467,1.505105692
2020-03-17,44,974.0245956,10.59837989
2020-03-17,45,628.340471,7.74026197
2020-03-17,46,299.0513525,3.337628118
2020-03-17,49,293.7278335,3.39509017
2020-03-17,5,1131.338211,12.36632141
2020-03-17,51,1059.629421,12.13746982
2020-03-17,52,547.0578735,5.804191853
2020-03-17,55,510.0018384,5.596237616
2020-03-17,57,349.4691964,4.203522076
2020-03-17,59,1080.586451,12.34547352
2020-03-17,61,92.11872333,1.462643233
2020-03-17,63,652.1126704,6.918240944
2020-03-17,64,123.6819504,1.666588819
2020-03-17,66,762.1186054,10.17641529
2020-03-17,68,1781.87579,19.14021512
2020-03-17,69,603.0478685,7.236372854
2020-03-17,71,363.4506611,4.459680099
2020-03-17,72,293.9726146,4.166704883
2020-03-17,73,590.4587867,6.441166571
2020-03-17,74,311.3442166,3.756203623
2020-03-17,75,357.6593426,4.885041233
2020-03-17,77,412.3139253,4.83755343
2020-03-17,8,378.8385046,4.681698945
2020-03-17,80,343.5666223,3.922834859
2020-03-17,81,355.8341605,5.218404086
2020-03-17,83,101.9620188,1.137241416
2020-03-17,84,422.5840093,4.648007075
2020-03-17,88,752.3061959,8.299168633
2020-03-17,89,918.9259038,12.0803312
2020-03-17,90,323.1811495,4.265923577
2020-03-17,92,651.4470312,7.546703781
2020-03-17,93,329.003721,3.399496859
2020-03-17,95,289.8350339,3.515619608
2020-03-17,96,1055.904725,11.59424
2020-03-17,97,339.7070435,3.424663015
2020-03-17,98,554.7961612,6.223719201
2020-03-18,10,1361.179691,15.69165917
2020-03-18,103,517.0896679,5.359751995
2020-03-18,105,1116.535739,11.86575926
2020-03-18,108,378.1353929,4.141022012
2020-03-18,11,931.4985889,11.10553856
2020-03-18,110,1366.821266,15.69165917
2020-03-18,111,925.448472,11.10553856
2020-03-18,115,449.138417,5.292398672
2020-03-18,118,319.2734459,5.148170223
2020-03-18,119,283.9226547,3.70739515
2020-03-18,120,689.2599565,8.739865422
2020-03-18,122,258.696793,3.627964571
2020-03-18,123,138.3797234,1.825958548
2020-03-18,125,1005.580386,12.63454283
2020-03-18,126,630.2226369,6.946617517
2020-03-18,127,109.4752752,1.676283076
2020-03-18,128,1066.709476,12.04754208
2020-03-18,131,679.9754307,7.391119217
2020-03-18,133,131.1409661,1.50264136
2020-03-18,135,129.4080954,1.464080044
2020-03-18,136,303.9452489,3.585321952
2020-03-18,138,782.1894477,9.210887077
2020-03-18,139,90.90970453,0.9066515644
2020-03-18,141,447.6800713,5.552420699
2020-03-18,142,77.18158528,1.504479232
2020-03-18,144,982.5793854,10.57465669
2020-03-18,145,619.4838448,7.375811627
2020-03-18,146,297.9248508,3.452163176
2020-03-18,149,292.6913225,3.33947815
2020-03-18,15,452.6760948,5.292398672
2020-03-18,151,1078.608777,13.1976188
2020-03-18,152,549.2962837,6.924243816
2020-03-18,155,504.0446492,5.377627498
2020-03-18,157,356.8697491,4.379897055
2020-03-18,159,1086.597665,12.34669268
2020-03-18,161,92.9642626,1.075269657
2020-03-18,163,670.4442093,7.037258558
2020-03-18,164,123.0503699,1.549483647
2020-03-18,166,753.7077899,10.17068198
2020-03-18,168,1771.900699,20.02295466
2020-03-18,169,597.1560367,6.481884878
2020-03-18,171,364.865647,4.423267783
2020-03-18,172,292.7467689,3.808995184
2020-03-18,173,594.4305705,7.170604575
2020-03-18,174,306.8927467,4.022561206
2020-03-18,175,374.0610551,3.718813338
2020-03-18,177,423.0371255,5.196747952
2020-03-18,18,316.4455682,5.148170223
2020-03-18,180,354.4156368,5.2511591
2020-03-18,181,356.4562338,4.488655185
2020-03-18,183,102.741286,1.111167562
2020-03-18,184,426.1034761,5.04727112
2020-03-18,188,758.1470264,9.88885775
2020-03-18,189,904.5674991,9.932963314
2020-03-18,19,282.5009397,3.70739515
2020-03-18,190,323.1168977,3.724290657
2020-03-18,192,649.2116172,8.44464615
2020-03-18,193,328.7132207,3.59617545
2020-03-18,195,289.0045386,3.456825333
2020-03-18,196,1064.432237,11.18247704
2020-03-18,197,343.6090814,3.738720398
2020-03-18,198,548.3325907,6.499529088
2020-03-18,20,694.1166716,8.739865422
2020-03-18,22,261.9063222,3.627964571
2020-03-18,23,140.6845139,1.825958548
2020-03-18,25,1012.203371,12.63454283
2020-03-18,26,637.1052294,6.946617517
2020-03-18,27,110.8624161,1.676283076
2020-03-18,28,1063.384838,12.04754208
2020-03-18,3,513.5523579,5.359751995
2020-03-18,31,678.9610226,7.391119217
2020-03-18,33,129.9483941,1.50264136
2020-03-18,35,126.5352899,1.464080044
2020-03-18,36,306.9301172,3.585321952
2020-03-18,38,801.0522685,9.210887077
2020-03-18,39,90.6215216,0.9066515644
2020-03-18,41,454.6129436,5.552420699
2020-03-18,42,77.86142435,1.504479232
2020-03-18,44,976.2185217,10.57465669
2020-03-18,45,625.1628643,7.375811627
2020-03-18,46,294.997206,3.452163176
2020-03-18,49,292.4465547,3.33947815
2020-03-18,5,1120.578334,11.86575926
2020-03-18,51,1061.250596,13.1976188
2020-03-18,52,552.6638078,6.924243816
2020-03-18,55,505.9875083,5.377627498
2020-03-18,57,347.9941779,4.379897055
2020-03-18,59,1092.34238,12.34669268
2020-03-18,61,93.35647866,1.075269657
2020-03-18,63,651.4489228,7.037258558
2020-03-18,64,123.9264707,1.549483647
2020-03-18,66,750.6788462,10.17068198
2020-03-18,68,1774.56229,20.02295466
2020-03-18,69,600.8881787,6.481884878
2020-03-18,71,362.5963369,4.423267783
2020-03-18,72,291.7230275,3.808995184
2020-03-18,73,592.9449551,7.170604575
2020-03-18,74,308.2911976,4.022561206
2020-03-18,75,365.5214354,3.718813338
2020-03-18,77,413.8793543,5.196747952
2020-03-18,8,377.7036717,4.141022012
2020-03-18,80,348.3811957,5.2511591
2020-03-18,81,355.4076923,4.488655185
2020-03-18,83,101.884865,1.111167562
2020-03-18,84,420.5760939,5.04727112
2020-03-18,88,742.1990983,9.88885775
2020-03-18,89,907.45426,9.932963314
2020-03-18,90,322.6934455,3.724290657
2020-03-18,92,652.5326936,8.44464615
2020-03-18,93,329.9934064,3.59617545
2020-03-18,95,291.9727701,3.456825333
2020-03-18,96,1074.273244,11.18247704
2020-03-18,97,340.8845933,3.738720398
2020-03-18,98,554.6576536,6.499529088
2020-03-19,10,1374.219656,15.82547771
2020-03-19,103,522.0649691,5.380854299
2020-03-19,105,1090.633814,11.83734874
2020-03-19,108,375.5789827,4.512502163
2020-03-19,11,950.1259033,11.11148015
2020-03-19,110,1378.839127,15.82547771
2020-03-19,111,955.1569396,11.11148015
2020-03-19,115,461.2012681,5.312647764
2020-03-19,118,322.0240135,3.925312963
2020-03-19,119,283.3934131,3.902099429
2020-03-19,120,698.8510085,8.296070719
2020-03-19,122,263.1177983,4.27155466
2020-03-19,123,144.2218268,1.572180993
2020-03-19,125,1027.7529,11.13104295
2020-03-19,126,629.1270875,7.19860072
2020-03-19,127,109.6693763,2.207549335
2020-03-19,128,1066.734561,11.76339883
2020-03-19,131,692.418444,8.626520126
2020-03-19,133,128.9048251,1.492804929
2020-03-19,135,129.8248704,1.611873949
2020-03-19,136,309.3391367,4.080323798
2020-03-19,138,807.6445702,9.081102926
2020-03-19,139,90.61206792,1.59698544
2020-03-19,141,462.170846,5.462780052
2020-03-19,142,78.16784797,0.8318757196
2020-03-19,144,978.0029217,10.46293938
2020-03-19,145,647.9942566,6.56211764
2020-03-19,146,300.9815567,3.839545143
2020-03-19,149,295.6783384,3.248508346
2020-03-19,15,456.9154408,5.312647764
2020-03-19,151,1062.641225,12.94132143
2020-03-19,152,557.9444263,6.021143561
2020-03-19,155,508.4022322,6.157384873
2020-03-19,157,343.7374578,5.237829018
2020-03-19,159,1095.633837,12.31201497
2020-03-19,161,93.17511452,1.530891248
2020-03-19,163,645.6220628,6.912713362
2020-03-19,164,125.8073458,1.490928346
2020-03-19,166,753.7848682,8.638807307
2020-03-19,168,1816.313784,20.13906883
2020-03-19,169,612.0436276,9.247376443
2020-03-19,171,363.1870609,4.417898252
2020-03-19,172,297.1460497,3.224349603
2020-03-19,173,595.0485539,7.72572006
2020-03-19,174,312.2873194,3.76164683
2020-03-19,175,364.1441178,4.125562046
2020-03-19,177,417.3404987,4.332006348
2020-03-19,18,318.7811079,3.925312963
2020-03-19,180,355.4260599,3.832622443
2020-03-19,181,369.083017,3.84487732
2020-03-19,183,106.5367314,1.405719109
2020-03-19,184,429.6183138,5.054416298
2020-03-19,188,746.686228,9.293112717
2020-03-19,189,893.5472015,10.9432256
2020-03-19,19,285.0612183,3.902099429
2020-03-19,190,324.5442529,4.071596046
2020-03-19,192,657.8924036,7.384072269
2020-03-19,193,337.6741498,3.583845001
2020-03-19,195,298.3539158,3.702097485
2020-03-19,196,1076.489401,11.45820443
2020-03-19,197,340.0912792,3.507469848
2020-03-19,198,551.9901157,6.003833966
2020-03-19,20,697.2266587,8.296070719
2020-03-19,22,264.83572,4.27155466
2020-03-19,23,144.5163759,1.572180993
2020-03-19,25,1019.980532,11.13104295
2020-03-19,26,632.3293859,7.19860072
2020-03-19,27,110.3122535,2.207549335
2020-03-19,28,1078.432849,11.76339883
2020-03-19,3,523.5278024,5.380854299
2020-03-19,31,690.9198641,8.626520126
2020-03-19,33,131.4285715,1.492804929
2020-03-19,35,127.1531657,1.611873949
2020-03-19,36,309.4505794,4.080323798
2020-03-19,38,808.5994725,9.081102926
2020-03-19,39,90.9828078,1.59698544
2020-03-19,41,455.3884399,5.462780052
2020-03-19,42,77.84440559,0.8318757196
2020-03-19,44,976.4626547,10.46293938
2020-03-19,45,639.0248482,6.56211764
2020-03-19,46,293.6560928,3.839545143
2020-03-19,49,295.480407,3.248508346
2020-03-19,5,1120.117621,11.83734874
2020-03-19,51,1060.413097,12.94132143
2020-03-19,52,556.4915448,6.021143561
2020-03-19,55,509.7003132,6.157384873
2020-03-19,57,344.8462404,5.237829018
2020-03-19,59,1093.563424,12.31201497
2020-03-19,61,93.87591,1.530891248
2020-03-19,63,656.970592,6.912713362
2020-03-19,64,127.0518976,1.490928346
2020-03-19,66,761.4537403,8.638807307
2020-03-19,68,1811.443336,20.13906883
2020-03-19,69,610.2060731,9.247376443
2020-03-19,71,366.3630044,4.417898252
2020-03-19,72,292.6258899,3.224349603
2020-03-19,73,590.6885074,7.72572006
2020-03-19,74,313.6699369,3.76164683
2020-03-19,75,364.7899906,4.125562046
2020-03-19,77,418.2129075,4.332006348
2020-03-19,8,376.8223475,4.512502163
2020-03-19,80,349.4642875,3.832622443
2020-03-19,81,368.1332784,3.84487732
2020-03-19,83,104.4054484,1.405719109
2020-03-19,84,427.1468199,5.054416298
2020-03-19,88,750.2569907,9.293112717
2020-03-19,89,902.2344509,10.9432256
2020-03-19,90,328.4640509,4.071596046
2020-03-19,92,662.0346763,7.384072269
2020-03-19,93,338.6843419,3.583845001
2020-03-19,95,297.151395,3.702097485
2020-03-19,96,1088.884174,11.45820443
2020-03-19,97,345.5526328,3.507469848
2020-03-19,98,553.5490755,6.003833966
2020-03-20,10,1385.549375,16.19283895
2020-03-20,103,528.723162,5.71501469
2020-03-20,105,1121.082262,11.54114275
2020-03-20,108,383.6685966,4.548981277
2020-03-20,11,953.9492709,11.47166172
2020-03-20,110,1403.746881,16.19283895
2020-03-20,111,969.811051,11.47166172
2020-03-20,115,471.1511353,6.134196469
2020-03-20,118,315.6272138,3.464659463
2020-03-20,119,290.2081775,4.342349765
2020-03-20,120,723.8623313,8.551885047
2020-03-20,122,264.9157077,2.894302592
2020-03-20,123,145.5556692,1.756547747
2020-03-20,125,1025.929781,11.86787593
2020-03-20,126,628.7639637,7.860433299
2020-03-20,127,109.2432882,1.200466874
2020-03-20,128,1088.430282,11.4652717
2020-03-20,131,680.398245,8.353744551
2020-03-20,133,123.7073284,1.632489724
2020-03-20,135,127.6106254,2.213839029
2020-03-20,136,305.9649497,3.608538447
2020-03-20,138,818.6097135,8.730771074
2020-03-20,139,91.03358124,0.9752869601
2020-03-20,141,450.7805275,6.416362927
2020-03-20,142,76.31554445,1.564888796
2020-03-20,144,977.9747353,11.38931592
2020-03-20,145,627.1336834,7.032487901
2020-03-20,146,300.4959047,3.924275455
2020-03-20,149,302.1171364,4.53676734
2020-03-20,15,462.1725959,6.134196469
2020-03-20,151,1066.775054,13.37339938
2020-03-20,152,570.3953508,6.259015701
2020-03-20,155,521.506483,6.273280313
2020-03-20,157,347.2014444,4.081529972
2020-03-20,159,1063.450085,12.34787471
2020-03-20,161,90.86228247,1.485867595
2020-03-20,163,650.0005981,7.791412873
2020-03-20,164,130.7743058,1.721234889
2020-03-20,166,776.0452973,8.929281843
2020-03-20,168,1790.616776,19.44304847
2020-03-20,169,618.8634208,7.724946289
2020-03-20,171,367.0225563,3.986723104
2020-03-20,172,293.9469782,3.595973742
2020-03-20,173,591.1902284,7.896980147
2020-03-20,174,313.434628,4.003330649
2020-03-20,175,370.6396343,4.463431259
2020-03-20,177,425.693077,5.522698457
2020-03-20,18,318.5084406,3.464659463
2020-03-20,180,353.4766684,4.064771359
2020-03-20,181,365.0530189,4.417571943
2020-03-20,183,106.6276908,1.188630778
2020-03-20,184,423.5673764,4.493051325
2020-03-20,188,749.5321349,7.951257334
2020-03-20,189,898.8990325,11.17549602
2020-03-20,19,285.7532206,4.342349765
2020-03-20,190,325.8891722,4.707102082
2020-03-20,192,660.2722476,7.204566267
2020-03-20,193,342.3967536,3.528928603
2020-03-20,195,295.7311129,5.067300629
2020-03-20,196,1109.017874,11.5808858
2020-03-20,197,357.2406756,3.947110679
2020-03-20,198,537.848821,6.931632991
2020-03-20,20,718.2402164,8.551885047
2020-03-20,22,265.7312523,2.894302592
2020-03-20,23,142.6548967,1.756547747
2020-03-20,25,1028.12302,11.86787593
2020-03-20,26,633.260771,7.860433299
2020-03-20,27,112.1232444,1.200466874
2020-03-20,28,1084.709448,11.4652717
2020-03-20,3,526.3601759,5.71501469
2020-03-20,31,688.3914411,8.353744551
2020-03-20,33,127.0086288,1.632489724
2020-03-20,35,127.473178,2.213839029
2020-03-20,36,304.2459585,3.608538447
2020-03-20,38,815.7694369,8.730771074
2020-03-20,39,91.30142988,0.9752869601
2020-03-20,41,453.8673727,6.416362927
2020-03-20,42,76.50755562,1.564888796
2020-03-20,44,980.3352819,11.38931592
2020-03-20,45,638.4622713,7.032487901
2020-03-20,46,295.747263,3.924275455
2020-03-20,49,299.4390068,4.53676734
2020-03-20,5,1121.899041,11.54114275
2020-03-20,51,1061.773674,13.37339938
2020-03-20,52,565.8723947,6.259015701
2020-03-20,55,513.9948662,6.273280313
2020-03-20,57,345.9411215,4.081529972
2020-03-20,59,1081.998722,12.34787471
2020-03-20,61,92.98976211,1.485867595
2020-03-20,63,644.8868284,7.791412873
2020-03-20,64,127.296078,1.721234889
2020-03-20,66,773.117914,8.929281843
2020-03-20,68,1787.810329,19.44304847
2020-03-20,69,622.1548608,7.724946289
2020-03-20,71,366.814223,3.986723104
2020-03-20,72,293.0174272,3.595973742
2020-03-20,73,594.5452912,7.896980147
2020-03-20,74,310.2411991,4.003330649
2020-03-20,75,369.0386585,4.463431259
2020-03-20,77,422.8341637,5.522698457
2020-03-20,8,379.7463603,4.548981277
2020-03-20,80,351.4915999,4.064771359
2020-03-20,81,366.9484112,4.417571943
2020-03-20,83,105.7054148,1.188630778
2020-03-20,84,424.3697718,4.493051325
2020-03-20,88,746.3548154,7.951257334
2020-03-20,89,897.7738221,11.17549602
2020-03-20,90,325.6142154,4.707102082
2020-03-20,92,665.6455377,7.204566267
2020-03-20,93,338.6566148,3.528928603
2020-03-20,95,297.3107277,5.067300629
2020-03-20,96,1085.557921,11.5808858
2020-03-20,97,349.0924961,3.947110679
2020-03-20,98,545.5304285,6.931632991
2020-03-21,10,1387.020649,15.93239178
2020-03-21,103,523.2632475,6.072110361
2020-03-21,105,1101.05157,11.06833025
2020-03-21,108,374.6438364,4.247171193
2020-03-21,11,943.4527818,10.74667683
2020-03-21,110,1380.132262,15.93239178
2020-03-21,111,939.7124969,10.74667683
2020-03-21,115,458.3486717,5.909179703
2020-03-21,118,316.5634428,3.770581606
2020-03-21,119,283.3485685,3.460883274
2020-03-21,120,715.3224059,8.614476804
2020-03-21,122,260.1532076,3.641639158
2020-03-21,123,141.3484473,1.687867353
2020-03-21,125,1010.067435,10.99600351
2020-03-21,126,648.442734,7.022827343
2020-03-21,127,114.6227389,1.257100001
2020-03-21,128,1062.295339,12.02028455
2020-03-21,131,687.6945569,8.065043297
2020-03-21,133,127.6994234,1.443884194
2020-03-21,135,124.4538576,1.835006408
2020-03-21,136,306.5599655,3.909100704
2020-03-21,138,795.540167,9.208479508
2020-03-21,139,92.4671997,1.008504693
2020-03-21,141,439.5426202,5.281161024
2020-03-21,142,74.6859378,2.357676117
2020-03-21,144,968.9454193,10.66473391
2020-03-21,145,630.9653956,7.220473559
2020-03-21,146,294.9696911,4.72996719
2020-03-21,149,308.1647821,3.761361459
2020-03-21,15,460.4350416,5.909179703
2020-03-21,151,1061.369035,12.37265008
2020-03-21,152,550.9635689,7.008057649
2020-03-21,155,509.1279573,6.20862741
2020-03-21,157,332.7321878,4.13637912
2020-03-21,159,1062.540255,12.63649661
2020-03-21,161,94.52434333,1.025793741
2020-03-21,163,642.5011606,6.939454287
2020-03-21,164,124.8288784,1.387068255
2020-03-21,166,770.4979799,8.716012109
2020-03-21,168,1791.984275,19.88519194
2020-03-21,169,613.5074755,6.791434271
2020-03-21,171,362.0280728,4.320766105
2020-03-21,172,285.0598562,3.092226005
2020-03-21,173,565.965725,7.292247457
2020-03-21,174,302.9561647,4.70780068
2020-03-21,175,374.0445326,4.667381996
2020-03-21,177,406.1823915,5.215093872
2020-03-21,18,313.3629659,3.770581606
2020-03-21,180,353.8657773,4.32787644
2020-03-21,181,368.8652274,3.907129572
2020-03-21,183,105.9679549,1.392139482
2020-03-21,184,418.9981583,5.500124865
2020-03-21,188,739.0419839,8.137476172
2020-03-21,189,909.6544776,11.10315967
2020-03-21,19,284.3817889,3.460883274
2020-03-21,190,326.4056037,3.792049903
2020-03-21,192,659.6526935,7.43701318
2020-03-21,193,341.5035294,3.506600009
2020-03-21,195,292.4244081,3.660595878
2020-03-21,196,1101.273946,11.77435338
2020-03-21,197,347.1519067,4.546429969
2020-03-21,198,540.5485683,6.443871674
2020-03-21,20,710.4217837,8.614476804
2020-03-21,22,263.6106892,3.641639158
2020-03-21,23,140.6650256,1.687867353
2020-03-21,25,1011.389817,10.99600351
2020-03-21,26,628.7693177,7.022827343
2020-03-21,27,112.7763183,1.257100001
2020-03-21,28,1058.446078,12.02028455
2020-03-21,3,516.8324948,6.072110361
2020-03-21,31,678.0960097,8.065043297
2020-03-21,33,126.7466157,1.443884194
2020-03-21,35,124.7900498,1.835006408
2020-03-21,36,303.6798301,3.909100704
2020-03-21,38,812.5414545,9.208479508
2020-03-21,39,91.34951777,1.008504693
2020-03-21,41,448.6422704,5.281161024
2020-03-21,42,75.45998495,2.357676117
2020-03-21,44,966.0789144,10.66473391
2020-03-21,45,632.4129011,7.220473559
2020-03-21,46,291.7873684,4.72996719
2020-03-21,49,302.8181895,3.761361459
2020-03-21,5,1099.549875,11.06833025
2020-03-21,51,1061.27461,12.37265008
2020-03-21,52,555.8822079,7.008057649
2020-03-21,55,505.0373031,6.20862741
2020-03-21,57,341.9953455,4.13637912
2020-03-21,59,1068.209156,12.63649661
2020-03-21,61,93.07541398,1.025793741
2020-03-21,63,638.1752739,6.939454287
2020-03-21,64,126.2148544,1.387068255
2020-03-21,66,770.0465579,8.716012109
2020-03-21,68,1772.913689,19.88519194
2020-03-21,69,615.4616019,6.791434271
2020-03-21,71,364.4074767,4.320766105
2020-03-21,72,289.3086418,3.092226005
2020-03-21,73,580.7479321,7.292247457
2020-03-21,74,304.798283,4.70780068
2020-03-21,75,369.3349545,4.667381996
2020-03-21,77,412.632724,5.215093872
2020-03-21,8,380.0502684,4.247171193
2020-03-21,80,353.5499979,4.32787644
2020-03-21,81,371.9854232,3.907129572
2020-03-21,83,106.019989,1.392139482
2020-03-21,84,422.2286828,5.500124865
2020-03-21,88,734.3005063,8.137476172
2020-03-21,89,906.1626233,11.10315967
2020-03-21,90,321.0236632,3.792049903
2020-03-21,92,660.6366017,7.43701318
2020-03-21,93,341.7664522,3.506600009
2020-03-21,95,296.9730697,3.660595878
2020-03-21,96,1102.587484,11.77435338
2020-03-21,97,347.2690107,4.546429969
2020-03-21,98,543.6939674,6.443871674
2020-03-22,10,1367.753414,15.43336351
2020-03-22,103,521.5876832,6.145260984
2020-03-22,105,1099.872866,11.31153149
2020-03-22,108,366.1074434,3.887133466
2020-03-22,11,937.6557395,11.79334996
2020-03-22,110,1375.354412,15.43336351
2020-03-22,111,931.0922495,11.79334996
2020-03-22,115,449.6647894,5.673109275
2020-03-22,118,311.6303229,4.274601277
2020-03-22,119,277.1132407,4.495309807
2020-03-22,120,700.4711197,7.776198853
2020-03-22,122,258.8798241,4.450041789
2020-03-22,123,140.09115,2.699421336
2020-03-22,125,1019.822036,12.30530402
2020-03-22,126,603.8488863,6.770470029
2020-03-22,127,114.9401054,1.647680874
2020-03-22,128,1041.683324,11.14640719
2020-03-22,131,658.5347267,7.394291175
2020-03-22,133,123.5342019,1.965759937
2020-03-22,135,119.6898493,1.641667861
2020-03-22,136,303.9980039,4.165209951
2020-03-22,138,807.4965249,8.679491197
2020-03-22,139,90.38046318,0.9362413957
2020-03-22,141,436.8255063,5.182159232
2020-03-22,142,77.23222561,0.8336371136
2020-03-22,144,948.3783878,10.87010778
2020-03-22,145,629.8938712,7.186863979
2020-03-22,146,287.9172443,3.317886249
2020-03-22,149,299.3750941,3.259236207
2020-03-22,15,452.5698302,5.673109275
2020-03-22,151,1061.679262,12.93193696
2020-03-22,152,565.5801759,6.021082616
2020-03-22,155,494.8410093,5.185224648
2020-03-22,157,342.5485211,3.798852785
2020-03-22,159,1069.560822,11.51772126
2020-03-22,161,92.37753632,1.305086314
2020-03-22,163,638.7431079,7.806438734
2020-03-22,164,118.7959738,2.094720504
2020-03-22,166,766.3558746,9.132811878
2020-03-22,168,1738.306254,18.38014113
2020-03-22,169,613.9529379,7.076107088
2020-03-22,171,354.4612693,3.973501079
2020-03-22,172,286.5129759,4.302960863
2020-03-22,173,579.9691925,6.053242514
2020-03-22,174,301.4680792,3.722780522
2020-03-22,175,366.8742205,4.051390329
2020-03-22,177,411.2261606,5.095984934
2020-03-22,18,310.8037948,4.274601277
2020-03-22,180,345.5681936,4.351499671
2020-03-22,181,372.3447494,5.006238833
2020-03-22,183,103.5442095,1.438808941
2020-03-22,184,421.9509683,5.619966436
2020-03-22,188,731.6502418,9.21666328
2020-03-22,189,914.8363865,11.23996272
2020-03-22,19,282.0958907,4.495309807
2020-03-22,190,313.6078166,5.036067993
2020-03-22,192,641.059405,7.365957201
2020-03-22,193,330.8484119,3.943454096
2020-03-22,195,296.463581,3.401387631
2020-03-22,196,1104.199789,12.02895443
2020-03-22,197,346.986843,3.670481513
2020-03-22,198,549.0619821,7.279644664
2020-03-22,20,706.5965461,7.776198853
2020-03-22,22,261.5457159,4.450041789
2020-03-22,23,138.5296883,2.699421336
2020-03-22,25,1012.046551,12.30530402
2020-03-22,26,609.1208326,6.770470029
2020-03-22,27,113.1657343,1.647680874
2020-03-22,28,1047.750132,11.14640719
2020-03-22,3,520.9060138,6.145260984
2020-03-22,31,660.5415144,7.394291175
2020-03-22,33,125.197342,1.965759937
2020-03-22,35,120.509851,1.641667861
2020-03-22,36,298.9205935,4.165209951
2020-03-22,38,804.0348397,8.679491197
2020-03-22,39,90.84618368,0.9362413957
2020-03-22,41,436.7226207,5.182159232
2020-03-22,42,77.54553811,0.8336371136
2020-03-22,44,956.3792451,10.87010778
2020-03-22,45,629.3646931,7.186863979
2020-03-22,46,285.9712801,3.317886249
2020-03-22,49,301.3702836,3.259236207
2020-03-22,5,1090.335784,11.31153149
2020-03-22,51,1057.944882,12.93193696
2020-03-22,52,554.921568,6.021082616
2020-03-22,55,499.4215987,5.185224648
2020-03-22,57,341.3786961,3.798852785
2020-03-22,59,1062.364151,11.51772126
2020-03-22,61,92.30518092,1.305086314
2020-03-22,63,641.1736518,7.806438734
2020-03-22,64,121.7400797,2.094720504
2020-03-22,66,767.4612855,9.132811878
2020-03-22,68,1754.459348,18.38014113
2020-03-22,69,607.851157,7.076107088
2020-03-22,71,360.3052898,3.973501079
2020-03-22,72,283.0749584,4.302960863
2020-03-22,73,578.7811665,6.053242514
2020-03-22,74,303.3438262,3.722780522
2020-03-22,75,365.9797283,4.051390329
2020-03-22,77,405.8518923,5.095984934
2020-03-22,8,367.6396177,3.887133466
2020-03-22,80,350.6485832,4.351499671
2020-03-22,81,370.0458351,5.006238833
2020-03-22,83,104.814471,1.438808941
2020-03-22,84,422.2292986,5.619966436
2020-03-22,88,737.0656536,9.21666328
2020-03-22,89,899.6695272,11.23996272
2020-03-22,90,317.2553546,5.036067993
2020-03-22,92,650.9399188,7.365957201
2020-03-22,93,332.2163015,3.943454096
2020-03-22,95,295.1647493,3.401387631
2020-03-22,96,1084.829535,12.02895443
2020-03-22,97,348.5585629,3.670481513
2020-03-22,98,540.8524991,7.279644664
2020-03-23,10,1362.847774,15.46256679
2020-03-23,103,529.5149191,5.40063017
2020-03-23,105,1127.107859,11.47344962
2020-03-23,108,373.2110714,5.477222992
2020-03-23,11,937.9996902,10.34801303
2020-03-23,110,1368.464043,15.46256679
2020-03-23,111,944.697604,10.34801303
2020-03-23,115,452.3501592,5.342395819
2020-03-23,118,312.9556364,4.45690707
2020-03-23,119,273.4564292,3.98074884
2020-03-23,120,706.034645,9.04070769
2020-03-23,122,261.3224008,3.749720744
2020-03-23,123,134.4772749,1.571508724
2020-03-23,125,1005.783098,10.91221778
2020-03-23,126,615.5718338,6.980325437
2020-03-23,127,113.0191102,1.456349218
2020-03-23,128,1063.876993,11.42239575
2020-03-23,131,664.5444564,8.561487594
2020-03-23,133,127.6422976,1.626179676
2020-03-23,135,121.1708282,1.592318447
2020-03-23,136,295.6462774,4.26487819
2020-03-23,138,787.3272242,9.012017812
2020-03-23,139,91.98160289,1.189527833
2020-03-23,141,440.0340551,5.972592327
2020-03-23,142,79.69084175,1.323255173
2020-03-23,144,946.658842,11.18473965
2020-03-23,145,630.8707435,7.165464569
2020-03-23,146,295.0447376,3.124617164
2020-03-23,149,303.2247848,3.543539385
2020-03-23,15,445.5389933,5.342395819
2020-03-23,151,1047.37118,13.42844157
2020-03-23,152,565.4907168,5.803117944
2020-03-23,155,504.6668239,5.963472611
2020-03-23,157,347.3988629,4.575099634
2020-03-23,159,1059.199892,12.20008112
2020-03-23,161,92.25898317,1.044871659
2020-03-23,163,628.1149807,6.478938744
2020-03-23,164,122.4231001,1.77231798
2020-03-23,166,766.2825763,8.854592241
2020-03-23,168,1739.221851,19.67043963
2020-03-23,169,620.8816417,7.186560463
2020-03-23,171,361.6382944,5.546614762
2020-03-23,172,290.1167549,3.917193104
2020-03-23,173,588.5503158,6.183055607
2020-03-23,174,301.4917382,3.906393292
2020-03-23,175,355.0151918,4.153437523
2020-03-23,177,396.6908505,5.48390122
2020-03-23,18,314.8695661,4.45690707
2020-03-23,180,354.1780115,4.094770193
2020-03-23,181,371.2294713,4.218594223
2020-03-23,183,109.9936533,1.424161865
2020-03-23,184,429.1455477,4.491540225
2020-03-23,188,734.8591918,8.084375985
2020-03-23,189,892.3969355,10.06023736
2020-03-23,19,276.4194222,3.98074884
2020-03-23,190,321.9196755,3.637004454
2020-03-23,192,641.5720194,7.300294778
2020-03-23,193,347.7909581,3.754824318
2020-03-23,195,301.0895231,3.195115696
2020-03-23,196,1085.520585,11.29032865
2020-03-23,197,350.0256381,4.035304972
2020-03-23,198,547.2335168,7.533879472
2020-03-23,20,704.3709519,9.04070769
2020-03-23,22,260.3032361,3.749720744
2020-03-23,23,136.1978727,1.571508724
2020-03-23,25,1009.017634,10.91221778
2020-03-23,26,611.1384406,6.980325437
2020-03-23,27,114.2557826,1.456349218
2020-03-23,28,1066.183041,11.42239575
2020-03-23,3,521.4839634,5.40063017
2020-03-23,31,663.9129266,8.561487594
2020-03-23,33,126.5993527,1.626179676
2020-03-23,35,118.3428036,1.592318447
2020-03-23,36,297.1509658,4.26487819
2020-03-23,38,794.7664388,9.012017812
2020-03-23,39,91.31607954,1.189527833
2020-03-23,41,444.3532367,5.972592327
2020-03-23,42,77.95313796,1.323255173
2020-03-23,44,942.8861549,11.18473965
2020-03-23,45,639.6780754,7.165464569
2020-03-23,46,290.9936222,3.124617164
2020-03-23,49,302.53306,3.543539385
2020-03-23,5,1115.807992,11.47344962
2020-03-23,51,1073.029066,13.42844157
2020-03-23,52,559.0392998,5.803117944
2020-03-23,55,510.2076256,5.963472611
2020-03-23,57,348.6703855,4.575099634
2020-03-23,59,1055.07053,12.20008112
2020-03-23,61,91.89038407,1.044871659
2020-03-23,63,641.3172575,6.478938744
2020-03-23,64,122.9063242,1.77231798
2020-03-23,66,763.2325879,8.854592241
2020-03-23,68,1741.526255,19.67043963
2020-03-23,69,609.7301633,7.186560463
2020-03-23,71,360.4605885,5.546614762
2020-03-23,72,286.9824949,3.917193104
2020-03-23,73,579.8483048,6.183055607
2020-03-23,74,305.9179796,3.906393292
2020-03-23,75,359.6335075,4.153437523
2020-03-23,77,403.2790847,5.48390122
2020-03-23,8,371.1137197,5.477222992
2020-03-23,80,355.6523559,4.094770193
2020-03-23,81,373.4915037,4.218594223
2020-03-23,83,107.553716,1.424161865
2020-03-23,84,428.2504159,4.491540225
2020-03-23,88,740.0917936,8.084375985
2020-03-23,89,887.0887923,10.06023736
2020-03-23,90,322.1723027,3.637004454
2020-03-23,92,647.8431101,7.300294778
2020-03-23,93,339.3119437,3.754824318
2020-03-23,95,297.2371617,3.195115696
2020-03-23,96,1070.39884,11.29032865
2020-03-23,97,353.5411897,4.035304972
2020-03-23,98,541.9646592,7.533879472
2020-03-24,10,1362.596104,15.16658067
2020-03-24,103,517.8582868,6.289031547
2020-03-24,105,1115.743707,11.48786875
2020-03-24,108,376.5685535,4.445794458
2020-03-24,11,938.3282785,12.35942108
2020-03-24,110,1354.540207,15.16658067
2020-03-24,111,946.4697684,12.35942108
2020-03-24,115,445.7879498,5.888537265
2020-03-24,118,321.3244688,4.032875264
2020-03-24,119,284.5967999,3.439419741
2020-03-24,120,705.2317711,8.738563063
2020-03-24,122,266.9318673,3.476067398
2020-03-24,123,136.3132288,1.6847574
2020-03-24,125,1025.80974,11.06612287
2020-03-24,126,621.5035108,6.361183379
2020-03-24,127,115.1495889,1.890740261
2020-03-24,128,1065.285992,11.99478559
2020-03-24,131,665.8333679,8.891407413
2020-03-24,133,129.7721428,1.833690011
2020-03-24,135,119.0524446,1.559186771
2020-03-24,136,302.4593763,3.412733921
2020-03-24,138,795.4529114,9.893551407
2020-03-24,139,91.96544473,1.474483506
2020-03-24,141,453.1591125,5.717211402
2020-03-24,142,79.00078876,0.8076235844
2020-03-24,144,965.6238025,11.06658233
2020-03-24,145,638.2084924,6.626278602
2020-03-24,146,291.3124715,3.642020487
2020-03-24,149,304.7778095,3.790406228
2020-03-24,15,449.9567809,5.888537265
2020-03-24,151,1097.020951,12.53170928
2020-03-24,152,563.0199995,6.732381529
2020-03-24,155,517.2125995,5.670329142
2020-03-24,157,348.1228011,3.767693899
2020-03-24,159,1060.381846,11.26800859
2020-03-24,161,95.03531004,1.488151304
2020-03-24,163,624.2439598,6.742904176
2020-03-24,164,119.70298,1.506522755
2020-03-24,166,771.872467,10.01046327
2020-03-24,168,1710.535147,20.54653148
2020-03-24,169,615.0736939,8.441644445
2020-03-24,171,348.9823447,3.717098026
2020-03-24,172,287.9901971,3.354825335
2020-03-24,173,579.6359083,6.88176955
2020-03-24,174,307.128537,3.534994388
2020-03-24,175,364.5248871,4.074736206
2020-03-24,177,411.1780102,4.897865485
2020-03-24,18,319.0862267,4.032875264
2020-03-24,180,368.910548,4.57349968
2020-03-24,181,384.0009567,4.844819071
2020-03-24,183,109.304045,1.507878336
2020-03-24,184,429.6512218,4.439313569
2020-03-24,188,737.7438259,8.633949587
2020-03-24,189,904.1326849,10.58827524
2020-03-24,19,279.71948,3.439419741
2020-03-24,190,322.4538151,3.750533322
2020-03-24,192,659.4676923,7.832818658
2020-03-24,193,350.287751,3.521048846
2020-03-24,195,300.4049515,4.936726853
2020-03-24,196,1084.058151,12.22172378
2020-03-24,197,362.2547743,4.736799375
2020-03-24,198,549.1511353,7.080425735
2020-03-24,20,712.0166394,8.738563063
2020-03-24,22,265.1061364,3.476067398
2020-03-24,23,136.9657787,1.6847574
2020-03-24,25,1010.573464,11.06612287
2020-03-24,26,629.747535,6.361183379
2020-03-24,27,116.1988104,1.890740261
2020-03-24,28,1077.436325,11.99478559
2020-03-24,3,518.1069858,6.289031547
2020-03-24,31,666.2346301,8.891407413
2020-03-24,33,128.5429322,1.833690011
2020-03-24,35,118.379323,1.559186771
2020-03-24,36,305.9738632,3.412733921
2020-03-24,38,799.4303411,9.893551407
2020-03-24,39,91.15491015,1.474483506
2020-03-24,41,449.3041053,5.717211402
2020-03-24,42,79.48019235,0.8076235844
2020-03-24,44,958.8936516,11.06658233
2020-03-24,45,641.4623863,6.626278602
2020-03-24,46,290.2215325,3.642020487
2020-03-24,49,307.7163332,3.790406228
2020-03-24,5,1142.350087,11.48786875
2020-03-24,51,1084.424002,12.53170928
2020-03-24,52,568.2737306,6.732381529
2020-03-24,55,519.7816458,5.670329142
2020-03-24,57,348.8155672,3.767693899
2020-03-24,59,1062.043272,11.26800859
2020-03-24,61,96.4309466,1.488151304
2020-03-24,63,638.159805,6.742904176
2020-03-24,64,121.7870295,1.506522755
2020-03-24,66,774.6055413,10.01046327
2020-03-24,68,1748.827317,20.54653148
2020-03-24,69,614.3861125,8.441644445
2020-03-24,71,354.824514,3.717098026
2020-03-24,72,290.8096613,3.354825335
2020-03-24,73,584.4174687,6.88176955
2020-03-24,74,312.6541331,3.534994388
2020-03-24,75,370.9103362,4.074736206
2020-03-24,77,407.7287574,4.897865485
2020-03-24,8,377.5037185,4.445794458
2020-03-24,80,371.4425856,4.57349968
2020-03-24,81,379.0797766,4.844819071
2020-03-24,83,109.9828987,1.507878336
2020-03-24,84,428.2301035,4.439313569
2020-03-24,88,744.9568372,8.633949587
2020-03-24,89,900.3936721,10.58827524
2020-03-24,90,322.5873648,3.750533322
2020-03-24,92,653.9093577,7.832818658
2020-03-24,93,348.2960959,3.521048846
2020-03-24,95,298.9726153,4.936726853
2020-03-24,96,1092.892888,12.22172378
2020-03-24,97,361.6665811,4.736799375
2020-03-24,98,548.2933708,7.080425735
2020-03-25,10,1352.947697,14.6487517
2020-03-25,103,513.4870781,5.621816923
2020-03-25,105,1096.983455,11.53701728
2020-03-25,108,378.6541833,5.086499878
2020-03-25,11,938.4181297,10.69042064
2020-03-25,110,1369.472535,14.6487517
2020-03-25,111,939.2468442,10.69042064
2020-03-25,115,448.3622319,5.390894029
2020-03-25,118,319.8922242,3.489311533
2020-03-25,119,274.9668862,3.425964436
2020-03-25,120,710.4812929,7.865641226
2020-03-25,122,261.7013817,3.625181233
2020-03-25,123,139.8318198,1.512381561
2020-03-25,125,993.4856494,11.20094107
2020-03-25,126,637.7442357,6.428987699
2020-03-25,127,113.8220069,1.216526208
2020-03-25,128,1097.710033,11.73449951
2020-03-25,131,670.778771,8.477973208
2020-03-25,133,133.9322731,1.606120341
2020-03-25,135,124.0523666,1.68499498
2020-03-25,136,307.4270431,3.353174271
2020-03-25,138,788.160666,8.761925931
2020-03-25,139,91.52348662,1.13544654
2020-03-25,141,447.1033033,6.101329307
2020-03-25,142,81.0340083,1.077874445
2020-03-25,144,975.2076431,10.29271179
2020-03-25,145,640.6403432,7.177923113
2020-03-25,146,298.6374817,3.665345682
2020-03-25,149,298.2022064,3.145867183
2020-03-25,15,446.8958877,5.390894029
2020-03-25,151,1076.868514,12.71083177
2020-03-25,152,561.8396434,6.68144163
2020-03-25,155,523.6753631,6.748305162
2020-03-25,157,356.6990971,4.121577645
2020-03-25,159,1073.411465,11.53112043
2020-03-25,161,92.67931042,1.203841553
2020-03-25,163,629.0591088,6.689179221
2020-03-25,164,128.8865777,1.36369057
2020-03-25,166,760.3182525,8.745614805
2020-03-25,168,1764.182751,18.68009874
2020-03-25,169,604.3255871,6.931934993
2020-03-25,171,356.168479,3.987788727
2020-03-25,172,294.1996764,4.011306257
2020-03-25,173,589.8567592,6.950761325
2020-03-25,174,315.3371968,3.910639106
2020-03-25,175,376.0899275,4.386179949
2020-03-25,177,413.9054133,5.046212429
2020-03-25,18,319.4784492,3.489311533
2020-03-25,180,362.8734141,4.462735147
2020-03-25,181,382.9809538,4.640768133
2020-03-25,183,105.1268032,1.223535807
2020-03-25,184,429.4367599,4.529962915
2020-03-25,188,728.6081176,8.596622751
2020-03-25,189,885.8977609,10.56770121
2020-03-25,19,278.235556,3.425964436
2020-03-25,190,330.4761907,5.16819035
2020-03-25,192,645.2870043,7.202033798
2020-03-25,193,357.6395732,3.837658717
2020-03-25,195,303.0088839,3.276104848
2020-03-25,196,1108.29767,12.34851933
2020-03-25,197,357.4524375,3.70388601
2020-03-25,198,551.2420885,6.274586411
2020-03-25,20,710.3674647,7.865641226
2020-03-25,22,264.5495918,3.625181233
2020-03-25,23,140.8203071,1.512381561
2020-03-25,25,1006.266412,11.20094107
2020-03-25,26,636.7396458,6.428987699
2020-03-25,27,116.2197244,1.216526208
2020-03-25,28,1080.985127,11.73449951
2020-03-25,3,521.4443178,5.621816923
2020-03-25,31,670.3600919,8.477973208
2020-03-25,33,131.2314853,1.606120341
2020-03-25,35,121.3667175,1.68499498
2020-03-25,36,305.578829,3.353174271
2020-03-25,38,796.339143,8.761925931
2020-03-25,39,93.05495472,1.13544654
2020-03-25,41,449.4227575,6.101329307
2020-03-25,42,81.19388339,1.077874445
2020-03-25,44,967.0922616,10.29271179
2020-03-25,45,634.9895081,7.177923113
2020-03-25,46,294.337273,3.665345682
2020-03-25,49,302.9483882,3.145867183
2020-03-25,5,1127.033181,11.53701728
2020-03-25,51,1077.716131,12.71083177
2020-03-25,52,569.1113294,6.68144163
2020-03-25,55,518.5453661,6.748305162
2020-03-25,57,352.4792382,4.121577645
2020-03-25,59,1063.168151,11.53112043
2020-03-25,61,94.34516917,1.203841553
2020-03-25,63,639.9159618,6.689179221
2020-03-25,64,124.1818622,1.36369057
2020-03-25,66,771.1597542,8.745614805
2020-03-25,68,1758.867984,18.68009874
2020-03-25,69,604.7766374,6.931934993
2020-03-25,71,357.1091913,3.987788727
2020-03-25,72,295.9920209,4.011306257
2020-03-25,73,594.3184011,6.950761325
2020-03-25,74,313.0673199,3.910639106
2020-03-25,75,372.5733409,4.386179949
2020-03-25,77,414.9591527,5.046212429
2020-03-25,8,373.4932771,5.086499878
2020-03-25,80,363.2136536,4.462735147
2020-03-25,81,381.9000802,4.640768133
2020-03-25,83,107.6466614,1.223535807
2020-03-25,84,423.8184653,4.529962915
2020-03-25,88,739.2365096,8.596622751
2020-03-25,89,895.1482136,10.56770121
2020-03-25,90,324.8472816,5.16819035
2020-03-25,92,650.0915999,7.202033798
2020-03-25,93,347.6213242,3.837658717
2020-03-25,95,300.1381538,3.276104848
2020-03-25,96,1108.878034,12.34851933
2020-03-25,97,363.2897557,3.70388601
2020-03-25,98,549.0750902,6.274586411
2020-03-26,10,1369.226581,15.07118941
2020-03-26,103,521.4075505,6.256590263
2020-03-26,105,1112.59144,12.26010405
2020-03-26,108,372.4073856,4.85447054
2020-03-26,11,939.9585312,10.75020113
2020-03-26,110,1373.942074,15.07118941
2020-03-26,111,935.3350494,10.75020113
2020-03-26,115,449.9142567,5.294190966
2020-03-26,118,325.5658942,3.809093437
2020-03-26,119,280.0858807,3.974899884
2020-03-26,120,696.4387987,8.299225145
2020-03-26,122,256.9164236,3.756216556
2020-03-26,123,140.4702737,1.772956838
2020-03-26,125,1012.931429,11.53543293
2020-03-26,126,673.8320817,6.971519782
2020-03-26,127,117.682954,1.870776287
2020-03-26,128,1070.801025,11.5253692
2020-03-26,131,685.5319633,7.905586366
2020-03-26,133,135.6332392,2.051409132
2020-03-26,135,124.5280176,1.400592117
2020-03-26,136,312.8583019,4.046912214
2020-03-26,138,804.8697275,8.963102923
2020-03-26,139,94.5879078,1.690670648
2020-03-26,141,448.263743,4.713376578
2020-03-26,142,84.71504106,1.87575563
2020-03-26,144,990.1272331,10.27722426
2020-03-26,145,653.3008522,7.482642901
2020-03-26,146,296.7599936,3.18891857
2020-03-26,149,304.6543157,3.447811414
2020-03-26,15,453.0904051,5.294190966
2020-03-26,151,1079.657526,13.54252301
2020-03-26,152,568.5002231,6.175185715
2020-03-26,155,531.3141123,6.568631383
2020-03-26,157,353.996081,4.256642213
2020-03-26,159,1057.028634,11.89189089
2020-03-26,161,98.63260034,1.152568548
2020-03-26,163,657.7864506,6.759700927
2020-03-26,164,127.1744082,1.429162724
2020-03-26,166,794.6543155,9.919268299
2020-03-26,168,1737.54517,19.48718547
2020-03-26,169,605.7413788,6.980448257
2020-03-26,171,359.4893356,3.952959543
2020-03-26,172,304.6976556,3.808708838
2020-03-26,173,621.5791047,7.435304658
2020-03-26,174,313.3164239,5.421944784
2020-03-26,175,372.761894,4.147286688
2020-03-26,177,416.8596189,5.602937371
2020-03-26,18,321.7665866,3.809093437
2020-03-26,180,365.8387206,4.290949316
2020-03-26,181,395.3170395,4.12154706
2020-03-26,183,112.2470714,1.492054277
2020-03-26,184,426.1809563,5.160488197
2020-03-26,188,740.6361469,8.200877354
2020-03-26,189,917.043736,11.32379171
2020-03-26,19,281.3729173,3.974899884
2020-03-26,190,328.3936867,4.633350305
2020-03-26,192,639.7537886,7.045445228
2020-03-26,193,342.9305225,3.598605733
2020-03-26,195,305.6067796,3.622501125
2020-03-26,196,1120.616766,11.81231764
2020-03-26,197,371.7836827,4.057197991
2020-03-26,198,545.4850845,6.117664678
2020-03-26,20,705.5495931,8.299225145
2020-03-26,22,262.5049727,3.756216556
2020-03-26,23,142.5717382,1.772956838
2020-03-26,25,1001.240377,11.53543293
2020-03-26,26,665.2660682,6.971519782
2020-03-26,27,118.7574257,1.870776287
2020-03-26,28,1086.710793,11.5253692
2020-03-26,3,535.0444531,6.256590263
2020-03-26,31,689.8176026,7.905586366
2020-03-26,33,134.7983261,2.051409132
2020-03-26,35,124.4545886,1.400592117
2020-03-26,36,311.9493495,4.046912214
2020-03-26,38,809.6027835,8.963102923
2020-03-26,39,95.1976494,1.690670648
2020-03-26,41,453.8566489,4.713376578
2020-03-26,42,83.10637364,1.87575563
2020-03-26,44,988.2889631,10.27722426
2020-03-26,45,645.0102346,7.482642901
2020-03-26,46,296.2482179,3.18891857
2020-03-26,49,306.8362283,3.447811414
2020-03-26,5,1120.185604,12.26010405
2020-03-26,51,1080.518759,13.54252301
2020-03-26,52,568.3382627,6.175185715
2020-03-26,55,529.6426285,6.568631383
2020-03-26,57,353.5853947,4.256642213
2020-03-26,59,1058.807278,11.89189089
2020-03-26,61,96.91123766,1.152568548
2020-03-26,63,638.4208313,6.759700927
2020-03-26,64,125.0236555,1.429162724
2020-03-26,66,789.8907386,9.919268299
2020-03-26,68,1767.260552,19.48718547
2020-03-26,69,609.3685814,6.980448257
2020-03-26,71,362.1547084,3.952959543
2020-03-26,72,305.5767596,3.808708838
2020-03-26,73,616.8913841,7.435304658
2020-03-26,74,315.4081211,5.421944784
2020-03-26,75,372.2292178,4.147286688
2020-03-26,77,418.7578094,5.602937371
2020-03-26,8,370.0942847,4.85447054
2020-03-26,80,372.7250317,4.290949316
2020-03-26,81,384.3055135,4.12154706
2020-03-26,83,109.0172147,1.492054277
2020-03-26,84,425.9375629,5.160488197
2020-03-26,88,749.1966664,8.200877354
2020-03-26,89,916.1402564,11.32379171
2020-03-26,90,328.3555873,4.633350305
2020-03-26,92,643.9386459,7.045445228
2020-03-26,93,346.1420986,3.598605733
2020-03-26,95,305.8621996,3.622501125
2020-03-26,96,1133.576928,11.81231764
2020-03-26,97,372.7436603,4.057197991
2020-03-26,98,553.7032718,6.117664678
2020-03-27,10,1381.722909,14.94605403
2020-03-27,103,541.1552578,6.440749134
2020-03-27,105,1067.309738,10.92894404
2020-03-27,108,363.2775163,5.389501896
2020-03-27,11,943.8001044,11.19095263
2020-03-27,110,1383.989342,14.94605403
2020-03-27,111,943.3532193,11.19095263
2020-03-27,115,443.0545883,4.761881007
2020-03-27,118,321.6547805,3.687007955
2020-03-27,119,283.2505888,2.996454958
2020-03-27,120,700.7382833,8.974249623
2020-03-27,122,267.4786632,3.33625762
2020-03-27,123,144.5222383,1.984391046
2020-03-27,125,992.707041,12.30211339
2020-03-27,126,657.977251,6.93624639
2020-03-27,127,117.4164979,1.240040356
2020-03-27,128,1075.604073,12.79981119
2020-03-27,131,697.0643579,8.09146492
2020-03-27,133,131.3000569,1.532103953
2020-03-27,135,124.2365837,1.976375073
2020-03-27,136,311.0219657,3.358723803
2020-03-27,138,816.5369379,8.769298677
2020-03-27,139,95.47905552,1.219517404
2020-03-27,141,457.005934,5.18874723
2020-03-27,142,83.19793652,1.621402102
2020-03-27,144,966.8284043,10.31227217
2020-03-27,145,662.5040164,7.402125025
2020-03-27,146,300.3053588,3.772946314
2020-03-27,149,306.2463111,4.200807047
2020-03-27,15,445.1777541,4.761881007
2020-03-27,151,1085.430681,12.53633126
2020-03-27,152,568.8709654,6.699282129
2020-03-27,155,529.4495325,5.70822446
2020-03-27,157,356.2854531,4.007975871
2020-03-27,159,1057.578566,11.64818488
2020-03-27,161,97.40762214,1.11210093
2020-03-27,163,637.5961302,7.214933017
2020-03-27,164,128.8971618,1.848072382
2020-03-27,166,782.6471275,9.862968119
2020-03-27,168,1800.44375,18.70877603
2020-03-27,169,598.6873264,6.570344944
2020-03-27,171,364.5307488,3.896524964
2020-03-27,172,305.4295302,3.792013323
2020-03-27,173,617.4389328,6.630827996
2020-03-27,174,308.1524673,3.729940173
2020-03-27,175,373.5099541,5.023379202
2020-03-27,177,402.5593008,5.707325257
2020-03-27,18,319.1786611,3.687007955
2020-03-27,180,364.0640722,4.454058493
2020-03-27,181,388.1361328,3.943824727
2020-03-27,183,110.4116806,2.066103722
2020-03-27,184,431.2327229,5.096652729
2020-03-27,188,742.7654798,8.67469277
2020-03-27,189,915.4062747,10.62374817
2020-03-27,19,280.9587242,2.996454958
2020-03-27,190,326.6240741,3.767879797
2020-03-27,192,655.2317609,7.421833959
2020-03-27,193,347.9862991,3.92283282
2020-03-27,195,299.2309161,3.932912581
2020-03-27,196,1147.376107,11.98662694
2020-03-27,197,368.2731252,4.324888297
2020-03-27,198,561.3033932,6.561794841
2020-03-27,20,701.2123277,8.974249623
2020-03-27,22,265.3784522,3.33625762
2020-03-27,23,144.1692984,1.984391046
2020-03-27,25,997.6759049,12.30211339
2020-03-27,26,675.2290343,6.93624639
2020-03-27,27,116.8480832,1.240040356
2020-03-27,28,1081.649319,12.79981119
2020-03-27,3,542.768682,6.440749134
2020-03-27,31,688.2645411,8.09146492
2020-03-27,33,131.5281218,1.532103953
2020-03-27,35,124.7216456,1.976375073
2020-03-27,36,310.2486727,3.358723803
2020-03-27,38,810.0909888,8.769298677
2020-03-27,39,94.60889244,1.219517404
2020-03-27,41,454.7184354,5.18874723
2020-03-27,42,83.84850863,1.621402102
2020-03-27,44,984.8367208,10.31227217
2020-03-27,45,661.604007,7.402125025
2020-03-27,46,298.0077292,3.772946314
2020-03-27,49,303.8736456,4.200807047
2020-03-27,5,1092.176315,10.92894404
2020-03-27,51,1086.099375,12.53633126
2020-03-27,52,572.2377659,6.699282129
2020-03-27,55,524.52118,5.70822446
2020-03-27,57,353.0531395,4.007975871
2020-03-27,59,1062.816094,11.64818488
2020-03-27,61,96.64493239,1.11210093
2020-03-27,63,638.0542343,7.214933017
2020-03-27,64,127.7312924,1.848072382
2020-03-27,66,784.4741214,9.862968119
2020-03-27,68,1781.782783,18.70877603
2020-03-27,69,605.0414408,6.570344944
2020-03-27,71,365.9254731,3.896524964
2020-03-27,72,307.4350819,3.792013323
2020-03-27,73,609.6577344,6.630827996
2020-03-27,74,309.2934686,3.729940173
2020-03-27,75,367.1682053,5.023379202
2020-03-27,77,406.9649588,5.707325257
2020-03-27,8,367.7197215,5.389501896
2020-03-27,80,371.3253794,4.454058493
2020-03-27,81,384.3337474,3.943824727
2020-03-27,83,109.2353479,2.066103722
2020-03-27,84,427.7266706,5.096652729
2020-03-27,88,750.6944048,8.67469277
2020-03-27,89,909.9531386,10.62374817
2020-03-27,90,325.9461806,3.767879797
2020-03-27,92,652.4289251,7.421833959
2020-03-27,93,351.6720039,3.92283282
2020-03-27,95,302.503821,3.932912581
2020-03-27,96,1144.158312,11.98662694
2020-03-27,97,376.0477361,4.324888297
2020-03-27,98,551.9432839,6.561794841
2020-03-28,10,1369.126817,16.72723759
2020-03-28,103,532.803986,5.59591622
2020-03-28,105,1077.739218,11.03282454
2020-03-28,108,351.4974229,4.259300544
2020-03-28,11,926.6486099,10.592481
2020-03-28,110,1370.979493,16.72723759
2020-03-28,111,923.2149077,10.592481
2020-03-28,115,444.6556391,4.831803692
2020-03-28,118,312.6686625,4.112427846
2020-03-28,119,280.0077615,3.278506217
2020-03-28,120,690.2658845,8.148209515
2020-03-28,122,267.6800408,3.254554466
2020-03-28,123,144.8058686,2.264821159
2020-03-28,125,987.401083,12.89166049
2020-03-28,126,663.0390449,7.915214041
2020-03-28,127,111.773681,1.486550685
2020-03-28,128,1079.154599,11.65232102
2020-03-28,131,686.329214,7.734498818
2020-03-28,133,132.1758181,1.754315622
2020-03-28,135,124.6184204,1.369740135
2020-03-28,136,307.2556582,3.526296007
2020-03-28,138,788.2139778,8.734319808
2020-03-28,139,97.41240466,1.157329914
2020-03-28,141,453.467097,5.68372334
2020-03-28,142,82.21093616,0.9924965308
2020-03-28,144,973.5550124,10.08104751
2020-03-28,145,639.8715436,7.436038549
2020-03-28,146,296.1119928,3.718913603
2020-03-28,149,304.0915041,3.503051938
2020-03-28,15,447.3224658,4.831803692
2020-03-28,151,1076.404741,13.02633186
2020-03-28,152,566.5276537,8.052930457
2020-03-28,155,516.959073,6.071088135
2020-03-28,157,344.010893,4.96250962
2020-03-28,159,1039.18634,12.01666874
2020-03-28,161,97.64915074,1.412103242
2020-03-28,163,624.7697632,7.291163149
2020-03-28,164,128.7576046,2.188711663
2020-03-28,166,780.6342438,8.964699495
2020-03-28,168,1779.668139,19.00517463
2020-03-28,169,598.2943102,7.15626937
2020-03-28,171,359.5065674,3.836886834
2020-03-28,172,296.1649164,3.730834599
2020-03-28,173,608.2227046,6.745162418
2020-03-28,174,306.7439754,3.821041915
2020-03-28,175,368.8337457,5.14023231
2020-03-28,177,402.4984775,4.337875645
2020-03-28,18,317.3602798,4.112427846
2020-03-28,180,367.0613121,4.509172291
2020-03-28,181,395.1950967,4.31611994
2020-03-28,183,109.2215948,1.52008082
2020-03-28,184,425.2493684,5.205547189
2020-03-28,188,749.3635075,8.671195424
2020-03-28,189,900.9123927,10.80012387
2020-03-28,19,279.3151031,3.278506217
2020-03-28,190,330.4791063,4.221572927
2020-03-28,192,640.1664507,7.741039857
2020-03-28,193,360.0216751,3.657761165
2020-03-28,195,308.4844565,3.902008077
2020-03-28,196,1160.692948,12.44504851
2020-03-28,197,377.943669,3.895785716
2020-03-28,198,553.2038877,7.028189458
2020-03-28,20,691.3262458,8.148209515
2020-03-28,22,267.1630848,3.254554466
2020-03-28,23,147.7370606,2.264821159
2020-03-28,25,989.575738,12.89166049
2020-03-28,26,668.667758,7.915214041
2020-03-28,27,113.2184696,1.486550685
2020-03-28,28,1078.377107,11.65232102
2020-03-28,3,541.5564757,5.59591622
2020-03-28,31,678.4637959,7.734498818
2020-03-28,33,130.6532003,1.754315622
2020-03-28,35,123.0878395,1.369740135
2020-03-28,36,305.8768033,3.526296007
2020-03-28,38,800.6781243,8.734319808
2020-03-28,39,95.26960813,1.157329914
2020-03-28,41,452.249873,5.68372334
2020-03-28,42,83.74472377,0.9924965308
2020-03-28,44,966.8543139,10.08104751
2020-03-28,45,658.8052626,7.436038549
2020-03-28,46,295.6722864,3.718913603
2020-03-28,49,301.0799379,3.503051938
2020-03-28,5,1070.341945,11.03282454
2020-03-28,51,1073.905751,13.02633186
2020-03-28,52,569.8238565,8.052930457
2020-03-28,55,516.6830081,6.071088135
2020-03-28,57,348.2934074,4.96250962
2020-03-28,59,1042.655571,12.01666874
2020-03-28,61,96.44381623,1.412103242
2020-03-28,63,626.9561351,7.291163149
2020-03-28,64,128.398571,2.188711663
2020-03-28,66,783.7954064,8.964699495
2020-03-28,68,1756.48346,19.00517463
2020-03-28,69,590.142797,7.15626937
2020-03-28,71,358.5076961,3.836886834
2020-03-28,72,301.5398785,3.730834599
2020-03-28,73,610.1137325,6.745162418
2020-03-28,74,308.1698782,3.821041915
2020-03-28,75,367.0377102,5.14023231
2020-03-28,77,403.982268,4.337875645
2020-03-28,8,358.9165739,4.259300544
2020-03-28,80,364.8354972,4.509172291
2020-03-28,81,389.2801914,4.31611994
2020-03-28,83,106.6371553,1.52008082
2020-03-28,84,428.463133,5.205547189
2020-03-28,88,743.823387,8.671195424
2020-03-28,89,899.388261,10.80012387
2020-03-28,90,331.0179211,4.221572927
2020-03-28,92,641.1075311,7.741039857
2020-03-28,93,354.9113855,3.657761165
2020-03-28,95,304.0982955,3.902008077
2020-03-28,96,1157.60979,12.44504851
2020-03-28,97,373.7646361,3.895785716
2020-03-28,98,545.0412652,7.028189458
2020-03-29,10,1362.911554,15.63394999
2020-03-29,103,523.5971236,7.188186701
2020-03-29,105,1091.927552,11.79658993
2020-03-29,108,355.8394387,4.48603988
2020-03-29,11,926.147162,10.71918708
2020-03-29,110,1355.488442,15.63394999
2020-03-29,111,923.74024,10.71918708
2020-03-29,115,445.5343808,5.69615866
2020-03-29,118,311.0815548,3.841610633
2020-03-29,119,269.0397236,3.178116398
2020-03-29,120,685.4746062,8.842448296
2020-03-29,122,269.60081,3.570078438
2020-03-29,123,150.3941261,1.637196538
2020-03-29,125,979.9236701,10.79158527
2020-03-29,126,668.6935331,7.094910726
2020-03-29,127,113.3236139,1.250087594
2020-03-29,128,1056.191597,11.61847148
2020-03-29,131,659.220065,8.389514577
2020-03-29,133,129.3356829,2.001877005
2020-03-29,135,122.5000782,1.664273898
2020-03-29,136,302.9622228,4.099455812
2020-03-29,138,817.03684,9.220158429
2020-03-29,139,93.61671933,1.205127578
2020-03-29,141,449.3990758,5.943229685
2020-03-29,142,82.83014427,1.36657906
2020-03-29,144,959.9326628,11.05321891
2020-03-29,145,629.9046778,6.85779622
2020-03-29,146,295.1989819,3.1288056
2020-03-29,149,296.8149336,4.12086712
2020-03-29,15,441.7007794,5.69615866
2020-03-29,151,1066.506467,12.76767295
2020-03-29,152,563.4045791,7.168482529
2020-03-29,155,504.3005273,5.423031971
2020-03-29,157,344.8529209,4.461007468
2020-03-29,159,1044.983673,11.4418136
2020-03-29,161,95.55034835,1.613252665
2020-03-29,163,623.355448,7.931328184
2020-03-29,164,127.5796791,1.858772315
2020-03-29,166,762.7332368,8.559793524
2020-03-29,168,1731.078835,19.96821366
2020-03-29,169,594.4621998,6.816097879
2020-03-29,171,350.1919096,5.20538785
2020-03-29,172,301.3881077,4.085349168
2020-03-29,173,603.9909381,7.297231634
2020-03-29,174,311.7209567,4.60894304
2020-03-29,175,359.7180214,4.12150875
2020-03-29,177,390.2198101,4.689166203
2020-03-29,18,313.4686517,3.841610633
2020-03-29,180,359.8354644,4.360036263
2020-03-29,181,383.7428292,4.701271941
2020-03-29,183,104.2772467,2.134449628
2020-03-29,184,430.3518756,5.220633472
2020-03-29,188,751.8502403,8.247044939
2020-03-29,189,860.9396975,10.43089129
2020-03-29,19,273.7252365,3.178116398
2020-03-29,190,329.5915785,4.106298273
2020-03-29,192,636.6306219,7.544873835
2020-03-29,193,358.5736004,3.88849858
2020-03-29,195,299.8530868,3.63883044
2020-03-29,196,1121.423158,12.21915988
2020-03-29,197,375.8499912,3.752555859
2020-03-29,198,554.9372155,7.055230694
2020-03-29,20,686.7118021,8.842448296
2020-03-29,22,265.6880203,3.570078438
2020-03-29,23,150.7137127,1.637196538
2020-03-29,25,985.1606473,10.79158527
2020-03-29,26,655.6313329,7.094910726
2020-03-29,27,110.9064802,1.250087594
2020-03-29,28,1063.596153,11.61847148
2020-03-29,3,527.3151262,7.188186701
2020-03-29,31,666.8887862,8.389514577
2020-03-29,33,129.8566421,2.001877005
2020-03-29,35,121.7140627,1.664273898
2020-03-29,36,302.1818415,4.099455812
2020-03-29,38,803.4432703,9.220158429
2020-03-29,39,90.88520506,1.205127578
2020-03-29,41,449.34653,5.943229685
2020-03-29,42,83.27313961,1.36657906
2020-03-29,44,967.2295355,11.05321891
2020-03-29,45,636.3466235,6.85779622
2020-03-29,46,291.2856352,3.1288056
2020-03-29,49,299.2219214,4.12086712
2020-03-29,5,1070.457027,11.79658993
2020-03-29,51,1063.88348,12.76767295
2020-03-29,52,561.6110263,7.168482529
2020-03-29,55,509.0899513,5.423031971
2020-03-29,57,341.1803314,4.461007468
2020-03-29,59,1032.462131,11.4418136
2020-03-29,61,96.60730668,1.613252665
2020-03-29,63,622.7156794,7.931328184
2020-03-29,64,127.8611744,1.858772315
2020-03-29,66,773.4188539,8.559793524
2020-03-29,68,1733.192325,19.96821366
2020-03-29,69,586.0248059,6.816097879
2020-03-29,71,353.5651229,5.20538785
2020-03-29,72,300.8576778,4.085349168
2020-03-29,73,607.7279751,7.297231634
2020-03-29,74,310.0118601,4.60894304
2020-03-29,75,359.8743324,4.12150875
2020-03-29,77,392.2942122,4.689166203
2020-03-29,8,354.2042736,4.48603988
2020-03-29,80,361.0960824,4.360036263
2020-03-29,81,385.4267074,4.701271941
2020-03-29,83,105.0685613,2.134449628
2020-03-29,84,428.289254,5.220633472
2020-03-29,88,746.9720759,8.247044939
2020-03-29,89,869.6108698,10.43089129
2020-03-29,90,331.2436693,4.106298273
2020-03-29,92,638.2595365,7.544873835
2020-03-29,93,354.7566852,3.88849858
2020-03-29,95,299.9564912,3.63883044
2020-03-29,96,1138.971393,12.21915988
2020-03-29,97,370.7831158,3.752555859
2020-03-29,98,553.0328468,7.055230694
2020-03-30,10,1363.392855,14.60121046
2020-03-30,103,545.202305,5.975020668
2020-03-30,105,1050.17434,11.03537483
2020-03-30,108,358.7296627,6.001765252
2020-03-30,11,929.4329255,10.69188884
2020-03-30,110,1365.617033,14.60121046
2020-03-30,111,923.1848221,10.69188884
2020-03-30,115,449.7451755,5.870642489
2020-03-30,118,313.7248054,3.465905041
2020-03-30,119,277.095549,3.617714172
2020-03-30,120,685.6889541,8.248744374
2020-03-30,122,261.4935437,3.369606875
2020-03-30,123,152.0850219,2.153730451
2020-03-30,125,970.2536194,10.5662303
2020-03-30,126,655.16918,6.821104634
2020-03-30,127,109.3808215,1.445990565
2020-03-30,128,1032.330901,12.4311164
2020-03-30,131,672.4679913,7.408714658
2020-03-30,133,129.6651498,1.455367122
2020-03-30,135,120.3578905,1.550288651
2020-03-30,136,294.6277271,3.638724267
2020-03-30,138,799.0852798,10.4250861
2020-03-30,139,91.62100679,1.596659983
2020-03-30,141,452.6769799,5.287423142
2020-03-30,142,84.75891323,0.8735734765
2020-03-30,144,956.0094668,11.07438438
2020-03-30,145,647.7689875,6.935351867
2020-03-30,146,294.0328376,3.333779965
2020-03-30,149,299.9197651,3.566657359
2020-03-30,15,444.4306172,5.870642489
2020-03-30,151,1059.969974,12.03038715
2020-03-30,152,556.078382,6.567469772
2020-03-30,155,508.9268467,5.585130664
2020-03-30,157,342.6665182,4.505384066
2020-03-30,159,1023.247598,11.31720131
2020-03-30,161,93.91598037,1.173159831
2020-03-30,163,614.9602786,6.869219981
2020-03-30,164,130.2877795,1.748388588
2020-03-30,166,771.9365615,8.440232354
2020-03-30,168,1706.864399,19.99139532
2020-03-30,169,583.8288928,7.154562712
2020-03-30,171,347.8629532,4.672431639
2020-03-30,172,294.9054647,3.662832741
2020-03-30,173,591.1482625,7.10144919
2020-03-30,174,311.1592995,4.395200622
2020-03-30,175,361.6496851,4.322936281
2020-03-30,177,395.0999622,4.691312751
2020-03-30,18,312.750995,3.465905041
2020-03-30,180,368.0244648,4.312626986
2020-03-30,181,400.3985281,4.15285844
2020-03-30,183,107.1271177,1.517914948
2020-03-30,184,430.1697309,5.126869751
2020-03-30,188,746.9762423,8.442717297
2020-03-30,189,865.0273074,10.67139168
2020-03-30,19,274.627816,3.617714172
2020-03-30,190,328.8231661,4.938194771
2020-03-30,192,628.1362822,7.654177311
2020-03-30,193,367.5555241,3.952036546
2020-03-30,195,296.1881739,3.191850076
2020-03-30,196,1141.578708,13.1535781
2020-03-30,197,380.409313,4.068219213
2020-03-30,198,555.3390077,6.203380337
2020-03-30,20,679.5489451,8.248744374
2020-03-30,22,266.5534326,3.369606875
2020-03-30,23,152.9837529,2.153730451
2020-03-30,25,974.5529933,10.5662303
2020-03-30,26,652.5815354,6.821104634
2020-03-30,27,109.3954153,1.445990565
2020-03-30,28,1041.103405,12.4311164
2020-03-30,3,535.0048008,5.975020668
2020-03-30,31,669.8757421,7.408714658
2020-03-30,33,131.6847311,1.455367122
2020-03-30,35,121.761901,1.550288651
2020-03-30,36,299.2250375,3.638724267
2020-03-30,38,798.7064058,10.4250861
2020-03-30,39,92.15652509,1.596659983
2020-03-30,41,449.3273543,5.287423142
2020-03-30,42,83.66302831,0.8735734765
2020-03-30,44,980.3056114,11.07438438
2020-03-30,45,636.1013833,6.935351867
2020-03-30,46,290.9003194,3.333779965
2020-03-30,49,302.0784492,3.566657359
2020-03-30,5,1075.91909,11.03537483
2020-03-30,51,1065.997157,12.03038715
2020-03-30,52,554.7062269,6.567469772
2020-03-30,55,504.5008867,5.585130664
2020-03-30,57,341.0869082,4.505384066
2020-03-30,59,1029.98176,11.31720131
2020-03-30,61,95.09225606,1.173159831
2020-03-30,63,616.4483718,6.869219981
2020-03-30,64,127.6877905,1.748388588
2020-03-30,66,775.4742296,8.440232354
2020-03-30,68,1742.503293,19.99139532
2020-03-30,69,583.731949,7.154562712
2020-03-30,71,352.4333271,4.672431639
2020-03-30,72,298.1805791,3.662832741
2020-03-30,73,594.2485682,7.10144919
2020-03-30,74,308.5084142,4.395200622
2020-03-30,75,358.428197,4.322936281
2020-03-30,77,394.2614544,4.691312751
2020-03-30,8,359.2170173,6.001765252
2020-03-30,80,361.2555857,4.312626986
2020-03-30,81,393.6749724,4.15285844
2020-03-30,83,106.6361938,1.517914948
2020-03-30,84,434.3704795,5.126869751
2020-03-30,88,745.3857072,8.442717297
2020-03-30,89,863.6946914,10.67139168
2020-03-30,90,331.7825047,4.938194771
2020-03-30,92,625.8699518,7.654177311
2020-03-30,93,370.2133761,3.952036546
2020-03-30,95,298.0769962,3.191850076
2020-03-30,96,1119.435475,13.1535781
2020-03-30,97,367.7355107,4.068219213
2020-03-30,98,561.0806387,6.203380337
2020-03-31,10,1385.921692,15.56801758
2020-03-31,103,528.2774029,5.877084619
2020-03-31,105,1066.431928,11.21601064
2020-03-31,108,362.7736209,5.116257385
2020-03-31,11,943.1009432,10.93791733
2020-03-31,110,1393.611667,15.56801758
2020-03-31,111,932.1056022,10.93791733
2020-03-31,115,445.4744403,5.220568364
2020-03-31,118,314.8141049,3.486749221
2020-03-31,119,269.74681,4.102422368
2020-03-31,120,680.2409365,9.205411382
2020-03-31,122,267.9993788,3.147463529
2020-03-31,123,153.7440386,1.533071369
2020-03-31,125,1002.41857,10.67567064
2020-03-31,126,659.1460671,6.911364503
2020-03-31,127,110.6159078,1.244725011
2020-03-31,128,1050.059109,12.12701076
2020-03-31,131,678.5628921,7.41878811
2020-03-31,133,133.6491572,2.173676216
2020-03-31,135,123.2946656,1.365359094
2020-03-31,136,298.7440514,3.478246275
2020-03-31,138,802.3286447,8.634334414
2020-03-31,139,94.23227304,1.235028693
2020-03-31,141,457.1676932,6.30490707
2020-03-31,142,84.51290121,1.044855301
2020-03-31,144,975.9403464,10.31321595
2020-03-31,145,652.3858666,6.708242767
2020-03-31,146,291.4780312,4.107545555
2020-03-31,149,314.5436322,4.016479392
2020-03-31,15,442.731816,5.220568364
2020-03-31,151,1075.825288,12.32912393
2020-03-31,152,543.1916615,6.787223093
2020-03-31,155,503.7572915,5.749990433
2020-03-31,157,345.2856909,4.143534319
2020-03-31,159,1027.015816,11.38109787
2020-03-31,161,92.93093076,1.172399357
2020-03-31,163,631.1195199,6.523656333
2020-03-31,164,130.0513119,2.057878119
2020-03-31,166,780.918005,8.773431047
2020-03-31,168,1792.128523,19.9159236
2020-03-31,169,580.4152542,7.484307754
2020-03-31,171,357.2609387,4.063395668
2020-03-31,172,301.7406358,4.607547748
2020-03-31,173,591.4311697,6.687920823
2020-03-31,174,309.2784984,3.307678035
2020-03-31,175,358.1495273,3.854757812
2020-03-31,177,388.7881197,4.553632777
2020-03-31,18,305.8776621,3.486749221
2020-03-31,180,364.1438212,4.621704613
2020-03-31,181,394.0358491,4.359048886
2020-03-31,183,108.5616135,2.469482679
2020-03-31,184,446.1287652,4.824090835
2020-03-31,188,762.849048,9.663827396
2020-03-31,189,868.7251375,10.47027426
2020-03-31,19,272.1214107,4.102422368
2020-03-31,190,327.9760656,3.661544773
2020-03-31,192,641.5131013,7.703554476
2020-03-31,193,373.9498855,4.097063215
2020-03-31,195,302.3448016,3.824510934
2020-03-31,196,1144.264234,13.27728243
2020-03-31,197,377.4706678,4.845651568
2020-03-31,198,559.2271727,7.718944444
2020-03-31,20,683.0315484,9.205411382
2020-03-31,22,272.2359527,3.147463529
2020-03-31,23,153.0534538,1.533071369
2020-03-31,25,990.1765924,10.67567064
2020-03-31,26,649.5050239,6.911364503
2020-03-31,27,112.2122228,1.244725011
2020-03-31,28,1047.557761,12.12701076
2020-03-31,3,531.5305335,5.877084619
2020-03-31,31,679.3274588,7.41878811
2020-03-31,33,133.096373,2.173676216
2020-03-31,35,123.722563,1.365359094
2020-03-31,36,300.3694173,3.478246275
2020-03-31,38,802.8534201,8.634334414
2020-03-31,39,93.74678263,1.235028693
2020-03-31,41,458.8567288,6.30490707
2020-03-31,42,84.826712,1.044855301
2020-03-31,44,987.3954152,10.31321595
2020-03-31,45,640.9527273,6.708242767
2020-03-31,46,293.9804159,4.107545555
2020-03-31,49,310.4669071,4.016479392
2020-03-31,5,1071.782021,11.21601064
2020-03-31,51,1069.594024,12.32912393
2020-03-31,52,550.5686063,6.787223093
2020-03-31,55,504.3109428,5.749990433
2020-03-31,57,340.525902,4.143534319
2020-03-31,59,1037.889801,11.38109787
2020-03-31,61,95.82383253,1.172399357
2020-03-31,63,624.2224563,6.523656333
2020-03-31,64,128.0210933,2.057878119
2020-03-31,66,776.0136324,8.773431047
2020-03-31,68,1773.958489,19.9159236
2020-03-31,69,585.0012871,7.484307754
2020-03-31,71,359.1704,4.063395668
2020-03-31,72,306.1175058,4.607547748
2020-03-31,73,601.5334669,6.687920823
2020-03-31,74,307.8344771,3.307678035
2020-03-31,75,356.9250226,3.854757812
2020-03-31,77,393.5383362,4.553632777
2020-03-31,8,366.0935733,5.116257385
2020-03-31,80,360.7615407,4.621704613
2020-03-31,81,396.3109982,4.359048886
2020-03-31,83,107.1989582,2.469482679
2020-03-31,84,434.0323816,4.824090835
2020-03-31,88,751.6902957,9.663827396
2020-03-31,89,865.4336422,10.47027426
2020-03-31,90,331.2171094,3.661544773
2020-03-31,92,627.7809688,7.703554476
2020-03-31,93,373.519981,4.097063215
2020-03-31,95,300.9889103,3.824510934
2020-03-31,96,1143.360919,13.27728243
2020-03-31,97,374.899741,4.845651568
2020-03-31,98,563.3606326,7.718944444
2020-04-01,10,1220.7430175987863,0.0
2020-04-01,103,477.7649364854992,0.0
2020-04-01,105,1082.3235314473288,0.0
2020-04-01,108,395.9875322154628,19.392645566787788
2020-04-01,11,913.1597629078772,0.0
2020-04-01,110,1260.6651623599712,19.922778954776955
2020-04-01,111,964.1585498502175,20.42584365862983
2020-04-01,115,585.9913773415658,20.41820575588797
2020-04-01,118,317.72733287019526,18.2239882459516
2020-04-01,119,270.3646487169457,0.0
2020-04-01,120,705.2679394968587,0.0
2020-04-01,122,301.13257384240273,21.063940987560855
2020-04-01,123,148.18885179622202,0.0
2020-04-01,125,977.2400672278412,0.0
2020-04-01,126,599.8920660630638,0.0
2020-04-01,127,149.25385156176856,20.252568845996624
2020-04-01,128,1119.0052238447622,0.0
2020-04-01,131,653.5109208109375,0.0
2020-04-01,133,121.28237953101393,0.0
2020-04-01,135,107.43834394146846,0.0
2020-04-01,136,274.9929311175778,0.0
2020-04-01,138,732.5682191222062,0.0
2020-04-01,139,117.30224843188672,0.0
2020-04-01,141,434.18367398440506,0.0
2020-04-01,142,99.34769925715375,0.0
2020-04-01,144,933.4139321234835,21.384532047593908
2020-04-01,145,520.0236577908944,0.0
2020-04-01,146,392.73144677345437,0.0
2020-04-01,149,314.9330769989288,0.0
2020-04-01,15,535.6591586187099,0.0
2020-04-01,151,1271.7073144629508,20.44419832729067
2020-04-01,152,695.6910878795175,0.0
2020-04-01,155,480.3936437700584,0.0
2020-04-01,157,333.67130916546137,0.0
2020-04-01,159,1196.508386252356,0.0
2020-04-01,161,96.95159976552935,0.0
2020-04-01,163,491.6231202479077,0.0
2020-04-01,164,118.9686080806658,0.0
2020-04-01,166,849.601110613761,21.10132295773576
2020-04-01,168,1935.5431533244741,0.0
2020-04-01,169,626.4327789964086,0.0
2020-04-01,171,385.22816183333146,0.0
2020-04-01,172,342.58960238413476,20.466545311450126
2020-04-01,173,609.5019349801452,0.0
2020-04-01,174,258.71072635256735,0.0
2020-04-01,175,376.6363943209851,0.0
2020-04-01,177,428.65456200392856,0.0
2020-04-01,18,292.94684027152067,0.0
2020-04-01,180,363.1149784610248,0.0
2020-04-01,181,428.81475822855117,0.0
2020-04-01,183,132.8409578769175,0.0
2020-04-01,184,418.32854037260984,0.0
2020-04-01,188,811.5195891070653,0.0
2020-04-01,189,905.3453208160964,21.34622575620275
2020-04-01,19,274.4974632431351,0.0
2020-04-01,190,310.04468062129814,0.0
2020-04-01,192,654.5607783920126,0.0
2020-04-01,193,349.47968090565337,20.52225063601778
2020-04-01,195,295.2153743933837,0.0
2020-04-01,196,1109.0807152542254,19.902084753557094
2020-04-01,197,391.9594691245553,22.27243472044688
2020-04-01,198,678.9091224079568,20.88903712227989
2020-04-01,20,693.1115511343294,0.0
2020-04-01,22,259.65759886795865,0.0
2020-04-01,23,153.3132916005847,0.0
2020-04-01,25,1047.6210263168425,20.573744421004413
2020-04-01,26,609.430730935646,0.0
2020-04-01,27,158.81446571751445,18.723695583461662
2020-04-01,28,1155.8808834425872,18.711692382536462
2020-04-01,3,466.93681615783476,0.0
2020-04-01,31,648.369960136711,0.0
2020-04-01,33,138.70103948236155,0.0
2020-04-01,35,117.82840998746174,0.0
2020-04-01,36,314.9517220156988,20.292715482141855
2020-04-01,38,718.2022283379906,0.0
2020-04-01,39,120.66340968427953,0.0
2020-04-01,41,449.85705545309685,0.0
2020-04-01,42,100.25526222605049,0.0
2020-04-01,44,952.5095346416464,20.14552119776824
2020-04-01,45,522.8672643193233,0.0
2020-04-01,46,391.30909353919446,0.0
2020-04-01,49,319.28310022179926,0.0
2020-04-01,5,1115.3456189137173,19.385877434991684
2020-04-01,51,1218.4730530759498,0.0
2020-04-01,52,673.3860058884442,0.0
2020-04-01,55,515.3595523455538,20.14098269961206
2020-04-01,57,345.78307343563426,0.0
2020-04-01,59,1188.2535731305215,0.0
2020-04-01,61,144.15110664405256,21.588626928043595
2020-04-01,63,494.5713855947207,0.0
2020-04-01,64,133.84915016248857,0.0
2020-04-01,66,839.1487040233832,0.0
2020-04-01,68,2020.0969953982235,20.6954024745503
2020-04-01,69,616.3983901851889,0.0
2020-04-01,71,381.08319899062815,0.0
2020-04-01,72,295.9753542382721,0.0
2020-04-01,73,653.6684954711067,18.858991490247263
2020-04-01,74,266.6328570186276,0.0
2020-04-01,75,421.83346194684503,19.888491172857055
2020-04-01,77,427.52457427908416,0.0
2020-04-01,8,337.62807922500133,0.0
2020-04-01,80,355.4907074058297,0.0
2020-04-01,81,441.46510757233693,0.0
2020-04-01,83,124.94765861269543,0.0
2020-04-01,84,419.6781707071109,0.0
2020-04-01,88,822.1089279249497,0.0
2020-04-01,89,877.2123501136205,0.0
2020-04-01,90,306.03961062466755,0.0
2020-04-01,92,658.0241686473253,0.0
2020-04-01,93,315.90096777778575,0.0
2020-04-01,95,278.41976329660366,0.0
2020-04-01,96,1075.640494847226,0.0
2020-04-01,97,359.8035041710658,0.0
2020-04-01,98,656.5821400252651,0.0
2020-04-02,10,1234.7221837162836,0.0
2020-04-02,103,486.22463474321495,0.0
2020-04-02,105,1066.835090385901,0.0
2020-04-02,108,378.4250248628815,19.19503351914744
2020-04-02,11,937.3127157967814,0.0
2020-04-02,110,1266.5245575360727,19.61230008359144
2020-04-02,111,979.0629434034333,19.586384334370358
2020-04-02,115,572.5696270252442,19.522354417395995
2020-04-02,118,336.2299760296513,18.744864628026605
2020-04-02,119,261.9655872198261,0.0
2020-04-02,120,716.9421076921199,0.0
2020-04-02,122,330.96852288604686,19.87234531848181
2020-04-02,123,140.5050922644784,0.0
2020-04-02,125,1004.2370453743748,0.0
2020-04-02,126,597.4562411963944,0.0
2020-04-02,127,147.90995651352853,19.43939236315269
2020-04-02,128,1149.207536598775,0.0
2020-04-02,131,674.8605371490023,0.0
2020-04-02,133,121.77599666580282,0.0
2020-04-02,135,119.23008082968474,0.0
2020-04-02,136,264.91412460833095,0.0
2020-04-02,138,751.476581282547,0.0
2020-04-02,139,111.09029615435027,0.0
2020-04-02,141,446.8500637339389,0.0
2020-04-02,142,109.97387126999409,0.0
2020-04-02,144,917.5504097347488,17.070551309997732
2020-04-02,145,544.5306756871639,0.0
2020-04-02,146,403.7440853816785,0.0
2020-04-02,149,303.25497199782336,0.0
2020-04-02,15,542.7988045657332,0.0
2020-04-02,151,1289.3042628958624,22.052972024501663
2020-04-02,152,672.7001394384406,0.0
2020-04-02,155,468.64750631061605,0.0
2020-04-02,157,336.29445421105635,0.0
2020-04-02,159,1225.1289302208072,0.0
2020-04-02,161,108.67311165903581,0.0
2020-04-02,163,506.0770904382622,0.0
2020-04-02,164,137.9566761927837,0.0
2020-04-02,166,887.6809434829307,21.088769654216673
2020-04-02,168,1973.1339014029124,0.0
2020-04-02,169,608.5237831594251,0.0
2020-04-02,171,381.31418778070025,0.0
2020-04-02,172,361.53555920743946,19.623699275075005
2020-04-02,173,625.7945306385186,0.0
2020-04-02,174,266.6988386860676,0.0
2020-04-02,175,384.34405390908375,0.0
2020-04-02,177,432.85022069898326,0.0
2020-04-02,18,292.67948671755295,0.0
2020-04-02,180,371.7408362305217,0.0
2020-04-02,181,445.4334486324272,0.0
2020-04-02,183,136.44586750132544,0.0
2020-04-02,184,422.9158737407645,0.0
2020-04-02,188,832.9672177319437,0.0
2020-04-02,189,935.8255996156688,20.0188190497406
2020-04-02,19,268.71988370416767,0.0
2020-04-02,190,301.176540927117,0.0
2020-04-02,192,638.5381709799581,0.0
2020-04-02,193,353.5366561374971,18.828345652682437
2020-04-02,195,283.4934857166712,0.0
2020-04-02,196,1115.5317918918279,21.695722877810866
2020-04-02,197,399.4189055590809,21.89728869477311
2020-04-02,198,684.3327556294498,20.156693728246523
2020-04-02,20,707.5732926558172,0.0
2020-04-02,22,281.39828953995556,0.0
2020-04-02,23,146.35322502495018,0.0
2020-04-02,25,1072.4754521484567,21.023530644185346
2020-04-02,26,616.2824427229384,0.0
2020-04-02,27,144.14729879254529,20.175286778933923
2020-04-02,28,1163.0999228243782,18.66327456112407
2020-04-02,3,478.3379297699184,0.0
2020-04-02,31,668.7548208138786,0.0
2020-04-02,33,134.6211012521074,0.0
2020-04-02,35,122.51615596809972,0.0
2020-04-02,36,305.6926476581011,19.588176631036344
2020-04-02,38,740.6013016359533,0.0
2020-04-02,39,106.0882478131207,0.0
2020-04-02,41,449.2079262834403,0.0
2020-04-02,42,110.09877395430452,0.0
2020-04-02,44,940.7965653289727,20.131927966771958
2020-04-02,45,531.2152670556732,0.0
2020-04-02,46,385.92666510371936,0.0
2020-04-02,49,324.6020051391975,0.0
2020-04-02,5,1091.4467264004988,19.545452281256555
2020-04-02,51,1223.1420808483845,0.0
2020-04-02,52,675.121742145533,0.0
2020-04-02,55,507.88586909991255,19.781346722564965
2020-04-02,57,348.31834272494035,0.0
2020-04-02,59,1198.3536064184073,0.0
2020-04-02,61,154.62003462059977,19.908600442490886
2020-04-02,63,506.8914017263015,0.0
2020-04-02,64,126.45200004416326,0.0
2020-04-02,66,834.4900762093641,0.0
2020-04-02,68,2017.2755884633934,19.919121502134537
2020-04-02,69,616.1921389632172,0.0
2020-04-02,71,386.31655895587124,0.0
2020-04-02,72,334.2629432632413,0.0
2020-04-02,73,656.9080625147025,20.052258490497483
2020-04-02,74,280.93850209287746,0.0
2020-04-02,75,435.62373725904826,18.9393949336034
2020-04-02,77,438.6357594104124,0.0
2020-04-02,8,348.4158344303206,0.0
2020-04-02,80,366.5524209451654,0.0
2020-04-02,81,443.3531139881492,0.0
2020-04-02,83,128.18132597202785,0.0
2020-04-02,84,420.9142432415426,0.0
2020-04-02,88,826.9063237667788,0.0
2020-04-02,89,901.8047151764225,0.0
2020-04-02,90,295.8120359708504,0.0
2020-04-02,92,664.0625560907895,0.0
2020-04-02,93,308.9755767290365,0.0
2020-04-02,95,287.3010839134399,0.0
2020-04-02,96,1088.4357354665997,0.0
2020-04-02,97,358.735647494586,0.0
2020-04-02,98,632.6273942660731,0.0
2020-04-03,10,1225.2288264775711,0.0
2020-04-03,103,491.4689313232857,0.0
2020-04-03,105,1066.9014453130733,0.0
2020-04-03,108,395.3064832953809,19.282983850872064
2020-04-03,11,923.1750990310732,0.0
2020-04-03,110,1258.0494859322596,18.71541573430003
2020-04-03,111,995.9671566661427,20.977815549686202
2020-04-03,115,597.7145169254758,17.894353058159677
2020-04-03,118,320.06806234873363,21.153590343316925
2020-04-03,119,269.5364268637063,0.0
2020-04-03,120,713.3434673505582,0.0
2020-04-03,122,324.78668469255274,21.386349397262844
2020-04-03,123,136.6697243534642,0.0
2020-04-03,125,996.6852430263799,0.0
2020-04-03,126,618.6379221874114,0.0
2020-04-03,127,158.4631227880321,19.697819413017378
2020-04-03,128,1105.9132125487613,0.0
2020-04-03,131,673.5427347940025,0.0
2020-04-03,133,124.2480176170024,0.0
2020-04-03,135,112.93730636201892,0.0
2020-04-03,136,278.06018000012074,0.0
2020-04-03,138,740.3869151475864,0.0
2020-04-03,139,107.68135389323885,0.0
2020-04-03,141,453.83729647514053,0.0
2020-04-03,142,119.08660079347518,0.0
2020-04-03,144,944.1960252430869,17.3968629121727
2020-04-03,145,534.2073942953613,0.0
2020-04-03,146,373.99430540535764,0.0
2020-04-03,149,335.8384371769248,0.0
2020-04-03,15,541.0486137384946,0.0
2020-04-03,151,1253.6338484614973,19.63868943803271
2020-04-03,152,703.1261806345365,0.0
2020-04-03,155,458.58083941844285,0.0
2020-04-03,157,348.92854578508604,0.0
2020-04-03,159,1167.4971944651707,0.0
2020-04-03,161,98.64393533412597,0.0
2020-04-03,163,491.3782843825319,0.0
2020-04-03,164,132.7004340916288,0.0
2020-04-03,166,874.9983112763103,19.935815838711182
2020-04-03,168,1939.093143608762,0.0
2020-04-03,169,606.4218121833459,0.0
2020-04-03,171,380.6239853283641,0.0
2020-04-03,172,350.8732094162161,18.989401780071088
2020-04-03,173,591.0963987881029,0.0
2020-04-03,174,283.47516002135427,0.0
2020-04-03,175,389.0871695960062,0.0
2020-04-03,177,434.67103019898957,0.0
2020-04-03,18,294.1926083532557,0.0
2020-04-03,180,364.1273776676609,0.0
2020-04-03,181,442.6842396001807,0.0
2020-04-03,183,129.6460065547073,0.0
2020-04-03,184,415.81786664453347,0.0
2020-04-03,188,824.0583809594774,0.0
2020-04-03,189,947.8292136718467,19.484781606191756
2020-04-03,19,277.91653661048053,0.0
2020-04-03,190,307.6047026940583,0.0
2020-04-03,192,669.3358563925324,0.0
2020-04-03,193,360.6604383172024,21.53019519886335
2020-04-03,195,290.4442269105642,0.0
2020-04-03,196,1131.1916766499016,20.66492716230174
2020-04-03,197,398.60728542713696,19.0754358856219
2020-04-03,198,660.7546281671397,18.402400830404567
2020-04-03,20,709.1245996667367,0.0
2020-04-03,22,268.7917992767164,0.0
2020-04-03,23,140.91255869862633,0.0
2020-04-03,25,1053.0834007337892,19.672982682390227
2020-04-03,26,615.1570127302791,0.0
2020-04-03,27,147.66915580759058,19.786543220649563
2020-04-03,28,1171.033999812476,20.496199187363317
2020-04-03,3,486.2862456127344,0.0
2020-04-03,31,682.1539646411286,0.0
2020-04-03,33,132.60123124837926,0.0
2020-04-03,35,113.05276466364484,0.0
2020-04-03,36,297.07978082725464,19.46468328743234
2020-04-03,38,748.1862021691265,0.0
2020-04-03,39,120.9140845726136,0.0
2020-04-03,41,452.60903891288206,0.0
2020-04-03,42,103.80586862318677,0.0
2020-04-03,44,949.667498923242,20.51149957536186
2020-04-03,45,532.9035171460292,0.0
2020-04-03,46,387.78162313816387,0.0
2020-04-03,49,323.9319158841046,0.0
2020-04-03,5,1082.4637877243026,21.93515404006023
2020-04-03,51,1217.6470953034209,0.0
2020-04-03,52,687.4519016279918,0.0
2020-04-03,55,522.9327053112554,20.815501022444263
2020-04-03,57,357.1240632228404,0.0
2020-04-03,59,1197.2547706372513,0.0
2020-04-03,61,153.81057146234073,19.95191149266923
2020-04-03,63,494.69285153244357,0.0
2020-04-03,64,141.05543680508188,0.0
2020-04-03,66,833.0827262834285,0.0
2020-04-03,68,1985.147891417325,19.816849528946705
2020-04-03,69,612.2965166980051,0.0
2020-04-03,71,374.18499500045215,0.0
2020-04-03,72,320.4688914866531,0.0
2020-04-03,73,635.3187901504443,19.64332686582013
2020-04-03,74,266.5943969216827,0.0
2020-04-03,75,436.1552124791191,21.180640912452144
2020-04-03,77,442.7191343104402,0.0
2020-04-03,8,355.5792379564768,0.0
2020-04-03,80,368.32860242842366,0.0
2020-04-03,81,443.28247867759677,0.0
2020-04-03,83,123.06958196441654,0.0
2020-04-03,84,422.45245542831094,0.0
2020-04-03,88,818.5084978760469,0.0
2020-04-03,89,902.5559254484887,0.0
2020-04-03,90,314.88730874319407,0.0
2020-04-03,92,650.1873236358659,0.0
2020-04-03,93,326.02741547843357,0.0
2020-04-03,95,293.96611365295274,0.0
2020-04-03,96,1085.9851012337342,0.0
2020-04-03,97,348.40882034902046,0.0
2020-04-03,98,637.4031088377382,0.0
2020-04-04,10,1232.0528852123869,0.0
2020-04-04,103,470.0093781203057,0.0
2020-04-04,105,1057.2425486269608,0.0
2020-04-04,108,389.4641374603804,19.3726865540487
2020-04-04,11,888.7070607662276,0.0
2020-04-04,110,1264.7879154930542,20.045222708999983
2020-04-04,111,918.4627488094311,20.051197901881086
2020-04-04,115,572.8399155374609,19.49821580718847
2020-04-04,118,323.3753898336688,18.6275344521159
2020-04-04,119,269.70865574650355,0.0
2020-04-04,120,721.3137254566919,0.0
2020-04-04,122,307.73996918761327,20.32297450361767
2020-04-04,123,146.7749448809808,0.0
2020-04-04,125,990.9119369656496,0.0
2020-04-04,126,602.8219027634372,0.0
2020-04-04,127,153.72193640474356,19.938996028144615
2020-04-04,128,1097.4323286246133,0.0
2020-04-04,131,665.0463253411375,0.0
2020-04-04,133,131.79253924871338,0.0
2020-04-04,135,130.12037842048954,0.0
2020-04-04,136,259.67520176085145,0.0
2020-04-04,138,735.518442408082,0.0
2020-04-04,139,122.57242406843041,0.0
2020-04-04,141,446.3820274360142,0.0
2020-04-04,142,104.97673044706261,0.0
2020-04-04,144,911.0787339031774,20.50024046943657
2020-04-04,145,531.1756439220297,0.0
2020-04-04,146,368.75405704976714,0.0
2020-04-04,149,323.23232079831126,0.0
2020-04-04,15,546.5835717863177,0.0
2020-04-04,151,1257.2956301865165,19.466399693560835
2020-04-04,152,669.691438064164,0.0
2020-04-04,155,490.6714766178575,0.0
2020-04-04,157,338.0615734610299,0.0
2020-04-04,159,1216.5654154228955,0.0
2020-04-04,161,107.34797844521141,0.0
2020-04-04,163,514.0416751609747,0.0
2020-04-04,164,141.64970097954398,0.0
2020-04-04,166,848.4739589842579,21.220821298813046
2020-04-04,168,1896.970277751228,0.0
2020-04-04,169,573.9184923255898,0.0
2020-04-04,171,363.4782520440014,0.0
2020-04-04,172,328.8695556881546,19.123226218788155
2020-04-04,173,609.8410638076285,0.0
2020-04-04,174,275.69214288063813,0.0
2020-04-04,175,407.6518123985831,0.0
2020-04-04,177,432.3717389664328,0.0
2020-04-04,18,281.04864032212356,0.0
2020-04-04,180,351.0874292073357,0.0
2020-04-04,181,436.72975135588575,0.0
2020-04-04,183,116.82917300413911,0.0
2020-04-04,184,424.7360014329176,0.0
2020-04-04,188,817.576045947618,0.0
2020-04-04,189,943.0664616638481,21.712040284017892
2020-04-04,19,251.11757844008503,0.0
2020-04-04,190,318.36999522853176,0.0
2020-04-04,192,652.3630332722619,0.0
2020-04-04,193,371.55474505619634,18.25236349017174
2020-04-04,195,276.09809560761767,0.0
2020-04-04,196,1104.9774308370604,20.43477006455689
2020-04-04,197,399.5540416622007,20.475430682526625
2020-04-04,198,665.27168951092,19.204442932059116
2020-04-04,20,702.8536901636501,0.0
2020-04-04,22,273.7805544181982,0.0
2020-04-04,23,139.62431202667725,0.0
2020-04-04,25,1047.9045485755044,20.424393937861012
2020-04-04,26,605.9586422284148,0.0
2020-04-04,27,159.36797795952765,21.279518669760158
2020-04-04,28,1153.951813619997,17.783181160645935
2020-04-04,3,471.03328010080526,0.0
2020-04-04,31,658.2411355148423,0.0
2020-04-04,33,137.77374684775347,0.0
2020-04-04,35,121.51086090670204,0.0
2020-04-04,36,296.22690387663465,20.502744807490814
2020-04-04,38,746.9601449732455,0.0
2020-04-04,39,119.09022063810345,0.0
2020-04-04,41,458.4677946815054,0.0
2020-04-04,42,104.2381111173232,0.0
2020-04-04,44,939.9446961208628,17.50672917966992
2020-04-04,45,547.8614371419678,0.0
2020-04-04,46,373.46682202161213,0.0
2020-04-04,49,329.5846391645186,0.0
2020-04-04,5,1107.0800185461724,19.034335196476793
2020-04-04,51,1206.641734049397,0.0
2020-04-04,52,669.2563596596686,0.0
2020-04-04,55,521.245832482037,21.629166364900946
2020-04-04,57,351.19054970775875,0.0
2020-04-04,59,1190.6296329022082,0.0
2020-04-04,61,137.99379043036686,19.418217966607948
2020-04-04,63,479.28877956983547,0.0
2020-04-04,64,140.08306912199146,0.0
2020-04-04,66,824.5642625704038,0.0
2020-04-04,68,1952.1384885034834,18.82612003559103
2020-04-04,69,594.6964807414005,0.0
2020-04-04,71,386.13204412592336,0.0
2020-04-04,72,288.4753590048637,0.0
2020-04-04,73,636.9421850375222,19.80206227101532
2020-04-04,74,270.5468433308292,0.0
2020-04-04,75,433.0178352968726,22.067906338163553
2020-04-04,77,425.44657090895254,0.0
2020-04-04,8,337.45224733790786,0.0
2020-04-04,80,356.94543314788575,0.0
2020-04-04,81,430.5496828865917,0.0
2020-04-04,83,131.86835338143666,0.0
2020-04-04,84,417.3804693465174,0.0
2020-04-04,88,812.018646292666,0.0
2020-04-04,89,883.2030056513715,0.0
2020-04-04,90,304.0762142345282,0.0
2020-04-04,92,649.5423716296748,0.0
2020-04-04,93,330.60639140743785,0.0
2020-04-04,95,281.501249829519,0.0
2020-04-04,96,1064.561493218255,0.0
2020-04-04,97,351.6198380529034,0.0
2020-04-04,98,624.506405710315,0.0
2020-04-05,10,1211.7284938161274,0.0
2020-04-05,103,456.0077068009289,0.0
2020-04-05,105,1058.4395107512673,0.0
2020-04-05,108,376.83993423166396,18.168317752793975
2020-04-05,11,907.5284022495666,0.0
2020-04-05,110,1256.9457412737836,18.948690088360657
2020-04-05,111,938.7713364021262,21.497431683179627
2020-04-05,115,577.9939446388943,21.85770234353773
2020-04-05,118,333.4382038832047,19.896568775709717
2020-04-05,119,262.32479657140993,0.0
2020-04-05,120,706.9629366413824,0.0
2020-04-05,122,316.5670402938693,18.760947297473358
2020-04-05,123,140.49104288638853,0.0
2020-04-05,125,999.6595965353356,0.0
2020-04-05,126,594.9039333885432,0.0
2020-04-05,127,138.5603292885422,22.09584350180916
2020-04-05,128,1084.3202317817147,0.0
2020-04-05,131,672.774951994381,0.0
2020-04-05,133,142.7304581436248,0.0
2020-04-05,135,116.36909331185456,0.0
2020-04-05,136,268.5888963052033,0.0
2020-04-05,138,743.6954119816407,0.0
2020-04-05,139,140.9266049359333,0.0
2020-04-05,141,458.3382805271162,0.0
2020-04-05,142,103.40293715800065,0.0
2020-04-05,144,921.2495723925651,21.594442391749197
2020-04-05,145,526.1783852664021,0.0
2020-04-05,146,374.5490553206073,0.0
2020-04-05,149,306.1997314316837,0.0
2020-04-05,15,531.9479618836851,0.0
2020-04-05,151,1200.6576100888697,20.678946987762234
2020-04-05,152,673.659744076074,0.0
2020-04-05,155,478.25514141420274,0.0
2020-04-05,157,350.8850176887495,0.0
2020-04-05,159,1201.5049112546083,0.0
2020-04-05,161,118.50325623035448,0.0
2020-04-05,163,498.81330061411006,0.0
2020-04-05,164,132.62330809439666,0.0
2020-04-05,166,859.9150442126986,19.18759765106258
2020-04-05,168,1876.732402358859,0.0
2020-04-05,169,604.0487258105891,0.0
2020-04-05,171,368.3399872351305,0.0
2020-04-05,172,333.40244920489965,19.950970659161964
2020-04-05,173,594.2666144113192,0.0
2020-04-05,174,281.1744025633056,0.0
2020-04-05,175,403.4907585975759,0.0
2020-04-05,177,407.9932654144257,0.0
2020-04-05,18,291.53372042182474,0.0
2020-04-05,180,349.68920163789494,0.0
2020-04-05,181,426.4509451401762,0.0
2020-04-05,183,119.83835923985774,0.0
2020-04-05,184,403.4209986078438,0.0
2020-04-05,188,807.8593880679034,0.0
2020-04-05,189,925.1755513927901,19.839639918955168
2020-04-05,19,264.965396472612,0.0
2020-04-05,190,314.67571094930736,0.0
2020-04-05,192,641.2325885798756,0.0
2020-04-05,193,363.5275523556713,20.330851304615578
2020-04-05,195,288.24815591392303,0.0
2020-04-05,196,1085.2273983886419,21.451001438131335
2020-04-05,197,405.12983133745763,20.879417041137405
2020-04-05,198,662.0860724781411,18.92262392301524
2020-04-05,20,708.9041164639626,0.0
2020-04-05,22,275.2250940313043,0.0
2020-04-05,23,133.9481062909401,0.0
2020-04-05,25,1049.730712639674,21.376496450019538
2020-04-05,26,593.5137613777937,0.0
2020-04-05,27,155.66146731909157,20.313132140013156
2020-04-05,28,1137.471291403947,20.687065795858917
2020-04-05,3,461.7522754678863,0.0
2020-04-05,31,651.1757338720056,0.0
2020-04-05,33,130.28945121430198,0.0
2020-04-05,35,118.97677714490564,0.0
2020-04-05,36,298.82843852011763,21.466540859278602
2020-04-05,38,743.627468860179,0.0
2020-04-05,39,104.30941062840202,0.0
2020-04-05,41,447.37573804377683,0.0
2020-04-05,42,94.7340436593972,0.0
2020-04-05,44,918.8876281107033,18.88841975048645
2020-04-05,45,540.2650347726106,0.0
2020-04-05,46,365.52615571276476,0.0
2020-04-05,49,315.1531667812916,0.0
2020-04-05,5,1108.3173599678564,19.96417442129354
2020-04-05,51,1168.291616805904,0.0
2020-04-05,52,675.1529532526991,0.0
2020-04-05,55,501.7744331496121,19.468545448640786
2020-04-05,57,343.23589290488786,0.0
2020-04-05,59,1198.121130623815,0.0
2020-04-05,61,124.9746625195992,18.432140574634545
2020-04-05,63,489.3677742586067,0.0
2020-04-05,64,145.31188046280948,0.0
2020-04-05,66,815.8681034715289,0.0
2020-04-05,68,1909.4507203150013,20.34670997760492
2020-04-05,69,592.7062090949153,0.0
2020-04-05,71,368.3895236159036,0.0
2020-04-05,72,294.5971831290619,0.0
2020-04-05,73,663.0022664815992,22.511556551584423
2020-04-05,74,271.9673345092335,0.0
2020-04-05,75,427.33982322646057,18.159922255494248
2020-04-05,77,418.97712563696797,0.0
2020-04-05,8,347.48569402660644,0.0
2020-04-05,80,347.89710682222983,0.0
2020-04-05,81,431.1977827826284,0.0
2020-04-05,83,121.33297947736555,0.0
2020-04-05,84,410.42302391839814,0.0
2020-04-05,88,829.3700475835599,0.0
2020-04-05,89,899.4114171455273,0.0
2020-04-05,90,311.86538887260485,0.0
2020-04-05,92,655.8422732719939,0.0
2020-04-05,93,322.20938563835375,0.0
2020-04-05,95,274.8138194230241,0.0
2020-04-05,96,1026.9208586766997,0.0
2020-04-05,97,345.02755618441773,0.0
2020-04-05,98,621.4178918802832,0.0
2020-04-06,10,1211.8195678178654,0.0
2020-04-06,103,472.1681897828578,0.0
2020-04-06,105,1084.037135951579,0.0
2020-04-06,108,394.8329949672387,19.96771938895053
2020-04-06,11,905.6862103460643,0.0
2020-04-06,110,1239.7105523916423,20.640542935074773
2020-04-06,111,946.7916537060402,20.12307820165618
2020-04-06,115,589.6696042892045,19.88687194748426
2020-04-06,118,311.36185706785045,18.700783636554174
2020-04-06,119,272.9288194010056,0.0
2020-04-06,120,702.1790980480814,0.0
2020-04-06,122,304.5866408783822,20.232786742940164
2020-04-06,123,151.55398417016767,0.0
2020-04-06,125,1038.1233230653716,0.0
2020-04-06,126,603.6295616934771,0.0
2020-04-06,127,147.1234964846024,19.243236022984075
2020-04-06,128,1085.3578469237132,0.0
2020-04-06,131,649.004361860088,0.0
2020-04-06,133,132.36690723845686,0.0
2020-04-06,135,113.65707978654913,0.0
2020-04-06,136,265.7314014397591,0.0
2020-04-06,138,751.6462320712716,0.0
2020-04-06,139,123.59843270386185,0.0
2020-04-06,141,457.9131425855524,0.0
2020-04-06,142,109.30505200126774,0.0
2020-04-06,144,918.5937781644352,17.810078295021448
2020-04-06,145,534.6330097175688,0.0
2020-04-06,146,367.32413427644696,0.0
2020-04-06,149,310.40972665998925,0.0
2020-04-06,15,540.111928215658,0.0
2020-04-06,151,1218.4195639427637,21.19459222051373
2020-04-06,152,661.5385015617542,0.0
2020-04-06,155,477.97991699821677,0.0
2020-04-06,157,345.8773338530777,0.0
2020-04-06,159,1179.4610923348403,0.0
2020-04-06,161,120.86402494381909,0.0
2020-04-06,163,479.72521316569754,0.0
2020-04-06,164,136.38378247779215,0.0
2020-04-06,166,852.4666497903105,20.958385819842043
2020-04-06,168,1832.8871855678917,0.0
2020-04-06,169,606.3368166946201,0.0
2020-04-06,171,368.8719170268215,0.0
2020-04-06,172,339.23799758395626,20.05166097685108
2020-04-06,173,584.9791530573336,0.0
2020-04-06,174,290.51287675910805,0.0
2020-04-06,175,391.5112417995006,0.0
2020-04-06,177,429.77949493759013,0.0
2020-04-06,18,294.03585077329274,0.0
2020-04-06,180,358.634195293839,0.0
2020-04-06,181,427.34740407915945,0.0
2020-04-06,183,120.69029417561413,0.0
2020-04-06,184,418.91127516031725,0.0
2020-04-06,188,819.650990412861,0.0
2020-04-06,189,939.2128216315389,20.229074688205703
2020-04-06,19,274.9715980261766,0.0
2020-04-06,190,313.40112711677256,0.0
2020-04-06,192,646.7962266460363,0.0
2020-04-06,193,361.0566730016447,21.074318012715562
2020-04-06,195,293.73217524222997,0.0
2020-04-06,196,1086.4182752376687,20.22433965677808
2020-04-06,197,383.74205033474254,20.904017554761314
2020-04-06,198,668.8825361601864,19.70251779912615
2020-04-06,20,701.6176052647625,0.0
2020-04-06,22,265.79379808904065,0.0
2020-04-06,23,137.4091740326268,0.0
2020-04-06,25,1041.2514896525138,21.311983738573947
2020-04-06,26,599.4007638986756,0.0
2020-04-06,27,148.5013705429859,20.320785725932684
2020-04-06,28,1115.6514381074708,20.194051943605874
2020-04-06,3,456.86855663701056,0.0
2020-04-06,31,656.1514215376468,0.0
2020-04-06,33,138.99521007934325,0.0
2020-04-06,35,117.00479023627872,0.0
2020-04-06,36,289.11435572451427,18.729938911287967
2020-04-06,38,747.1992630257691,0.0
2020-04-06,39,116.12070609770748,0.0
2020-04-06,41,427.66909209270557,0.0
2020-04-06,42,102.12710588165494,0.0
2020-04-06,44,922.514522928259,20.28695585430171
2020-04-06,45,539.6654925000154,0.0
2020-04-06,46,384.4984812209893,0.0
2020-04-06,49,326.59385742124005,0.0
2020-04-06,5,1125.409487501934,19.16804508250555
2020-04-06,51,1168.6721507222442,0.0
2020-04-06,52,680.5554284941167,0.0
2020-04-06,55,507.57654847128526,19.361717273471506
2020-04-06,57,342.54479354847496,0.0
2020-04-06,59,1179.5451345630727,0.0
2020-04-06,61,146.04056270551615,19.184624371683878
2020-04-06,63,491.6362852065828,0.0
2020-04-06,64,140.03440705862275,0.0
2020-04-06,66,815.8267090910515,0.0
2020-04-06,68,1907.6446534324919,18.933765068100776
2020-04-06,69,597.1775968989419,0.0
2020-04-06,71,365.3705878940484,0.0
2020-04-06,72,299.40826659027675,0.0
2020-04-06,73,638.1836403675261,22.12477140301696
2020-04-06,74,280.5872824395647,0.0
2020-04-06,75,418.38044280651644,21.331339061988402
2020-04-06,77,434.8225930727037,0.0
2020-04-06,8,361.0144299207593,0.0
2020-04-06,80,340.71469562174065,0.0
2020-04-06,81,419.9260607256854,0.0
2020-04-06,83,122.17185893979489,0.0
2020-04-06,84,397.8255608854322,0.0
2020-04-06,88,808.1371736487292,0.0
2020-04-06,89,880.3347383853786,0.0
2020-04-06,90,332.48347818145885,0.0
2020-04-06,92,655.4651203061977,0.0
2020-04-06,93,329.11244806800795,0.0
2020-04-06,95,295.7448153536492,0.0
2020-04-06,96,1021.7459920584292,0.0
2020-04-06,97,348.000338271299,0.0
2020-04-06,98,627.5086308207487,0.0
2020-04-07,10,1212.2236439298897,0.0
2020-04-07,103,465.65967949756225,0.0
2020-04-07,105,1102.3760996262113,0.0
2020-04-07,108,394.22732285370313,21.920367502144263
2020-04-07,11,904.1396368706023,0.0
2020-04-07,110,1275.1620309774094,18.777104980444435
2020-04-07,111,925.7967126294614,20.07125374991089
2020-04-07,115,579.3108550561752,18.706492374795904
2020-04-07,118,311.81434978995406,19.304305122802937
2020-04-07,119,271.21787906787415,0.0
2020-04-07,120,706.3247973709749,0.0
2020-04-07,122,301.55715490015945,19.081873016583426
2020-04-07,123,151.69267963009497,0.0
2020-04-07,125,1011.5313580738322,0.0
2020-04-07,126,617.4266106885576,0.0
2020-04-07,127,151.9809705465795,21.23958400644156
2020-04-07,128,1065.0232888920616,0.0
2020-04-07,131,670.5625187144872,0.0
2020-04-07,133,119.88215798373562,0.0
2020-04-07,135,110.66035513861655,0.0
2020-04-07,136,252.5776380018029,0.0
2020-04-07,138,762.9190703648806,0.0
2020-04-07,139,109.5390187954182,0.0
2020-04-07,141,473.9433232839091,0.0
2020-04-07,142,85.53935463098902,0.0
2020-04-07,144,962.3082182944378,19.60377032189824
2020-04-07,145,533.3533921633752,0.0
2020-04-07,146,374.4433591559682,0.0
2020-04-07,149,316.0550030296801,0.0
2020-04-07,15,540.5480817441608,0.0
2020-04-07,151,1220.7711023526347,21.068379333694015
2020-04-07,152,676.1856431077441,0.0
2020-04-07,155,470.2207624319742,0.0
2020-04-07,157,347.85687574738336,0.0
2020-04-07,159,1216.5286130952366,0.0
2020-04-07,161,106.46555637935771,0.0
2020-04-07,163,493.5941961964516,0.0
2020-04-07,164,128.42860752450778,0.0
2020-04-07,166,868.5646786272055,20.60412088958852
2020-04-07,168,1876.4922940711012,0.0
2020-04-07,169,626.594850189332,0.0
2020-04-07,171,376.25558949839086,0.0
2020-04-07,172,354.0950532596639,22.30363875210479
2020-04-07,173,594.378550544558,0.0
2020-04-07,174,275.64370780166587,0.0
2020-04-07,175,397.79375230407254,0.0
2020-04-07,177,433.89897333114675,0.0
2020-04-07,18,278.8036960286516,0.0
2020-04-07,180,365.799654346828,0.0
2020-04-07,181,412.3699854069212,0.0
2020-04-07,183,138.2393404038933,0.0
2020-04-07,184,411.26394082052957,0.0
2020-04-07,188,849.0896309895325,0.0
2020-04-07,189,942.2025353734764,18.520555776860277
2020-04-07,19,275.6008103783726,0.0
2020-04-07,190,326.29892794935625,0.0
2020-04-07,192,630.2296358099306,0.0
2020-04-07,193,348.5324129023728,21.2592332397868
2020-04-07,195,295.4443543123662,0.0
2020-04-07,196,1072.882681336766,21.146440870400728
2020-04-07,197,392.9667915169351,19.026621161972965
2020-04-07,198,656.6314409516073,21.00713333647316
2020-04-07,20,705.7237941716817,0.0
2020-04-07,22,263.88441506361204,0.0
2020-04-07,23,140.45210884301358,0.0
2020-04-07,25,1047.2047291948752,20.33614496302623
2020-04-07,26,592.7925390916403,0.0
2020-04-07,27,140.64522127693442,19.77252374004659
2020-04-07,28,1108.190450372759,19.176064513028
2020-04-07,3,471.1773393651114,0.0
2020-04-07,31,659.3789936381593,0.0
2020-04-07,33,144.47814556502573,0.0
2020-04-07,35,123.05959516759503,0.0
2020-04-07,36,304.2189278626118,19.280890548550815
2020-04-07,38,753.8556374341327,0.0
2020-04-07,39,123.62454723181705,0.0
2020-04-07,41,452.7505346263094,0.0
2020-04-07,42,100.83701224440736,0.0
2020-04-07,44,969.6148034104303,22.049812095785924
2020-04-07,45,533.8504715791139,0.0
2020-04-07,46,379.5387539373408,0.0
2020-04-07,49,312.8301224112444,0.0
2020-04-07,5,1139.060664776861,20.000682818957483
2020-04-07,51,1208.4654088333511,0.0
2020-04-07,52,663.9786554020992,0.0
2020-04-07,55,522.9537751995558,20.78213000153146
2020-04-07,57,348.5389277107133,0.0
2020-04-07,59,1191.5262283853135,0.0
2020-04-07,61,151.62827018533713,19.209100618332446
2020-04-07,63,508.271267799732,0.0
2020-04-07,64,147.34663777119107,0.0
2020-04-07,66,821.0080211305166,0.0
2020-04-07,68,1938.5114264655285,19.220147053778362
2020-04-07,69,616.6679271838079,0.0
2020-04-07,71,374.5172934770427,0.0
2020-04-07,72,311.90521494064035,0.0
2020-04-07,73,634.5613689304766,21.081984809249942
2020-04-07,74,269.6305237387028,0.0
2020-04-07,75,439.9469198298772,18.650423788448467
2020-04-07,77,431.4684578173561,0.0
2020-04-07,8,361.35119713654507,0.0
2020-04-07,80,368.791644537,0.0
2020-04-07,81,426.8419102042446,0.0
2020-04-07,83,133.75436767920527,0.0
2020-04-07,84,413.55265153331806,0.0
2020-04-07,88,820.1634210541821,0.0
2020-04-07,89,905.5130352433682,0.0
2020-04-07,90,320.9908220442868,0.0
2020-04-07,92,654.3613964005797,0.0
2020-04-07,93,311.486497802216,0.0
2020-04-07,95,284.8196205451103,0.0
2020-04-07,96,1040.2848987377183,0.0
2020-04-07,97,352.3543236004882,0.0
2020-04-07,98,628.5288214305843,0.0
2020-04-08,10,1232.983359615704,0.0
2020-04-08,103,457.7045023943062,0.0
2020-04-08,105,1116.1986528619186,0.0
2020-04-08,108,400.86111704247065,19.58478623209473
2020-04-08,11,903.5853115760498,0.0
2020-04-08,110,1259.6351431314627,20.03402741107223
2020-04-08,111,936.0011415459408,20.111372601840053
2020-04-08,115,581.5536422866883,19.820906714983845
2020-04-08,118,333.28561464301123,20.395819781095923
2020-04-08,119,261.54916841974625,0.0
2020-04-08,120,723.9523295180463,0.0
2020-04-08,122,319.9601947238738,20.69285575581781
2020-04-08,123,143.99981133406416,0.0
2020-04-08,125,1014.6929032985086,0.0
2020-04-08,126,600.1567621678241,0.0
2020-04-08,127,154.13493348053504,20.73463754545933
2020-04-08,128,1079.1430272078524,0.0
2020-04-08,131,651.5443416045994,0.0
2020-04-08,133,131.71045594206677,0.0
2020-04-08,135,121.10060545145168,0.0
2020-04-08,136,269.20238251892624,0.0
2020-04-08,138,777.0434265880459,0.0
2020-04-08,139,110.87265112152038,0.0
2020-04-08,141,453.89055467697625,0.0
2020-04-08,142,114.54808842897646,0.0
2020-04-08,144,922.2493353192899,19.014196191332175
2020-04-08,145,549.0575792595134,0.0
2020-04-08,146,376.3984164668403,0.0
2020-04-08,149,336.4242140915637,0.0
2020-04-08,15,536.0510809824113,0.0
2020-04-08,151,1243.6181151463948,19.715844902071204
2020-04-08,152,667.3475909836691,0.0
2020-04-08,155,461.6155693331202,0.0
2020-04-08,157,340.5097845625208,0.0
2020-04-08,159,1199.4609781069237,0.0
2020-04-08,161,99.97275563517553,0.0
2020-04-08,163,497.6446959519501,0.0
2020-04-08,164,147.36301598815697,0.0
2020-04-08,166,894.4660704633955,21.19476286187694
2020-04-08,168,1924.7430916217427,0.0
2020-04-08,169,621.8972413444991,0.0
2020-04-08,171,372.40303253180014,0.0
2020-04-08,172,345.60925381351694,20.894647187573874
2020-04-08,173,608.5749168224377,0.0
2020-04-08,174,273.42659909323163,0.0
2020-04-08,175,399.0504071107605,0.0
2020-04-08,177,426.1878326266209,0.0
2020-04-08,18,292.5403660135223,0.0
2020-04-08,180,364.0170798893723,0.0
2020-04-08,181,442.00573695511787,0.0
2020-04-08,183,126.35270089747154,0.0
2020-04-08,184,398.6566772148208,0.0
2020-04-08,188,825.8112244509114,0.0
2020-04-08,189,940.1884137481782,18.627140548518938
2020-04-08,19,259.198141204203,0.0
2020-04-08,190,328.74360840235937,0.0
2020-04-08,192,638.9284786099103,0.0
2020-04-08,193,348.07556813180446,20.351479900352203
2020-04-08,195,285.5113596574127,0.0
2020-04-08,196,1073.3409379291309,18.02177475062519
2020-04-08,197,379.62438541900826,20.046934902060368
2020-04-08,198,664.8585859161465,21.897767016745977
2020-04-08,20,708.042004545367,0.0
2020-04-08,22,268.75188515720185,0.0
2020-04-08,23,154.2801854098722,0.0
2020-04-08,25,1059.6107572989506,19.052107282731015
2020-04-08,26,592.783273125198,0.0
2020-04-08,27,147.87762377020056,19.165676954508417
2020-04-08,28,1114.4673259860751,20.76402978157286
2020-04-08,3,453.9543359924506,0.0
2020-04-08,31,668.8512030230482,0.0
2020-04-08,33,142.3994677918444,0.0
2020-04-08,35,115.95460546683267,0.0
2020-04-08,36,299.7906495609645,18.457198484790354
2020-04-08,38,755.4600412428028,0.0
2020-04-08,39,110.0102366480821,0.0
2020-04-08,41,450.9413680620361,0.0
2020-04-08,42,111.26989019353607,0.0
2020-04-08,44,941.242235005389,19.36724497011496
2020-04-08,45,543.5379309396219,0.0
2020-04-08,46,370.15440719866126,0.0
2020-04-08,49,328.4573859406872,0.0
2020-04-08,5,1162.0370137076015,20.596441137581753
2020-04-08,51,1193.4457737443997,0.0
2020-04-08,52,669.8395574566086,0.0
2020-04-08,55,515.2428874199568,19.3657141523106
2020-04-08,57,349.43020513810933,0.0
2020-04-08,59,1207.6634616829897,0.0
2020-04-08,61,152.35433250617814,19.76403001278903
2020-04-08,63,497.3965333404881,0.0
2020-04-08,64,144.75230038467845,0.0
2020-04-08,66,852.3382600886207,0.0
2020-04-08,68,1959.8260212614525,20.744185710315033
2020-04-08,69,614.9621268670619,0.0
2020-04-08,71,381.7826432757389,0.0
2020-04-08,72,312.79305739435665,0.0
2020-04-08,73,651.2918734457667,20.421546083536562
2020-04-08,74,283.31895147840635,0.0
2020-04-08,75,433.646384343339,20.266818396295402
2020-04-08,77,432.6919266452379,0.0
2020-04-08,8,372.5028660536756,0.0
2020-04-08,80,352.8787304455408,0.0
2020-04-08,81,426.9274114198019,0.0
2020-04-08,83,126.88850359043445,0.0
2020-04-08,84,403.7696623947568,0.0
2020-04-08,88,843.9488722119687,0.0
2020-04-08,89,902.0426477357399,0.0
2020-04-08,90,317.1552219770382,0.0
2020-04-08,92,618.8643492277125,0.0
2020-04-08,93,323.78117432835376,0.0
2020-04-08,95,296.27651198228415,0.0
2020-04-08,96,1045.4664563879435,0.0
2020-04-08,97,350.0750549966149,0.0
2020-04-08,98,622.4705315101907,0.0
2020-04-09,10,1254.6435208734986,0.0
2020-04-09,103,488.40593880592616,0.0
2020-04-09,105,1132.751943226499,0.0
2020-04-09,108,415.69680609275775,19.66087772072996
2020-04-09,11,911.8284482262198,0.0
2020-04-09,110,1287.1115288915644,20.370061115268957
2020-04-09,111,935.4106405767167,19.876267319900244
2020-04-09,115,583.5726616376027,20.457805609925785
2020-04-09,118,338.24516372307914,19.503067974882022
2020-04-09,119,264.1358673006966,0.0
2020-04-09,120,719.1738824206548,0.0
2020-04-09,122,322.11413939457606,19.817431025620458
2020-04-09,123,151.2501606565318,0.0
2020-04-09,125,1004.8879089250365,0.0
2020-04-09,126,612.3842895774113,0.0
2020-04-09,127,152.8137559073779,19.010042207447984
2020-04-09,128,1072.229588009245,0.0
2020-04-09,131,667.0136259936623,0.0
2020-04-09,133,121.49556132100855,0.0
2020-04-09,135,130.25516490156406,0.0
2020-04-09,136,255.49694409462455,0.0
2020-04-09,138,754.9693501929765,0.0
2020-04-09,139,119.47699926696848,0.0
2020-04-09,141,446.67788864524636,0.0
2020-04-09,142,90.06104599330398,0.0
2020-04-09,144,962.261664893081,19.964992389993764
2020-04-09,145,531.4443481661317,0.0
2020-04-09,146,376.5406938852447,0.0
2020-04-09,149,316.95194071204645,0.0
2020-04-09,15,547.6917451767434,0.0
2020-04-09,151,1243.1966417106323,19.188999136371155
2020-04-09,152,680.421517392193,0.0
2020-04-09,155,473.1981360521178,0.0
2020-04-09,157,345.8397019147238,0.0
2020-04-09,159,1190.6254279267964,0.0
2020-04-09,161,103.3884270767507,0.0
2020-04-09,163,508.22876057151876,0.0
2020-04-09,164,143.02067990744857,0.0
2020-04-09,166,887.123500033108,18.885953549838007
2020-04-09,168,1923.8644929842017,0.0
2020-04-09,169,611.8654947833609,0.0
2020-04-09,171,384.91580613781844,0.0
2020-04-09,172,344.720384107144,20.25866114785539
2020-04-09,173,618.6356665777536,0.0
2020-04-09,174,287.5807210648229,0.0
2020-04-09,175,392.5338977858087,0.0
2020-04-09,177,437.3549235431196,0.0
2020-04-09,18,292.93079964548474,0.0
2020-04-09,180,366.9538391719715,0.0
2020-04-09,181,425.3675781831711,0.0
2020-04-09,183,134.77287339430598,0.0
2020-04-09,184,406.94218562860596,0.0
2020-04-09,188,848.39792551966,0.0
2020-04-09,189,955.9007797661739,20.21273977585766
2020-04-09,19,264.0975809228473,0.0
2020-04-09,190,330.64138435536023,0.0
2020-04-09,192,636.1506010300184,0.0
2020-04-09,193,352.4148412544644,20.782873734948573
2020-04-09,195,298.9984849188724,0.0
2020-04-09,196,1070.9815429351597,19.568874430424902
2020-04-09,197,406.60080961517457,20.408052846836757
2020-04-09,198,668.5268644024151,20.550797572273662
2020-04-09,20,712.124098818439,0.0
2020-04-09,22,272.2844691220485,0.0
2020-04-09,23,144.73588483981254,0.0
2020-04-09,25,1040.6650880288757,20.444773807831595
2020-04-09,26,591.5386657843324,0.0
2020-04-09,27,158.0523870723557,19.17434631719786
2020-04-09,28,1121.0612109011024,20.149363482271188
2020-04-09,3,466.05866319359023,0.0
2020-04-09,31,650.695056919359,0.0
2020-04-09,33,127.79817203606893,0.0
2020-04-09,35,119.64046144127803,0.0
2020-04-09,36,297.30906267785923,20.36414029605466
2020-04-09,38,773.0839264330712,0.0
2020-04-09,39,120.82136973566675,0.0
2020-04-09,41,447.4870196171564,0.0
2020-04-09,42,99.92519086469737,0.0
2020-04-09,44,961.9860684059939,20.00717846690794
2020-04-09,45,518.7111365614371,0.0
2020-04-09,46,373.6009053114157,0.0
2020-04-09,49,315.2690300511179,0.0
2020-04-09,5,1157.5727326843694,17.913522341628916
2020-04-09,51,1199.8925815970956,0.0
2020-04-09,52,693.044232361918,0.0
2020-04-09,55,509.525235887485,20.16048962397348
2020-04-09,57,343.6517208125903,0.0
2020-04-09,59,1214.8791709423263,0.0
2020-04-09,61,164.20117657059916,22.21253103939724
2020-04-09,63,518.0844499445288,0.0
2020-04-09,64,144.115649169798,0.0
2020-04-09,66,839.3722775396708,0.0
2020-04-09,68,1968.1668215716327,19.63996073124302
2020-04-09,69,617.4495936110311,0.0
2020-04-09,71,380.42505876146146,0.0
2020-04-09,72,315.06764599974304,0.0
2020-04-09,73,663.1331498557261,19.271922902144677
2020-04-09,74,277.1012337874573,0.0
2020-04-09,75,449.4349248697518,20.3733485597114
2020-04-09,77,433.7033632334735,0.0
2020-04-09,8,386.38564197233904,0.0
2020-04-09,80,356.38421663095704,0.0
2020-04-09,81,439.96834382266223,0.0
2020-04-09,83,132.04893994207376,0.0
2020-04-09,84,402.8409830543538,0.0
2020-04-09,88,847.8823464482077,0.0
2020-04-09,89,905.9104985394786,0.0
2020-04-09,90,323.7734192728302,0.0
2020-04-09,92,642.7142889278671,0.0
2020-04-09,93,323.82823441572924,0.0
2020-04-09,95,294.71512230309986,0.0
2020-04-09,96,1049.4775161973523,0.0
2020-04-09,97,368.9845174455193,0.0
2020-04-09,98,631.503483537879,0.0
2020-04-10,10,1243.878372856775,0.0
2020-04-10,103,460.2572247162628,0.0
2020-04-10,105,1142.9044076277453,0.0
2020-04-10,108,414.7496381117365,20.312378210466573
2020-04-10,11,903.6466202688893,0.0
2020-04-10,110,1282.3743099700998,21.192735165416416
2020-04-10,111,934.593516500043,18.742131844091112
2020-04-10,115,591.3695203529168,20.731380252574994
2020-04-10,118,329.3767845160913,20.590422061251463
2020-04-10,119,276.13043781170745,0.0
2020-04-10,120,700.0434627305375,0.0
2020-04-10,122,316.58779696452496,19.857853463059453
2020-04-10,123,150.64699254646004,0.0
2020-04-10,125,1008.6720117110824,0.0
2020-04-10,126,596.2829833350041,0.0
2020-04-10,127,151.7322479068299,20.33868731792169
2020-04-10,128,1079.768706296073,0.0
2020-04-10,131,657.9203447185159,0.0
2020-04-10,133,125.03395862403116,0.0
2020-04-10,135,123.22142762837795,0.0
2020-04-10,136,263.50281016712484,0.0
2020-04-10,138,755.4549993851157,0.0
2020-04-10,139,128.03352983718395,0.0
2020-04-10,141,459.10706845427984,0.0
2020-04-10,142,97.35053630006414,0.0
2020-04-10,144,965.8122908602815,21.029457481598357
2020-04-10,145,530.605980530311,0.0
2020-04-10,146,373.51650609420926,0.0
2020-04-10,149,311.16580786395735,0.0
2020-04-10,15,532.7847785774802,0.0
2020-04-10,151,1226.2456774554698,20.87231538002845
2020-04-10,152,688.6976901949027,0.0
2020-04-10,155,468.561618472581,0.0
2020-04-10,157,340.0308748735856,0.0
2020-04-10,159,1219.3689269196686,0.0
2020-04-10,161,90.31042742895528,0.0
2020-04-10,163,507.86112715014383,0.0
2020-04-10,164,132.9059012353711,0.0
2020-04-10,166,898.0852823006321,18.85698068792627
2020-04-10,168,1958.9604403333387,0.0
2020-04-10,169,595.8981726110667,0.0
2020-04-10,171,382.4278501403347,0.0
2020-04-10,172,346.68087740487533,20.820158186755485
2020-04-10,173,619.0680449824698,0.0
2020-04-10,174,283.7629518673661,0.0
2020-04-10,175,406.02693379317435,0.0
2020-04-10,177,437.4307245020681,0.0
2020-04-10,18,281.88955171627,0.0
2020-04-10,180,373.7691568551351,0.0
2020-04-10,181,411.25506905251007,0.0
2020-04-10,183,126.6219524698685,0.0
2020-04-10,184,406.7370694184412,0.0
2020-04-10,188,837.3384763074672,0.0
2020-04-10,189,938.9424724609459,19.93531139496748
2020-04-10,19,263.84815793545823,0.0
2020-04-10,190,314.3347963105995,0.0
2020-04-10,192,639.9771031431809,0.0
2020-04-10,193,379.2176109321276,20.072874098015514
2020-04-10,195,299.0497893663306,0.0
2020-04-10,196,1074.5959650541774,20.073196991001694
2020-04-10,197,394.4046955380201,19.84975701120174
2020-04-10,198,675.6449121872755,21.191707497107064
2020-04-10,20,711.4696543160647,0.0
2020-04-10,22,284.93372078896823,0.0
2020-04-10,23,147.89467551611511,0.0
2020-04-10,25,1041.0352836955515,19.916282040150787
2020-04-10,26,593.894424192004,0.0
2020-04-10,27,152.5239021585244,18.88045387161683
2020-04-10,28,1113.3754359997029,19.606470144030272
2020-04-10,3,458.90773496887226,0.0
2020-04-10,31,663.5035323590771,0.0
2020-04-10,33,111.87301973586409,0.0
2020-04-10,35,123.5633769329422,0.0
2020-04-10,36,302.4433239094435,20.178694716810476
2020-04-10,38,774.255735378387,0.0
2020-04-10,39,94.24725963143707,0.0
2020-04-10,41,462.915638673277,0.0
2020-04-10,42,99.16551310391114,0.0
2020-04-10,44,963.8965918834068,21.22921478429705
2020-04-10,45,531.5857733604325,0.0
2020-04-10,46,379.5361507174249,0.0
2020-04-10,49,311.1994076707507,0.0
2020-04-10,5,1179.7440268894745,20.603094684948832
2020-04-10,51,1207.1201382969405,0.0
2020-04-10,52,693.2169891258799,0.0
2020-04-10,55,509.8790322384688,19.149464721252954
2020-04-10,57,351.2197919669929,0.0
2020-04-10,59,1213.5295700169818,0.0
2020-04-10,61,154.722252089899,22.48518991667889
2020-04-10,63,510.03091927344565,0.0
2020-04-10,64,163.08204835183398,0.0
2020-04-10,66,854.0593994426865,0.0
2020-04-10,68,1991.2526523104982,20.26477531097798
2020-04-10,69,620.515832838239,0.0
2020-04-10,71,383.4174708733829,0.0
2020-04-10,72,317.5520384661222,0.0
2020-04-10,73,665.3509487693887,21.275390737999015
2020-04-10,74,277.67120205688656,0.0
2020-04-10,75,449.95418400008043,19.84828556642277
2020-04-10,77,428.5140871285356,0.0
2020-04-10,8,380.40738184375954,0.0
2020-04-10,80,353.33698290565945,0.0
2020-04-10,81,415.91003692071075,0.0
2020-04-10,83,137.68775673835933,0.0
2020-04-10,84,411.8029148700423,0.0
2020-04-10,88,840.9543503449461,0.0
2020-04-10,89,914.5248319994004,0.0
2020-04-10,90,322.58470819469056,0.0
2020-04-10,92,633.4862447860763,0.0
2020-04-10,93,331.58850894064557,0.0
2020-04-10,95,303.6550830486467,0.0
2020-04-10,96,1017.3549563990991,0.0
2020-04-10,97,351.88412514887983,0.0
2020-04-10,98,627.3579572658522,0.0
2020-04-11,10,1234.7462109616663,0.0
2020-04-11,103,457.28223539326075,0.0
2020-04-11,105,1123.437140357584,0.0
2020-04-11,108,417.56665657272737,20.533359244705448
2020-04-11,11,891.9607253174347,0.0
2020-04-11,110,1283.1536449220641,20.839468504518404
2020-04-11,111,928.9585221298684,21.218194711754258
2020-04-11,115,562.6351607587186,21.057368305378226
2020-04-11,118,346.9736682492344,20.872197000072976
2020-04-11,119,258.77827957414553,0.0
2020-04-11,120,701.9650625917619,0.0
2020-04-11,122,311.19594678363984,19.684913268805893
2020-04-11,123,141.60227138714183,0.0
2020-04-11,125,966.7220656517983,0.0
2020-04-11,126,604.668617408243,0.0
2020-04-11,127,162.9867233299769,19.42825395804394
2020-04-11,128,1044.8113880989347,0.0
2020-04-11,131,669.465781078769,0.0
2020-04-11,133,129.26365363791834,0.0
2020-04-11,135,116.60089975362195,0.0
2020-04-11,136,241.18326565165944,0.0
2020-04-11,138,796.2457379728313,0.0
2020-04-11,139,103.66302458277353,0.0
2020-04-11,141,441.82499973883625,0.0
2020-04-11,142,103.07773471442334,0.0
2020-04-11,144,960.8511340112096,20.3326075103242
2020-04-11,145,554.5520622735025,0.0
2020-04-11,146,374.5195892898309,0.0
2020-04-11,149,320.41240465223285,0.0
2020-04-11,15,539.723457147482,0.0
2020-04-11,151,1228.9275470234504,20.93312807234107
2020-04-11,152,670.2132600629817,0.0
2020-04-11,155,442.40758320554227,0.0
2020-04-11,157,336.2001413340898,0.0
2020-04-11,159,1216.922534904083,0.0
2020-04-11,161,107.84838316424614,0.0
2020-04-11,163,498.7225315587282,0.0
2020-04-11,164,140.3636237959032,0.0
2020-04-11,166,866.4023074244822,19.777279299223395
2020-04-11,168,1921.7778994775983,0.0
2020-04-11,169,614.429350562235,0.0
2020-04-11,171,384.880297899439,0.0
2020-04-11,172,368.1155187787816,21.065171965714388
2020-04-11,173,607.1355292194817,0.0
2020-04-11,174,272.1299436110893,0.0
2020-04-11,175,394.41590896683283,0.0
2020-04-11,177,429.98358371603103,0.0
2020-04-11,18,291.95738239701757,0.0
2020-04-11,180,366.84584047037725,0.0
2020-04-11,181,406.07876638510805,0.0
2020-04-11,183,134.31009702936242,0.0
2020-04-11,184,399.55596684656456,0.0
2020-04-11,188,826.6906613958565,0.0
2020-04-11,189,948.1884404003749,21.45261674548618
2020-04-11,19,253.3489432070259,0.0
2020-04-11,190,320.96644253402724,0.0
2020-04-11,192,634.4777415517149,0.0
2020-04-11,193,352.2239690720737,19.08367908092658
2020-04-11,195,296.5279931525101,0.0
2020-04-11,196,1070.0546338223603,19.16307929620372
2020-04-11,197,381.3413567539463,19.859624941094662
2020-04-11,198,652.5868520542051,20.307612668189197
2020-04-11,20,705.0152224817817,0.0
2020-04-11,22,286.32196868115744,0.0
2020-04-11,23,148.81003917244377,0.0
2020-04-11,25,1021.0383806444735,19.47543298623295
2020-04-11,26,586.1666484301959,0.0
2020-04-11,27,152.46888725957248,21.352202678867144
2020-04-11,28,1099.5200504237544,20.42406686151845
2020-04-11,3,471.79423422517493,0.0
2020-04-11,31,645.9313617539043,0.0
2020-04-11,33,117.27096836191741,0.0
2020-04-11,35,112.34950372486888,0.0
2020-04-11,36,302.4307641320069,20.03944704824074
2020-04-11,38,775.9699679454694,0.0
2020-04-11,39,121.31117728320514,0.0
2020-04-11,41,442.0535961107767,0.0
2020-04-11,42,99.23854779667376,0.0
2020-04-11,44,945.0938939081453,18.564090476131472
2020-04-11,45,559.3605226689931,0.0
2020-04-11,46,362.63032468132377,0.0
2020-04-11,49,319.16903416391517,0.0
2020-04-11,5,1165.1518156527468,18.684184183572494
2020-04-11,51,1185.688396811731,0.0
2020-04-11,52,678.4466280998598,0.0
2020-04-11,55,490.6780299222438,20.281009250281805
2020-04-11,57,340.0343788400449,0.0
2020-04-11,59,1210.0481077397053,0.0
2020-04-11,61,155.99746577389504,17.867404373845165
2020-04-11,63,523.5762155015138,0.0
2020-04-11,64,141.60746671937824,0.0
2020-04-11,66,827.3605364633797,0.0
2020-04-11,68,1966.8667158465194,21.01263740964407
2020-04-11,69,628.1711916793716,0.0
2020-04-11,71,369.03181834366615,0.0
2020-04-11,72,323.2791371124719,0.0
2020-04-11,73,655.3389224144304,19.841846155627678
2020-04-11,74,277.55747364114006,0.0
2020-04-11,75,440.8202693240279,23.243092969594734
2020-04-11,77,448.1885617336729,0.0
2020-04-11,8,375.5773419606253,0.0
2020-04-11,80,353.15521648315575,0.0
2020-04-11,81,407.8173627699839,0.0
2020-04-11,83,126.1212354876816,0.0
2020-04-11,84,408.14336233375536,0.0
2020-04-11,88,827.3900153968458,0.0
2020-04-11,89,900.775326441045,0.0
2020-04-11,90,308.5485399856127,0.0
2020-04-11,92,635.717944112686,0.0
2020-04-11,93,310.50257624768534,0.0
2020-04-11,95,295.31551184899496,0.0
2020-04-11,96,1023.3237054088195,0.0
2020-04-11,97,328.9737277509454,0.0
2020-04-11,98,618.578083795307,0.0
2020-04-12,10,1249.7055676047967,0.0
2020-04-12,103,444.07119287519936,0.0
2020-04-12,105,1156.2214180486833,0.0
2020-04-12,108,414.2877242882279,22.30791625061611
2020-04-12,11,878.7231246029232,0.0
2020-04-12,110,1279.9678278197136,19.818550930752483
2020-04-12,111,936.8486774832343,19.893662997468684
2020-04-12,115,560.4119600284694,20.99558151400203
2020-04-12,118,342.23355790041916,21.703172609918038
2020-04-12,119,253.80641972653652,0.0
2020-04-12,120,704.9095527877552,0.0
2020-04-12,122,307.2273071308691,18.361970942563982
2020-04-12,123,145.58034506577374,0.0
2020-04-12,125,971.4824174607,0.0
2020-04-12,126,582.5589897874252,0.0
2020-04-12,127,159.09680558614062,18.213624534645312
2020-04-12,128,1064.9992126594634,0.0
2020-04-12,131,641.1709633380765,0.0
2020-04-12,133,112.10297053230092,0.0
2020-04-12,135,114.57557450315826,0.0
2020-04-12,136,266.06245260324437,0.0
2020-04-12,138,807.4756844619166,0.0
2020-04-12,139,127.47749487299795,0.0
2020-04-12,141,443.02512895222117,0.0
2020-04-12,142,98.32473110162955,0.0
2020-04-12,144,964.300566948581,19.37796519444562
2020-04-12,145,532.3426728908029,0.0
2020-04-12,146,370.26481725166525,0.0
2020-04-12,149,312.997371627309,0.0
2020-04-12,15,528.7839392221922,0.0
2020-04-12,151,1228.0949376293372,20.582737583173863
2020-04-12,152,659.251130363559,0.0
2020-04-12,155,430.18356836342747,0.0
2020-04-12,157,343.55452600215045,0.0
2020-04-12,159,1175.414142994619,0.0
2020-04-12,161,93.40433420914611,0.0
2020-04-12,163,504.8443152317336,0.0
2020-04-12,164,160.22191857967144,0.0
2020-04-12,166,877.5513753777668,20.496873590507597
2020-04-12,168,1836.5586938936556,0.0
2020-04-12,169,609.162525654882,0.0
2020-04-12,171,368.0819929391528,0.0
2020-04-12,172,365.01207708584866,21.06977145498385
2020-04-12,173,598.1726140315816,0.0
2020-04-12,174,282.7036797627684,0.0
2020-04-12,175,377.3535527559679,0.0
2020-04-12,177,427.267496252065,0.0
2020-04-12,18,302.6374037343509,0.0
2020-04-12,180,347.8818448185445,0.0
2020-04-12,181,396.27640767024286,0.0
2020-04-12,183,135.3674369395217,0.0
2020-04-12,184,403.52152122707633,0.0
2020-04-12,188,847.2611289873133,0.0
2020-04-12,189,914.4093951084404,18.80030247163469
2020-04-12,19,267.43490033364975,0.0
2020-04-12,190,319.12182160683403,0.0
2020-04-12,192,628.0719360429789,0.0
2020-04-12,193,360.6177736972605,17.683856137031125
2020-04-12,195,297.57054333800056,0.0
2020-04-12,196,1091.3930516346027,20.858014195302147
2020-04-12,197,368.1912569677639,19.171803727034764
2020-04-12,198,638.3240162181927,17.98151213561136
2020-04-12,20,695.8859081149589,0.0
2020-04-12,22,278.66534089747466,0.0
2020-04-12,23,141.01377439811367,0.0
2020-04-12,25,1021.6295432677605,20.14506374595938
2020-04-12,26,585.9124324419212,0.0
2020-04-12,27,160.39843297047148,20.79317568821868
2020-04-12,28,1098.965908797545,19.877942867878723
2020-04-12,3,456.63455134523736,0.0
2020-04-12,31,647.2018156858196,0.0
2020-04-12,33,106.38249612257442,0.0
2020-04-12,35,111.3570842131587,0.0
2020-04-12,36,295.1066449988165,19.54215161381751
2020-04-12,38,775.7108230329709,0.0
2020-04-12,39,116.18995488780483,0.0
2020-04-12,41,446.35456340243593,0.0
2020-04-12,42,105.01081993786697,0.0
2020-04-12,44,963.6765461797864,19.840637767854094
2020-04-12,45,547.5260034830658,0.0
2020-04-12,46,367.50142671896583,0.0
2020-04-12,49,309.951575980819,0.0
2020-04-12,5,1149.2025527694339,19.629417237599217
2020-04-12,51,1171.6133697620971,0.0
2020-04-12,52,675.7131336862993,0.0
2020-04-12,55,481.6832729900484,18.65195288805983
2020-04-12,57,341.1999139022047,0.0
2020-04-12,59,1204.3025412181212,0.0
2020-04-12,61,153.04238706230842,19.285319323009567
2020-04-12,63,504.4283378789428,0.0
2020-04-12,64,148.55709896201122,0.0
2020-04-12,66,824.5012787417436,0.0
2020-04-12,68,1868.5132365977815,20.521279905013813
2020-04-12,69,619.3943108493519,0.0
2020-04-12,71,361.73198298173827,0.0
2020-04-12,72,312.48994492928784,0.0
2020-04-12,73,632.9279153299323,20.3216785413765
2020-04-12,74,264.5397990503487,0.0
2020-04-12,75,429.97625865093494,20.16805980596682
2020-04-12,77,438.76200769568777,0.0
2020-04-12,8,364.6867490614117,0.0
2020-04-12,80,328.6368071517981,0.0
2020-04-12,81,400.4063020013762,0.0
2020-04-12,83,134.9895187400537,0.0
2020-04-12,84,396.91759863567427,0.0
2020-04-12,88,842.5605888021794,0.0
2020-04-12,89,881.3226034444812,0.0
2020-04-12,90,314.72190443221405,0.0
2020-04-12,92,622.7220919452218,0.0
2020-04-12,93,310.05728876012654,0.0
2020-04-12,95,297.17418440147253,0.0
2020-04-12,96,1020.3279091959911,0.0
2020-04-12,97,336.85956802640794,0.0
2020-04-12,98,606.7487808839721,0.0
2020-04-13,10,1254.000700256706,0.0
2020-04-13,103,448.8206049741296,0.0
2020-04-13,105,1116.2845532371516,0.0
2020-04-13,108,423.91541267916006,19.00485151814662
2020-04-13,11,872.4874486997235,0.0
2020-04-13,110,1278.1358020525238,19.818496837864334
2020-04-13,111,930.5415608362738,17.822934953557144
2020-04-13,115,553.2286342691955,20.17847666388539
2020-04-13,118,338.59336164411275,21.428857707813567
2020-04-13,119,264.89756886362795,0.0
2020-04-13,120,687.8008627556985,0.0
2020-04-13,122,325.3914558452444,18.525867867957896
2020-04-13,123,152.04244138565022,0.0
2020-04-13,125,975.1742519375058,0.0
2020-04-13,126,593.0572214869619,0.0
2020-04-13,127,147.92383821062208,19.414072326682245
2020-04-13,128,1079.0567685149763,0.0
2020-04-13,131,644.6641857998865,0.0
2020-04-13,133,127.97295297387178,0.0
2020-04-13,135,130.40253192290356,0.0
2020-04-13,136,268.768775893609,0.0
2020-04-13,138,770.0781776778388,0.0
2020-04-13,139,111.13801532092609,0.0
2020-04-13,141,430.5416673168299,0.0
2020-04-13,142,108.08231013267415,0.0
2020-04-13,144,973.5734863831588,20.32910677871013
2020-04-13,145,539.907135049059,0.0
2020-04-13,146,380.3669512090224,0.0
2020-04-13,149,306.2200381889363,0.0
2020-04-13,15,510.440570346772,0.0
2020-04-13,151,1223.9798802991957,21.252842634427484
2020-04-13,152,649.1101623351468,0.0
2020-04-13,155,432.6689350205225,0.0
2020-04-13,157,345.71989130730987,0.0
2020-04-13,159,1208.9426320856621,0.0
2020-04-13,161,114.24570932745084,0.0
2020-04-13,163,502.98641645079203,0.0
2020-04-13,164,132.30557502138524,0.0
2020-04-13,166,872.615095352381,19.55177538369985
2020-04-13,168,1792.3627690122146,0.0
2020-04-13,169,620.7767011049476,0.0
2020-04-13,171,374.24319181603073,0.0
2020-04-13,172,362.48663982278475,19.307749670734104
2020-04-13,173,608.3570148000571,0.0
2020-04-13,174,283.53450545020553,0.0
2020-04-13,175,409.4018391206376,0.0
2020-04-13,177,428.15717169504455,0.0
2020-04-13,18,306.55430713801866,0.0
2020-04-13,180,346.30213260056036,0.0
2020-04-13,181,403.35587480399124,0.0
2020-04-13,183,140.13476483971112,0.0
2020-04-13,184,404.81443948217986,0.0
2020-04-13,188,836.9447383313179,0.0
2020-04-13,189,915.7637824275608,18.031076857583916
2020-04-13,19,255.36531635719226,0.0
2020-04-13,190,306.87876023682225,0.0
2020-04-13,192,617.2255888398576,0.0
2020-04-13,193,338.60918399489583,20.103438129308106
2020-04-13,195,304.24452752012786,0.0
2020-04-13,196,1081.7324276765266,22.042076040143744
2020-04-13,197,371.5385137476633,20.277358461964678
2020-04-13,198,653.6682193011363,19.977721020816286
2020-04-13,20,707.1485569543158,0.0
2020-04-13,22,283.0400764980191,0.0
2020-04-13,23,153.05959714307104,0.0
2020-04-13,25,1011.591859295964,20.322082310766987
2020-04-13,26,578.6381420961716,0.0
2020-04-13,27,155.27682284173096,19.9889079960514
2020-04-13,28,1105.917278697278,19.18698562773987
2020-04-13,3,469.9975238251475,0.0
2020-04-13,31,652.8562455403244,0.0
2020-04-13,33,124.87391074712083,0.0
2020-04-13,35,123.01318478307968,0.0
2020-04-13,36,317.13235030783324,20.823279915677706
2020-04-13,38,788.7089733242485,0.0
2020-04-13,39,99.471254637898,0.0
2020-04-13,41,439.2367163669364,0.0
2020-04-13,42,89.52768546488022,0.0
2020-04-13,44,964.1129612155914,20.225761523111753
2020-04-13,45,534.6924925829966,0.0
2020-04-13,46,380.80866602837455,0.0
2020-04-13,49,317.9935396075402,0.0
2020-04-13,5,1150.9829841125563,20.017613251933657
2020-04-13,51,1191.68162324599,0.0
2020-04-13,52,668.3707286074847,0.0
2020-04-13,55,486.9564454505406,19.02463397272175
2020-04-13,57,347.5205727771584,0.0
2020-04-13,59,1192.4968781237658,0.0
2020-04-13,61,159.0252631369876,21.30350793193476
2020-04-13,63,501.49636559222876,0.0
2020-04-13,64,149.08655202314912,0.0
2020-04-13,66,835.1770290253202,0.0
2020-04-13,68,1852.2611110736045,20.66470274533311
2020-04-13,69,599.0257682861837,0.0
2020-04-13,71,370.72357023757553,0.0
2020-04-13,72,309.76699117879303,0.0
2020-04-13,73,638.9474613487354,19.447079162632697
2020-04-13,74,279.1044300493408,0.0
2020-04-13,75,447.9704078043089,21.00182485368194
2020-04-13,77,435.0611109040963,0.0
2020-04-13,8,365.9439073355808,0.0
2020-04-13,80,353.0332337716749,0.0
2020-04-13,81,409.8050073686091,0.0
2020-04-13,83,127.10126358495093,0.0
2020-04-13,84,403.2517240751609,0.0
2020-04-13,88,837.4180525721938,0.0
2020-04-13,89,863.9270795004163,0.0
2020-04-13,90,318.5685636709227,0.0
2020-04-13,92,619.4038488261349,0.0
2020-04-13,93,316.424889551456,0.0
2020-04-13,95,282.57381314912107,0.0
2020-04-13,96,1040.5798072857674,0.0
2020-04-13,97,343.7362447976483,0.0
2020-04-13,98,617.8375453592383,0.0
2020-04-14,10,1272.173131967046,0.0
2020-04-14,103,448.7642524567538,0.0
2020-04-14,105,1078.0352647636096,0.0
2020-04-14,108,410.21102477135173,19.502429161614792
2020-04-14,11,871.2395028549121,0.0
2020-04-14,110,1285.6518959167283,19.217996507488962
2020-04-14,111,912.2055570079368,19.24029688251971
2020-04-14,115,577.6457827313436,18.228931446911908
2020-04-14,118,340.7924510469102,20.471542380418207
2020-04-14,119,280.12356128973715,0.0
2020-04-14,120,708.0910869462792,0.0
2020-04-14,122,317.86539855475496,18.16885512166165
2020-04-14,123,158.25964870687028,0.0
2020-04-14,125,985.4423420096347,0.0
2020-04-14,126,622.2233359420554,0.0
2020-04-14,127,162.13282909010442,18.771556168734236
2020-04-14,128,1093.9320242760102,0.0
2020-04-14,131,657.8587743627029,0.0
2020-04-14,133,128.07827204360603,0.0
2020-04-14,135,113.06070210839441,0.0
2020-04-14,136,267.4612398778952,0.0
2020-04-14,138,790.6986413097969,0.0
2020-04-14,139,107.2422701629122,0.0
2020-04-14,141,438.3298950416517,0.0
2020-04-14,142,101.34863348527949,0.0
2020-04-14,144,977.731141804652,17.924411990921467
2020-04-14,145,549.6319760761802,0.0
2020-04-14,146,381.1543153955897,0.0
2020-04-14,149,311.881600419247,0.0
2020-04-14,15,530.798396043961,0.0
2020-04-14,151,1222.3272561860906,19.913930307209107
2020-04-14,152,651.2987416639244,0.0
2020-04-14,155,435.31619730115654,0.0
2020-04-14,157,346.4265122476707,0.0
2020-04-14,159,1196.0558401098265,0.0
2020-04-14,161,115.87353530216495,0.0
2020-04-14,163,494.9531940990877,0.0
2020-04-14,164,152.45781988726634,0.0
2020-04-14,166,870.4727729664095,19.84967953972813
2020-04-14,168,1877.3811997669904,0.0
2020-04-14,169,612.2081121847917,0.0
2020-04-14,171,379.7615080867771,0.0
2020-04-14,172,355.00204172633346,19.673303786813637
2020-04-14,173,616.73960729468,0.0
2020-04-14,174,290.7315667868715,0.0
2020-04-14,175,402.7598521302626,0.0
2020-04-14,177,435.6554778559141,0.0
2020-04-14,18,297.29150123436085,0.0
2020-04-14,180,353.86878563888683,0.0
2020-04-14,181,384.7977906633264,0.0
2020-04-14,183,135.14780027650116,0.0
2020-04-14,184,411.9421532070628,0.0
2020-04-14,188,835.7570277298075,0.0
2020-04-14,189,922.3588586785875,18.957422305329423
2020-04-14,19,265.3722498961974,0.0
2020-04-14,190,319.82679442011715,0.0
2020-04-14,192,631.3783253518685,0.0
2020-04-14,193,324.9291664023956,18.82776624656336
2020-04-14,195,288.9790257979631,0.0
2020-04-14,196,1098.6406015664409,20.464369863546573
2020-04-14,197,382.33460677576375,19.449448068291513
2020-04-14,198,672.7443987116385,20.316358321536146
2020-04-14,20,704.5461516309103,0.0
2020-04-14,22,278.74674883430066,0.0
2020-04-14,23,144.47619752210213,0.0
2020-04-14,25,1021.6430256317374,19.11475131387578
2020-04-14,26,603.4331668170349,0.0
2020-04-14,27,162.30845760360316,20.181062742771083
2020-04-14,28,1120.8136784769413,21.303278037316062
2020-04-14,3,452.3157716496554,0.0
2020-04-14,31,653.1443540055972,0.0
2020-04-14,33,116.27418051401091,0.0
2020-04-14,35,118.67543646434298,0.0
2020-04-14,36,315.39130554694793,20.586165800392784
2020-04-14,38,795.5213752641504,0.0
2020-04-14,39,103.80278405418454,0.0
2020-04-14,41,459.2431126683364,0.0
2020-04-14,42,93.93617041805173,0.0
2020-04-14,44,976.7409145054575,19.587586181783518
2020-04-14,45,536.5838620862646,0.0
2020-04-14,46,353.6113377681043,0.0
2020-04-14,49,327.3906905511591,0.0
2020-04-14,5,1136.3163677240582,20.257198970355926
2020-04-14,51,1187.6615774811546,0.0
2020-04-14,52,669.6494410486046,0.0
2020-04-14,55,477.1474943972753,19.759334825469786
2020-04-14,57,337.8529954472367,0.0
2020-04-14,59,1198.553372221866,0.0
2020-04-14,61,155.17480417262118,20.007880184694727
2020-04-14,63,494.25190395185547,0.0
2020-04-14,64,143.30470853993532,0.0
2020-04-14,66,811.1854770934418,0.0
2020-04-14,68,1865.1887117479432,19.674388947851497
2020-04-14,69,612.2161040363102,0.0
2020-04-14,71,369.46526848499985,0.0
2020-04-14,72,325.92307186854254,0.0
2020-04-14,73,640.1902708226571,19.83566479411461
2020-04-14,74,270.2623589788014,0.0
2020-04-14,75,434.3798066017472,20.212093353074174
2020-04-14,77,435.4756238115852,0.0
2020-04-14,8,364.41549990528904,0.0
2020-04-14,80,351.5424895806913,0.0
2020-04-14,81,406.3640979752703,0.0
2020-04-14,83,139.52311358524543,0.0
2020-04-14,84,410.56605183361415,0.0
2020-04-14,88,829.9908556490944,0.0
2020-04-14,89,888.0060553688315,0.0
2020-04-14,90,318.96093942849217,0.0
2020-04-14,92,624.1668644832041,0.0
2020-04-14,93,298.3686804738515,0.0
2020-04-14,95,295.05451676107435,0.0
2020-04-14,96,1072.3594247771043,0.0
2020-04-14,97,320.6748173060459,0.0
2020-04-14,98,624.7388509114878,0.0
2020-04-15,10,1260.379175071879,0.0
2020-04-15,103,470.8502764888915,0.0
2020-04-15,105,1080.7383971668455,0.0
2020-04-15,108,405.182398372756,19.00664130041805
2020-04-15,11,877.6292664094256,0.0
2020-04-15,110,1312.385968360709,18.98412117301002
2020-04-15,111,911.2920472717694,18.61145744616879
2020-04-15,115,558.6414579689406,18.39972889549629
2020-04-15,118,339.5712500511266,18.78271730777952
2020-04-15,119,253.66495480638153,0.0
2020-04-15,120,712.9229493651736,0.0
2020-04-15,122,322.12969508653714,20.15946250680413
2020-04-15,123,149.503571575793,0.0
2020-04-15,125,980.0783767806474,0.0
2020-04-15,126,583.8449296314166,0.0
2020-04-15,127,138.49583790037562,19.107212484508118
2020-04-15,128,1087.4951341126514,0.0
2020-04-15,131,667.624886036023,0.0
2020-04-15,133,120.66789532605237,0.0
2020-04-15,135,145.8161132010925,0.0
2020-04-15,136,269.08524297595,0.0
2020-04-15,138,788.7218882239135,0.0
2020-04-15,139,108.79859073999651,0.0
2020-04-15,141,450.32719694844417,0.0
2020-04-15,142,97.23150461119668,0.0
2020-04-15,144,989.6391363202683,20.513614464231097
2020-04-15,145,554.5274921285785,0.0
2020-04-15,146,362.61187427033593,0.0
2020-04-15,149,334.86652688066135,0.0
2020-04-15,15,534.7793864019103,0.0
2020-04-15,151,1239.1350439821022,20.034713748752562
2020-04-15,152,674.3973076428681,0.0
2020-04-15,155,430.95943940349304,0.0
2020-04-15,157,353.03090423152446,0.0
2020-04-15,159,1217.1098552941544,0.0
2020-04-15,161,104.54648752303926,0.0
2020-04-15,163,507.64266213851715,0.0
2020-04-15,164,149.9240369545367,0.0
2020-04-15,166,849.7371872359056,18.031495786561948
2020-04-15,168,1838.1492154431196,0.0
2020-04-15,169,617.815267830874,0.0
2020-04-15,171,387.7404247456062,0.0
2020-04-15,172,360.23700334369533,20.654975584221688
2020-04-15,173,599.755134798043,0.0
2020-04-15,174,279.43482408314924,0.0
2020-04-15,175,400.02145876885356,0.0
2020-04-15,177,428.6890924671336,0.0
2020-04-15,18,303.6400004478646,0.0
2020-04-15,180,330.3878323324741,0.0
2020-04-15,181,406.55625556400486,0.0
2020-04-15,183,130.18002488394063,0.0
2020-04-15,184,402.83467374611877,0.0
2020-04-15,188,857.4006892573004,0.0
2020-04-15,189,965.2000818146303,20.81079864559171
2020-04-15,19,264.8090548710083,0.0
2020-04-15,190,320.36697415974317,0.0
2020-04-15,192,615.9663232208263,0.0
2020-04-15,193,345.17566369859014,19.006137325165145
2020-04-15,195,293.3599895949122,0.0
2020-04-15,196,1131.5326817903106,20.42019154289499
2020-04-15,197,381.91000976050407,19.1435017625908
2020-04-15,198,681.6352473616755,20.097670376748336
2020-04-15,20,708.8428107436218,0.0
2020-04-15,22,280.3633099857442,0.0
2020-04-15,23,158.00810603237613,0.0
2020-04-15,25,1032.1616334746982,18.735501593045033
2020-04-15,26,567.8704525730111,0.0
2020-04-15,27,144.13698298877785,18.206893547465423
2020-04-15,28,1123.9988731104258,19.617182810387032
2020-04-15,3,449.8540332299435,0.0
2020-04-15,31,660.9072496705732,0.0
2020-04-15,33,117.23766490442702,0.0
2020-04-15,35,126.93615903928108,0.0
2020-04-15,36,312.2956907578607,19.876271053725162
2020-04-15,38,801.8606988586502,0.0
2020-04-15,39,108.67240490244104,0.0
2020-04-15,41,437.28290897211195,0.0
2020-04-15,42,89.74115551524852,0.0
2020-04-15,44,990.953729995696,19.602320306385398
2020-04-15,45,547.4500045397609,0.0
2020-04-15,46,377.1156384658287,0.0
2020-04-15,49,334.32673085844107,0.0
2020-04-15,5,1120.814246688698,18.81596944177744
2020-04-15,51,1184.7084858119408,0.0
2020-04-15,52,663.942803672411,0.0
2020-04-15,55,471.2663484330338,19.600100937868863
2020-04-15,57,341.1808596638696,0.0
2020-04-15,59,1207.7774914969273,0.0
2020-04-15,61,143.6543254561771,20.269294752580734
2020-04-15,63,515.8139018256205,0.0
2020-04-15,64,140.00544673527065,0.0
2020-04-15,66,825.1111413966994,0.0
2020-04-15,68,1870.9446467697185,19.955106969877463
2020-04-15,69,609.3938799104991,0.0
2020-04-15,71,385.9673616880229,0.0
2020-04-15,72,304.27930014590896,0.0
2020-04-15,73,654.8438030976617,20.182501030599212
2020-04-15,74,268.19013112724826,0.0
2020-04-15,75,427.6001941139224,19.329884799545766
2020-04-15,77,444.79740602351984,0.0
2020-04-15,8,362.88592450416144,0.0
2020-04-15,80,342.06126978779594,0.0
2020-04-15,81,407.47096720677206,0.0
2020-04-15,83,132.63371313056095,0.0
2020-04-15,84,404.5928478577876,0.0
2020-04-15,88,850.8116097933566,0.0
2020-04-15,89,900.8923540047549,0.0
2020-04-15,90,325.1665245993838,0.0
2020-04-15,92,622.1196783383211,0.0
2020-04-15,93,312.73432086359855,0.0
2020-04-15,95,297.6240643074181,0.0
2020-04-15,96,1089.395429431674,0.0
2020-04-15,97,339.7436119802927,0.0
2020-04-15,98,627.2300849720331,0.0
2020-04-16,10,1278.8985241290134,0.0
2020-04-16,103,456.06425289685046,0.0
2020-04-16,105,1118.8642444568573,0.0
2020-04-16,108,416.1426045854444,21.171717914716158
2020-04-16,11,881.8476667300592,0.0
2020-04-16,110,1303.9079087553139,18.82382666344522
2020-04-16,111,933.7004483341918,20.48756029708672
2020-04-16,115,574.5499728261689,21.18189109295996
2020-04-16,118,350.35847345296065,20.480908092748894
2020-04-16,119,253.43736847015884,0.0
2020-04-16,120,704.1156074568199,0.0
2020-04-16,122,317.1998511819241,19.79747577293517
2020-04-16,123,163.94534298158442,0.0
2020-04-16,125,1007.3429493475758,0.0
2020-04-16,126,575.3630525808896,0.0
2020-04-16,127,160.90701933579317,19.471702953337022
2020-04-16,128,1082.7133580427098,0.0
2020-04-16,131,679.7385784345514,0.0
2020-04-16,133,125.19634517745993,0.0
2020-04-16,135,135.43444895567035,0.0
2020-04-16,136,272.66585042437913,0.0
2020-04-16,138,814.1157817382646,0.0
2020-04-16,139,110.26785322174204,0.0
2020-04-16,141,437.06989767209575,0.0
2020-04-16,142,101.49369340368804,0.0
2020-04-16,144,981.2063489341659,21.036087651046255
2020-04-16,145,551.7116081946657,0.0
2020-04-16,146,366.01836015960663,0.0
2020-04-16,149,330.7714177926363,0.0
2020-04-16,15,544.8678835438653,0.0
2020-04-16,151,1249.8210434650748,18.577025074738327
2020-04-16,152,652.3479870466682,0.0
2020-04-16,155,438.30819960847407,0.0
2020-04-16,157,371.6628530453785,0.0
2020-04-16,159,1210.5340551326062,0.0
2020-04-16,161,120.3749231654509,0.0
2020-04-16,163,519.5343213535682,0.0
2020-04-16,164,144.3504536705397,0.0
2020-04-16,166,862.1946084844955,19.029875739620355
2020-04-16,168,1875.8661543326336,0.0
2020-04-16,169,597.9785302177335,0.0
2020-04-16,171,380.45599525604774,0.0
2020-04-16,172,352.70708298910205,19.602442234508278
2020-04-16,173,594.2197757403854,0.0
2020-04-16,174,284.3796899581007,0.0
2020-04-16,175,397.64322845819436,0.0
2020-04-16,177,430.41628067268607,0.0
2020-04-16,18,309.99293200818573,0.0
2020-04-16,180,359.40602654522576,0.0
2020-04-16,181,419.5973173670902,0.0
2020-04-16,183,144.29445285784146,0.0
2020-04-16,184,404.1021614739023,0.0
2020-04-16,188,878.4475568027993,0.0
2020-04-16,189,923.8865002800515,21.237653757512
2020-04-16,19,257.10385458449036,0.0
2020-04-16,190,315.9294859370921,0.0
2020-04-16,192,646.995416780117,0.0
2020-04-16,193,346.82421977506107,20.379767636040896
2020-04-16,195,301.78991719353996,0.0
2020-04-16,196,1158.212614312647,19.031954241489753
2020-04-16,197,380.8830417929099,19.689692294615096
2020-04-16,198,698.1366362645457,19.385676855903707
2020-04-16,20,712.8130102827006,0.0
2020-04-16,22,277.87234410680503,0.0
2020-04-16,23,148.43693681344558,0.0
2020-04-16,25,1033.4046995839594,19.290211007766466
2020-04-16,26,586.92519702766,0.0
2020-04-16,27,156.21365977418998,20.97888955855678
2020-04-16,28,1115.4392796183995,18.628256870736493
2020-04-16,3,452.5169319577791,0.0
2020-04-16,31,663.3041979754594,0.0
2020-04-16,33,124.26698429117661,0.0
2020-04-16,35,112.26266728776267,0.0
2020-04-16,36,322.9639124263294,21.608780855734373
2020-04-16,38,809.1171837209542,0.0
2020-04-16,39,99.97323441267223,0.0
2020-04-16,41,441.5314560713722,0.0
2020-04-16,42,91.79817467283736,0.0
2020-04-16,44,997.4478126823728,20.828229690184624
2020-04-16,45,563.6018798904213,0.0
2020-04-16,46,359.5765841059791,0.0
2020-04-16,49,323.90327165711346,0.0
2020-04-16,5,1134.2207900150988,21.090861670603697
2020-04-16,51,1211.666362475088,0.0
2020-04-16,52,660.578674136239,0.0
2020-04-16,55,474.7204949816348,19.537060487974742
2020-04-16,57,355.5641393406524,0.0
2020-04-16,59,1219.60184098596,0.0
2020-04-16,61,163.65988570596005,19.850059280920892
2020-04-16,63,518.7594375056807,0.0
2020-04-16,64,157.78342613519783,0.0
2020-04-16,66,832.6746761870211,0.0
2020-04-16,68,1877.1809285848756,18.566848185475287
2020-04-16,69,604.4398577124272,0.0
2020-04-16,71,367.18990179091577,0.0
2020-04-16,72,300.98596274700515,0.0
2020-04-16,73,651.5812789638894,19.475337592933197
2020-04-16,74,289.5337041579809,0.0
2020-04-16,75,421.8705623145665,20.49365484764315
2020-04-16,77,440.1574029002566,0.0
2020-04-16,8,368.47559774172015,0.0
2020-04-16,80,353.2468372826968,0.0
2020-04-16,81,421.53262974066996,0.0
2020-04-16,83,139.4542386125987,0.0
2020-04-16,84,393.2420686476404,0.0
2020-04-16,88,860.61165817055,0.0
2020-04-16,89,888.1372428271701,0.0
2020-04-16,90,317.72112959558865,0.0
2020-04-16,92,624.9607576394069,0.0
2020-04-16,93,305.33949432060894,0.0
2020-04-16,95,297.2091309386682,0.0
2020-04-16,96,1118.5337240313972,0.0
2020-04-16,97,336.4784283153408,0.0
2020-04-16,98,639.6215484838772,0.0
2020-04-17,10,1285.2232242371103,0.0
2020-04-17,103,462.99287704216886,0.0
2020-04-17,105,1049.5674670248145,0.0
2020-04-17,108,423.6435078986954,21.296063061781396
2020-04-17,11,869.0103909015294,0.0
2020-04-17,110,1331.0876369470773,18.89284318319755
2020-04-17,111,911.6669254595506,19.634494063014735
2020-04-17,115,565.397140777472,19.848700779767476
2020-04-17,118,349.6650698426343,18.604210797807514
2020-04-17,119,259.5294118851154,0.0
2020-04-17,120,712.9428785982981,0.0
2020-04-17,122,324.49903629754306,20.5913492417584
2020-04-17,123,145.27563029218638,0.0
2020-04-17,125,1022.184118654194,0.0
2020-04-17,126,580.3358633982973,0.0
2020-04-17,127,152.32094289041024,19.27600966825739
2020-04-17,128,1078.0806616928603,0.0
2020-04-17,131,657.6725331420533,0.0
2020-04-17,133,123.32789545880884,0.0
2020-04-17,135,123.91251758855607,0.0
2020-04-17,136,270.22390766758986,0.0
2020-04-17,138,793.2370738251911,0.0
2020-04-17,139,122.83502409743494,0.0
2020-04-17,141,447.4312948277592,0.0
2020-04-17,142,101.35250674398469,0.0
2020-04-17,144,999.8843800350146,19.804609648822975
2020-04-17,145,539.3209746299892,0.0
2020-04-17,146,383.1943382688362,0.0
2020-04-17,149,312.8482013959091,0.0
2020-04-17,15,529.4534774716353,0.0
2020-04-17,151,1267.2234597061126,19.548050628088124
2020-04-17,152,646.7768240713457,0.0
2020-04-17,155,453.7652088821654,0.0
2020-04-17,157,358.79608043722124,0.0
2020-04-17,159,1189.2053474852105,0.0
2020-04-17,161,113.50765024511264,0.0
2020-04-17,163,516.4704223227269,0.0
2020-04-17,164,150.82473887329874,0.0
2020-04-17,166,875.664484814745,19.210661494280327
2020-04-17,168,1865.6783423865056,0.0
2020-04-17,169,623.2347257833799,0.0
2020-04-17,171,365.7399661503065,0.0
2020-04-17,172,363.1917074250996,19.992955014519445
2020-04-17,173,607.6738665302036,0.0
2020-04-17,174,281.0997410185281,0.0
2020-04-17,175,381.6423528639358,0.0
2020-04-17,177,432.94611695570774,0.0
2020-04-17,18,305.73218127320155,0.0
2020-04-17,180,353.73544369222486,0.0
2020-04-17,181,399.86554530060806,0.0
2020-04-17,183,146.56739264639756,0.0
2020-04-17,184,402.3811170599497,0.0
2020-04-17,188,863.9543210042693,0.0
2020-04-17,189,932.7042835829279,19.78439042143198
2020-04-17,19,248.5505515728419,0.0
2020-04-17,190,321.46501100126255,0.0
2020-04-17,192,632.3539311858847,0.0
2020-04-17,193,371.9770262688964,19.628142117721335
2020-04-17,195,293.65709497922046,0.0
2020-04-17,196,1126.2076791913664,19.271538378319658
2020-04-17,197,381.80349646888186,20.319524670782954
2020-04-17,198,701.9030438757374,21.653617268492283
2020-04-17,20,711.3220648511812,0.0
2020-04-17,22,280.53446761925005,0.0
2020-04-17,23,149.0112759528955,0.0
2020-04-17,25,1064.3329166880183,20.139887232839126
2020-04-17,26,581.3350378480371,0.0
2020-04-17,27,157.55532603210648,20.996118214911128
2020-04-17,28,1105.1334520681257,18.60977807484654
2020-04-17,3,461.73886918645934,0.0
2020-04-17,31,670.2055460232111,0.0
2020-04-17,33,123.02379486262267,0.0
2020-04-17,35,120.37559526753627,0.0
2020-04-17,36,321.5741768607859,20.15776143929377
2020-04-17,38,807.6298272998996,0.0
2020-04-17,39,109.1614252890134,0.0
2020-04-17,41,453.47543324838955,0.0
2020-04-17,42,92.67432442810444,0.0
2020-04-17,44,1001.036774795156,18.902631681028932
2020-04-17,45,546.1469101153008,0.0
2020-04-17,46,368.73211145709223,0.0
2020-04-17,49,325.9823390410299,0.0
2020-04-17,5,1113.5969240970844,18.5230750724681
2020-04-17,51,1192.9991436984074,0.0
2020-04-17,52,640.6886342871495,0.0
2020-04-17,55,474.7905677073336,19.260628592540964
2020-04-17,57,371.69285624456427,0.0
2020-04-17,59,1206.979682883742,0.0
2020-04-17,61,160.54002119872172,21.191899334413574
2020-04-17,63,524.1564099598061,0.0
2020-04-17,64,132.09359661727788,0.0
2020-04-17,66,831.8646978370676,0.0
2020-04-17,68,1887.0621754889917,20.950015828669645
2020-04-17,69,611.6988613484494,0.0
2020-04-17,71,374.32250505739734,0.0
2020-04-17,72,306.3024598031967,0.0
2020-04-17,73,619.9809884634493,20.2430047220544
2020-04-17,74,295.9129786298656,0.0
2020-04-17,75,408.5995380926877,18.467299440110068
2020-04-17,77,443.5532474254216,0.0
2020-04-17,8,388.5444966372462,0.0
2020-04-17,80,349.9256539329471,0.0
2020-04-17,81,381.66687324708556,0.0
2020-04-17,83,132.3180329361738,0.0
2020-04-17,84,401.47977590810575,0.0
2020-04-17,88,876.7943019630696,0.0
2020-04-17,89,895.661860679114,0.0
2020-04-17,90,329.1712083079033,0.0
2020-04-17,92,621.3896634060675,0.0
2020-04-17,93,312.2541460197093,0.0
2020-04-17,95,318.4640952947993,0.0
2020-04-17,96,1107.6044440755613,0.0
2020-04-17,97,344.70570113512593,0.0
2020-04-17,98,641.1195644271302,0.0
2020-04-18,10,1272.5883276149882,0.0
2020-04-18,103,466.57455050561833,0.0
2020-04-18,105,1115.6737517889908,0.0
2020-04-18,108,398.2583847902248,19.803719348612063
2020-04-18,11,862.5726286608849,0.0
2020-04-18,110,1311.0347550135884,20.301700008901737
2020-04-18,111,902.0743433711093,20.175536229578597
2020-04-18,115,537.6665949958254,18.156206416519254
2020-04-18,118,345.52783116816,19.109682151980127
2020-04-18,119,263.12102481019286,0.0
2020-04-18,120,707.8168194225714,0.0
2020-04-18,122,320.94423756268856,19.935922235851283
2020-04-18,123,137.05157338782553,0.0
2020-04-18,125,1025.9581111007321,0.0
2020-04-18,126,586.6629673698711,0.0
2020-04-18,127,150.93456802343718,20.53629090951719
2020-04-18,128,1041.4151946516984,0.0
2020-04-18,131,675.1678346927678,0.0
2020-04-18,133,112.46027221300933,0.0
2020-04-18,135,139.09192179159444,0.0
2020-04-18,136,274.2672228345769,0.0
2020-04-18,138,794.6939154628825,0.0
2020-04-18,139,109.8115363344933,0.0
2020-04-18,141,457.9015120012193,0.0
2020-04-18,142,97.51286618406569,0.0
2020-04-18,144,948.6684584466375,17.803872178900054
2020-04-18,145,555.2504404734678,0.0
2020-04-18,146,370.08891245248503,0.0
2020-04-18,149,322.3000562364389,0.0
2020-04-18,15,513.4429497639483,0.0
2020-04-18,151,1221.0226986264188,19.837876024520142
2020-04-18,152,648.5113769609179,0.0
2020-04-18,155,426.3221007031333,0.0
2020-04-18,157,337.7569110503062,0.0
2020-04-18,159,1155.345687606876,0.0
2020-04-18,161,112.95172302713276,0.0
2020-04-18,163,524.9627231035905,0.0
2020-04-18,164,146.30027282719277,0.0
2020-04-18,166,874.7041473832405,20.143048769878952
2020-04-18,168,1828.234390377233,0.0
2020-04-18,169,602.3257729447695,0.0
2020-04-18,171,378.15845599862,0.0
2020-04-18,172,345.15423918696825,20.849611988516212
2020-04-18,173,563.9485291817236,0.0
2020-04-18,174,283.14767310230377,0.0
2020-04-18,175,395.10568681796553,0.0
2020-04-18,177,441.885891269333,0.0
2020-04-18,18,308.4745760583804,0.0
2020-04-18,180,363.1888765632697,0.0
2020-04-18,181,402.6694997802686,0.0
2020-04-18,183,129.381764142804,0.0
2020-04-18,184,396.79442234124645,0.0
2020-04-18,188,856.6112325289599,0.0
2020-04-18,189,948.9792415011779,20.692857584237437
2020-04-18,19,269.2543166229467,0.0
2020-04-18,190,328.8082220657679,0.0
2020-04-18,192,629.8976358675418,0.0
2020-04-18,193,355.72181465769546,20.582571318808807
2020-04-18,195,299.95021128233697,0.0
2020-04-18,196,1144.3325845476706,19.200059493298067
2020-04-18,197,376.77796606726554,18.091997862876692
2020-04-18,198,660.4199740301102,19.6069472429386
2020-04-18,20,691.953630244154,0.0
2020-04-18,22,274.68975634045955,0.0
2020-04-18,23,145.09478786371264,0.0
2020-04-18,25,1049.279526801551,21.00163182520856
2020-04-18,26,567.0133025604425,0.0
2020-04-18,27,160.7555877172819,21.393454527524433
2020-04-18,28,1094.451973505042,20.710549102297787
2020-04-18,3,457.7993510159484,0.0
2020-04-18,31,663.7880227205236,0.0
2020-04-18,33,133.17071149788185,0.0
2020-04-18,35,109.34744426075676,0.0
2020-04-18,36,303.090637223392,20.429340822801734
2020-04-18,38,790.0060757446772,0.0
2020-04-18,39,105.48114286867504,0.0
2020-04-18,41,462.7616200237766,0.0
2020-04-18,42,91.13285440917069,0.0
2020-04-18,44,959.0733193744131,20.379639648385965
2020-04-18,45,525.7510986985972,0.0
2020-04-18,46,372.4306942920286,0.0
2020-04-18,49,309.57880876776824,0.0
2020-04-18,5,1139.627923831576,19.44388125323922
2020-04-18,51,1203.4501517538024,0.0
2020-04-18,52,654.2541557102406,0.0
2020-04-18,55,455.9275827617924,19.86993970644638
2020-04-18,57,335.24201254860833,0.0
2020-04-18,59,1156.5267711102535,0.0
2020-04-18,61,167.483423089682,21.66906952582633
2020-04-18,63,530.2076352438864,0.0
2020-04-18,64,147.91832238500612,0.0
2020-04-18,66,822.198863803485,0.0
2020-04-18,68,1889.335425480215,19.057441994208123
2020-04-18,69,599.7355049884762,0.0
2020-04-18,71,379.10514988726743,0.0
2020-04-18,72,313.33824510564887,0.0
2020-04-18,73,628.3465791516645,21.614778790709853
2020-04-18,74,308.17172341646784,0.0
2020-04-18,75,428.20426455918084,19.67797184550794
2020-04-18,77,431.38242424902927,0.0
2020-04-18,8,370.0031138234187,0.0
2020-04-18,80,345.885827310528,0.0
2020-04-18,81,391.44009072293545,0.0
2020-04-18,83,128.89732296197957,0.0
2020-04-18,84,389.3517347662947,0.0
2020-04-18,88,848.710345852155,0.0
2020-04-18,89,889.5065088496737,0.0
2020-04-18,90,324.8589994245972,0.0
2020-04-18,92,623.3165494973814,0.0
2020-04-18,93,311.0583004276936,0.0
2020-04-18,95,299.1663245827988,0.0
2020-04-18,96,1106.922567767407,0.0
2020-04-18,97,347.7631470785684,0.0
2020-04-18,98,632.1125838998873,0.0
2020-04-19,10,1249.7321298268794,0.0
2020-04-19,103,466.2617170817997,0.0
2020-04-19,105,1080.4054054798244,0.0
2020-04-19,108,402.16456886434315,21.32543210909508
2020-04-19,11,850.0842799289394,0.0
2020-04-19,110,1287.1815064206585,18.59318499050246
2020-04-19,111,903.6247710604405,20.58590420116465
2020-04-19,115,549.0247381657822,19.263229864052377
2020-04-19,118,350.3300950336933,18.584732808075813
2020-04-19,119,256.8575632000831,0.0
2020-04-19,120,692.6151391523186,0.0
2020-04-19,122,314.4304387198594,20.218534042410944
2020-04-19,123,154.34149407286432,0.0
2020-04-19,125,985.0820032804328,0.0
2020-04-19,126,568.5768883334716,0.0
2020-04-19,127,157.83057159566954,21.00947178859597
2020-04-19,128,1070.5591099013002,0.0
2020-04-19,131,653.3214913870447,0.0
2020-04-19,133,134.06009385209472,0.0
2020-04-19,135,129.40619761386847,0.0
2020-04-19,136,263.59798231575473,0.0
2020-04-19,138,791.5428758487752,0.0
2020-04-19,139,104.29192433123694,0.0
2020-04-19,141,450.67350871211545,0.0
2020-04-19,142,96.29727947395641,0.0
2020-04-19,144,973.1884374575161,19.155058561406502
2020-04-19,145,555.6522722470959,0.0
2020-04-19,146,359.4446007553769,0.0
2020-04-19,149,306.98430846248345,0.0
2020-04-19,15,514.460488363723,0.0
2020-04-19,151,1209.8756782461003,18.5009840395416
2020-04-19,152,623.3809777343538,0.0
2020-04-19,155,435.197987320964,0.0
2020-04-19,157,355.5784786743673,0.0
2020-04-19,159,1160.962517746249,0.0
2020-04-19,161,112.6300376172754,0.0
2020-04-19,163,502.3146650748271,0.0
2020-04-19,164,151.44930354466567,0.0
2020-04-19,166,864.1853818098965,19.908155235665046
2020-04-19,168,1868.4620205399851,0.0
2020-04-19,169,612.7051415253572,0.0
2020-04-19,171,366.3116221471926,0.0
2020-04-19,172,345.79946899034076,19.912564671222817
2020-04-19,173,582.6821068997575,0.0
2020-04-19,174,301.612043010055,0.0
2020-04-19,175,373.24153240147285,0.0
2020-04-19,177,418.0718314075339,0.0
2020-04-19,18,312.8683369988303,0.0
2020-04-19,180,355.1251909685245,0.0
2020-04-19,181,384.8008088606583,0.0
2020-04-19,183,124.97404675194915,0.0
2020-04-19,184,397.5195720433321,0.0
2020-04-19,188,828.0895686743816,0.0
2020-04-19,189,930.5737338793552,20.5483196275545
2020-04-19,19,253.06198152561794,0.0
2020-04-19,190,322.3836370273639,0.0
2020-04-19,192,604.2863273722747,0.0
2020-04-19,193,359.0485710843292,20.94959457136449
2020-04-19,195,295.6971594961488,0.0
2020-04-19,196,1137.1040524524178,19.940584818727505
2020-04-19,197,376.9425394890915,21.855503314794262
2020-04-19,198,659.2809937599138,20.22423474453529
2020-04-19,20,698.3918592012869,0.0
2020-04-19,22,271.33865366768924,0.0
2020-04-19,23,147.3220608321222,0.0
2020-04-19,25,1021.1803935231019,19.6535734939931
2020-04-19,26,556.5817628444056,0.0
2020-04-19,27,151.64324887777235,18.38843264089717
2020-04-19,28,1112.706978742693,19.737340479683834
2020-04-19,3,471.0086404034164,0.0
2020-04-19,31,646.1977815137669,0.0
2020-04-19,33,124.18342226811029,0.0
2020-04-19,35,120.12087720634615,0.0
2020-04-19,36,310.08136956862006,19.663613054588865
2020-04-19,38,785.3152071387532,0.0
2020-04-19,39,115.70222181323628,0.0
2020-04-19,41,462.00172314991767,0.0
2020-04-19,42,97.15569712326933,0.0
2020-04-19,44,964.4399254002758,20.96030479628147
2020-04-19,45,549.6597832859859,0.0
2020-04-19,46,368.96353463491783,0.0
2020-04-19,49,315.0965664049959,0.0
2020-04-19,5,1109.0168618554187,20.462483624066856
2020-04-19,51,1192.0543565085097,0.0
2020-04-19,52,642.6171137654145,0.0
2020-04-19,55,475.4752698159979,18.820630878367382
2020-04-19,57,351.69730814934286,0.0
2020-04-19,59,1131.5620387574609,0.0
2020-04-19,61,153.640757173737,20.172254386411037
2020-04-19,63,511.3659142580366,0.0
2020-04-19,64,145.44681072364543,0.0
2020-04-19,66,815.9154934881686,0.0
2020-04-19,68,1884.949085918299,20.671531171729054
2020-04-19,69,616.726621527884,0.0
2020-04-19,71,362.49732799330934,0.0
2020-04-19,72,294.9817698341464,0.0
2020-04-19,73,617.1493470769024,21.528031359387832
2020-04-19,74,278.9534929460418,0.0
2020-04-19,75,422.1390119542974,20.88750396741406
2020-04-19,77,447.1467343334335,0.0
2020-04-19,8,362.78002593691207,0.0
2020-04-19,80,358.6786260718491,0.0
2020-04-19,81,382.2164696839656,0.0
2020-04-19,83,122.91104507607794,0.0
2020-04-19,84,389.27817334296543,0.0
2020-04-19,88,843.2728635619281,0.0
2020-04-19,89,876.896575600139,0.0
2020-04-19,90,320.9878301106137,0.0
2020-04-19,92,597.6684038397149,0.0
2020-04-19,93,316.34824332731597,0.0
2020-04-19,95,300.7801956458829,0.0
2020-04-19,96,1103.2685756896637,0.0
2020-04-19,97,344.1006026349965,0.0
2020-04-19,98,625.6374517084474,0.0
2020-04-20,10,1256.56787060305,0.0
2020-04-20,103,462.9104015404555,0.0
2020-04-20,105,1045.9397516233134,0.0
2020-04-20,108,404.6748224058457,20.76084665431148
2020-04-20,11,862.1655845383225,0.0
2020-04-20,110,1312.8626599492386,20.060085994615164
2020-04-20,111,901.6388406729177,20.38831200542345
2020-04-20,115,547.3188980067666,21.24950490070616
2020-04-20,118,335.932116511103,18.66722260252035
2020-04-20,119,273.13651084287727,0.0
2020-04-20,120,676.9414336781891,0.0
2020-04-20,122,308.69375809581106,19.650560672783044
2020-04-20,123,160.23718616512292,0.0
2020-04-20,125,971.0780586158259,0.0
2020-04-20,126,583.4703204530746,0.0
2020-04-20,127,150.596532540672,19.227431251243758
2020-04-20,128,1046.2731447286867,0.0
2020-04-20,131,653.7009368955626,0.0
2020-04-20,133,109.98499467011358,0.0
2020-04-20,135,123.62648701129952,0.0
2020-04-20,136,259.68124095213756,0.0
2020-04-20,138,791.6609826162106,0.0
2020-04-20,139,109.14998379844674,0.0
2020-04-20,141,449.72384299586065,0.0
2020-04-20,142,83.00167480602059,0.0
2020-04-20,144,974.594924406159,20.379153118726123
2020-04-20,145,568.0679801411613,0.0
2020-04-20,146,360.88132592520697,0.0
2020-04-20,149,312.01753225695785,0.0
2020-04-20,15,498.05700472791557,0.0
2020-04-20,151,1221.281259963908,21.230222175650788
2020-04-20,152,637.5405753011778,0.0
2020-04-20,155,430.27923979808685,0.0
2020-04-20,157,360.4093553563676,0.0
2020-04-20,159,1143.7592455829058,0.0
2020-04-20,161,104.28781306006003,0.0
2020-04-20,163,510.53384634911555,0.0
2020-04-20,164,138.82197380412634,0.0
2020-04-20,166,868.3370018429279,19.403025713278925
2020-04-20,168,1846.2112374768114,0.0
2020-04-20,169,612.7185830986455,0.0
2020-04-20,171,376.5650094201249,0.0
2020-04-20,172,339.3417877422555,17.609695632530563
2020-04-20,173,594.3958593620342,0.0
2020-04-20,174,278.02747560748696,0.0
2020-04-20,175,394.5807627810533,0.0
2020-04-20,177,451.58834016247994,0.0
2020-04-20,18,302.8302716113511,0.0
2020-04-20,180,359.90555889660374,0.0
2020-04-20,181,382.991852357642,0.0
2020-04-20,183,124.67671489417488,0.0
2020-04-20,184,396.4818131036722,0.0
2020-04-20,188,864.0082766061906,0.0
2020-04-20,189,911.3497969738805,19.58777925497553
2020-04-20,19,259.31676902009684,0.0
2020-04-20,190,310.167010395167,0.0
2020-04-20,192,591.1772598820435,0.0
2020-04-20,193,358.9386871170434,20.91347373201741
2020-04-20,195,296.5226912423684,0.0
2020-04-20,196,1131.5728468229718,20.53762990294988
2020-04-20,197,380.51529897256387,20.428186247810576
2020-04-20,198,675.0981376064258,19.72000669812552
2020-04-20,20,681.5110854918333,0.0
2020-04-20,22,277.4839657981525,0.0
2020-04-20,23,142.77391203143156,0.0
2020-04-20,25,1023.7803642956352,18.720969263780212
2020-04-20,26,566.0683680384392,0.0
2020-04-20,27,159.41927788709842,20.515294321624467
2020-04-20,28,1080.7909768399807,19.165718189965375
2020-04-20,3,473.5998031285099,0.0
2020-04-20,31,642.6015735389284,0.0
2020-04-20,33,120.45041845654796,0.0
2020-04-20,35,114.25241346989081,0.0
2020-04-20,36,319.202348988845,22.184096733380457
2020-04-20,38,788.3799618705378,0.0
2020-04-20,39,112.96789887271598,0.0
2020-04-20,41,465.8953125361851,0.0
2020-04-20,42,81.60015002872305,0.0
2020-04-20,44,983.6606851476703,20.570507208354517
2020-04-20,45,558.4072846485348,0.0
2020-04-20,46,362.37410092416513,0.0
2020-04-20,49,301.3704530625568,0.0
2020-04-20,5,1079.5749799646057,19.41935169744605
2020-04-20,51,1204.3629756360606,0.0
2020-04-20,52,629.6740798555135,0.0
2020-04-20,55,483.6965224714009,19.38861475261137
2020-04-20,57,348.3492882158964,0.0
2020-04-20,59,1125.3509032379616,0.0
2020-04-20,61,137.8906114268994,19.907055793386412
2020-04-20,63,507.42587023660104,0.0
2020-04-20,64,151.70801352628325,0.0
2020-04-20,66,817.143822123253,0.0
2020-04-20,68,1873.1022404550738,19.76049807797825
2020-04-20,69,602.4357756255191,0.0
2020-04-20,71,378.35087091824147,0.0
2020-04-20,72,305.69324463269777,0.0
2020-04-20,73,628.8367445509778,21.116833775529955
2020-04-20,74,278.779026104454,0.0
2020-04-20,75,431.5305848008501,20.186416169744046
2020-04-20,77,448.24322955491016,0.0
2020-04-20,8,345.1894517043391,0.0
2020-04-20,80,361.2150643010963,0.0
2020-04-20,81,381.0964164991302,0.0
2020-04-20,83,127.89420008341344,0.0
2020-04-20,84,395.891640716283,0.0
2020-04-20,88,842.3459085124462,0.0
2020-04-20,89,869.2278054698826,0.0
2020-04-20,90,315.6347439884094,0.0
2020-04-20,92,592.0994256656397,0.0
2020-04-20,93,307.2947475651446,0.0
2020-04-20,95,300.67981674166236,0.0
2020-04-20,96,1089.5707197847487,0.0
2020-04-20,97,342.83814405709853,0.0
2020-04-20,98,636.3899875283843,0.0
2020-04-21,10,1251.0566455410515,0.0
2020-04-21,103,465.9725524898915,0.0
2020-04-21,105,1026.1310681149912,0.0
2020-04-21,108,396.1543461359601,19.26836826109147
2020-04-21,11,870.1611962758383,0.0
2020-04-21,110,1303.4095304403163,21.89044068515578
2020-04-21,111,927.0398999079432,20.049308331520223
2020-04-21,115,539.9289683724993,20.7688396759689
2020-04-21,118,336.26749820837847,19.39177349255524
2020-04-21,119,276.45979031631174,0.0
2020-04-21,120,709.6669730451271,0.0
2020-04-21,122,324.74142314368584,20.363115627744524
2020-04-21,123,144.8453468753133,0.0
2020-04-21,125,990.8554740219878,0.0
2020-04-21,126,595.2425613029069,0.0
2020-04-21,127,155.98964231506045,20.311109991143194
2020-04-21,128,1040.0131605935685,0.0
2020-04-21,131,664.0195815026825,0.0
2020-04-21,133,135.41043241102443,0.0
2020-04-21,135,110.2466127127064,0.0
2020-04-21,136,282.2294898596597,0.0
2020-04-21,138,791.9035488379678,0.0
2020-04-21,139,108.43100772409024,0.0
2020-04-21,141,463.19778843011636,0.0
2020-04-21,142,107.37775213937672,0.0
2020-04-21,144,1011.3262830709647,18.110350707903848
2020-04-21,145,558.1964177155522,0.0
2020-04-21,146,370.4083347644478,0.0
2020-04-21,149,311.09184984894665,0.0
2020-04-21,15,511.35489493814134,0.0
2020-04-21,151,1251.004606151627,22.01527511046064
2020-04-21,152,656.7450366831448,0.0
2020-04-21,155,444.90181468879223,0.0
2020-04-21,157,370.1460762466534,0.0
2020-04-21,159,1138.795593459236,0.0
2020-04-21,161,115.2967822177125,0.0
2020-04-21,163,533.1826035420481,0.0
2020-04-21,164,143.3049201185167,0.0
2020-04-21,166,865.9440741478575,21.290644460922547
2020-04-21,168,1811.280204230327,0.0
2020-04-21,169,615.7228428325335,0.0
2020-04-21,171,378.4501405604263,0.0
2020-04-21,172,348.971748250101,19.60280468385401
2020-04-21,173,592.7244848709572,0.0
2020-04-21,174,287.9489067680943,0.0
2020-04-21,175,396.66530597892415,0.0
2020-04-21,177,433.32845209583013,0.0
2020-04-21,18,302.8537026825272,0.0
2020-04-21,180,368.02636855444064,0.0
2020-04-21,181,398.3265570808826,0.0
2020-04-21,183,130.32264448180834,0.0
2020-04-21,184,402.17057248936834,0.0
2020-04-21,188,830.4723787935811,0.0
2020-04-21,189,925.2556056649512,18.897730259544144
2020-04-21,19,269.98050598790337,0.0
2020-04-21,190,331.35720233590456,0.0
2020-04-21,192,608.7872866597717,0.0
2020-04-21,193,349.7438174065039,20.347561613803553
2020-04-21,195,295.89530233337007,0.0
2020-04-21,196,1183.152936876694,20.086697699414398
2020-04-21,197,394.32502131746384,20.355668948563228
2020-04-21,198,681.1762828042974,20.191577396194088
2020-04-21,20,701.6600641974394,0.0
2020-04-21,22,271.23967734388975,0.0
2020-04-21,23,132.19929043940212,0.0
2020-04-21,25,1042.3909164606662,20.506240989305926
2020-04-21,26,587.8673302033467,0.0
2020-04-21,27,149.71162882499658,21.447305699391805
2020-04-21,28,1086.744510969032,20.568103205128647
2020-04-21,3,469.43112062490314,0.0
2020-04-21,31,658.5769649532932,0.0
2020-04-21,33,134.29565876917192,0.0
2020-04-21,35,127.78804161803777,0.0
2020-04-21,36,302.4609573854097,18.950344501090058
2020-04-21,38,799.8779092939142,0.0
2020-04-21,39,112.21804319100617,0.0
2020-04-21,41,453.8730270096917,0.0
2020-04-21,42,93.26305569061444,0.0
2020-04-21,44,977.9465035858989,21.36256285271245
2020-04-21,45,560.554976277191,0.0
2020-04-21,46,366.4244465519258,0.0
2020-04-21,49,297.418669916273,0.0
2020-04-21,5,1067.0086957340282,21.64061456348829
2020-04-21,51,1223.7019599340017,0.0
2020-04-21,52,635.9718690066435,0.0
2020-04-21,55,500.47195011279,23.152056734512087
2020-04-21,57,359.36733936587535,0.0
2020-04-21,59,1121.099223952862,0.0
2020-04-21,61,140.93723375844877,18.8765059667604
2020-04-21,63,524.5696648797259,0.0
2020-04-21,64,147.45475587373528,0.0
2020-04-21,66,818.8700824705807,0.0
2020-04-21,68,1883.0716009666646,20.242882013150275
2020-04-21,69,614.463452313984,0.0
2020-04-21,71,384.0748403019591,0.0
2020-04-21,72,319.6032122594989,0.0
2020-04-21,73,612.0809133912865,17.917901296811014
2020-04-21,74,280.9721549892142,0.0
2020-04-21,75,427.3415853856748,20.55314915637921
2020-04-21,77,440.0604906240966,0.0
2020-04-21,8,356.76549613403137,0.0
2020-04-21,80,354.7811708048284,0.0
2020-04-21,81,395.5917950680019,0.0
2020-04-21,83,130.49978030613494,0.0
2020-04-21,84,395.37565913866695,0.0
2020-04-21,88,848.1683629770164,0.0
2020-04-21,89,885.119745172628,0.0
2020-04-21,90,313.7086516430387,0.0
2020-04-21,92,618.3010930387666,0.0
2020-04-21,93,318.74205730420954,0.0
2020-04-21,95,285.2126680563128,0.0
2020-04-21,96,1111.9136047255295,0.0
2020-04-21,97,327.45240984069255,0.0
2020-04-21,98,640.7048756012363,0.0
2020-04-22,10,1266.0591293678533,0.0
2020-04-22,103,467.9342088373854,0.0
2020-04-22,105,1000.2565299918872,0.0
2020-04-22,108,394.5876367818354,19.451799701833227
2020-04-22,11,865.2032685601907,0.0
2020-04-22,110,1308.9630807393,21.923445794824953
2020-04-22,111,898.5353578153129,19.225385029981418
2020-04-22,115,550.0362472222113,18.31081696203274
2020-04-22,118,336.30628628987944,19.52873625929748
2020-04-22,119,259.89897251601093,0.0
2020-04-22,120,709.6313272540095,0.0
2020-04-22,122,320.6793447352581,18.02451222878286
2020-04-22,123,135.46911628974323,0.0
2020-04-22,125,999.4448852587991,0.0
2020-04-22,126,594.4079626192337,0.0
2020-04-22,127,151.9875390005293,20.75109945450731
2020-04-22,128,1037.9710182017052,0.0
2020-04-22,131,649.9129086464865,0.0
2020-04-22,133,121.85838118007885,0.0
2020-04-22,135,118.88844581566913,0.0
2020-04-22,136,290.3961555966367,0.0
2020-04-22,138,821.1843465870413,0.0
2020-04-22,139,114.63090707072024,0.0
2020-04-22,141,468.2243556761636,0.0
2020-04-22,142,92.57010259310393,0.0
2020-04-22,144,989.4426425255767,17.93491695374368
2020-04-22,145,568.1303239511459,0.0
2020-04-22,146,388.3498991882377,0.0
2020-04-22,149,305.3084646323559,0.0
2020-04-22,15,506.00437699740684,0.0
2020-04-22,151,1216.6574391656698,20.028457581183158
2020-04-22,152,631.9975526098212,0.0
2020-04-22,155,439.59544693231317,0.0
2020-04-22,157,372.3291711783446,0.0
2020-04-22,159,1140.489543300225,0.0
2020-04-22,161,108.61689428977193,0.0
2020-04-22,163,503.42856152542896,0.0
2020-04-22,164,141.14108208663677,0.0
2020-04-22,166,850.5837294777025,17.922188180143802
2020-04-22,168,1865.6471991342285,0.0
2020-04-22,169,600.6430629858954,0.0
2020-04-22,171,387.9435426217209,0.0
2020-04-22,172,346.7024380915508,19.679702195463356
2020-04-22,173,576.401521350395,0.0
2020-04-22,174,283.0161774843904,0.0
2020-04-22,175,364.4718582333793,0.0
2020-04-22,177,442.95289899504354,0.0
2020-04-22,18,312.1435484865996,0.0
2020-04-22,180,361.4508283589458,0.0
2020-04-22,181,396.55860745751346,0.0
2020-04-22,183,129.27373332316265,0.0
2020-04-22,184,395.6286463047058,0.0
2020-04-22,188,850.7577005280582,0.0
2020-04-22,189,923.0069050293961,21.643378155804534
2020-04-22,19,254.56107797822793,0.0
2020-04-22,190,321.514899945295,0.0
2020-04-22,192,608.4692340457577,0.0
2020-04-22,193,355.10886227507564,20.360647891435796
2020-04-22,195,296.16065700917454,0.0
2020-04-22,196,1159.0763482657787,19.136506395035067
2020-04-22,197,392.2999040748258,19.968796511060916
2020-04-22,198,689.5226843717671,20.018016872044445
2020-04-22,20,684.2953084183645,0.0
2020-04-22,22,274.37278463565735,0.0
2020-04-22,23,150.17982079851265,0.0
2020-04-22,25,1036.5246177007743,20.472630345843406
2020-04-22,26,598.894599346286,0.0
2020-04-22,27,158.0731712687061,18.633141636719174
2020-04-22,28,1082.4678150864277,20.59256727384733
2020-04-22,3,464.8393822571588,0.0
2020-04-22,31,652.5179164212383,0.0
2020-04-22,33,138.1552196376615,0.0
2020-04-22,35,117.42152589044512,0.0
2020-04-22,36,312.75042126330226,17.295608368397225
2020-04-22,38,806.5855179539287,0.0
2020-04-22,39,110.40430033424474,0.0
2020-04-22,41,472.58611105870204,0.0
2020-04-22,42,106.68662126001072,0.0
2020-04-22,44,979.3560751045841,19.370115447636188
2020-04-22,45,546.8181071853428,0.0
2020-04-22,46,378.3811631576041,0.0
2020-04-22,49,312.8379425580639,0.0
2020-04-22,5,1056.5810818498448,19.511726157548456
2020-04-22,51,1207.5949287123362,0.0
2020-04-22,52,626.706619298187,0.0
2020-04-22,55,486.900560455623,20.63332682607124
2020-04-22,57,361.4681231471504,0.0
2020-04-22,59,1155.0036298038124,0.0
2020-04-22,61,163.92930471162,20.02263085267687
2020-04-22,63,510.4307664510164,0.0
2020-04-22,64,140.69690265653574,0.0
2020-04-22,66,821.2183009111344,0.0
2020-04-22,68,1860.3946835201598,18.594436946143713
2020-04-22,69,603.383905454421,0.0
2020-04-22,71,383.3701958708628,0.0
2020-04-22,72,291.96355168061274,0.0
2020-04-22,73,610.8622406334872,19.015006874182983
2020-04-22,74,285.00527757417444,0.0
2020-04-22,75,422.4570638110204,20.198680009547406
2020-04-22,77,450.222994373481,0.0
2020-04-22,8,361.57191459503156,0.0
2020-04-22,80,374.13896436249723,0.0
2020-04-22,81,384.49733511048527,0.0
2020-04-22,83,129.11153242186344,0.0
2020-04-22,84,398.75797004243327,0.0
2020-04-22,88,849.217522682986,0.0
2020-04-22,89,890.0636626196462,0.0
2020-04-22,90,329.41691895495654,0.0
2020-04-22,92,615.971207270854,0.0
2020-04-22,93,312.31544579692815,0.0
2020-04-22,95,290.5858301329589,0.0
2020-04-22,96,1110.385789133656,0.0
2020-04-22,97,370.6577607347016,0.0
2020-04-22,98,650.187293534069,0.0
2020-04-23,10,1265.6625840269887,0.0
2020-04-23,103,468.19468853552,0.0
2020-04-23,105,1022.6204315347135,0.0
2020-04-23,108,417.7534499432307,19.920932658135445
2020-04-23,11,883.5887079955313,0.0
2020-04-23,110,1305.621607830532,19.420875890364254
2020-04-23,111,922.6714440915972,19.51916621048802
2020-04-23,115,561.603182211067,20.69616799715929
2020-04-23,118,345.1288570619118,19.482307427130785
2020-04-23,119,252.72477922723922,0.0
2020-04-23,120,682.2717436776162,0.0
2020-04-23,122,308.3052476188281,19.911908755970927
2020-04-23,123,144.77283457663734,0.0
2020-04-23,125,1015.9732545376953,0.0
2020-04-23,126,590.1531564562374,0.0
2020-04-23,127,164.48369876048898,22.169936588080542
2020-04-23,128,1050.8135845249144,0.0
2020-04-23,131,675.5308136582125,0.0
2020-04-23,133,133.56247906739358,0.0
2020-04-23,135,127.8533647057103,0.0
2020-04-23,136,283.46801315187554,0.0
2020-04-23,138,806.7652477189396,0.0
2020-04-23,139,110.9119533795663,0.0
2020-04-23,141,463.6896820723155,0.0
2020-04-23,142,91.58702516346438,0.0
2020-04-23,144,1003.4406124391577,18.576317363116075
2020-04-23,145,555.9352089470719,0.0
2020-04-23,146,373.2603264153114,0.0
2020-04-23,149,312.42879407342446,0.0
2020-04-23,15,516.5614664026751,0.0
2020-04-23,151,1229.8307251680724,18.14815726842534
2020-04-23,152,667.3242973389164,0.0
2020-04-23,155,430.4647071589798,0.0
2020-04-23,157,356.05592204129493,0.0
2020-04-23,159,1159.3254705540717,0.0
2020-04-23,161,106.89040639103132,0.0
2020-04-23,163,540.3189522649927,0.0
2020-04-23,164,151.63514773297345,0.0
2020-04-23,166,854.638639585057,20.78358966479861
2020-04-23,168,1826.791396605076,0.0
2020-04-23,169,614.3104276177754,0.0
2020-04-23,171,405.041627712054,0.0
2020-04-23,172,340.0777105052897,19.321356938705897
2020-04-23,173,547.5909474975359,0.0
2020-04-23,174,308.7997652435427,0.0
2020-04-23,175,402.9017921959986,0.0
2020-04-23,177,437.0353025750133,0.0
2020-04-23,18,306.5713929103411,0.0
2020-04-23,180,354.4957541289998,0.0
2020-04-23,181,394.6024988019333,0.0
2020-04-23,183,131.09233807557894,0.0
2020-04-23,184,402.6271106274699,0.0
2020-04-23,188,842.2860707975657,0.0
2020-04-23,189,925.8016211566946,19.68176247225738
2020-04-23,19,258.48205043651444,0.0
2020-04-23,190,327.2541314552367,0.0
2020-04-23,192,602.6590306904651,0.0
2020-04-23,193,362.35867041368664,19.218843621868885
2020-04-23,195,292.995152554795,0.0
2020-04-23,196,1154.372235155147,19.740199859232487
2020-04-23,197,400.14327196174963,21.598538112096342
2020-04-23,198,691.4837181063396,20.80212845861812
2020-04-23,20,690.1892481979802,0.0
2020-04-23,22,263.15298953668315,0.0
2020-04-23,23,141.98216713826736,0.0
2020-04-23,25,1032.3011217353726,20.862223511886977
2020-04-23,26,606.8796222059907,0.0
2020-04-23,27,148.96489271333246,18.583772944207354
2020-04-23,28,1100.5946783389234,18.84884626344713
2020-04-23,3,480.4952086959571,0.0
2020-04-23,31,660.8794732578664,0.0
2020-04-23,33,146.26446749208807,0.0
2020-04-23,35,127.45319816291129,0.0
2020-04-23,36,312.78543539044915,17.160921340514573
2020-04-23,38,810.937140254507,0.0
2020-04-23,39,118.31054284807036,0.0
2020-04-23,41,481.90780493166676,0.0
2020-04-23,42,84.91328920278325,0.0
2020-04-23,44,998.2890230131097,19.190619178917245
2020-04-23,45,558.7300344445038,0.0
2020-04-23,46,367.3222304939454,0.0
2020-04-23,49,309.0832190689063,0.0
2020-04-23,5,1085.1146868846715,20.95670318638566
2020-04-23,51,1200.8714662444872,0.0
2020-04-23,52,653.3632882719149,0.0
2020-04-23,55,480.4801269068388,20.51694651574837
2020-04-23,57,375.63656886797673,0.0
2020-04-23,59,1132.5232671141775,0.0
2020-04-23,61,144.26600632920972,19.778486737047878
2020-04-23,63,526.8605145225124,0.0
2020-04-23,64,154.5905500965538,0.0
2020-04-23,66,813.0510711808947,0.0
2020-04-23,68,1868.465961918797,19.977699716281947
2020-04-23,69,617.2415602809288,0.0
2020-04-23,71,382.2813149767835,0.0
2020-04-23,72,301.54365015579924,0.0
2020-04-23,73,597.8361032228906,19.311114457424594
2020-04-23,74,290.4721974547278,0.0
2020-04-23,75,429.58365248982057,20.204758882401784
2020-04-23,77,426.6097176279889,0.0
2020-04-23,8,380.87146438491317,0.0
2020-04-23,80,382.6619111815633,0.0
2020-04-23,81,397.535058453849,0.0
2020-04-23,83,122.81360528575337,0.0
2020-04-23,84,392.35836979642085,0.0
2020-04-23,88,844.8762714365722,0.0
2020-04-23,89,892.5317362892687,0.0
2020-04-23,90,328.56901309349536,0.0
2020-04-23,92,614.6535626044844,0.0
2020-04-23,93,324.76373906142567,0.0
2020-04-23,95,299.1037313111094,0.0
2020-04-23,96,1124.034468107872,0.0
2020-04-23,97,357.5503537483604,0.0
2020-04-23,98,648.2918184036565,0.0
2020-04-24,10,1274.7075732603118,0.0
2020-04-24,103,479.48101981548893,0.0
2020-04-24,105,1045.42102959737,0.0
2020-04-24,108,415.5816838289197,20.765878279480614
2020-04-24,11,886.7906543153213,0.0
2020-04-24,110,1313.160106921888,18.384113212589526
2020-04-24,111,911.9596890257767,20.299647687837346
2020-04-24,115,555.490495931269,20.932434870954665
2020-04-24,118,351.64254537998903,19.58489971103663
2020-04-24,119,269.0547427550605,0.0
2020-04-24,120,687.3807414155688,0.0
2020-04-24,122,315.525665800437,20.700700612120585
2020-04-24,123,152.9096073976241,0.0
2020-04-24,125,1000.4804808125815,0.0
2020-04-24,126,594.8821869378772,0.0
2020-04-24,127,173.2378001974553,22.814654444472552
2020-04-24,128,1051.5166358323463,0.0
2020-04-24,131,662.9608028535447,0.0
2020-04-24,133,144.47269908731255,0.0
2020-04-24,135,117.18840575852892,0.0
2020-04-24,136,269.3909294831881,0.0
2020-04-24,138,810.2394793011871,0.0
2020-04-24,139,104.7283852484744,0.0
2020-04-24,141,458.7556095022941,0.0
2020-04-24,142,88.45736699056057,0.0
2020-04-24,144,999.3567862122676,19.89565720701311
2020-04-24,145,565.596267476262,0.0
2020-04-24,146,379.01510497918684,0.0
2020-04-24,149,300.26366724877545,0.0
2020-04-24,15,532.8621454780144,0.0
2020-04-24,151,1258.200666646952,20.393307050005323
2020-04-24,152,651.6496825320278,0.0
2020-04-24,155,443.0027356640303,0.0
2020-04-24,157,371.3583569038563,0.0
2020-04-24,159,1108.2459403405514,0.0
2020-04-24,161,114.57896390037448,0.0
2020-04-24,163,529.5975227140292,0.0
2020-04-24,164,143.27837152562867,0.0
2020-04-24,166,848.7706327620959,19.261942916338608
2020-04-24,168,1868.4275568711405,0.0
2020-04-24,169,626.4216629640131,0.0
2020-04-24,171,371.63664872821636,0.0
2020-04-24,172,360.89281434477226,20.18125116260205
2020-04-24,173,563.5302890775453,0.0
2020-04-24,174,303.5113848224585,0.0
2020-04-24,175,386.87682629729954,0.0
2020-04-24,177,458.6201183460005,0.0
2020-04-24,18,310.2091287132221,0.0
2020-04-24,180,367.86528129085485,0.0
2020-04-24,181,394.0362032605189,0.0
2020-04-24,183,128.20807783412988,0.0
2020-04-24,184,394.72726343479104,0.0
2020-04-24,188,848.9189463226523,0.0
2020-04-24,189,931.917100809616,20.460271624982305
2020-04-24,19,264.3651542994802,0.0
2020-04-24,190,311.78774499257065,0.0
2020-04-24,192,617.7582106090607,0.0
2020-04-24,193,377.0173932031239,20.19484234027014
2020-04-24,195,299.1535376051627,0.0
2020-04-24,196,1118.1663395924531,18.980304680291145
2020-04-24,197,394.00189010002396,20.20636177132545
2020-04-24,198,690.6924424028437,21.462195938717638
2020-04-24,20,692.8615968105136,0.0
2020-04-24,22,277.88038365707024,0.0
2020-04-24,23,147.59031499552316,0.0
2020-04-24,25,1035.3969850649553,20.448635764514528
2020-04-24,26,604.4120247958703,0.0
2020-04-24,27,166.15635246298683,20.96198718907184
2020-04-24,28,1090.4556329534926,19.762988029987373
2020-04-24,3,472.19787187109097,0.0
2020-04-24,31,662.3533190180269,0.0
2020-04-24,33,134.95549961474046,0.0
2020-04-24,35,125.70902708878197,0.0
2020-04-24,36,331.47210957364894,20.74990023942371
2020-04-24,38,822.0156884958285,0.0
2020-04-24,39,103.04157935753334,0.0
2020-04-24,41,471.3267701625108,0.0
2020-04-24,42,99.71979394785772,0.0
2020-04-24,44,1017.0619708405058,20.279267838216526
2020-04-24,45,567.5906640795532,0.0
2020-04-24,46,389.77486411316886,0.0
2020-04-24,49,317.95975629037116,0.0
2020-04-24,5,1086.7168507678632,19.049089270312766
2020-04-24,51,1201.528947187473,0.0
2020-04-24,52,651.4668236063128,0.0
2020-04-24,55,487.5374747115246,20.318521004798875
2020-04-24,57,365.1049906564011,0.0
2020-04-24,59,1145.7025425003922,0.0
2020-04-24,61,139.8865756973811,19.00830333655969
2020-04-24,63,530.9148159688201,0.0
2020-04-24,64,146.82188705913654,0.0
2020-04-24,66,813.992529543262,0.0
2020-04-24,68,1904.9053021356763,19.36711972511521
2020-04-24,69,596.9524124381229,0.0
2020-04-24,71,384.41775998072836,0.0
2020-04-24,72,319.2511954305919,0.0
2020-04-24,73,602.2672630935177,20.189328307292374
2020-04-24,74,295.7928175352206,0.0
2020-04-24,75,447.947047142547,20.297244273380123
2020-04-24,77,445.42946084823944,0.0
2020-04-24,8,370.6946573987473,0.0
2020-04-24,80,384.84416333157776,0.0
2020-04-24,81,406.68602958482865,0.0
2020-04-24,83,130.42578344993893,0.0
2020-04-24,84,399.79597844483897,0.0
2020-04-24,88,859.0201067190937,0.0
2020-04-24,89,888.4089808078312,0.0
2020-04-24,90,324.56923043839606,0.0
2020-04-24,92,629.4906807793498,0.0
2020-04-24,93,339.561987940909,0.0
2020-04-24,95,294.7711263832855,0.0
2020-04-24,96,1088.5757747291602,0.0
2020-04-24,97,365.94682662632124,0.0
2020-04-24,98,633.2905893732975,0.0
2020-04-25,10,1262.4593059982165,0.0
2020-04-25,103,475.7909522433305,0.0
2020-04-25,105,1052.1342283705108,0.0
2020-04-25,108,430.7555099637478,18.81076753492287
2020-04-25,11,874.1714510062826,0.0
2020-04-25,110,1303.7709526087062,21.053985771182877
2020-04-25,111,916.1847476683507,20.572006278300474
2020-04-25,115,555.0781656259486,19.295271564389115
2020-04-25,118,318.87258961802627,18.462415203550826
2020-04-25,119,261.87002583509593,0.0
2020-04-25,120,683.7317150561945,0.0
2020-04-25,122,298.3911021994227,19.85509542091857
2020-04-25,123,140.986891831114,0.0
2020-04-25,125,983.7668179953927,0.0
2020-04-25,126,629.0512475530708,0.0
2020-04-25,127,170.24568331372237,19.554056286138838
2020-04-25,128,1031.946040810787,0.0
2020-04-25,131,676.6435282761702,0.0
2020-04-25,133,133.56723785448784,0.0
2020-04-25,135,117.46653266320455,0.0
2020-04-25,136,280.3038691366469,0.0
2020-04-25,138,807.7160921701826,0.0
2020-04-25,139,105.94833590240428,0.0
2020-04-25,141,470.2774094242855,0.0
2020-04-25,142,91.22422965514578,0.0
2020-04-25,144,1005.1449677065107,20.113140457053024
2020-04-25,145,570.1768091218298,0.0
2020-04-25,146,365.6808638418846,0.0
2020-04-25,149,303.17107240572614,0.0
2020-04-25,15,516.1477398413288,0.0
2020-04-25,151,1216.8528690716025,19.636883338844434
2020-04-25,152,648.4007774172916,0.0
2020-04-25,155,452.48576711137446,0.0
2020-04-25,157,366.7286569203624,0.0
2020-04-25,159,1124.1582603987197,0.0
2020-04-25,161,101.23274568031111,0.0
2020-04-25,163,523.6746103347049,0.0
2020-04-25,164,132.04091478179032,0.0
2020-04-25,166,837.0364686383739,17.99254313925499
2020-04-25,168,1850.6428297557047,0.0
2020-04-25,169,602.5840952436329,0.0
2020-04-25,171,380.14306325948405,0.0
2020-04-25,172,341.14802813974893,19.611653061698842
2020-04-25,173,575.050205326065,0.0
2020-04-25,174,312.132024487322,0.0
2020-04-25,175,390.09113993811724,0.0
2020-04-25,177,445.3346071250932,0.0
2020-04-25,18,294.86188330996276,0.0
2020-04-25,180,368.7207100049159,0.0
2020-04-25,181,378.33398576265984,0.0
2020-04-25,183,120.45809879566093,0.0
2020-04-25,184,373.2784824672052,0.0
2020-04-25,188,834.7858057715908,0.0
2020-04-25,189,910.3212030153966,19.694380888931686
2020-04-25,19,264.9725849251213,0.0
2020-04-25,190,334.3813174107568,0.0
2020-04-25,192,612.5522932811375,0.0
2020-04-25,193,359.18172134452675,20.63366102477406
2020-04-25,195,288.7911675152571,0.0
2020-04-25,196,1102.3672414651292,19.30180032538895
2020-04-25,197,396.9136850310677,21.678674673372566
2020-04-25,198,643.0722817584009,18.088359449348243
2020-04-25,20,679.4435895983071,0.0
2020-04-25,22,273.4156337065098,0.0
2020-04-25,23,142.14915791303213,0.0
2020-04-25,25,1052.824408467661,21.311167497802625
2020-04-25,26,592.6378408733929,0.0
2020-04-25,27,151.66177329351171,19.775681029121895
2020-04-25,28,1083.956595354042,20.859584872343557
2020-04-25,3,459.7982247696166,0.0
2020-04-25,31,658.3522120281533,0.0
2020-04-25,33,131.3691106884918,0.0
2020-04-25,35,126.84752315089851,0.0
2020-04-25,36,313.3547666486979,20.079801484058734
2020-04-25,38,806.5920772471313,0.0
2020-04-25,39,108.96709371884904,0.0
2020-04-25,41,473.813220252006,0.0
2020-04-25,42,87.09863237885133,0.0
2020-04-25,44,1018.4354811327241,21.13955553602547
2020-04-25,45,561.4297696424585,0.0
2020-04-25,46,376.88984801579966,0.0
2020-04-25,49,305.7390073377987,0.0
2020-04-25,5,1085.0358624427674,19.61263803544719
2020-04-25,51,1152.4733372886171,0.0
2020-04-25,52,642.3131548559577,0.0
2020-04-25,55,491.47018399712726,18.901379574822187
2020-04-25,57,366.95171861308467,0.0
2020-04-25,59,1116.0628310361017,0.0
2020-04-25,61,150.43924334626416,21.420504287271065
2020-04-25,63,539.4347154405002,0.0
2020-04-25,64,151.69050098515177,0.0
2020-04-25,66,815.5681913740352,0.0
2020-04-25,68,1874.857831559526,19.88651935411786
2020-04-25,69,610.6891917911809,0.0
2020-04-25,71,365.64762669543353,0.0
2020-04-25,72,303.15952647931005,0.0
2020-04-25,73,617.8273723759629,20.22155847362421
2020-04-25,74,299.9801647272525,0.0
2020-04-25,75,433.4733702152332,21.234751914044796
2020-04-25,77,443.9308527208813,0.0
2020-04-25,8,396.63574176264575,0.0
2020-04-25,80,381.88838177538327,0.0
2020-04-25,81,400.7863958950051,0.0
2020-04-25,83,128.779163550127,0.0
2020-04-25,84,389.9202721124512,0.0
2020-04-25,88,819.7418735460917,0.0
2020-04-25,89,886.4130809577553,0.0
2020-04-25,90,321.48562680601077,0.0
2020-04-25,92,621.2860839033976,0.0
2020-04-25,93,319.49251693642503,0.0
2020-04-25,95,284.7141492686476,0.0
2020-04-25,96,1079.8378035264363,0.0
2020-04-25,97,351.1270289079393,0.0
2020-04-25,98,625.2038520891716,0.0
2020-04-26,10,1255.6478819339777,0.0
2020-04-26,103,467.30709853440607,0.0
2020-04-26,105,1037.347593928259,0.0
2020-04-26,108,422.1512181427479,18.968044757905567
2020-04-26,11,877.0686765491606,0.0
2020-04-26,110,1292.4223829281846,20.59549089763926
2020-04-26,111,905.4199667940107,19.41010524353711
2020-04-26,115,526.314666392535,19.867830644355628
2020-04-26,118,351.869632538781,20.07227896538429
2020-04-26,119,266.4747000759824,0.0
2020-04-26,120,658.2607943550147,0.0
2020-04-26,122,303.88333372990724,18.499778138553065
2020-04-26,123,132.58256634830755,0.0
2020-04-26,125,993.2737431917839,0.0
2020-04-26,126,604.521481089348,0.0
2020-04-26,127,156.23909074055203,19.221162957179565
2020-04-26,128,1028.0898737746595,0.0
2020-04-26,131,641.6235109960832,0.0
2020-04-26,133,139.12729570245287,0.0
2020-04-26,135,126.60961506272656,0.0
2020-04-26,136,275.43467103347325,0.0
2020-04-26,138,794.9243348443599,0.0
2020-04-26,139,96.60475059070382,0.0
2020-04-26,141,447.4706837024169,0.0
2020-04-26,142,88.09922553523016,0.0
2020-04-26,144,987.9415551038664,21.35107289241314
2020-04-26,145,564.8720782948586,0.0
2020-04-26,146,358.87793204455613,0.0
2020-04-26,149,303.7285728568943,0.0
2020-04-26,15,495.2093381275954,0.0
2020-04-26,151,1162.5998611037433,20.886191188584796
2020-04-26,152,618.3551957694558,0.0
2020-04-26,155,451.38422287441483,0.0
2020-04-26,157,361.50372639869823,0.0
2020-04-26,159,1108.5102304557104,0.0
2020-04-26,161,103.15307724903965,0.0
2020-04-26,163,526.8105958546697,0.0
2020-04-26,164,157.4054907685169,0.0
2020-04-26,166,842.1197151461942,19.937360422672764
2020-04-26,168,1765.6213834142452,0.0
2020-04-26,169,614.9934454774198,0.0
2020-04-26,171,359.01440443294445,0.0
2020-04-26,172,354.1408887863738,20.243123458512894
2020-04-26,173,568.4897495282295,0.0
2020-04-26,174,301.6747353444319,0.0
2020-04-26,175,413.8020460303529,0.0
2020-04-26,177,427.93219776661937,0.0
2020-04-26,18,317.9656533618265,0.0
2020-04-26,180,368.56085533535895,0.0
2020-04-26,181,376.802981731345,0.0
2020-04-26,183,129.64594284111752,0.0
2020-04-26,184,377.25259638599834,0.0
2020-04-26,188,828.9800419448732,0.0
2020-04-26,189,912.8368329757566,19.705757494363542
2020-04-26,19,250.89683415605143,0.0
2020-04-26,190,337.4098223085762,0.0
2020-04-26,192,609.9193816984581,0.0
2020-04-26,193,348.74861640592025,21.35658338582798
2020-04-26,195,281.5300234539755,0.0
2020-04-26,196,1167.6049767122133,19.799647422205837
2020-04-26,197,390.5055877481521,20.231842092134848
2020-04-26,198,673.9387814229974,21.146030144142067
2020-04-26,20,660.3915759110215,0.0
2020-04-26,22,274.80622881413734,0.0
2020-04-26,23,147.53435075516722,0.0
2020-04-26,25,1038.6268372136465,19.222628515154092
2020-04-26,26,586.915771581827,0.0
2020-04-26,27,165.43905528560848,21.558789184496895
2020-04-26,28,1066.787234822574,18.469538590256622
2020-04-26,3,475.24874897830597,0.0
2020-04-26,31,640.548929830573,0.0
2020-04-26,33,141.2154558628731,0.0
2020-04-26,35,117.42051027043335,0.0
2020-04-26,36,321.1348902475034,21.6296421311128
2020-04-26,38,790.8926372463073,0.0
2020-04-26,39,114.89169263030212,0.0
2020-04-26,41,451.2136475287785,0.0
2020-04-26,42,90.58914070919516,0.0
2020-04-26,44,1005.8741677886801,19.627324416048026
2020-04-26,45,564.8852906444164,0.0
2020-04-26,46,371.0901076831104,0.0
2020-04-26,49,294.6803992445215,0.0
2020-04-26,5,1059.7047098169523,19.757301252174717
2020-04-26,51,1154.4082736228156,0.0
2020-04-26,52,639.3170397251253,0.0
2020-04-26,55,495.1462788745797,18.109989828817056
2020-04-26,57,357.3281897479351,0.0
2020-04-26,59,1118.9146985541806,0.0
2020-04-26,61,134.4913211143152,19.54520528262231
2020-04-26,63,523.7397890009148,0.0
2020-04-26,64,151.39995565540934,0.0
2020-04-26,66,801.0894383616704,0.0
2020-04-26,68,1821.9093231599338,18.960193468973117
2020-04-26,69,613.4943312006942,0.0
2020-04-26,71,375.235620689493,0.0
2020-04-26,72,301.5908576598143,0.0
2020-04-26,73,612.3780931697023,19.39235365462653
2020-04-26,74,276.9182851508366,0.0
2020-04-26,75,421.9525628389644,19.86268903421112
2020-04-26,77,433.12038343977684,0.0
2020-04-26,8,388.0719894091767,0.0
2020-04-26,80,375.30646288675496,0.0
2020-04-26,81,377.69490827978484,0.0
2020-04-26,83,138.7820754439605,0.0
2020-04-26,84,368.045424289411,0.0
2020-04-26,88,843.6074061756979,0.0
2020-04-26,89,880.0833652836742,0.0
2020-04-26,90,326.2574205286124,0.0
2020-04-26,92,622.3938077399987,0.0
2020-04-26,93,312.30196948183817,0.0
2020-04-26,95,277.9476731532771,0.0
2020-04-26,96,1096.9576745576626,0.0
2020-04-26,97,349.3495373702716,0.0
2020-04-26,98,619.1580204076489,0.0
2020-04-27,10,1260.0629473154902,0.0
2020-04-27,103,479.9188210942177,0.0
2020-04-27,105,1035.4529477287638,0.0
2020-04-27,108,416.3526226204183,20.957791614472907
2020-04-27,11,854.755617214969,0.0
2020-04-27,110,1298.0928170785223,20.207603351400625
2020-04-27,111,907.2059576832709,20.307676653401113
2020-04-27,115,534.1689466877468,18.904480611154437
2020-04-27,118,329.749822798228,19.119245910397268
2020-04-27,119,274.14339563030984,0.0
2020-04-27,120,674.1500066692869,0.0
2020-04-27,122,312.3788986005061,21.798725018351313
2020-04-27,123,151.52212021383914,0.0
2020-04-27,125,983.4035543569432,0.0
2020-04-27,126,588.4010399679602,0.0
2020-04-27,127,156.91713079393594,19.264798965236754
2020-04-27,128,1016.6520873002826,0.0
2020-04-27,131,655.5869791114889,0.0
2020-04-27,133,142.08587856225856,0.0
2020-04-27,135,119.9370277127121,0.0
2020-04-27,136,266.9883540302372,0.0
2020-04-27,138,779.0096097038457,0.0
2020-04-27,139,110.90355894910992,0.0
2020-04-27,141,452.98290017348177,0.0
2020-04-27,142,83.25904215808988,0.0
2020-04-27,144,1021.9661705485971,21.656208252057297
2020-04-27,145,579.8618931405972,0.0
2020-04-27,146,368.53960083049105,0.0
2020-04-27,149,298.7005694093396,0.0
2020-04-27,15,489.6809109804134,0.0
2020-04-27,151,1172.9583686770804,19.756938801119134
2020-04-27,152,621.5626843965673,0.0
2020-04-27,155,468.7027202518151,0.0
2020-04-27,157,356.2179310110125,0.0
2020-04-27,159,1122.5202800420038,0.0
2020-04-27,161,109.07280096830534,0.0
2020-04-27,163,531.2328834543555,0.0
2020-04-27,164,140.770405319044,0.0
2020-04-27,166,835.8373199958271,20.002287936143503
2020-04-27,168,1803.2956345533948,0.0
2020-04-27,169,624.0015738679754,0.0
2020-04-27,171,349.62749047024874,0.0
2020-04-27,172,355.1794245249461,21.07036516022993
2020-04-27,173,575.9624077858907,0.0
2020-04-27,174,307.1095608812272,0.0
2020-04-27,175,392.3903118246314,0.0
2020-04-27,177,439.04213472636184,0.0
2020-04-27,18,313.06996198084113,0.0
2020-04-27,180,353.4694457517406,0.0
2020-04-27,181,346.78592782555967,0.0
2020-04-27,183,122.00907544726545,0.0
2020-04-27,184,386.9229425194525,0.0
2020-04-27,188,810.63094944109,0.0
2020-04-27,189,910.7689754609934,21.271892421938656
2020-04-27,19,257.072134974914,0.0
2020-04-27,190,324.34155695567233,0.0
2020-04-27,192,619.7082988194834,0.0
2020-04-27,193,356.2240620295939,19.889187439720914
2020-04-27,195,285.9412391172908,0.0
2020-04-27,196,1163.1387055022974,19.61175694647846
2020-04-27,197,374.43730463087826,19.944079551477788
2020-04-27,198,660.9050989048408,20.337957528232117
2020-04-27,20,665.9221424456737,0.0
2020-04-27,22,272.3207418624984,0.0
2020-04-27,23,140.3607411418322,0.0
2020-04-27,25,1039.062458212591,20.891303686869755
2020-04-27,26,567.8826556418963,0.0
2020-04-27,27,150.53187786231067,20.00422985899415
2020-04-27,28,1067.2494175639697,20.618886298023153
2020-04-27,3,465.1418220868562,0.0
2020-04-27,31,647.8441349205862,0.0
2020-04-27,33,139.57709831453275,0.0
2020-04-27,35,117.74005616272274,0.0
2020-04-27,36,322.9616060410027,21.638359732270942
2020-04-27,38,777.3065060448822,0.0
2020-04-27,39,109.23535817866603,0.0
2020-04-27,41,455.0936499114356,0.0
2020-04-27,42,92.3596538089467,0.0
2020-04-27,44,992.2643101334272,20.381309612264786
2020-04-27,45,568.310287279696,0.0
2020-04-27,46,369.3026910580917,0.0
2020-04-27,49,287.1299831298842,0.0
2020-04-27,5,1097.3544705787235,20.311652856004777
2020-04-27,51,1132.5128360540812,0.0
2020-04-27,52,635.7735333595411,0.0
2020-04-27,55,507.3056091397179,18.481089174909933
2020-04-27,57,353.8205073149033,0.0
2020-04-27,59,1120.5910159829725,0.0
2020-04-27,61,140.28347592048357,17.369269863170935
2020-04-27,63,527.0669775274476,0.0
2020-04-27,64,156.67867610873574,0.0
2020-04-27,66,794.5219576788769,0.0
2020-04-27,68,1802.4784920887857,20.38837572923017
2020-04-27,69,622.0403531633283,0.0
2020-04-27,71,357.1071817990525,0.0
2020-04-27,72,304.3250524793869,0.0
2020-04-27,73,624.4125565479864,19.90517576871913
2020-04-27,74,298.4516502544064,0.0
2020-04-27,75,425.20861055452093,19.48521732508526
2020-04-27,77,435.6483004845263,0.0
2020-04-27,8,368.7526815689852,0.0
2020-04-27,80,368.89954400095843,0.0
2020-04-27,81,381.45244447524937,0.0
2020-04-27,83,125.7872973063496,0.0
2020-04-27,84,378.38014136207124,0.0
2020-04-27,88,831.4590769255368,0.0
2020-04-27,89,867.8098234175426,0.0
2020-04-27,90,334.56991236805624,0.0
2020-04-27,92,617.1601515493694,0.0
2020-04-27,93,330.3670204484545,0.0
2020-04-27,95,281.1987166740842,0.0
2020-04-27,96,1120.3441846917106,0.0
2020-04-27,97,352.19234492909396,0.0
2020-04-27,98,631.8733762943915,0.0
2020-04-28,10,1266.1154732767088,0.0
2020-04-28,103,472.40054463540724,0.0
2020-04-28,105,1031.0885877520577,0.0
2020-04-28,108,422.1474284126559,20.243530204186346
2020-04-28,11,858.8899449144219,0.0
2020-04-28,110,1317.6584486973,19.93959627080309
2020-04-28,111,917.4452550512264,21.127780250633897
2020-04-28,115,521.3984474575826,20.086110868258977
2020-04-28,118,344.80532530890775,19.253076714929833
2020-04-28,119,268.82641294641303,0.0
2020-04-28,120,660.9594671031941,0.0
2020-04-28,122,310.4698756042203,20.99016623895929
2020-04-28,123,134.02511118511268,0.0
2020-04-28,125,1015.127888248338,0.0
2020-04-28,126,598.8615744896397,0.0
2020-04-28,127,161.4378891836994,19.782868925053798
2020-04-28,128,1022.7763307754063,0.0
2020-04-28,131,665.8758934586031,0.0
2020-04-28,133,145.52499242805118,0.0
2020-04-28,135,123.11750000889579,0.0
2020-04-28,136,280.5114320009127,0.0
2020-04-28,138,797.8232609188814,0.0
2020-04-28,139,105.74935829749188,0.0
2020-04-28,141,461.4705826615493,0.0
2020-04-28,142,104.88667279263133,0.0
2020-04-28,144,1019.1038606451776,20.526536683672308
2020-04-28,145,551.8848946896808,0.0
2020-04-28,146,373.41392428377844,0.0
2020-04-28,149,301.76840117368255,0.0
2020-04-28,15,491.1345335371041,0.0
2020-04-28,151,1172.172443110915,19.5225892938072
2020-04-28,152,625.4828801359748,0.0
2020-04-28,155,480.2944694389986,0.0
2020-04-28,157,366.49158355427096,0.0
2020-04-28,159,1132.8292242480295,0.0
2020-04-28,161,99.63336184214579,0.0
2020-04-28,163,531.1422701565015,0.0
2020-04-28,164,145.27100315567597,0.0
2020-04-28,166,845.3796061785204,19.350173114502564
2020-04-28,168,1739.972034990645,0.0
2020-04-28,169,622.4811524101987,0.0
2020-04-28,171,384.1734560366477,0.0
2020-04-28,172,351.7607058897364,20.084168230185696
2020-04-28,173,570.7895495596948,0.0
2020-04-28,174,303.0602437726814,0.0
2020-04-28,175,391.7183308183573,0.0
2020-04-28,177,430.5080849035012,0.0
2020-04-28,18,309.4033680489621,0.0
2020-04-28,180,354.5970962360696,0.0
2020-04-28,181,382.63071499485017,0.0
2020-04-28,183,123.24838526496035,0.0
2020-04-28,184,378.40455983727156,0.0
2020-04-28,188,825.0767879347565,0.0
2020-04-28,189,940.3244137840629,20.012828643543685
2020-04-28,19,246.76136186437725,0.0
2020-04-28,190,349.31769247323666,0.0
2020-04-28,192,645.0184042773741,0.0
2020-04-28,193,370.88209177420345,20.47982703536683
2020-04-28,195,296.4784488669077,0.0
2020-04-28,196,1136.5332981142387,19.73135424669026
2020-04-28,197,381.30426186362473,18.163640216229602
2020-04-28,198,660.3136356426337,19.56722611641161
2020-04-28,20,680.7146447029146,0.0
2020-04-28,22,253.8648731887347,0.0
2020-04-28,23,146.94057025268583,0.0
2020-04-28,25,1042.8858547008422,20.793818467143815
2020-04-28,26,592.9317699041857,0.0
2020-04-28,27,160.3049880938895,19.702623920756892
2020-04-28,28,1064.7195517615185,19.75361659748545
2020-04-28,3,472.5467237467999,0.0
2020-04-28,31,654.9634824894083,0.0
2020-04-28,33,133.60164495820132,0.0
2020-04-28,35,125.69369253313863,0.0
2020-04-28,36,320.69036804301106,20.986376505905938
2020-04-28,38,771.0404505208862,0.0
2020-04-28,39,109.43232484261507,0.0
2020-04-28,41,449.84604156626125,0.0
2020-04-28,42,78.8451968549615,0.0
2020-04-28,44,994.7035251225873,19.288026772741077
2020-04-28,45,559.458722760768,0.0
2020-04-28,46,383.73292261374553,0.0
2020-04-28,49,309.742150391219,0.0
2020-04-28,5,1091.1987253141165,18.4571967817571
2020-04-28,51,1132.9426845325888,0.0
2020-04-28,52,628.0580323289975,0.0
2020-04-28,55,509.0514226281135,19.839368880474506
2020-04-28,57,357.0080231232831,0.0
2020-04-28,59,1124.2795864506315,0.0
2020-04-28,61,145.62826575091393,19.51582604875126
2020-04-28,63,543.6090017499893,0.0
2020-04-28,64,143.46684842188694,0.0
2020-04-28,66,802.5851489372817,0.0
2020-04-28,68,1802.668657145102,19.033753680246747
2020-04-28,69,632.7558325014612,0.0
2020-04-28,71,359.21614161007574,0.0
2020-04-28,72,318.8879662865463,0.0
2020-04-28,73,604.5618406569092,19.82462154410131
2020-04-28,74,298.9115731151545,0.0
2020-04-28,75,423.65906687672555,20.491505647246782
2020-04-28,77,433.3134749445712,0.0
2020-04-28,8,384.6113065785421,0.0
2020-04-28,80,372.7752859901048,0.0
2020-04-28,81,386.17848638491415,0.0
2020-04-28,83,129.30474565501356,0.0
2020-04-28,84,367.58625035058157,0.0
2020-04-28,88,822.2769187290473,0.0
2020-04-28,89,889.656169473381,0.0
2020-04-28,90,339.53164987974725,0.0
2020-04-28,92,619.1085483337218,0.0
2020-04-28,93,333.3708450935744,0.0
2020-04-28,95,298.92275276160365,0.0
2020-04-28,96,1115.9976010900184,0.0
2020-04-28,97,341.9351007862958,0.0
2020-04-28,98,633.1024196856762,0.0
2020-04-29,10,1271.3065177256983,0.0
2020-04-29,103,468.3888780913869,0.0
2020-04-29,105,1035.954296996012,0.0
2020-04-29,108,415.36621172121295,19.990711438432186
2020-04-29,11,869.9460996851076,0.0
2020-04-29,110,1293.0497864636873,20.306981072686238
2020-04-29,111,886.7344973935237,21.813407698515423
2020-04-29,115,531.5095871963551,19.657121138442434
2020-04-29,118,347.49800639338207,20.27834863464467
2020-04-29,119,257.4877145841301,0.0
2020-04-29,120,680.8040581059901,0.0
2020-04-29,122,320.4917313593164,19.490786637400866
2020-04-29,123,138.07869782801262,0.0
2020-04-29,125,1010.7631896687753,0.0
2020-04-29,126,575.0593134261032,0.0
2020-04-29,127,161.433963746925,19.153640280113027
2020-04-29,128,1036.7582437010128,0.0
2020-04-29,131,657.4054220571352,0.0
2020-04-29,133,150.53048842658194,0.0
2020-04-29,135,111.35001461549898,0.0
2020-04-29,136,293.42222125593247,0.0
2020-04-29,138,805.499680646334,0.0
2020-04-29,139,121.00983828504168,0.0
2020-04-29,141,477.11721812499815,0.0
2020-04-29,142,80.94599976958573,0.0
2020-04-29,144,1012.6205108010612,19.41509234658223
2020-04-29,145,546.0644280022535,0.0
2020-04-29,146,377.4977367145865,0.0
2020-04-29,149,291.2633684247336,0.0
2020-04-29,15,496.02770221811426,0.0
2020-04-29,151,1178.2286588078305,19.521241428478312
2020-04-29,152,621.7047575162642,0.0
2020-04-29,155,482.31058401599034,0.0
2020-04-29,157,361.51434510712386,0.0
2020-04-29,159,1135.3852946640384,0.0
2020-04-29,161,114.3575136122957,0.0
2020-04-29,163,556.2612736890642,0.0
2020-04-29,164,136.98535751718782,0.0
2020-04-29,166,844.8659503146351,20.359475797547127
2020-04-29,168,1764.0032220227288,0.0
2020-04-29,169,618.7834717479784,0.0
2020-04-29,171,380.3513251702002,0.0
2020-04-29,172,355.87549201362356,22.34907578670076
2020-04-29,173,589.5029698123848,0.0
2020-04-29,174,307.8349986564356,0.0
2020-04-29,175,382.53593988623754,0.0
2020-04-29,177,447.15574270572347,0.0
2020-04-29,18,314.92338581520744,0.0
2020-04-29,180,366.72534326703675,0.0
2020-04-29,181,403.53012189986975,0.0
2020-04-29,183,111.0480088698596,0.0
2020-04-29,184,379.80282732750265,0.0
2020-04-29,188,836.1776064255047,0.0
2020-04-29,189,955.9133421981489,19.28395656372416
2020-04-29,19,257.982620264912,0.0
2020-04-29,190,322.46156470275,0.0
2020-04-29,192,637.1205847766403,0.0
2020-04-29,193,367.8585083112869,19.58337469438454
2020-04-29,195,296.3161327837775,0.0
2020-04-29,196,1135.2877685131339,19.936876986888752
2020-04-29,197,390.8733864422576,20.39579884870975
2020-04-29,198,671.636595849762,20.263550811954786
2020-04-29,20,678.927395028999,0.0
2020-04-29,22,270.75144841522973,0.0
2020-04-29,23,140.3076332392324,0.0
2020-04-29,25,1037.7572370023524,21.28409579394812
2020-04-29,26,584.6962958836323,0.0
2020-04-29,27,159.69341634899274,17.573607929464792
2020-04-29,28,1060.8837118778251,17.613070129804328
2020-04-29,3,476.0298467457454,0.0
2020-04-29,31,646.4426631470498,0.0
2020-04-29,33,148.4489669173711,0.0
2020-04-29,35,125.14728508642,0.0
2020-04-29,36,333.83295518552904,19.504121827989852
2020-04-29,38,789.2701249379387,0.0
2020-04-29,39,111.04915905627375,0.0
2020-04-29,41,457.3405314776043,0.0
2020-04-29,42,96.78970182092029,0.0
2020-04-29,44,1020.2930741847949,21.09730018754371
2020-04-29,45,546.1998253988066,0.0
2020-04-29,46,376.0794527341422,0.0
2020-04-29,49,310.1242631975473,0.0
2020-04-29,5,1090.963208781386,18.434351968394402
2020-04-29,51,1142.3114931223124,0.0
2020-04-29,52,629.8655006432729,0.0
2020-04-29,55,510.78497493220556,16.992367660306243
2020-04-29,57,364.3693797845395,0.0
2020-04-29,59,1139.4559976911626,0.0
2020-04-29,61,142.87553721973842,20.57117940621921
2020-04-29,63,552.4964031100697,0.0
2020-04-29,64,123.8281632611838,0.0
2020-04-29,66,809.9096511397755,0.0
2020-04-29,68,1801.7204344650752,20.243657223702716
2020-04-29,69,644.5740697548803,0.0
2020-04-29,71,366.6949163198936,0.0
2020-04-29,72,316.5040397854248,0.0
2020-04-29,73,619.7756917295779,18.90979159320057
2020-04-29,74,302.85145388668195,0.0
2020-04-29,75,435.202913115505,19.01446039927907
2020-04-29,77,425.6559937925233,0.0
2020-04-29,8,389.0122891677542,0.0
2020-04-29,80,373.91932069480197,0.0
2020-04-29,81,375.97020376434546,0.0
2020-04-29,83,115.4636650147437,0.0
2020-04-29,84,388.87552102047675,0.0
2020-04-29,88,831.3845665784114,0.0
2020-04-29,89,895.2676331445823,0.0
2020-04-29,90,333.8980586940446,0.0
2020-04-29,92,632.9076688407846,0.0
2020-04-29,93,327.9859911096072,0.0
2020-04-29,95,291.15354705434,0.0
2020-04-29,96,1095.004465907602,0.0
2020-04-29,97,354.78397259259197,0.0
2020-04-29,98,635.3158447462616,0.0
2020-04-30,10,1268.6309067447798,0.0
2020-04-30,103,481.0466035877111,0.0
2020-04-30,105,1084.158374315119,0.0
2020-04-30,108,418.2528831198647,19.030256280365325
2020-04-30,11,871.7748159064881,0.0
2020-04-30,110,1311.0083610378485,20.11053531747394
2020-04-30,111,953.2540958592269,19.373684723816993
2020-04-30,115,527.0305151112038,20.49406391897552
2020-04-30,118,344.8449536996257,17.14537333709561
2020-04-30,119,263.1606120891181,0.0
2020-04-30,120,677.3801204423571,0.0
2020-04-30,122,306.2997125891423,19.143148134872202
2020-04-30,123,155.5262080478849,0.0
2020-04-30,125,1009.4444345360771,0.0
2020-04-30,126,579.9119846304093,0.0
2020-04-30,127,144.8254712649909,18.87394603908895
2020-04-30,128,1027.0140756867763,0.0
2020-04-30,131,663.444107795589,0.0
2020-04-30,133,146.37134186766258,0.0
2020-04-30,135,125.6448754260691,0.0
2020-04-30,136,287.45141551403907,0.0
2020-04-30,138,804.304227992222,0.0
2020-04-30,139,111.14875135412431,0.0
2020-04-30,141,456.9001214240441,0.0
2020-04-30,142,101.55954343048275,0.0
2020-04-30,144,1020.3092395171082,19.743659321627508
2020-04-30,145,582.6683522767515,0.0
2020-04-30,146,381.8698234409258,0.0
2020-04-30,149,317.38088958259385,0.0
2020-04-30,15,495.04183453218934,0.0
2020-04-30,151,1164.0630889246534,19.461952241509863
2020-04-30,152,609.2603553441242,0.0
2020-04-30,155,486.0550097966317,0.0
2020-04-30,157,383.43257668160896,0.0
2020-04-30,159,1151.6405128821993,0.0
2020-04-30,161,103.36297682981544,0.0
2020-04-30,163,544.7826245559049,0.0
2020-04-30,164,148.85012973485092,0.0
2020-04-30,166,827.4235403243885,20.797843779895768
2020-04-30,168,1805.5085492338694,0.0
2020-04-30,169,634.6307033897909,0.0
2020-04-30,171,379.5899786191512,0.0
2020-04-30,172,358.2489318458234,18.140663228339942
2020-04-30,173,595.4519284417232,0.0
2020-04-30,174,306.9301176920306,0.0
2020-04-30,175,382.08934134602015,0.0
2020-04-30,177,464.8647681613532,0.0
2020-04-30,18,310.132486733709,0.0
2020-04-30,180,361.9486838541664,0.0
2020-04-30,181,389.1758283397297,0.0
2020-04-30,183,124.02157585376119,0.0
2020-04-30,184,369.03809693863207,0.0
2020-04-30,188,868.2705739411172,0.0
2020-04-30,189,947.208352888948,20.045491476330753
2020-04-30,19,250.2870704858504,0.0
2020-04-30,190,319.225776053199,0.0
2020-04-30,192,629.0639984835676,0.0
2020-04-30,193,364.1932284404454,20.558336423211706
2020-04-30,195,285.40553142635616,0.0
2020-04-30,196,1126.1543666078994,21.856647436561953
2020-04-30,197,387.6508292428903,19.518234028906527
2020-04-30,198,693.4666244848411,20.324458604352518
2020-04-30,20,680.7489873247462,0.0
2020-04-30,22,272.2713295912356,0.0
2020-04-30,23,144.28246562158205,0.0
2020-04-30,25,1029.44806708808,18.196137207437634
2020-04-30,26,593.0381786937911,0.0
2020-04-30,27,162.61851124450794,17.608043795686974
2020-04-30,28,1065.8235440064818,20.8447743757817
2020-04-30,3,469.5470153837245,0.0
2020-04-30,31,660.5300775980601,0.0
2020-04-30,33,133.91823376301843,0.0
2020-04-30,35,124.81983681958035,0.0
2020-04-30,36,322.69023197357376,19.99443970635193
2020-04-30,38,814.7325312539566,0.0
2020-04-30,39,123.94377132821813,0.0
2020-04-30,41,457.65292070027465,0.0
2020-04-30,42,101.60100763202573,0.0
2020-04-30,44,1034.7067313162322,21.178512689798424
2020-04-30,45,554.6464514114479,0.0
2020-04-30,46,366.5485410755345,0.0
2020-04-30,49,311.98617953507653,0.0
2020-04-30,5,1134.439924782914,18.62659711103025
2020-04-30,51,1135.4789667363227,0.0
2020-04-30,52,607.0721098718108,0.0
2020-04-30,55,522.4354937271981,20.519902139528753
2020-04-30,57,368.20491103159026,0.0
2020-04-30,59,1130.24417322271,0.0
2020-04-30,61,166.9459285530074,21.868817840543855
2020-04-30,63,540.3171506636643,0.0
2020-04-30,64,141.6909072872782,0.0
2020-04-30,66,808.9564072799495,0.0
2020-04-30,68,1842.1013322722044,20.419705608357265
2020-04-30,69,633.3980266061824,0.0
2020-04-30,71,376.2999431761588,0.0
2020-04-30,72,320.0248064771226,0.0
2020-04-30,73,649.3755013237459,20.27658150559105
2020-04-30,74,307.6031732963582,0.0
2020-04-30,75,431.59124864906977,20.00855608082435
2020-04-30,77,436.2901230667763,0.0
2020-04-30,8,386.85219964607296,0.0
2020-04-30,80,368.3371293117972,0.0
2020-04-30,81,395.72474617874485,0.0
2020-04-30,83,137.74644073699105,0.0
2020-04-30,84,378.4266749152935,0.0
2020-04-30,88,844.4008483165004,0.0
2020-04-30,89,925.0106951135188,0.0
2020-04-30,90,326.0395465938597,0.0
2020-04-30,92,636.3068675594923,0.0
2020-04-30,93,333.0973725494902,0.0
2020-04-30,95,296.0392095932273,0.0
2020-04-30,96,1090.429503208366,0.0
2020-04-30,97,347.6457269234211,0.0
2020-04-30,98,636.0097106953529,0.0