date,location,conversions,spend_cell_1,spend_cell_2
2020-01-01,10,890.7786349,91.5,91.5
2020-01-01,103,448.0623914,135.3,135.3
2020-01-01,105,546.1942811,50.4,50.4
2020-01-01,108,187.3349771,53.4,53.4
2020-01-01,11,857.9946858,64.2,64.2
2020-01-01,110,939.9112757,81.9,81.9
2020-01-01,111,516.7225823,47.7,47.7
2020-01-01,115,489.1785196,98.7,98.7
2020-01-01,118,331.1800348,102.3,102.3
2020-01-01,119,264.2332897,63.6,63.6
2020-01-01,120,406.2292557,46.5,46.5
2020-01-01,122,243.0606871,64.8,64.8
2020-01-01,123,80.77147768,48.9,48.9
2020-01-01,125,563.2913627,59.1,59.1
2020-01-01,126,582.9339368,31.2,31.2
2020-01-01,127,355.1958572,103.2,103.2
2020-01-01,128,511.0966041,73.8,73.8
2020-01-01,131,520.4517406,59.7,59.7
2020-01-01,133,299.7020368,104.1,104.1
2020-01-01,135,255.0562011,137.1,137.1
2020-01-01,136,294.7115397,105.9,105.9
2020-01-01,138,445.8308201,123.3,123.3
2020-01-01,139,296.6959268,83.4,83.4
2020-01-01,141,423.9394681,121.2,121.2
2020-01-01,142,292.1505925,80.7,80.7
2020-01-01,144,481.7937941,135.3,135.3
2020-01-01,145,409.4640205,102.3,102.3
2020-01-01,146,206.3894218,54.3,54.3
2020-01-01,149,251.4774606,60.6,60.6
2020-01-01,15,437.3650341,122.4,122.4
2020-01-01,151,720.4171141,72.6,72.6
2020-01-01,152,647.8404214,48.0,48.0
2020-01-01,155,396.4025021,58.5,58.5
2020-01-01,157,326.0714944,84.3,84.3
2020-01-01,159,1044.480225,121.8,121.8
2020-01-01,161,121.7786624,33.3,33.3
2020-01-01,163,449.6602884,80.4,80.4
2020-01-01,164,141.7563399,25.5,25.5
2020-01-01,166,702.6606413,63.3,63.3
2020-01-01,168,578.5099926,103.8,103.8
2020-01-01,169,527.8557334,68.4,68.4
2020-01-01,171,388.5716961,105.3,105.3
2020-01-01,172,301.5997639,82.2,82.2
2020-01-01,173,561.3667658,132.9,132.9
2020-01-01,174,299.9846905,93.9,93.9
2020-01-01,175,353.3339871,57.3,57.3
2020-01-01,177,408.8416599,112.2,112.2
2020-01-01,18,377.0090094,131.7,131.7
2020-01-01,180,333.6695758,85.5,85.5
2020-01-01,181,404.7535012,51.3,51.3
2020-01-01,183,281.6610344,97.2,97.2
2020-01-01,184,354.0155027,64.2,64.2
2020-01-01,188,541.6293294,126.6,126.6
2020-01-01,189,700.6776769,90.6,90.6
2020-01-01,19,292.8919007,99.6,99.6
2020-01-01,190,197.7148839,47.4,47.4
2020-01-01,192,297.7498717,74.4,74.4
2020-01-01,193,184.7809553,49.8,49.8
2020-01-01,195,291.8291107,95.1,95.1
2020-01-01,196,943.6188826,40.8,40.8
2020-01-01,197,355.7825856,110.7,110.7
2020-01-01,198,441.1249694,78.9,78.9
2020-01-01,20,577.8613195,48.9,48.9
2020-01-01,22,286.0922296,73.8,73.8
2020-01-01,23,159.3243043,59.1,59.1
2020-01-01,25,559.3007729,80.4,80.4
2020-01-01,26,197.9072193,53.7,53.7
2020-01-01,27,300.094878,100.8,100.8
2020-01-01,28,558.9367351,77.1,77.1
2020-01-01,3,469.2950778,125.4,125.4
2020-01-01,31,505.956504,76.5,76.5
2020-01-01,33,271.732968,124.8,124.8
2020-01-01,35,137.9889319,47.7,47.7
2020-01-01,36,309.2232653,96.6,96.6
2020-01-01,38,460.1124797,42.9,42.9
2020-01-01,39,286.1947056,114.0,114.0
2020-01-01,41,252.9264245,40.5,40.5
2020-01-01,42,203.5156952,100.8,100.8
2020-01-01,44,768.7167273,124.8,124.8
2020-01-01,45,443.5854475,109.8,109.8
2020-01-01,46,207.102311,69.0,69.0
2020-01-01,49,313.8996397,49.8,49.8
2020-01-01,5,966.0420833,51.9,51.9
2020-01-01,51,1161.388997,83.4,83.4
2020-01-01,52,644.141767,56.7,56.7
2020-01-01,55,294.5191513,60.0,60.0
2020-01-01,57,301.3704128,89.1,89.1
2020-01-01,59,464.2297336,131.7,131.7
2020-01-01,61,172.4263661,55.2,55.2
2020-01-01,63,350.497104,95.4,95.4
2020-01-01,64,155.5393441,47.7,47.7
2020-01-01,66,568.1887994,83.7,83.7
2020-01-01,68,1818.545643,109.5,109.5
2020-01-01,69,542.0467907,88.2,88.2
2020-01-01,71,376.4087817,119.4,119.4
2020-01-01,72,273.3156363,72.3,72.3
2020-01-01,73,303.2842047,55.8,55.8
2020-01-01,74,307.1187773,109.5,109.5
2020-01-01,75,344.3179073,85.5,85.5
2020-01-01,77,417.1484575,123.9,123.9
2020-01-01,8,303.9403041,49.5,49.5
2020-01-01,80,360.8066961,115.2,115.2
2020-01-01,81,391.016023,86.1,86.1
2020-01-01,83,130.8716303,104.4,104.4
2020-01-01,84,290.6425815,64.5,64.5
2020-01-01,88,659.8942462,133.8,133.8
2020-01-01,89,847.623171,110.7,110.7
2020-01-01,90,303.3686991,51.9,51.9
2020-01-01,92,329.2265188,99.9,99.9
2020-01-01,93,245.4230008,70.8,70.8
2020-01-01,95,291.2745447,89.4,89.4
2020-01-01,96,929.1833303,74.1,74.1
2020-01-01,97,429.6797316,123.0,123.0
2020-01-01,98,427.7307084,102.0,102.0
2020-01-02,10,599.0153489,0.0,0.0
2020-01-02,103,346.8559943,6.0,6.0
2020-01-02,105,41.08458919,0.0,0.0
2020-01-02,108,57.897909,0.0,0.0
2020-01-02,11,564.0276977,0.0,0.0
2020-01-02,110,1149.371135,0.0,0.0
2020-01-02,111,198.9142969,3.0,3.0
2020-01-02,115,14.12659881,18.9,18.9
2020-01-02,118,116.9784714,18.6,18.6
2020-01-02,119,208.7588659,3.3,3.3
2020-01-02,120,341.6399563,0.0,0.0
2020-01-02,122,158.2512304,11.1,11.1
2020-01-02,123,124.9925059,15.0,15.0
2020-01-02,125,52.26902396,7.5,7.5
2020-01-02,126,312.1731643,5.4,5.4
2020-01-02,127,82.87909263,0.0,0.0
2020-01-02,128,774.85674,10.2,10.2
2020-01-02,131,611.7281098,10.2,10.2
2020-01-02,133,94.60951555,12.0,12.0
2020-01-02,135,100.3256652,0.0,0.0
2020-01-02,136,112.0543521,7.8,7.8
2020-01-02,138,685.6342427,6.0,6.0
2020-01-02,139,52.32704094,0.0,0.0
2020-01-02,141,324.8003386,18.9,18.9
2020-01-02,142,89.67754243,3.3,3.3
2020-01-02,144,10.4289117,9.9,9.9
2020-01-02,145,475.9930863,12.9,12.9
2020-01-02,146,53.79059953,1.8,1.8
2020-01-02,149,184.3868386,6.3,6.3
2020-01-02,15,199.8718342,7.8,7.8
2020-01-02,151,84.78319624,6.0,6.0
2020-01-02,152,401.1315532,11.4,11.4
2020-01-02,155,68.11646837,9.0,9.0
2020-01-02,157,329.7194116,12.9,12.9
2020-01-02,159,1005.546157,0.0,0.0
2020-01-02,161,47.75572566,16.8,16.8
2020-01-02,163,326.8325135,11.1,11.1
2020-01-02,164,103.9928561,0.3,0.3
2020-01-02,166,329.2403777,16.8,16.8
2020-01-02,168,1825.107297,13.2,13.2
2020-01-02,169,532.785606,2.1,2.1
2020-01-02,171,361.6771909,0.0,0.0
2020-01-02,172,26.69447802,0.0,0.0
2020-01-02,173,23.49576123,0.0,0.0
2020-01-02,174,64.44078287,13.2,13.2
2020-01-02,175,313.7375409,0.0,0.0
2020-01-02,177,224.6558293,0.0,0.0
2020-01-02,18,128.9596521,0.0,0.0
2020-01-02,180,115.3710071,0.0,0.0
2020-01-02,181,42.71738538,0.0,0.0
2020-01-02,183,85.23527141,8.1,8.1
2020-01-02,184,11.40493314,12.3,12.3
2020-01-02,188,342.3574094,13.8,13.8
2020-01-02,189,457.5173789,13.2,13.2
2020-01-02,19,107.4758127,0.0,0.0
2020-01-02,190,201.6072593,2.1,2.1
2020-01-02,192,201.956147,0.9,0.9
2020-01-02,193,226.0997381,0.0,0.0
2020-01-02,195,182.9727393,9.3,9.3
2020-01-02,196,345.9623638,7.5,7.5
2020-01-02,197,257.9725372,0.0,0.0
2020-01-02,198,90.51090953,11.7,11.7
2020-01-02,20,530.5851526,0.0,0.0
2020-01-02,22,266.4373135,0.6,0.6
2020-01-02,23,81.82083184,0.0,0.0
2020-01-02,25,908.4653873,1.5,1.5
2020-01-02,26,191.0188081,0.0,0.0
2020-01-02,27,70.98138187,0.0,0.0
2020-01-02,28,468.1032345,0.0,0.0
2020-01-02,3,120.7592799,18.6,18.6
2020-01-02,31,220.9963065,7.5,7.5
2020-01-02,33,89.51128425,0.0,0.0
2020-01-02,35,109.9333363,1.5,1.5
2020-01-02,36,143.8450961,0.0,0.0
2020-01-02,38,710.8034524,0.0,0.0
2020-01-02,39,94.70455756,19.2,19.2
2020-01-02,41,210.7259873,15.9,15.9
2020-01-02,42,43.31839837,5.7,5.7
2020-01-02,44,37.99339331,3.6,3.6
2020-01-02,45,429.0862442,13.5,13.5
2020-01-02,46,155.5243737,0.0,0.0
2020-01-02,49,206.5959962,6.3,6.3
2020-01-02,5,466.5314669,0.0,0.0
2020-01-02,51,474.2244167,15.0,15.0
2020-01-02,52,435.2241259,6.3,6.3
2020-01-02,55,279.9828837,0.0,0.0
2020-01-02,57,124.5132206,0.0,0.0
2020-01-02,59,468.2906909,0.0,0.0
2020-01-02,61,21.41859997,17.4,17.4
2020-01-02,63,185.564241,1.5,1.5
2020-01-02,64,88.23102068,0.0,0.0
2020-01-02,66,148.4216667,6.3,6.3
2020-01-02,68,1273.155449,0.0,0.0
2020-01-02,69,297.4831426,15.6,15.6
2020-01-02,71,186.4748446,14.1,14.1
2020-01-02,72,134.4746958,14.7,14.7
2020-01-02,73,380.8002483,0.0,0.0
2020-01-02,74,255.0382436,0.0,0.0
2020-01-02,75,185.0295982,0.0,0.0
2020-01-02,77,346.2371576,0.0,0.0
2020-01-02,8,65.10101617,0.0,0.0
2020-01-02,80,104.0876049,0.0,0.0
2020-01-02,81,156.0911245,11.7,11.7
2020-01-02,83,109.0254751,10.8,10.8
2020-01-02,84,387.1105314,11.4,11.4
2020-01-02,88,728.2286204,3.0,3.0
2020-01-02,89,645.2141231,12.3,12.3
2020-01-02,90,168.2672173,0.0,0.0
2020-01-02,92,616.6586149,15.9,15.9
2020-01-02,93,124.8304828,15.9,15.9
2020-01-02,95,82.81550185,7.8,7.8
2020-01-02,96,604.8588141,9.3,9.3
2020-01-02,97,275.7322058,0.0,0.0
2020-01-02,98,536.220287,0.0,0.0
2020-01-03,10,306.9281891,26.1,26.1
2020-01-03,103,454.6270534,52.5,52.5
2020-01-03,105,204.0127792,28.5,28.5
2020-01-03,108,92.55414258,25.8,25.8
2020-01-03,11,109.8790855,27.9,27.9
2020-01-03,110,143.7925748,28.5,28.5
2020-01-03,111,506.4661557,23.1,23.1
2020-01-03,115,476.5985964,33.0,33.0
2020-01-03,118,272.4724961,46.2,46.2
2020-01-03,119,147.4867856,38.7,38.7
2020-01-03,120,184.0596568,26.7,26.7
2020-01-03,122,103.1652076,18.0,18.0
2020-01-03,123,138.0372492,3.3,3.3
2020-01-03,125,143.5903629,28.8,28.8
2020-01-03,126,351.8945093,7.2,7.2
2020-01-03,127,116.5507859,50.7,50.7
2020-01-03,128,1077.171482,39.0,39.0
2020-01-03,131,411.7386428,22.8,22.8
2020-01-03,133,136.812178,38.4,38.4
2020-01-03,135,117.7848092,38.4,38.4
2020-01-03,136,183.4405847,38.1,38.1
2020-01-03,138,352.0072538,58.5,58.5
2020-01-03,139,132.1339532,23.7,23.7
2020-01-03,141,251.9425038,45.3,45.3
2020-01-03,142,138.0623426,33.9,33.9
2020-01-03,144,182.5119802,55.8,55.8
2020-01-03,145,527.1078137,29.7,29.7
2020-01-03,146,321.629557,21.6,21.6
2020-01-03,149,250.8152693,34.8,34.8
2020-01-03,15,261.1634334,58.8,58.8
2020-01-03,151,195.8643686,44.4,44.4
2020-01-03,152,670.5188384,14.1,14.1
2020-01-03,155,277.5512429,20.1,20.1
2020-01-03,157,200.5600748,17.7,17.7
2020-01-03,159,777.8725913,33.3,33.3
2020-01-03,161,91.13078958,18.0,18.0
2020-01-03,163,56.20975264,39.0,39.0
2020-01-03,164,125.339496,3.9,3.9
2020-01-03,166,360.8606792,35.1,35.1
2020-01-03,168,234.2811398,29.1,29.1
2020-01-03,169,162.0346022,21.3,21.3
2020-01-03,171,242.6620921,53.4,53.4
2020-01-03,172,187.4924681,36.9,36.9
2020-01-03,173,341.3630392,49.8,49.8
2020-01-03,174,199.7834213,52.5,52.5
2020-01-03,175,184.8380097,15.6,15.6
2020-01-03,177,142.1505753,23.7,23.7
2020-01-03,18,250.3258229,54.6,54.6
2020-01-03,180,241.3459847,35.7,35.7
2020-01-03,181,237.1736586,25.2,25.2
2020-01-03,183,131.910991,27.6,27.6
2020-01-03,184,60.20166036,33.0,33.0
2020-01-03,188,519.7823052,61.2,61.2
2020-01-03,189,279.3457033,24.6,24.6
2020-01-03,19,116.2981371,25.2,25.2
2020-01-03,190,19.02102639,14.7,14.7
2020-01-03,192,374.7008614,36.0,36.0
2020-01-03,193,159.2171164,33.6,33.6
2020-01-03,195,126.2459499,38.1,38.1
2020-01-03,196,894.0033938,5.1,5.1
2020-01-03,197,345.6369302,50.1,50.1
2020-01-03,198,346.3001586,32.4,32.4
2020-01-03,20,567.5032105,11.7,11.7
2020-01-03,22,165.5697103,18.6,18.6
2020-01-03,23,109.5654496,17.4,17.4
2020-01-03,25,596.2473195,32.7,32.7
2020-01-03,26,140.383473,10.5,10.5
2020-01-03,27,113.1128725,29.1,29.1
2020-01-03,28,1075.207237,16.2,16.2
2020-01-03,3,218.7557221,56.4,56.4
2020-01-03,31,648.9625225,39.0,39.0
2020-01-03,33,128.9877729,33.9,33.9
2020-01-03,35,30.32429223,26.4,26.4
2020-01-03,36,176.6856791,40.5,40.5
2020-01-03,38,409.6971522,15.0,15.0
2020-01-03,39,137.3057839,37.5,37.5
2020-01-03,41,356.4675694,21.6,21.6
2020-01-03,42,145.927283,40.5,40.5
2020-01-03,44,799.0215971,59.7,59.7
2020-01-03,45,443.0188827,46.5,46.5
2020-01-03,46,277.4742067,16.8,16.8
2020-01-03,49,257.0443461,28.5,28.5
2020-01-03,5,344.3559349,30.0,30.0
2020-01-03,51,658.6880305,51.9,51.9
2020-01-03,52,510.6084813,12.3,12.3
2020-01-03,55,350.7390632,34.5,34.5
2020-01-03,57,195.9352542,29.7,29.7
2020-01-03,59,163.1201257,36.9,36.9
2020-01-03,61,98.56536793,34.2,34.2
2020-01-03,63,350.5894972,33.0,33.0
2020-01-03,64,121.69831,10.5,10.5
2020-01-03,66,652.4649901,46.5,46.5
2020-01-03,68,606.2093252,36.3,36.3
2020-01-03,69,131.3738317,22.5,22.5
2020-01-03,71,175.334134,43.8,43.8
2020-01-03,72,190.1375997,35.7,35.7
2020-01-03,73,273.3854263,16.8,16.8
2020-01-03,74,163.2709933,48.9,48.9
2020-01-03,75,155.8793498,21.3,21.3
2020-01-03,77,350.9380551,29.4,29.4
2020-01-03,8,232.4048735,18.0,18.0
2020-01-03,80,251.2493119,27.0,27.0
2020-01-03,81,263.9655004,41.4,41.4
2020-01-03,83,113.0706748,45.0,45.0
2020-01-03,84,297.4018758,14.7,14.7
2020-01-03,88,769.376788,58.2,58.2
2020-01-03,89,631.7154393,51.0,51.0
2020-01-03,90,211.0337597,37.8,37.8
2020-01-03,92,215.8835712,22.8,22.8
2020-01-03,93,99.09520252,18.3,18.3
2020-01-03,95,207.6928446,45.6,45.6
2020-01-03,96,1030.467311,10.2,10.2
2020-01-03,97,291.0577091,36.9,36.9
2020-01-03,98,153.0573773,33.6,33.6
2020-01-04,10,868.9303915,163.5,163.5
2020-01-04,103,655.931206,210.6,210.6
2020-01-04,105,441.6777707,96.6,96.6
2020-01-04,108,337.0825579,93.3,93.3
2020-01-04,11,723.436853,100.8,100.8
2020-01-04,110,886.0427871,136.8,136.8
2020-01-04,111,372.1438828,82.8,82.8
2020-01-04,115,572.1823275,205.2,205.2
2020-01-04,118,670.7030885,193.5,193.5
2020-01-04,119,326.8224796,146.7,146.7
2020-01-04,120,483.7018384,86.7,86.7
2020-01-04,122,311.6853116,131.4,131.4
2020-01-04,123,246.250784,79.8,79.8
2020-01-04,125,642.9803298,129.0,129.0
2020-01-04,126,416.7496499,75.3,75.3
2020-01-04,127,182.5364559,174.6,174.6
2020-01-04,128,926.5616125,132.6,132.6
2020-01-04,131,527.4682956,118.8,118.8
2020-01-04,133,388.8035671,162.0,162.0
2020-01-04,135,659.4753812,234.0,234.0
2020-01-04,136,553.0350987,171.6,171.6
2020-01-04,138,739.767685,221.7,221.7
2020-01-04,139,351.1998935,155.1,155.1
2020-01-04,141,711.7698129,218.4,218.4
2020-01-04,142,519.4273471,160.8,160.8
2020-01-04,144,778.2903479,222.0,222.0
2020-01-04,145,529.0953259,168.6,168.6
2020-01-04,146,295.895783,88.2,88.2
2020-01-04,149,309.6112315,88.2,88.2
2020-01-04,15,559.3184548,209.7,209.7
2020-01-04,151,512.9557726,151.2,151.2
2020-01-04,152,562.047679,86.1,86.1
2020-01-04,155,405.9426657,93.9,93.9
2020-01-04,157,356.9147512,146.4,146.4
2020-01-04,159,1063.372886,213.0,213.0
2020-01-04,161,252.2458348,77.1,77.1
2020-01-04,163,484.5781609,118.5,118.5
2020-01-04,164,151.3211032,65.1,65.1
2020-01-04,166,587.776571,123.6,123.6
2020-01-04,168,1417.041131,175.8,175.8
2020-01-04,169,395.255171,119.1,119.1
2020-01-04,171,471.5913152,180.6,180.6
2020-01-04,172,325.8277632,129.9,129.9
2020-01-04,173,639.5226703,245.7,245.7
2020-01-04,174,366.8012444,172.2,172.2
2020-01-04,175,361.4205213,106.5,106.5
2020-01-04,177,524.6030085,171.6,171.6
2020-01-04,18,382.2542318,223.8,223.8
2020-01-04,180,495.6667728,162.3,162.3
2020-01-04,181,366.923063,100.8,100.8
2020-01-04,183,460.6531352,170.4,170.4
2020-01-04,184,401.0293201,111.0,111.0
2020-01-04,188,797.8832298,204.0,204.0
2020-01-04,189,591.2845506,150.6,150.6
2020-01-04,19,298.8850542,156.9,156.9
2020-01-04,190,312.4082234,106.5,106.5
2020-01-04,192,625.6265729,161.1,161.1
2020-01-04,193,332.9261455,96.3,96.3
2020-01-04,195,301.8139177,161.4,161.4
2020-01-04,196,483.1661251,85.5,85.5
2020-01-04,197,377.1099061,203.7,203.7
2020-01-04,198,456.2383824,155.7,155.7
2020-01-04,20,675.9048445,77.7,77.7
2020-01-04,22,396.4332156,136.8,136.8
2020-01-04,23,217.3762216,81.6,81.6
2020-01-04,25,598.3125945,147.3,147.3
2020-01-04,26,372.2771068,95.7,95.7
2020-01-04,27,367.178561,193.5,193.5
2020-01-04,28,781.3934095,147.3,147.3
2020-01-04,3,685.5665422,246.6,246.6
2020-01-04,31,429.6540642,147.0,147.0
2020-01-04,33,256.03492,197.7,197.7
2020-01-04,35,247.7825897,58.8,58.8
2020-01-04,36,616.8676897,178.2,178.2
2020-01-04,38,228.8253624,58.2,58.2
2020-01-04,39,134.7770588,195.3,195.3
2020-01-04,41,444.4856463,68.4,68.4
2020-01-04,42,379.1842502,169.2,169.2
2020-01-04,44,843.274649,233.1,233.1
2020-01-04,45,566.9963324,171.9,171.9
2020-01-04,46,365.6493623,102.6,102.6
2020-01-04,49,353.3495262,119.7,119.7
2020-01-04,5,1036.727636,114.3,114.3
2020-01-04,51,1021.95392,160.2,160.2
2020-01-04,52,417.8121983,101.1,101.1
2020-01-04,55,415.0196823,115.2,115.2
2020-01-04,57,359.4305831,153.0,153.0
2020-01-04,59,743.8352979,221.1,221.1
2020-01-04,61,205.010399,80.4,80.4
2020-01-04,63,495.0351877,143.4,143.4
2020-01-04,64,145.8185267,90.6,90.6
2020-01-04,66,744.5091202,140.1,140.1
2020-01-04,68,1656.280678,191.7,191.7
2020-01-04,69,541.775256,153.9,153.9
2020-01-04,71,535.8079253,197.7,197.7
2020-01-04,72,379.4777757,154.5,154.5
2020-01-04,73,273.135105,69.9,69.9
2020-01-04,74,615.5457835,202.8,202.8
2020-01-04,75,387.785573,121.8,121.8
2020-01-04,77,616.6102612,196.5,196.5
2020-01-04,8,328.3065262,115.2,115.2
2020-01-04,80,502.4159963,185.7,185.7
2020-01-04,81,394.3765734,126.6,126.6
2020-01-04,83,314.7277587,187.5,187.5
2020-01-04,84,430.3957784,123.6,123.6
2020-01-04,88,770.271091,235.2,235.2
2020-01-04,89,867.5307356,166.5,166.5
2020-01-04,90,325.7830718,117.0,117.0
2020-01-04,92,626.5319504,186.0,186.0
2020-01-04,93,363.2858178,116.7,116.7
2020-01-04,95,441.3029636,165.9,165.9
2020-01-04,96,547.8966643,109.8,109.8
2020-01-04,97,694.7293934,230.7,230.7
2020-01-04,98,628.8623726,175.5,175.5
2020-01-05,10,1055.363928,289.8,289.8
2020-01-05,103,771.5926628,372.0,372.0
2020-01-05,105,635.389508,174.9,174.9
2020-01-05,108,377.2480055,155.1,155.1
2020-01-05,11,646.8022503,194.4,194.4
2020-01-05,110,1056.456934,262.2,262.2
2020-01-05,111,669.1519434,138.9,138.9
2020-01-05,115,627.7294247,347.7,347.7
2020-01-05,118,524.540598,351.3,351.3
2020-01-05,119,289.9119363,242.4,242.4
2020-01-05,120,526.8779917,133.5,133.5
2020-01-05,122,451.6706421,244.8,244.8
2020-01-05,123,343.3535382,106.5,106.5
2020-01-05,125,815.4956041,231.9,231.9
2020-01-05,126,483.3702364,123.3,123.3
2020-01-05,127,321.4393984,338.7,338.7
2020-01-05,128,900.2960421,223.5,223.5
2020-01-05,131,690.2265379,220.5,220.5
2020-01-05,133,272.5245848,323.1,323.1
2020-01-05,135,202.1427497,403.2,403.2
2020-01-05,136,296.774794,297.3,297.3
2020-01-05,138,1107.830456,420.0,420.0
2020-01-05,139,834.476271,301.5,301.5
2020-01-05,141,1213.572897,403.2,403.2
2020-01-05,142,313.5050637,275.1,275.1
2020-01-05,144,1111.493265,391.5,391.5
2020-01-05,145,592.9226807,267.6,267.6
2020-01-05,146,440.5850543,158.4,158.4
2020-01-05,149,352.0271056,173.1,173.1
2020-01-05,15,568.8549392,378.6,378.6
2020-01-05,151,1014.38282,255.6,255.6
2020-01-05,152,669.4452219,144.3,144.3
2020-01-05,155,463.6266652,148.2,148.2
2020-01-05,157,452.9533417,249.3,249.3
2020-01-05,159,1176.832322,351.6,351.6
2020-01-05,161,278.3193286,137.7,137.7
2020-01-05,163,506.7838969,244.2,244.2
2020-01-05,164,156.1692276,138.9,138.9
2020-01-05,166,759.8852913,231.3,231.3
2020-01-05,168,1820.399705,333.6,333.6
2020-01-05,169,689.2510387,233.7,233.7
2020-01-05,171,1058.244835,332.4,332.4
2020-01-05,172,461.5784871,228.0,228.0
2020-01-05,173,936.9852746,426.3,426.3
2020-01-05,174,406.5774625,323.4,323.4
2020-01-05,175,423.5970744,217.5,217.5
2020-01-05,177,441.6325891,310.8,310.8
2020-01-05,18,291.3974737,384.0,384.0
2020-01-05,180,585.4665534,298.5,298.5
2020-01-05,181,548.7454076,198.3,198.3
2020-01-05,183,504.5964727,294.0,294.0
2020-01-05,184,560.7625272,177.9,177.9
2020-01-05,188,809.6490467,400.5,400.5
2020-01-05,189,909.8145913,270.6,270.6
2020-01-05,19,540.8031167,279.0,279.0
2020-01-05,190,488.4688792,167.1,167.1
2020-01-05,192,818.8649335,256.5,256.5
2020-01-05,193,365.8373587,148.8,148.8
2020-01-05,195,789.4903621,264.6,264.6
2020-01-05,196,711.1658765,162.0,162.0
2020-01-05,197,1184.048133,366.6,366.6
2020-01-05,198,811.3407129,263.4,263.4
2020-01-05,20,564.4524022,175.8,175.8
2020-01-05,22,629.6965322,267.3,267.3
2020-01-05,23,417.4214784,149.4,149.4
2020-01-05,25,964.0250167,257.4,257.4
2020-01-05,26,592.081029,151.2,151.2
2020-01-05,27,609.7444629,363.0,363.0
2020-01-05,28,970.518066,243.3,243.3
2020-01-05,3,1356.856145,426.3,426.3
2020-01-05,31,814.8875164,247.8,247.8
2020-01-05,33,300.0156792,351.9,351.9
2020-01-05,35,376.049701,123.0,123.0
2020-01-05,36,614.6114551,335.4,335.4
2020-01-05,38,611.6929636,133.2,133.2
2020-01-05,39,690.6662207,325.5,325.5
2020-01-05,41,382.1669773,108.9,108.9
2020-01-05,42,758.6775361,331.5,331.5
2020-01-05,44,1312.408059,428.7,428.7
2020-01-05,45,971.0103175,314.4,314.4
2020-01-05,46,599.9700311,211.8,211.8
2020-01-05,49,670.4008738,200.7,200.7
2020-01-05,5,842.595118,190.8,190.8
2020-01-05,51,1000.845281,306.9,306.9
2020-01-05,52,653.2302914,205.5,205.5
2020-01-05,55,546.1219683,177.9,177.9
2020-01-05,57,498.532765,290.1,290.1
2020-01-05,59,1200.947196,395.4,395.4
2020-01-05,61,148.5845442,156.0,156.0
2020-01-05,63,542.490995,261.3,261.3
2020-01-05,64,363.908165,168.6,168.6
2020-01-05,66,825.690668,256.2,256.2
2020-01-05,68,1434.87094,364.5,364.5
2020-01-05,69,818.5483665,258.6,258.6
2020-01-05,71,1187.405012,366.6,366.6
2020-01-05,72,462.0552901,254.7,254.7
2020-01-05,73,548.3235118,134.7,134.7
2020-01-05,74,482.7254557,337.2,337.2
2020-01-05,75,802.2177607,250.2,250.2
2020-01-05,77,605.2890663,357.9,357.9
2020-01-05,8,434.195534,207.0,207.0
2020-01-05,80,638.5093019,333.6,333.6
2020-01-05,81,680.8240167,211.5,211.5
2020-01-05,83,163.8956935,331.2,331.2
2020-01-05,84,625.9298681,215.1,215.1
2020-01-05,88,865.9801589,437.7,437.7
2020-01-05,89,926.7626833,326.7,326.7
2020-01-05,90,360.1948398,213.6,213.6
2020-01-05,92,724.5065575,297.6,297.6
2020-01-05,93,326.5287752,189.6,189.6
2020-01-05,95,943.7570713,299.7,299.7
2020-01-05,96,749.378931,178.5,178.5
2020-01-05,97,1270.121612,392.7,392.7
2020-01-05,98,844.0554565,290.1,290.1
2020-01-06,10,1159.260291,341.7,341.7
2020-01-06,103,973.9316069,436.8,436.8
2020-01-06,105,814.1183446,192.9,192.9
2020-01-06,108,558.5509067,172.8,172.8
2020-01-06,11,759.5246158,197.7,197.7
2020-01-06,110,1010.157706,275.1,275.1
2020-01-06,111,548.0550553,161.4,161.4
2020-01-06,115,1032.486484,405.0,405.0
2020-01-06,118,747.7166901,374.4,374.4
2020-01-06,119,512.2330336,258.9,258.9
2020-01-06,120,533.9131537,150.6,150.6
2020-01-06,122,369.2005693,240.9,240.9
2020-01-06,123,441.3607446,140.4,140.4
2020-01-06,125,910.5342938,237.9,237.9
2020-01-06,126,516.5399536,124.5,124.5
2020-01-06,127,1164.048246,359.1,359.1
2020-01-06,128,811.6365535,247.2,247.2
2020-01-06,131,688.5513518,235.2,235.2
2020-01-06,133,934.8450857,335.7,335.7
2020-01-06,135,1315.761114,454.5,454.5
2020-01-06,136,487.4220353,344.7,344.7
2020-01-06,138,1207.57564,446.7,446.7
2020-01-06,139,815.6106668,314.4,314.4
2020-01-06,141,1463.715645,431.1,431.1
2020-01-06,142,543.6365988,309.9,309.9
2020-01-06,144,1203.763631,420.0,420.0
2020-01-06,145,746.7453592,322.8,322.8
2020-01-06,146,392.2907693,185.1,185.1
2020-01-06,149,364.7713019,175.5,175.5
2020-01-06,15,1104.701034,432.0,432.0
2020-01-06,151,1005.861519,296.1,296.1
2020-01-06,152,589.7350217,186.0,186.0
2020-01-06,155,519.4115851,159.6,159.6
2020-01-06,157,540.5248554,264.0,264.0
2020-01-06,159,1194.03673,387.0,387.0
2020-01-06,161,480.7620109,144.0,144.0
2020-01-06,163,710.8441463,274.8,274.8
2020-01-06,164,182.1740791,154.2,154.2
2020-01-06,166,819.1020038,246.3,246.3
2020-01-06,168,1602.96069,365.4,365.4
2020-01-06,169,848.3793112,258.0,258.0
2020-01-06,171,490.7213594,369.9,369.9
2020-01-06,172,388.049795,224.1,224.1
2020-01-06,173,745.8645258,475.8,475.8
2020-01-06,174,688.272993,335.7,335.7
2020-01-06,175,740.4396726,236.1,236.1
2020-01-06,177,883.5806224,344.1,344.1
2020-01-06,18,628.4962269,429.6,429.6
2020-01-06,180,762.6262363,336.3,336.3
2020-01-06,181,622.6324687,215.1,215.1
2020-01-06,183,456.5414357,317.1,317.1
2020-01-06,184,622.9871228,214.8,214.8
2020-01-06,188,925.7644134,438.9,438.9
2020-01-06,189,1016.530876,321.6,321.6
2020-01-06,19,984.4888485,316.2,316.2
2020-01-06,190,395.5611507,188.7,188.7
2020-01-06,192,992.4765098,302.4,302.4
2020-01-06,193,582.9333889,176.4,176.4
2020-01-06,195,579.4522528,292.8,292.8
2020-01-06,196,713.2502537,181.8,181.8
2020-01-06,197,371.133501,412.5,412.5
2020-01-06,198,737.3697652,288.0,288.0
2020-01-06,20,579.2067359,175.5,175.5
2020-01-06,22,307.2590328,287.4,287.4
2020-01-06,23,595.3546734,179.7,179.7
2020-01-06,25,971.9382196,273.3,273.3
2020-01-06,26,586.1050311,165.9,165.9
2020-01-06,27,698.0625858,388.2,388.2
2020-01-06,28,1013.956668,271.8,271.8
2020-01-06,3,1243.392572,480.6,480.6
2020-01-06,31,682.2673011,282.0,282.0
2020-01-06,33,411.3782645,390.6,390.6
2020-01-06,35,281.8600545,154.5,154.5
2020-01-06,36,661.2844466,362.4,362.4
2020-01-06,38,672.6233063,138.9,138.9
2020-01-06,39,1037.888437,366.3,366.3
2020-01-06,41,417.0215673,128.7,128.7
2020-01-06,42,427.9847557,365.1,365.1
2020-01-06,44,899.9595117,459.3,459.3
2020-01-06,45,813.1661526,345.6,345.6
2020-01-06,46,624.3144226,242.4,242.4
2020-01-06,49,336.5563968,231.9,231.9
2020-01-06,5,1024.552202,211.8,211.8
2020-01-06,51,1116.845354,343.2,343.2
2020-01-06,52,687.2951324,221.1,221.1
2020-01-06,55,494.5854957,202.8,202.8
2020-01-06,57,1035.187147,320.7,320.7
2020-01-06,59,1440.745796,420.6,420.6
2020-01-06,61,598.6005208,191.7,191.7
2020-01-06,63,887.5875116,308.7,308.7
2020-01-06,64,392.5696955,170.7,170.7
2020-01-06,66,993.2395306,304.5,304.5
2020-01-06,68,1603.633311,412.5,412.5
2020-01-06,69,943.9286132,270.3,270.3
2020-01-06,71,1151.384003,393.0,393.0
2020-01-06,72,507.3057162,279.9,279.9
2020-01-06,73,494.4995809,151.8,151.8
2020-01-06,74,825.3786786,389.7,389.7
2020-01-06,75,535.4315071,261.0,261.0
2020-01-06,77,692.7529424,374.4,374.4
2020-01-06,8,466.1397699,215.4,215.4
2020-01-06,80,515.8065319,363.6,363.6
2020-01-06,81,724.7954673,239.4,239.4
2020-01-06,83,1075.816208,361.2,361.2
2020-01-06,84,668.8659693,249.6,249.6
2020-01-06,88,1485.55857,464.7,464.7
2020-01-06,89,1044.607739,335.7,335.7
2020-01-06,90,479.6602815,240.3,240.3
2020-01-06,92,944.5362342,351.9,351.9
2020-01-06,93,492.3684791,210.9,210.9
2020-01-06,95,300.0082471,329.4,329.4
2020-01-06,96,888.0020885,219.6,219.6
2020-01-06,97,378.6080016,430.5,430.5
2020-01-06,98,672.9938429,309.0,309.0
2020-01-07,10,1091.324348,238.2,238.2
2020-01-07,103,609.735309,312.6,312.6
2020-01-07,105,1056.502478,132.6,132.6
2020-01-07,108,424.6195613,140.4,140.4
2020-01-07,11,888.3770065,138.3,138.3
2020-01-07,110,934.1773684,198.3,198.3
2020-01-07,111,805.4683794,128.1,128.1
2020-01-07,115,975.0644069,297.3,297.3
2020-01-07,118,624.7838069,279.3,279.3
2020-01-07,119,275.8682413,207.0,207.0
2020-01-07,120,622.2038817,98.4,98.4
2020-01-07,122,402.5015008,188.4,188.4
2020-01-07,123,283.5934982,111.9,111.9
2020-01-07,125,992.6609393,177.0,177.0
2020-01-07,126,543.4365385,84.3,84.3
2020-01-07,127,336.7507312,250.8,250.8
2020-01-07,128,638.8887162,179.1,179.1
2020-01-07,131,576.3702413,162.6,162.6
2020-01-07,133,587.4107564,239.1,239.1
2020-01-07,135,890.5414835,346.2,346.2
2020-01-07,136,522.3132473,243.0,243.0
2020-01-07,138,1089.450678,338.1,338.1
2020-01-07,139,614.5327076,246.6,246.6
2020-01-07,141,573.6320822,311.1,311.1
2020-01-07,142,462.8160549,234.3,234.3
2020-01-07,144,931.3832892,320.4,320.4
2020-01-07,145,759.9611338,217.2,217.2
2020-01-07,146,378.0944749,138.0,138.0
2020-01-07,149,330.9235724,138.3,138.3
2020-01-07,15,764.058692,313.5,313.5
2020-01-07,151,967.8065691,206.1,206.1
2020-01-07,152,651.3612098,129.9,129.9
2020-01-07,155,415.2190003,117.3,117.3
2020-01-07,157,476.8358736,191.1,191.1
2020-01-07,159,1152.666956,268.8,268.8
2020-01-07,161,238.5505059,98.1,98.1
2020-01-07,163,513.1330349,203.1,203.1
2020-01-07,164,145.4597127,98.1,98.1
2020-01-07,166,741.3872329,181.5,181.5
2020-01-07,168,1133.562121,280.5,280.5
2020-01-07,169,624.3887975,167.1,167.1
2020-01-07,171,385.3939667,272.1,272.1
2020-01-07,172,354.7881739,165.3,165.3
2020-01-07,173,988.4567848,348.3,348.3
2020-01-07,174,651.9017975,240.3,240.3
2020-01-07,175,466.924387,160.2,160.2
2020-01-07,177,513.8755829,255.3,255.3
2020-01-07,18,876.2459211,313.8,313.8
2020-01-07,180,453.6604358,242.1,242.1
2020-01-07,181,514.0877559,156.0,156.0
2020-01-07,183,445.1062754,234.3,234.3
2020-01-07,184,486.6811678,160.5,160.5
2020-01-07,188,1011.123031,303.0,303.0
2020-01-07,189,834.627441,219.3,219.3
2020-01-07,19,457.7946945,215.1,215.1
2020-01-07,190,422.7743916,141.9,141.9
2020-01-07,192,649.7252035,212.1,212.1
2020-01-07,193,365.1688745,117.0,117.0
2020-01-07,195,690.8700492,210.3,210.3
2020-01-07,196,905.4890123,119.1,119.1
2020-01-07,197,949.8940408,305.1,305.1
2020-01-07,198,687.4264379,194.1,194.1
2020-01-07,20,564.5828268,132.0,132.0
2020-01-07,22,279.2084722,204.0,204.0
2020-01-07,23,204.1144915,121.2,121.2
2020-01-07,25,834.4694309,205.8,205.8
2020-01-07,26,519.5926326,127.5,127.5
2020-01-07,27,333.0940275,300.0,300.0
2020-01-07,28,816.5629018,213.6,213.6
2020-01-07,3,820.5262534,325.8,325.8
2020-01-07,31,659.9338522,196.8,196.8
2020-01-07,33,307.0844128,289.8,289.8
2020-01-07,35,245.6408857,105.0,105.0
2020-01-07,36,609.5957249,273.0,273.0
2020-01-07,38,655.1087734,110.1,110.1
2020-01-07,39,821.0829798,270.6,270.6
2020-01-07,41,434.5577417,103.2,103.2
2020-01-07,42,843.21525,254.7,254.7
2020-01-07,44,944.4858317,329.7,329.7
2020-01-07,45,736.0059438,258.3,258.3
2020-01-07,46,464.661657,171.6,171.6
2020-01-07,49,363.1390684,170.4,170.4
2020-01-07,5,838.3161219,157.2,157.2
2020-01-07,51,1058.920031,230.1,230.1
2020-01-07,52,566.3432379,145.5,145.5
2020-01-07,55,498.3989486,158.7,158.7
2020-01-07,57,565.4699401,216.9,216.9
2020-01-07,59,1135.464876,319.2,319.2
2020-01-07,61,422.1306005,140.4,140.4
2020-01-07,63,590.6137214,217.5,217.5
2020-01-07,64,175.5656643,117.3,117.3
2020-01-07,66,693.9862976,223.8,223.8
2020-01-07,68,1614.325322,303.3,303.3
2020-01-07,69,643.6592245,193.2,193.2
2020-01-07,71,651.3092027,288.0,288.0
2020-01-07,72,427.6074793,212.1,212.1
2020-01-07,73,579.085358,110.1,110.1
2020-01-07,74,892.2788116,290.7,290.7
2020-01-07,75,532.7310467,183.3,183.3
2020-01-07,77,497.4064066,283.2,283.2
2020-01-07,8,480.1970319,161.4,161.4
2020-01-07,80,630.1382078,275.4,275.4
2020-01-07,81,580.0667114,188.7,188.7
2020-01-07,83,452.8094519,273.6,273.6
2020-01-07,84,436.2438625,160.8,160.8
2020-01-07,88,1027.558266,354.0,354.0
2020-01-07,89,901.1145554,241.2,241.2
2020-01-07,90,429.1275133,170.4,170.4
2020-01-07,92,674.6375202,237.6,237.6
2020-01-07,93,408.6183784,158.1,158.1
2020-01-07,95,798.4918344,229.5,229.5
2020-01-07,96,893.4283282,159.9,159.9
2020-01-07,97,449.8630317,324.6,324.6
2020-01-07,98,671.9044924,221.1,221.1
2020-01-08,10,835.7364253,89.1,89.1
2020-01-08,103,449.6549762,129.0,129.0
2020-01-08,105,797.7107834,67.2,67.2
2020-01-08,108,280.078262,65.1,65.1
2020-01-08,11,744.4642509,53.1,53.1
2020-01-08,110,944.919176,70.8,70.8
2020-01-08,111,318.3281126,49.2,49.2
2020-01-08,115,484.7734917,109.8,109.8
2020-01-08,118,314.1065649,98.4,98.4
2020-01-08,119,270.2445467,87.6,87.6
2020-01-08,120,459.5973766,29.4,29.4
2020-01-08,122,284.9776045,59.1,59.1
2020-01-08,123,125.243533,43.5,43.5
2020-01-08,125,961.8422102,75.0,75.0
2020-01-08,126,324.8189015,26.4,26.4
2020-01-08,127,236.6424003,117.9,117.9
2020-01-08,128,809.5905109,81.9,81.9
2020-01-08,131,606.3925152,65.7,65.7
2020-01-08,133,141.0747301,90.9,90.9
2020-01-08,135,387.1257411,138.6,138.6
2020-01-08,136,299.4379525,111.0,111.0
2020-01-08,138,662.8656694,115.2,115.2
2020-01-08,139,201.540252,79.5,79.5
2020-01-08,141,412.4817526,111.6,111.6
2020-01-08,142,157.8494875,88.2,88.2
2020-01-08,144,651.6548381,112.8,112.8
2020-01-08,145,405.9611029,102.6,102.6
2020-01-08,146,222.2896724,48.0,48.0
2020-01-08,149,273.6975198,61.8,61.8
2020-01-08,15,500.4593689,113.4,113.4
2020-01-08,151,892.0646633,90.0,90.0
2020-01-08,152,445.608099,45.0,45.0
2020-01-08,155,182.4426188,32.1,32.1
2020-01-08,157,294.2739922,78.3,78.3
2020-01-08,159,981.1917527,116.4,116.4
2020-01-08,161,115.370317,42.9,42.9
2020-01-08,163,367.8942058,68.7,68.7
2020-01-08,164,138.2994068,29.7,29.7
2020-01-08,166,446.4444476,66.6,66.6
2020-01-08,168,1671.041168,92.1,92.1
2020-01-08,169,336.3302667,69.6,69.6
2020-01-08,171,371.7472853,107.7,107.7
2020-01-08,172,250.7301454,71.7,71.7
2020-01-08,173,453.8075574,132.9,132.9
2020-01-08,174,282.5133531,104.7,104.7
2020-01-08,175,301.6805172,72.9,72.9
2020-01-08,177,291.5203029,85.8,85.8
2020-01-08,18,335.1485221,113.1,113.1
2020-01-08,180,333.5164214,99.3,99.3
2020-01-08,181,299.5171895,61.5,61.5
2020-01-08,183,238.2525037,106.2,106.2
2020-01-08,184,224.1917822,66.6,66.6
2020-01-08,188,486.7923979,108.6,108.6
2020-01-08,189,367.8127886,86.4,86.4
2020-01-08,19,287.688238,90.9,90.9
2020-01-08,190,198.7776459,62.7,62.7
2020-01-08,192,401.0096761,87.3,87.3
2020-01-08,193,173.6851373,59.7,59.7
2020-01-08,195,285.8532152,97.8,97.8
2020-01-08,196,882.2013438,58.2,58.2
2020-01-08,197,352.2574249,114.9,114.9
2020-01-08,198,273.3463228,75.6,75.6
2020-01-08,20,260.4067861,55.5,55.5
2020-01-08,22,283.3859986,71.7,71.7
2020-01-08,23,181.6980676,48.9,48.9
2020-01-08,25,361.5640566,95.4,95.4
2020-01-08,26,292.9917965,51.9,51.9
2020-01-08,27,127.3197037,111.9,111.9
2020-01-08,28,663.537014,91.2,91.2
2020-01-08,3,466.2523338,133.2,133.2
2020-01-08,31,570.6773565,80.7,80.7
2020-01-08,33,288.6164311,102.3,102.3
2020-01-08,35,113.2654991,51.9,51.9
2020-01-08,36,283.2244011,93.6,93.6
2020-01-08,38,529.9057719,42.9,42.9
2020-01-08,39,170.0585166,92.1,92.1
2020-01-08,41,154.2794063,50.1,50.1
2020-01-08,42,284.312383,105.3,105.3
2020-01-08,44,816.2467286,147.9,147.9
2020-01-08,45,412.097275,99.9,99.9
2020-01-08,46,355.4249251,55.2,55.2
2020-01-08,49,287.9850929,74.4,74.4
2020-01-08,5,748.8308271,53.4,53.4
2020-01-08,51,620.4357631,90.0,90.0
2020-01-08,52,615.3880601,46.2,46.2
2020-01-08,55,410.0014167,53.1,53.1
2020-01-08,57,334.5084364,83.4,83.4
2020-01-08,59,534.352427,129.6,129.6
2020-01-08,61,124.7091346,54.0,54.0
2020-01-08,63,367.2956444,87.0,87.0
2020-01-08,64,155.9456759,55.2,55.2
2020-01-08,66,832.3199327,89.4,89.4
2020-01-08,68,942.1212211,122.4,122.4
2020-01-08,69,445.1024172,89.4,89.4
2020-01-08,71,380.0359436,104.7,104.7
2020-01-08,72,297.3183441,78.0,78.0
2020-01-08,73,498.0068841,35.4,35.4
2020-01-08,74,283.2570258,111.6,111.6
2020-01-08,75,333.1546957,71.1,71.1
2020-01-08,77,429.9111324,98.1,98.1
2020-01-08,8,318.1826017,55.5,55.5
2020-01-08,80,351.2779686,120.3,120.3
2020-01-08,81,367.9007865,78.3,78.3
2020-01-08,83,193.0830037,95.1,95.1
2020-01-08,84,380.6261601,67.5,67.5
2020-01-08,88,515.9269769,141.3,141.3
2020-01-08,89,890.5917465,85.5,85.5
2020-01-08,90,291.2360292,75.0,75.0
2020-01-08,92,591.5306442,112.2,112.2
2020-01-08,93,288.592005,76.2,76.2
2020-01-08,95,300.8510446,102.6,102.6
2020-01-08,96,409.8986127,49.8,49.8
2020-01-08,97,371.7054863,137.7,137.7
2020-01-08,98,581.6049382,104.7,104.7
2020-01-09,10,588.7916899,0.0,0.0
2020-01-09,103,148.4618293,0.6,0.6
2020-01-09,105,249.0559814,3.0,3.0
2020-01-09,108,101.9160651,7.2,7.2
2020-01-09,11,752.6873502,0.0,0.0
2020-01-09,110,1144.890821,1.8,1.8
2020-01-09,111,163.7688634,0.0,0.0
2020-01-09,115,85.04086405,6.0,6.0
2020-01-09,118,92.07493817,9.6,9.6
2020-01-09,119,176.3501379,14.1,14.1
2020-01-09,120,616.6281226,4.5,4.5
2020-01-09,122,262.862176,7.8,7.8
2020-01-09,123,112.2003427,0.0,0.0
2020-01-09,125,746.4850185,0.0,0.0
2020-01-09,126,170.6657298,0.0,0.0
2020-01-09,127,97.83416427,0.0,0.0
2020-01-09,128,909.0195468,15.3,15.3
2020-01-09,131,663.9288011,0.0,0.0
2020-01-09,133,48.82380416,0.0,0.0
2020-01-09,135,116.7530593,20.4,20.4
2020-01-09,136,218.3257968,18.9,18.9
2020-01-09,138,295.2766699,19.5,19.5
2020-01-09,139,38.70361424,15.9,15.9
2020-01-09,141,75.99909807,14.4,14.4
2020-01-09,142,81.10277472,17.1,17.1
2020-01-09,144,507.3289746,15.6,15.6
2020-01-09,145,253.3998842,17.1,17.1
2020-01-09,146,57.86404836,0.0,0.0
2020-01-09,149,139.6045742,10.2,10.2
2020-01-09,15,143.105767,16.8,16.8
2020-01-09,151,884.2889903,6.9,6.9
2020-01-09,152,109.0111499,3.3,3.3
2020-01-09,155,238.3637172,0.0,0.0
2020-01-09,157,64.17053975,15.3,15.3
2020-01-09,159,749.0813833,14.4,14.4
2020-01-09,161,100.6575127,1.2,1.2
2020-01-09,163,275.7799353,15.0,15.0
2020-01-09,164,56.08137,3.6,3.6
2020-01-09,166,109.5604451,11.1,11.1
2020-01-09,168,1125.15508,19.2,19.2
2020-01-09,169,6.499926796,0.0,0.0
2020-01-09,171,93.43761447,16.2,16.2
2020-01-09,172,266.0612867,10.5,10.5
2020-01-09,173,92.41177825,11.7,11.7
2020-01-09,174,256.9319819,0.0,0.0
2020-01-09,175,137.6364959,12.0,12.0
2020-01-09,177,11.3237602,0.0,0.0
2020-01-09,18,153.6640955,14.7,14.7
2020-01-09,180,330.1503283,11.4,11.4
2020-01-09,181,92.28101768,2.4,2.4
2020-01-09,183,92.84589176,3.3,3.3
2020-01-09,184,169.5478391,0.0,0.0
2020-01-09,188,510.5301097,9.0,9.0
2020-01-09,189,344.3424261,18.3,18.3
2020-01-09,19,111.2028942,0.0,0.0
2020-01-09,190,207.1747174,3.0,3.0
2020-01-09,192,60.10809591,0.0,0.0
2020-01-09,193,291.6737847,6.9,6.9
2020-01-09,195,249.0448751,2.1,2.1
2020-01-09,196,240.6043866,2.1,2.1
2020-01-09,197,357.1339979,16.5,16.5
2020-01-09,198,305.49784,5.4,5.4
2020-01-09,20,608.3011225,0.0,0.0
2020-01-09,22,215.1148241,5.4,5.4
2020-01-09,23,135.1782869,12.3,12.3
2020-01-09,25,967.8933394,17.1,17.1
2020-01-09,26,76.87837077,0.0,0.0
2020-01-09,27,69.51560979,2.7,2.7
2020-01-09,28,228.0682999,5.1,5.1
2020-01-09,3,283.7731844,0.0,0.0
2020-01-09,31,172.8391552,0.0,0.0
2020-01-09,33,10.46137718,0.0,0.0
2020-01-09,35,84.58336027,7.2,7.2
2020-01-09,36,209.0785298,0.0,0.0
2020-01-09,38,746.9618927,15.9,15.9
2020-01-09,39,32.05567737,3.0,3.0
2020-01-09,41,385.702377,0.6,0.6
2020-01-09,42,59.32559784,18.0,18.0
2020-01-09,44,292.8512009,0.0,0.0
2020-01-09,45,307.4189973,12.0,12.0
2020-01-09,46,163.9354279,9.0,9.0
2020-01-09,49,209.4839677,0.0,0.0
2020-01-09,5,287.9520189,16.2,16.2
2020-01-09,51,92.58621723,6.0,6.0
2020-01-09,52,101.5546903,6.6,6.6
2020-01-09,55,416.1854495,11.7,11.7
2020-01-09,57,156.2356139,0.0,0.0
2020-01-09,59,773.9063126,3.0,3.0
2020-01-09,61,7.723801105,0.0,0.0
2020-01-09,63,361.6136114,18.0,18.0
2020-01-09,64,72.17505436,0.0,0.0
2020-01-09,66,799.2765461,6.9,6.9
2020-01-09,68,460.7600739,18.3,18.3
2020-01-09,69,62.41379399,14.1,14.1
2020-01-09,71,111.6437573,16.5,16.5
2020-01-09,72,289.1639196,0.0,0.0
2020-01-09,73,277.8548099,1.5,1.5
2020-01-09,74,129.0001153,6.3,6.3
2020-01-09,75,242.0695716,0.0,0.0
2020-01-09,77,211.6993595,11.7,11.7
2020-01-09,8,273.3156922,2.1,2.1
2020-01-09,80,43.68160392,0.0,0.0
2020-01-09,81,273.1335045,0.0,0.0
2020-01-09,83,43.67205483,16.2,16.2
2020-01-09,84,341.7126973,6.0,6.0
2020-01-09,88,54.64166662,3.3,3.3
2020-01-09,89,546.4901819,0.0,0.0
2020-01-09,90,294.9480923,8.7,8.7
2020-01-09,92,351.931742,0.0,0.0
2020-01-09,93,72.95921482,15.3,15.3
2020-01-09,95,251.5052025,5.4,5.4
2020-01-09,96,556.9442983,0.0,0.0
2020-01-09,97,112.5466607,20.4,20.4
2020-01-09,98,539.793544,11.4,11.4
2020-01-10,10,1228.881228,24.9,24.9
2020-01-10,103,427.4784554,49.5,49.5
2020-01-10,105,432.6792692,9.0,9.0
2020-01-10,108,280.6637481,7.5,7.5
2020-01-10,11,184.0622935,30.6,30.6
2020-01-10,110,261.1103796,34.2,34.2
2020-01-10,111,73.27166012,18.9,18.9
2020-01-10,115,284.0213486,38.4,38.4
2020-01-10,118,187.9014283,53.1,53.1
2020-01-10,119,202.4475974,15.9,15.9
2020-01-10,120,565.360844,29.1,29.1
2020-01-10,122,243.3488041,31.2,31.2
2020-01-10,123,119.861795,12.6,12.6
2020-01-10,125,786.4287497,15.3,15.3
2020-01-10,126,219.5907152,8.1,8.1
2020-01-10,127,127.4172191,30.0,30.0
2020-01-10,128,283.4066195,27.6,27.6
2020-01-10,131,415.9899761,20.1,20.1
2020-01-10,133,92.53339862,48.6,48.6
2020-01-10,135,153.2342152,36.6,36.6
2020-01-10,136,239.1356877,25.8,25.8
2020-01-10,138,406.6800685,44.7,44.7
2020-01-10,139,128.0439731,29.1,29.1
2020-01-10,141,303.8737475,34.2,34.2
2020-01-10,142,111.9432384,41.7,41.7
2020-01-10,144,523.9203113,38.4,38.4
2020-01-10,145,409.1336373,30.6,30.6
2020-01-10,146,280.0278023,29.1,29.1
2020-01-10,149,87.41245661,26.1,26.1
2020-01-10,15,452.7722209,42.9,42.9
2020-01-10,151,405.1507269,17.7,17.7
2020-01-10,152,576.6220427,26.4,26.4
2020-01-10,155,459.8101914,28.2,28.2
2020-01-10,157,113.3609757,28.2,28.2
2020-01-10,159,267.8483446,50.4,50.4
2020-01-10,161,89.2815694,2.7,2.7
2020-01-10,163,183.6700823,42.9,42.9
2020-01-10,164,61.91395799,3.6,3.6
2020-01-10,166,347.1566632,34.8,34.8
2020-01-10,168,1008.979608,33.0,33.0
2020-01-10,169,401.0215013,14.7,14.7
2020-01-10,171,363.5967535,45.9,45.9
2020-01-10,172,213.3926033,28.8,28.8
2020-01-10,173,540.8612843,61.8,61.8
2020-01-10,174,184.4881029,30.3,30.3
2020-01-10,175,154.8796369,18.6,18.6
2020-01-10,177,291.4367261,31.5,31.5
2020-01-10,18,266.9452651,42.6,42.6
2020-01-10,180,358.9570416,39.9,39.9
2020-01-10,181,133.7524878,14.4,14.4
2020-01-10,183,154.118192,28.2,28.2
2020-01-10,184,325.1557598,14.4,14.4
2020-01-10,188,810.7444954,50.1,50.1
2020-01-10,189,647.2549451,29.7,29.7
2020-01-10,19,200.2643558,34.2,34.2
2020-01-10,190,285.204647,31.5,31.5
2020-01-10,192,584.7498413,19.5,19.5
2020-01-10,193,154.0152311,24.3,24.3
2020-01-10,195,278.304006,39.3,39.3
2020-01-10,196,788.1508383,17.4,17.4
2020-01-10,197,315.0303523,51.3,51.3
2020-01-10,198,185.5165068,29.1,29.1
2020-01-10,20,395.3945539,24.3,24.3
2020-01-10,22,187.6222283,35.4,35.4
2020-01-10,23,85.75372473,24.3,24.3
2020-01-10,25,137.7060742,46.8,46.8
2020-01-10,26,475.6328432,17.1,17.1
2020-01-10,27,160.4024136,51.6,51.6
2020-01-10,28,188.2314576,36.6,36.6
2020-01-10,3,240.3889441,39.0,39.0
2020-01-10,31,262.9507611,18.3,18.3
2020-01-10,33,123.2339461,41.4,41.4
2020-01-10,35,86.1463396,6.6,6.6
2020-01-10,36,251.7365163,44.4,44.4
2020-01-10,38,115.6396321,3.6,3.6
2020-01-10,39,108.6531093,47.7,47.7
2020-01-10,41,411.2141749,24.3,24.3
2020-01-10,42,114.5501064,43.2,43.2
2020-01-10,44,254.6492808,53.7,53.7
2020-01-10,45,194.0256037,41.4,41.4
2020-01-10,46,138.1495518,12.0,12.0
2020-01-10,49,167.9514222,13.8,13.8
2020-01-10,5,1011.532856,24.9,24.9
2020-01-10,51,380.9240734,27.6,27.6
2020-01-10,52,364.6872803,11.4,11.4
2020-01-10,55,185.1832204,8.7,8.7
2020-01-10,57,286.7569243,27.3,27.3
2020-01-10,59,1038.307314,58.8,58.8
2020-01-10,61,97.53376152,34.8,34.8
2020-01-10,63,365.0219713,43.8,43.8
2020-01-10,64,107.6308341,31.8,31.8
2020-01-10,66,401.2039771,17.7,17.7
2020-01-10,68,1220.821798,54.3,54.3
2020-01-10,69,267.028154,29.1,29.1
2020-01-10,71,360.8573717,48.6,48.6
2020-01-10,72,172.1936426,15.9,15.9
2020-01-10,73,316.2629668,21.9,21.9
2020-01-10,74,273.715269,46.8,46.8
2020-01-10,75,132.3969854,30.9,30.9
2020-01-10,77,233.5751458,29.1,29.1
2020-01-10,8,211.6673554,18.3,18.3
2020-01-10,80,176.017218,39.3,39.3
2020-01-10,81,324.342837,40.5,40.5
2020-01-10,83,126.1902215,42.6,42.6
2020-01-10,84,374.4500714,31.5,31.5
2020-01-10,88,342.2689219,48.6,48.6
2020-01-10,89,659.0720055,36.3,36.3
2020-01-10,90,196.1428398,12.3,12.3
2020-01-10,92,350.593252,48.0,48.0
2020-01-10,93,270.5465444,20.4,20.4
2020-01-10,95,146.7848676,50.4,50.4
2020-01-10,96,178.867041,20.1,20.1
2020-01-10,97,338.9608076,60.9,60.9
2020-01-10,98,611.7740182,36.3,36.3
2020-01-11,10,1235.7501,178.2,178.2
2020-01-11,103,622.8231033,225.0,225.0
2020-01-11,105,1068.860901,81.6,81.6
2020-01-11,108,327.4058247,98.1,98.1
2020-01-11,11,813.0916339,118.8,118.8
2020-01-11,110,1131.723497,161.1,161.1
2020-01-11,111,429.4428781,98.1,98.1
2020-01-11,115,640.0328019,189.0,189.0
2020-01-11,118,653.469953,190.5,190.5
2020-01-11,119,360.2349472,120.9,120.9
2020-01-11,120,267.7098978,61.2,61.2
2020-01-11,122,441.1788364,132.6,132.6
2020-01-11,123,196.0148973,67.2,67.2
2020-01-11,125,485.7063231,117.9,117.9
2020-01-11,126,254.5046567,49.2,49.2
2020-01-11,127,255.3978126,168.6,168.6
2020-01-11,128,779.3659598,130.8,130.8
2020-01-11,131,583.6759676,122.4,122.4
2020-01-11,133,468.8727168,185.4,185.4
2020-01-11,135,248.2160414,228.3,228.3
2020-01-11,136,468.0878034,184.5,184.5
2020-01-11,138,763.4034396,236.4,236.4
2020-01-11,139,478.6393156,151.2,151.2
2020-01-11,141,683.5986903,234.3,234.3
2020-01-11,142,308.3859612,152.4,152.4
2020-01-11,144,776.0252948,227.1,227.1
2020-01-11,145,539.7969294,164.1,164.1
2020-01-11,146,364.5495508,85.2,85.2
2020-01-11,149,330.5087942,105.6,105.6
2020-01-11,15,623.3309367,228.3,228.3
2020-01-11,151,725.9397358,144.6,144.6
2020-01-11,152,295.9289186,86.4,86.4
2020-01-11,155,317.0944327,80.4,80.4
2020-01-11,157,378.3185995,141.9,141.9
2020-01-11,159,794.4575347,187.8,187.8
2020-01-11,161,124.824285,82.8,82.8
2020-01-11,163,465.3193966,141.9,141.9
2020-01-11,164,149.9239963,85.8,85.8
2020-01-11,166,578.2782174,117.6,117.6
2020-01-11,168,1132.005108,177.0,177.0
2020-01-11,169,506.2555414,129.3,129.3
2020-01-11,171,472.9623162,182.1,182.1
2020-01-11,172,388.0195463,129.9,129.9
2020-01-11,173,669.0274473,248.7,248.7
2020-01-11,174,560.7506571,164.1,164.1
2020-01-11,175,379.2441172,114.0,114.0
2020-01-11,177,506.2609118,166.2,166.2
2020-01-11,18,333.2067189,219.0,219.0
2020-01-11,180,433.0581865,156.6,156.6
2020-01-11,181,407.0780654,100.5,100.5
2020-01-11,183,465.7888935,149.4,149.4
2020-01-11,184,387.1604838,114.9,114.9
2020-01-11,188,754.5446231,224.1,224.1
2020-01-11,189,875.3811219,142.2,142.2
2020-01-11,19,470.1979226,141.9,141.9
2020-01-11,190,317.6492695,102.6,102.6
2020-01-11,192,549.8338898,155.4,155.4
2020-01-11,193,296.8152422,95.7,95.7
2020-01-11,195,330.8217595,137.1,137.1
2020-01-11,196,412.107261,97.2,97.2
2020-01-11,197,531.4505838,208.8,208.8
2020-01-11,198,446.5854016,153.0,153.0
2020-01-11,20,542.0578278,81.3,81.3
2020-01-11,22,325.1888284,142.5,142.5
2020-01-11,23,253.5778652,84.9,84.9
2020-01-11,25,657.0568665,130.5,130.5
2020-01-11,26,274.3864798,74.4,74.4
2020-01-11,27,288.2233145,200.7,200.7
2020-01-11,28,987.7317368,145.2,145.2
2020-01-11,3,503.0025632,243.9,243.9
2020-01-11,31,600.7276056,144.3,144.3
2020-01-11,33,275.6773696,207.6,207.6
2020-01-11,35,120.1200088,67.2,67.2
2020-01-11,36,589.7810158,191.1,191.1
2020-01-11,38,288.6333161,66.0,66.0
2020-01-11,39,379.859491,194.1,194.1
2020-01-11,41,231.7772982,55.2,55.2
2020-01-11,42,451.3761449,182.1,182.1
2020-01-11,44,886.7871638,246.0,246.0
2020-01-11,45,589.5613706,162.3,162.3
2020-01-11,46,387.2551851,102.0,102.0
2020-01-11,49,347.2789101,103.5,103.5
2020-01-11,5,1028.301088,113.7,113.7
2020-01-11,51,724.4175548,169.5,169.5
2020-01-11,52,582.5126057,106.5,106.5
2020-01-11,55,436.3353871,95.7,95.7
2020-01-11,57,458.585948,160.8,160.8
2020-01-11,59,768.0126569,230.4,230.4
2020-01-11,61,324.7422224,83.7,83.7
2020-01-11,63,508.9150922,161.7,161.7
2020-01-11,64,200.2714546,88.2,88.2
2020-01-11,66,670.0920528,140.4,140.4
2020-01-11,68,1760.721544,192.9,192.9
2020-01-11,69,569.5901635,142.8,142.8
2020-01-11,71,597.6442181,214.5,214.5
2020-01-11,72,321.5107827,126.3,126.3
2020-01-11,73,316.4734632,78.6,78.6
2020-01-11,74,490.683322,196.8,196.8
2020-01-11,75,470.0236179,120.3,120.3
2020-01-11,77,547.7818098,198.3,198.3
2020-01-11,8,359.6555127,105.3,105.3
2020-01-11,80,385.6201734,193.2,193.2
2020-01-11,81,383.3584988,121.2,121.2
2020-01-11,83,425.6643463,188.1,188.1
2020-01-11,84,404.130184,125.7,125.7
2020-01-11,88,785.2663952,244.8,244.8
2020-01-11,89,666.1379992,175.2,175.2
2020-01-11,90,327.5844818,109.2,109.2
2020-01-11,92,620.0735893,158.4,158.4
2020-01-11,93,378.5321345,97.5,97.5
2020-01-11,95,364.6788361,179.1,179.1
2020-01-11,96,420.5576719,112.8,112.8
2020-01-11,97,518.8564768,210.9,210.9
2020-01-11,98,593.7327405,154.5,154.5
2020-01-12,10,1225.769422,309.3,309.3
2020-01-12,103,998.1194103,383.7,383.7
2020-01-12,105,1039.054966,181.2,181.2
2020-01-12,108,518.9226014,171.6,171.6
2020-01-12,11,725.7002131,174.0,174.0
2020-01-12,110,1136.089899,261.3,261.3
2020-01-12,111,814.0995195,150.9,150.9
2020-01-12,115,1130.854674,357.9,357.9
2020-01-12,118,311.5201887,335.4,335.4
2020-01-12,119,271.9585364,234.9,234.9
2020-01-12,120,610.3193777,114.3,114.3
2020-01-12,122,534.5787779,240.9,240.9
2020-01-12,123,212.5675217,109.8,109.8
2020-01-12,125,854.9682451,226.8,226.8
2020-01-12,126,511.1827046,121.8,121.8
2020-01-12,127,141.0079659,336.9,336.9
2020-01-12,128,813.0353814,202.2,202.2
2020-01-12,131,656.9373327,219.0,219.0
2020-01-12,133,356.3087678,319.2,319.2
2020-01-12,135,697.1425117,406.8,406.8
2020-01-12,136,698.5172888,310.5,310.5
2020-01-12,138,896.9571369,405.0,405.0
2020-01-12,139,498.1970982,295.5,295.5
2020-01-12,141,1093.293507,405.0,405.0
2020-01-12,142,770.6990311,273.9,273.9
2020-01-12,144,1019.234002,389.1,389.1
2020-01-12,145,589.3031996,281.4,281.4
2020-01-12,146,463.433144,178.8,178.8
2020-01-12,149,518.8140659,161.4,161.4
2020-01-12,15,1039.938685,387.0,387.0
2020-01-12,151,1045.853358,266.4,266.4
2020-01-12,152,595.7886993,152.1,152.1
2020-01-12,155,484.584694,144.9,144.9
2020-01-12,157,706.703985,258.6,258.6
2020-01-12,159,1180.463681,345.0,345.0
2020-01-12,161,229.5553006,148.2,148.2
2020-01-12,163,659.2727246,250.5,250.5
2020-01-12,164,283.4411471,132.0,132.0
2020-01-12,166,723.8202569,215.1,215.1
2020-01-12,168,1343.587152,327.3,327.3
2020-01-12,169,619.2843179,234.9,234.9
2020-01-12,171,432.3366152,324.0,324.0
2020-01-12,172,369.8929126,214.5,214.5
2020-01-12,173,860.8775128,422.1,422.1
2020-01-12,174,1007.253946,321.3,321.3
2020-01-12,175,558.0742186,207.0,207.0
2020-01-12,177,944.9106853,317.7,317.7
2020-01-12,18,1312.313334,393.6,393.6
2020-01-12,180,847.9368802,297.0,297.0
2020-01-12,181,445.9625549,180.3,180.3
2020-01-12,183,411.2683952,285.6,285.6
2020-01-12,184,435.8602842,180.6,180.6
2020-01-12,188,1035.210517,381.0,381.0
2020-01-12,189,921.7304795,273.3,273.3
2020-01-12,19,777.5452701,275.4,275.4
2020-01-12,190,373.3923619,176.1,176.1
2020-01-12,192,815.9039831,260.1,260.1
2020-01-12,193,526.3645923,147.9,147.9
2020-01-12,195,360.568542,266.7,266.7
2020-01-12,196,901.5890313,156.6,156.6
2020-01-12,197,592.5847409,358.8,358.8
2020-01-12,198,755.90662,261.9,261.9
2020-01-12,20,595.3751088,160.8,160.8
2020-01-12,22,570.0222358,267.0,267.0
2020-01-12,23,527.1750179,162.9,162.9
2020-01-12,25,949.5405395,244.5,244.5
2020-01-12,26,575.1892402,144.3,144.3
2020-01-12,27,779.5528977,368.7,368.7
2020-01-12,28,989.308148,261.0,261.0
2020-01-12,3,718.7676685,417.9,417.9
2020-01-12,31,694.538582,240.0,240.0
2020-01-12,33,897.0242599,349.2,349.2
2020-01-12,35,159.5500969,121.8,121.8
2020-01-12,36,866.2588239,334.5,334.5
2020-01-12,38,728.7398363,111.3,111.3
2020-01-12,39,178.6745426,339.0,339.0
2020-01-12,41,366.3647575,114.3,114.3
2020-01-12,42,1003.0351,329.7,329.7
2020-01-12,44,1023.741663,434.4,434.4
2020-01-12,45,711.3123131,308.1,308.1
2020-01-12,46,496.4007753,192.9,192.9
2020-01-12,49,476.3609713,197.4,197.4
2020-01-12,5,874.4153477,186.9,186.9
2020-01-12,51,1142.553554,287.1,287.1
2020-01-12,52,637.461136,198.3,198.3
2020-01-12,55,466.0241394,184.5,184.5
2020-01-12,57,609.4910946,280.2,280.2
2020-01-12,59,1225.629989,394.5,394.5
2020-01-12,61,310.7410866,183.0,183.0
2020-01-12,63,801.0734415,266.7,266.7
2020-01-12,64,319.6719509,159.3,159.3
2020-01-12,66,850.5890546,277.2,277.2
2020-01-12,68,1843.95062,380.7,380.7
2020-01-12,69,779.1018994,249.9,249.9
2020-01-12,71,482.6028836,368.7,368.7
2020-01-12,72,557.0654138,256.2,256.2
2020-01-12,73,543.8919409,151.8,151.8
2020-01-12,74,822.4960168,339.0,339.0
2020-01-12,75,790.3985093,255.3,255.3
2020-01-12,77,587.8854975,339.9,339.9
2020-01-12,8,537.1915344,180.0,180.0
2020-01-12,80,945.3932308,335.4,335.4
2020-01-12,81,505.5587597,239.7,239.7
2020-01-12,83,158.0803176,326.7,326.7
2020-01-12,84,443.3070889,213.9,213.9
2020-01-12,88,1390.87888,413.4,413.4
2020-01-12,89,882.5893315,315.9,315.9
2020-01-12,90,478.5084565,203.1,203.1
2020-01-12,92,825.0230652,292.8,292.8
2020-01-12,93,379.2715741,206.1,206.1
2020-01-12,95,556.1458533,312.3,312.3
2020-01-12,96,796.2580229,197.1,197.1
2020-01-12,97,580.0527444,398.1,398.1
2020-01-12,98,828.7405475,278.4,278.4
2020-01-13,10,1136.793246,328.2,328.2
2020-01-13,103,787.9700977,412.8,412.8
2020-01-13,105,1089.346494,171.3,171.3
2020-01-13,108,534.1829194,165.6,165.6
2020-01-13,11,786.782747,199.8,199.8
2020-01-13,110,1072.723976,283.5,283.5
2020-01-13,111,641.4494964,161.7,161.7
2020-01-13,115,938.3342668,384.6,384.6
2020-01-13,118,937.0063238,391.5,391.5
2020-01-13,119,813.8599735,259.5,259.5
2020-01-13,120,537.2470921,135.3,135.3
2020-01-13,122,539.2641627,248.7,248.7
2020-01-13,123,210.388634,128.7,128.7
2020-01-13,125,972.3370832,234.9,234.9
2020-01-13,126,448.9223068,135.0,135.0
2020-01-13,127,626.8822727,350.1,350.1
2020-01-13,128,792.6815672,246.9,246.9
2020-01-13,131,669.4987525,225.9,225.9
2020-01-13,133,477.9273631,346.8,346.8
2020-01-13,135,1088.876687,470.4,470.4
2020-01-13,136,681.2281681,330.6,330.6
2020-01-13,138,1111.128891,450.0,450.0
2020-01-13,139,611.2731217,333.9,333.9
2020-01-13,141,497.4250383,444.9,444.9
2020-01-13,142,127.4065221,319.2,319.2
2020-01-13,144,1093.538279,421.2,421.2
2020-01-13,145,660.5998723,312.3,312.3
2020-01-13,146,384.4457687,185.4,185.4
2020-01-13,149,441.8508172,195.0,195.0
2020-01-13,15,992.3337578,445.5,445.5
2020-01-13,151,1030.526824,282.3,282.3
2020-01-13,152,601.5926428,161.1,161.1
2020-01-13,155,501.525826,150.6,150.6
2020-01-13,157,707.5273248,282.0,282.0
2020-01-13,159,1271.909833,382.8,382.8
2020-01-13,161,333.1925128,149.7,149.7
2020-01-13,163,769.256167,249.0,249.0
2020-01-13,164,216.085818,144.3,144.3
2020-01-13,166,852.1853456,253.8,253.8
2020-01-13,168,1315.26676,378.9,378.9
2020-01-13,169,777.7626011,242.1,242.1
2020-01-13,171,415.7982762,366.3,366.3
2020-01-13,172,551.7853334,246.9,246.9
2020-01-13,173,1204.469394,462.3,462.3
2020-01-13,174,516.2770828,355.8,355.8
2020-01-13,175,546.2301306,232.5,232.5
2020-01-13,177,960.4846711,347.1,347.1
2020-01-13,18,506.5704952,437.1,437.1
2020-01-13,180,989.884243,322.2,322.2
2020-01-13,181,621.4689139,201.6,201.6
2020-01-13,183,473.0035485,335.4,335.4
2020-01-13,184,598.1188632,204.0,204.0
2020-01-13,188,1300.394973,426.3,426.3
2020-01-13,189,987.7794301,302.7,302.7
2020-01-13,19,794.5207069,309.6,309.6
2020-01-13,190,483.2645524,186.6,186.6
2020-01-13,192,876.4270059,288.3,288.3
2020-01-13,193,427.1952417,186.6,186.6
2020-01-13,195,454.8268993,289.2,289.2
2020-01-13,196,723.6111451,176.1,176.1
2020-01-13,197,339.080764,392.4,392.4
2020-01-13,198,652.7308715,297.0,297.0
2020-01-13,20,602.0486636,191.1,191.1
2020-01-13,22,849.6397162,299.4,299.4
2020-01-13,23,507.7875541,179.4,179.4
2020-01-13,25,992.3740084,289.2,289.2
2020-01-13,26,516.4509961,153.6,153.6
2020-01-13,27,1113.584793,412.8,412.8
2020-01-13,28,1005.08777,264.3,264.3
2020-01-13,3,959.4331,476.4,476.4
2020-01-13,31,738.8824303,273.9,273.9
2020-01-13,33,935.772456,377.4,377.4
2020-01-13,35,323.9369951,153.3,153.3
2020-01-13,36,818.4303905,367.8,367.8
2020-01-13,38,730.4321942,138.6,138.6
2020-01-13,39,205.0677578,369.6,369.6
2020-01-13,41,440.9816529,137.1,137.1
2020-01-13,42,1091.274439,370.5,370.5
2020-01-13,44,1454.006366,481.5,481.5
2020-01-13,45,1060.02466,344.4,344.4
2020-01-13,46,682.3697609,225.3,225.3
2020-01-13,49,566.4838083,227.1,227.1
2020-01-13,5,786.0421784,233.7,233.7
2020-01-13,51,1110.797339,339.3,339.3
2020-01-13,52,670.7534925,225.6,225.6
2020-01-13,55,596.418404,190.5,190.5
2020-01-13,57,382.9276837,312.0,312.0
2020-01-13,59,1346.760788,440.4,440.4
2020-01-13,61,412.8722095,201.6,201.6
2020-01-13,63,994.7310394,301.8,301.8
2020-01-13,64,371.6094567,178.2,178.2
2020-01-13,66,990.7962006,291.9,291.9
2020-01-13,68,1571.200838,391.5,391.5
2020-01-13,69,877.6588338,287.4,287.4
2020-01-13,71,1311.847931,405.6,405.6
2020-01-13,72,592.9779031,278.7,278.7
2020-01-13,73,575.996723,153.0,153.0
2020-01-13,74,325.263694,376.2,376.2
2020-01-13,75,619.2542256,278.7,278.7
2020-01-13,77,1271.226186,376.8,376.8
2020-01-13,8,581.9973512,218.7,218.7
2020-01-13,80,469.6623916,357.3,357.3
2020-01-13,81,456.7005113,248.7,248.7
2020-01-13,83,726.5035313,372.9,372.9
2020-01-13,84,576.9836287,228.6,228.6
2020-01-13,88,1002.200155,469.8,469.8
2020-01-13,89,912.8481283,340.8,340.8
2020-01-13,90,466.6561746,217.2,217.2
2020-01-13,92,1087.109045,342.3,342.3
2020-01-13,93,662.4517679,205.8,205.8
2020-01-13,95,291.2721593,332.1,332.1
2020-01-13,96,986.3582184,202.2,202.2
2020-01-13,97,563.3891241,454.5,454.5
2020-01-13,98,733.0492437,316.5,316.5
2020-01-14,10,1223.408667,239.1,239.1
2020-01-14,103,506.4783481,310.2,310.2
2020-01-14,105,511.5340414,132.6,132.6
2020-01-14,108,396.0967138,138.0,138.0
2020-01-14,11,810.1286721,156.9,156.9
2020-01-14,110,1158.859369,206.1,206.1
2020-01-14,111,877.2772979,115.2,115.2
2020-01-14,115,732.1838476,287.7,287.7
2020-01-14,118,343.7204893,272.1,272.1
2020-01-14,119,542.0404747,187.2,187.2
2020-01-14,120,399.8555785,108.0,108.0
2020-01-14,122,517.6743453,185.7,185.7
2020-01-14,123,199.8426114,87.6,87.6
2020-01-14,125,596.0481945,183.6,183.6
2020-01-14,126,379.5934422,96.9,96.9
2020-01-14,127,815.5671677,260.7,260.7
2020-01-14,128,1041.72375,174.0,174.0
2020-01-14,131,626.5843533,155.1,155.1
2020-01-14,133,692.7716871,251.1,251.1
2020-01-14,135,623.3009758,333.0,333.0
2020-01-14,136,611.8639402,240.0,240.0
2020-01-14,138,961.5196371,311.7,311.7
2020-01-14,139,329.4531036,238.8,238.8
2020-01-14,141,882.8930196,306.9,306.9
2020-01-14,142,735.8513667,220.5,220.5
2020-01-14,144,954.3465496,327.9,327.9
2020-01-14,145,559.9206077,213.0,213.0
2020-01-14,146,418.9449176,130.5,130.5
2020-01-14,149,352.0325888,146.4,146.4
2020-01-14,15,711.1922815,319.5,319.5
2020-01-14,151,927.045429,213.0,213.0
2020-01-14,152,436.4745172,121.2,121.2
2020-01-14,155,409.2905841,122.1,122.1
2020-01-14,157,361.3137843,187.8,187.8
2020-01-14,159,1085.982795,273.9,273.9
2020-01-14,161,301.4567729,120.0,120.0
2020-01-14,163,597.6653102,203.4,203.4
2020-01-14,164,280.5256383,87.6,87.6
2020-01-14,166,780.1653631,185.1,185.1
2020-01-14,168,931.1768492,278.4,278.4
2020-01-14,169,601.6875664,184.8,184.8
2020-01-14,171,527.0334511,264.6,264.6
2020-01-14,172,522.0800319,157.5,157.5
2020-01-14,173,959.6821966,330.6,330.6
2020-01-14,174,641.1078061,263.7,263.7
2020-01-14,175,436.7226685,156.6,156.6
2020-01-14,177,559.6021592,251.1,251.1
2020-01-14,18,917.1968785,314.1,314.1
2020-01-14,180,627.6550767,244.5,244.5
2020-01-14,181,417.1653374,159.9,159.9
2020-01-14,183,366.1862068,248.1,248.1
2020-01-14,184,416.583559,146.7,146.7
2020-01-14,188,931.3216798,299.7,299.7
2020-01-14,189,795.6410157,223.2,223.2
2020-01-14,19,542.8376972,230.1,230.1
2020-01-14,190,396.763255,129.6,129.6
2020-01-14,192,641.6431596,224.7,224.7
2020-01-14,193,443.0125332,138.6,138.6
2020-01-14,195,535.1294576,216.0,216.0
2020-01-14,196,698.7820943,136.8,136.8
2020-01-14,197,565.4187992,308.1,308.1
2020-01-14,198,641.6456994,211.5,211.5
2020-01-14,20,483.9404204,134.4,134.4
2020-01-14,22,634.8163963,204.0,204.0
2020-01-14,23,322.7940463,119.1,119.1
2020-01-14,25,781.6295804,194.1,194.1
2020-01-14,26,433.4019317,116.7,116.7
2020-01-14,27,506.6665497,285.9,285.9
2020-01-14,28,777.4442584,212.7,212.7
2020-01-14,3,772.2245172,351.0,351.0
2020-01-14,31,658.8508433,192.3,192.3
2020-01-14,33,527.3254025,271.8,271.8
2020-01-14,35,128.6926034,101.7,101.7
2020-01-14,36,843.6453357,282.6,282.6
2020-01-14,38,370.9271413,82.8,82.8
2020-01-14,39,515.5734181,252.3,252.3
2020-01-14,41,377.792657,84.3,84.3
2020-01-14,42,714.6489335,248.7,248.7
2020-01-14,44,983.5266273,339.6,339.6
2020-01-14,45,750.4101569,251.7,251.7
2020-01-14,46,486.1964047,161.7,161.7
2020-01-14,49,383.4003091,150.0,150.0
2020-01-14,5,560.1511687,165.9,165.9
2020-01-14,51,1164.044322,236.7,236.7
2020-01-14,52,542.114431,159.0,159.0
2020-01-14,55,440.9267175,149.7,149.7
2020-01-14,57,456.1744356,244.8,244.8
2020-01-14,59,1173.854098,302.4,302.4
2020-01-14,61,174.8961033,141.3,141.3
2020-01-14,63,682.9024491,206.4,206.4
2020-01-14,64,343.2406593,117.3,117.3
2020-01-14,66,818.9706012,218.7,218.7
2020-01-14,68,1798.675675,283.5,283.5
2020-01-14,69,673.0231338,204.0,204.0
2020-01-14,71,417.2343931,301.2,301.2
2020-01-14,72,353.8662643,185.4,185.4
2020-01-14,73,499.9244895,114.9,114.9
2020-01-14,74,581.5960864,285.0,285.0
2020-01-14,75,435.2195587,179.7,179.7
2020-01-14,77,488.7357893,286.2,286.2
2020-01-14,8,381.3946542,148.8,148.8
2020-01-14,80,780.3537088,262.5,262.5
2020-01-14,81,421.4162117,184.5,184.5
2020-01-14,83,596.6275388,258.9,258.9
2020-01-14,84,596.1688251,182.7,182.7
2020-01-14,88,1068.719069,343.5,343.5
2020-01-14,89,866.934448,262.8,262.8
2020-01-14,90,418.9203965,155.1,155.1
2020-01-14,92,814.2838017,236.7,236.7
2020-01-14,93,363.2942584,147.3,147.3
2020-01-14,95,759.2197349,231.9,231.9
2020-01-14,96,843.8008427,140.7,140.7
2020-01-14,97,951.376298,336.3,336.3
2020-01-14,98,784.1852385,235.8,235.8
2020-01-15,10,845.9240071,80.4,80.4
2020-01-15,103,418.5335677,136.8,136.8
2020-01-15,105,192.6953352,63.9,63.9
2020-01-15,108,359.059157,57.9,57.9
2020-01-15,11,289.5938514,72.3,72.3
2020-01-15,110,1079.96269,93.6,93.6
2020-01-15,111,326.8803531,62.4,62.4
2020-01-15,115,375.2090455,103.2,103.2
2020-01-15,118,387.3421647,105.6,105.6
2020-01-15,119,260.8495501,80.7,80.7
2020-01-15,120,585.9917327,36.0,36.0
2020-01-15,122,257.5630113,75.3,75.3
2020-01-15,123,130.952484,51.9,51.9
2020-01-15,125,717.0061774,69.6,69.6
2020-01-15,126,572.3117051,44.4,44.4
2020-01-15,127,251.2609672,97.8,97.8
2020-01-15,128,805.1825744,66.3,66.3
2020-01-15,131,661.9682706,73.5,73.5
2020-01-15,133,172.9282001,99.6,99.6
2020-01-15,135,293.7655787,143.4,143.4
2020-01-15,136,298.2637604,96.9,96.9
2020-01-15,138,596.0307309,135.3,135.3
2020-01-15,139,184.7238392,104.7,104.7
2020-01-15,141,427.3864007,133.2,133.2
2020-01-15,142,227.125087,97.8,97.8
2020-01-15,144,733.7464667,131.1,131.1
2020-01-15,145,405.5674525,89.1,89.1
2020-01-15,146,150.6037973,67.8,67.8
2020-01-15,149,318.4196327,56.7,56.7
2020-01-15,15,524.2351287,126.9,126.9
2020-01-15,151,992.7563573,70.5,70.5
2020-01-15,152,554.3646289,45.6,45.6
2020-01-15,155,426.0029703,32.4,32.4
2020-01-15,157,242.848124,93.0,93.0
2020-01-15,159,1060.8604,119.4,119.4
2020-01-15,161,154.9645925,32.4,32.4
2020-01-15,163,333.6115489,85.5,85.5
2020-01-15,164,148.0548615,48.3,48.3
2020-01-15,166,646.580841,76.5,76.5
2020-01-15,168,1350.800506,117.9,117.9
2020-01-15,169,382.966015,72.0,72.0
2020-01-15,171,353.9228293,90.9,90.9
2020-01-15,172,286.864692,59.4,59.4
2020-01-15,173,482.2343258,134.7,134.7
2020-01-15,174,282.4874311,92.7,92.7
2020-01-15,175,311.4321231,76.5,76.5
2020-01-15,177,401.9544984,106.2,106.2
2020-01-15,18,415.7118548,127.2,127.2
2020-01-15,180,303.6820983,92.4,92.4
2020-01-15,181,303.0249604,62.4,62.4
2020-01-15,183,191.2195197,81.3,81.3
2020-01-15,184,382.5266465,71.1,71.1
2020-01-15,188,671.5648552,129.0,129.0
2020-01-15,189,736.5946463,78.3,78.3
2020-01-15,19,278.263786,78.3,78.3
2020-01-15,190,262.6779811,63.3,63.3
2020-01-15,192,422.9507316,75.9,75.9
2020-01-15,193,161.5341367,56.7,56.7
2020-01-15,195,282.7933285,83.7,83.7
2020-01-15,196,243.4170246,40.5,40.5
2020-01-15,197,344.4786364,111.0,111.0
2020-01-15,198,530.3716929,81.9,81.9
2020-01-15,20,632.2364647,51.3,51.3
2020-01-15,22,274.8279706,96.9,96.9
2020-01-15,23,173.2510156,62.7,62.7
2020-01-15,25,404.6764161,91.2,91.2
2020-01-15,26,513.5361069,45.0,45.0
2020-01-15,27,166.2154108,106.8,106.8
2020-01-15,28,933.934002,94.5,94.5
2020-01-15,3,456.8219277,142.8,142.8
2020-01-15,31,466.7003857,78.3,78.3
2020-01-15,33,186.0860656,124.2,124.2
2020-01-15,35,121.3619181,35.7,35.7
2020-01-15,36,304.5155546,113.1,113.1
2020-01-15,38,516.0186037,28.2,28.2
2020-01-15,39,334.7500227,108.9,108.9
2020-01-15,41,367.1030923,35.4,35.4
2020-01-15,42,261.4945176,96.6,96.6
2020-01-15,44,840.9866276,132.9,132.9
2020-01-15,45,395.7807192,101.4,101.4
2020-01-15,46,314.764096,67.8,67.8
2020-01-15,49,297.722178,60.9,60.9
2020-01-15,5,627.7571099,67.2,67.2
2020-01-15,51,878.4795037,92.4,92.4
2020-01-15,52,327.6592376,62.7,62.7
2020-01-15,55,278.1268826,70.2,70.2
2020-01-15,57,306.5939874,76.2,76.2
2020-01-15,59,494.7654902,124.8,124.8
2020-01-15,61,152.7915693,53.1,53.1
2020-01-15,63,358.7419445,81.0,81.0
2020-01-15,64,164.8570944,58.2,58.2
2020-01-15,66,637.1006461,75.6,75.6
2020-01-15,68,1535.26196,127.2,127.2
2020-01-15,69,586.5880033,82.2,82.2
2020-01-15,71,375.9210848,112.2,112.2
2020-01-15,72,301.2936095,65.1,65.1
2020-01-15,73,157.18202,36.0,36.0
2020-01-15,74,301.7282397,124.5,124.5
2020-01-15,75,340.4394466,68.4,68.4
2020-01-15,77,355.2603486,116.1,116.1
2020-01-15,8,330.0476166,63.0,63.0
2020-01-15,80,344.8116136,116.7,116.7
2020-01-15,81,303.6853535,73.2,73.2
2020-01-15,83,222.6992473,116.1,116.1
2020-01-15,84,397.7945571,60.6,60.6
2020-01-15,88,820.039649,137.7,137.7
2020-01-15,89,769.6588628,98.4,98.4
2020-01-15,90,250.1461844,77.7,77.7
2020-01-15,92,518.1592934,90.9,90.9
2020-01-15,93,293.8172959,62.4,62.4
2020-01-15,95,302.146576,90.6,90.6
2020-01-15,96,869.6656714,74.7,74.7
2020-01-15,97,377.3616566,138.3,138.3
2020-01-15,98,433.6744196,106.8,106.8
2020-01-16,10,690.4134961,15.3,15.3
2020-01-16,103,447.2014529,6.3,6.3
2020-01-16,105,809.7678662,6.0,6.0
2020-01-16,108,246.1523407,0.0,0.0
2020-01-16,11,371.6155241,6.3,6.3
2020-01-16,110,592.0318316,0.0,0.0
2020-01-16,111,370.0391215,0.0,0.0
2020-01-16,115,454.2334573,4.5,4.5
2020-01-16,118,179.4679425,0.0,0.0
2020-01-16,119,204.4288767,0.0,0.0
2020-01-16,120,354.6251632,15.6,15.6
2020-01-16,122,237.540532,0.0,0.0
2020-01-16,123,52.20115055,9.6,9.6
2020-01-16,125,204.3694783,0.0,0.0
2020-01-16,126,25.58230212,0.0,0.0
2020-01-16,127,20.44254943,5.4,5.4
2020-01-16,128,733.6509836,16.8,16.8
2020-01-16,131,452.7828228,17.1,17.1
2020-01-16,133,69.38651097,16.8,16.8
2020-01-16,135,61.95612593,5.1,5.1
2020-01-16,136,261.014903,15.6,15.6
2020-01-16,138,657.0660599,11.1,11.1
2020-01-16,139,4.320721336,0.0,0.0
2020-01-16,141,336.3254757,0.0,0.0
2020-01-16,142,66.83826851,4.8,4.8
2020-01-16,144,382.2028881,10.2,10.2
2020-01-16,145,198.7848223,5.7,5.7
2020-01-16,146,352.6854896,0.0,0.0
2020-01-16,149,231.2036709,6.3,6.3
2020-01-16,15,43.47292391,4.5,4.5
2020-01-16,151,668.7725345,0.3,0.3
2020-01-16,152,315.5999313,0.6,0.6
2020-01-16,155,41.79071739,2.7,2.7
2020-01-16,157,263.9010456,0.0,0.0
2020-01-16,159,581.7356666,12.9,12.9
2020-01-16,161,113.5028797,0.0,0.0
2020-01-16,163,472.9615144,17.1,17.1
2020-01-16,164,74.98140276,0.0,0.0
2020-01-16,166,568.7913203,10.5,10.5
2020-01-16,168,271.5381067,0.0,0.0
2020-01-16,169,39.23926043,0.0,0.0
2020-01-16,171,239.0839266,17.7,17.7
2020-01-16,172,195.3756847,13.8,13.8
2020-01-16,173,305.7884449,0.0,0.0
2020-01-16,174,230.8399209,0.0,0.0
2020-01-16,175,359.4355555,0.0,0.0
2020-01-16,177,259.9634345,0.0,0.0
2020-01-16,18,97.68248574,12.3,12.3
2020-01-16,180,17.87536238,2.7,2.7
2020-01-16,181,120.0890546,0.0,0.0
2020-01-16,183,60.00964727,0.0,0.0
2020-01-16,184,394.7091278,0.0,0.0
2020-01-16,188,626.7243102,9.6,9.6
2020-01-16,189,235.3232383,7.5,7.5
2020-01-16,19,173.3168602,4.5,4.5
2020-01-16,190,302.5855759,9.0,9.0
2020-01-16,192,262.4020461,9.6,9.6
2020-01-16,193,145.4958075,2.4,2.4
2020-01-16,195,41.61155623,18.3,18.3
2020-01-16,196,324.5442812,16.5,16.5
2020-01-16,197,52.59361851,0.0,0.0
2020-01-16,198,567.716173,0.0,0.0
2020-01-16,20,216.4330869,0.3,0.3
2020-01-16,22,71.16991822,0.0,0.0
2020-01-16,23,54.24982153,5.4,5.4
2020-01-16,25,177.1209006,0.0,0.0
2020-01-16,26,521.6896053,12.9,12.9
2020-01-16,27,17.44858699,0.0,0.0
2020-01-16,28,1032.378581,0.0,0.0
2020-01-16,3,413.5909973,11.4,11.4
2020-01-16,31,503.9693267,0.0,0.0
2020-01-16,33,106.2853045,7.5,7.5
2020-01-16,35,54.60104894,0.0,0.0
2020-01-16,36,128.0970189,14.7,14.7
2020-01-16,38,603.0148376,15.3,15.3
2020-01-16,39,60.33248969,8.4,8.4
2020-01-16,41,301.0655876,15.0,15.0
2020-01-16,42,10.3260873,8.4,8.4
2020-01-16,44,217.3346279,1.5,1.5
2020-01-16,45,429.6788085,0.0,0.0
2020-01-16,46,300.4520276,1.8,1.8
2020-01-16,49,152.6831138,13.2,13.2
2020-01-16,5,732.5664467,5.4,5.4
2020-01-16,51,253.0531735,0.0,0.0
2020-01-16,52,128.4811675,9.9,9.9
2020-01-16,55,243.0674837,0.0,0.0
2020-01-16,57,316.3487581,6.6,6.6
2020-01-16,59,1126.090265,0.0,0.0
2020-01-16,61,111.667687,0.0,0.0
2020-01-16,63,405.7241397,14.1,14.1
2020-01-16,64,37.3588767,14.4,14.4
2020-01-16,66,359.5174209,0.9,0.9
2020-01-16,68,599.41524,0.0,0.0
2020-01-16,69,526.9954925,18.6,18.6
2020-01-16,71,213.2497747,13.8,13.8
2020-01-16,72,248.5870361,3.3,3.3
2020-01-16,73,371.8474191,4.8,4.8
2020-01-16,74,254.7741114,0.0,0.0
2020-01-16,75,349.4981491,6.0,6.0
2020-01-16,77,95.38691189,0.0,0.0
2020-01-16,8,117.8986163,0.0,0.0
2020-01-16,80,255.7416031,0.0,0.0
2020-01-16,81,131.0388178,18.0,18.0
2020-01-16,83,37.05925415,0.0,0.0
2020-01-16,84,189.8099156,10.5,10.5
2020-01-16,88,239.7844714,2.1,2.1
2020-01-16,89,621.7817582,10.2,10.2
2020-01-16,90,81.69173112,0.0,0.0
2020-01-16,92,376.3674665,3.0,3.0
2020-01-16,93,192.3864141,0.0,0.0
2020-01-16,95,222.4864357,0.0,0.0
2020-01-16,96,292.7948859,6.0,6.0
2020-01-16,97,221.8995608,11.4,11.4
2020-01-16,98,442.1831403,5.4,5.4
2020-01-17,10,326.1909066,23.1,23.1
2020-01-17,103,385.802404,43.8,43.8
2020-01-17,105,580.88661,34.5,34.5
2020-01-17,108,90.23681626,17.1,17.1
2020-01-17,11,182.8180859,28.2,28.2
2020-01-17,110,823.5859477,28.2,28.2
2020-01-17,111,253.4327118,22.2,22.2
2020-01-17,115,451.3721002,36.0,36.0
2020-01-17,118,237.1333999,32.7,32.7
2020-01-17,119,167.0353212,39.0,39.0
2020-01-17,120,675.0863441,6.3,6.3
2020-01-17,122,104.1553257,34.2,34.2
2020-01-17,123,127.270891,9.3,9.3
2020-01-17,125,812.6438629,39.3,39.3
2020-01-17,126,209.8664259,13.2,13.2
2020-01-17,127,154.80564,41.7,41.7
2020-01-17,128,769.0272767,27.9,27.9
2020-01-17,131,651.600448,33.9,33.9
2020-01-17,133,137.3334024,47.7,47.7
2020-01-17,135,205.1234348,54.0,54.0
2020-01-17,136,268.4657616,48.3,48.3
2020-01-17,138,277.3622738,41.1,41.1
2020-01-17,139,112.8586898,50.1,50.1
2020-01-17,141,423.023853,43.8,43.8
2020-01-17,142,127.35485,42.6,42.6
2020-01-17,144,500.6593996,56.7,56.7
2020-01-17,145,397.2126002,46.8,46.8
2020-01-17,146,229.898926,12.9,12.9
2020-01-17,149,137.0013669,30.3,30.3
2020-01-17,15,447.1031023,33.9,33.9
2020-01-17,151,1161.315808,20.1,20.1
2020-01-17,152,121.7167079,12.0,12.0
2020-01-17,155,219.4078615,27.0,27.0
2020-01-17,157,157.5819372,43.8,43.8
2020-01-17,159,1036.985092,39.0,39.0
2020-01-17,161,106.4330577,12.0,12.0
2020-01-17,163,240.4177312,15.9,15.9
2020-01-17,164,27.12709613,1.2,1.2
2020-01-17,166,635.9478239,30.3,30.3
2020-01-17,168,1494.305122,36.9,36.9
2020-01-17,169,590.3292122,30.0,30.0
2020-01-17,171,207.8400135,32.4,32.4
2020-01-17,172,313.0468458,11.7,11.7
2020-01-17,173,557.519584,56.1,56.1
2020-01-17,174,227.2318506,46.5,46.5
2020-01-17,175,200.3049505,36.0,36.0
2020-01-17,177,272.1171902,33.0,33.0
2020-01-17,18,199.1264908,48.3,48.3
2020-01-17,180,298.2040326,38.7,38.7
2020-01-17,181,311.5303923,37.8,37.8
2020-01-17,183,141.7481912,27.0,27.0
2020-01-17,184,239.0320722,30.6,30.6
2020-01-17,188,292.9976719,53.4,53.4
2020-01-17,189,162.4816552,22.2,22.2
2020-01-17,19,177.7040982,43.2,43.2
2020-01-17,190,114.9239511,28.5,28.5
2020-01-17,192,556.162902,29.1,29.1
2020-01-17,193,232.7115162,13.8,13.8
2020-01-17,195,221.6736372,20.7,20.7
2020-01-17,196,178.5997614,12.3,12.3
2020-01-17,197,161.3410759,50.7,50.7
2020-01-17,198,225.5937996,39.9,39.9
2020-01-17,20,100.497745,19.8,19.8
2020-01-17,22,142.4867207,29.4,29.4
2020-01-17,23,104.5332308,5.7,5.7
2020-01-17,25,567.3421315,20.1,20.1
2020-01-17,26,517.2561434,27.0,27.0
2020-01-17,27,118.0921651,54.0,54.0
2020-01-17,28,666.290084,22.5,22.5
2020-01-17,3,329.0102703,64.5,64.5
2020-01-17,31,160.3429157,18.0,18.0
2020-01-17,33,140.6758071,56.1,56.1
2020-01-17,35,118.118142,11.4,11.4
2020-01-17,36,219.1996678,29.4,29.4
2020-01-17,38,571.8906068,7.2,7.2
2020-01-17,39,166.7879473,48.6,48.6
2020-01-17,41,140.012441,21.6,21.6
2020-01-17,42,142.4642104,48.6,48.6
2020-01-17,44,743.6528471,65.4,65.4
2020-01-17,45,378.4038178,44.1,44.1
2020-01-17,46,120.8803972,17.7,17.7
2020-01-17,49,164.4766862,28.5,28.5
2020-01-17,5,149.3491155,16.5,16.5
2020-01-17,51,498.2183686,36.9,36.9
2020-01-17,52,425.7729672,24.6,24.6
2020-01-17,55,204.6156062,28.8,28.8
2020-01-17,57,302.3644265,47.1,47.1
2020-01-17,59,944.8200548,35.1,35.1
2020-01-17,61,116.2248428,9.3,9.3
2020-01-17,63,518.9501662,45.0,45.0
2020-01-17,64,62.45407425,20.7,20.7
2020-01-17,66,370.9244269,43.5,43.5
2020-01-17,68,934.8148025,46.5,46.5
2020-01-17,69,212.3529282,16.5,16.5
2020-01-17,71,197.0542075,39.3,39.3
2020-01-17,72,159.8699259,31.2,31.2
2020-01-17,73,322.0565827,26.7,26.7
2020-01-17,74,180.0742293,51.6,51.6
2020-01-17,75,303.3916398,38.7,38.7
2020-01-17,77,309.1945677,41.7,41.7
2020-01-17,8,296.6890218,36.9,36.9
2020-01-17,80,167.0178095,34.2,34.2
2020-01-17,81,212.1689081,16.5,16.5
2020-01-17,83,137.7389397,27.0,27.0
2020-01-17,84,287.8129756,36.0,36.0
2020-01-17,88,582.0541999,63.9,63.9
2020-01-17,89,579.6104093,40.5,40.5
2020-01-17,90,186.0846695,12.3,12.3
2020-01-17,92,581.8705217,28.5,28.5
2020-01-17,93,197.8796705,26.1,26.1
2020-01-17,95,243.2902627,43.5,43.5
2020-01-17,96,1090.450253,19.8,19.8
2020-01-17,97,168.9173538,62.4,62.4
2020-01-17,98,242.1408709,24.9,24.9
2020-01-18,10,1053.489709,164.7,164.7
2020-01-18,103,540.5960861,226.5,226.5
2020-01-18,105,874.9959887,81.0,81.0
2020-01-18,108,355.6612637,79.8,79.8
2020-01-18,11,429.414266,90.3,90.3
2020-01-18,110,1061.78352,153.0,153.0
2020-01-18,111,724.704873,90.6,90.6
2020-01-18,115,556.2857067,189.9,189.9
2020-01-18,118,559.5964762,185.7,185.7
2020-01-18,119,290.2922993,134.7,134.7
2020-01-18,120,475.8814593,76.2,76.2
2020-01-18,122,309.5973855,127.5,127.5
2020-01-18,123,230.4933777,80.4,80.4
2020-01-18,125,771.9455365,125.1,125.1
2020-01-18,126,454.2032692,71.4,71.4
2020-01-18,127,129.7650448,191.4,191.4
2020-01-18,128,521.5453222,130.2,130.2
2020-01-18,131,631.4651936,104.4,104.4
2020-01-18,133,446.6693303,186.3,186.3
2020-01-18,135,252.4283657,220.5,220.5
2020-01-18,136,524.4023102,169.5,169.5
2020-01-18,138,773.9689138,234.3,234.3
2020-01-18,139,376.5896819,166.2,166.2
2020-01-18,141,666.7952032,220.5,220.5
2020-01-18,142,108.2022085,174.9,174.9
2020-01-18,144,792.4546573,217.5,217.5
2020-01-18,145,517.893584,165.9,165.9
2020-01-18,146,367.7046163,89.1,89.1
2020-01-18,149,321.2181194,77.4,77.4
2020-01-18,15,537.4558106,209.1,209.1
2020-01-18,151,650.0445592,154.5,154.5
2020-01-18,152,629.570062,102.0,102.0
2020-01-18,155,394.3906475,79.2,79.2
2020-01-18,157,449.0426816,136.2,136.2
2020-01-18,159,770.9980477,189.9,189.9
2020-01-18,161,206.0313346,78.6,78.6
2020-01-18,163,520.2931092,137.4,137.4
2020-01-18,164,158.4658296,70.8,70.8
2020-01-18,166,464.8225025,114.9,114.9
2020-01-18,168,724.7036664,183.3,183.3
2020-01-18,169,593.7366711,109.5,109.5
2020-01-18,171,469.472167,196.2,196.2
2020-01-18,172,312.030065,111.9,111.9
2020-01-18,173,672.5598527,232.8,232.8
2020-01-18,174,439.861261,174.9,174.9
2020-01-18,175,396.5833844,115.8,115.8
2020-01-18,177,458.0538857,169.2,169.2
2020-01-18,18,711.1486221,220.8,220.8
2020-01-18,180,421.2831929,161.1,161.1
2020-01-18,181,364.1669741,120.0,120.0
2020-01-18,183,166.7526559,162.3,162.3
2020-01-18,184,349.9671833,116.1,116.1
2020-01-18,188,789.5433906,212.4,212.4
2020-01-18,189,884.2537739,162.0,162.0
2020-01-18,19,357.612252,153.9,153.9
2020-01-18,190,299.5882707,108.0,108.0
2020-01-18,192,589.7571045,165.3,165.3
2020-01-18,193,309.5787981,96.3,96.3
2020-01-18,195,337.1201196,154.5,154.5
2020-01-18,196,961.8730456,81.9,81.9
2020-01-18,197,391.013213,204.0,204.0
2020-01-18,198,478.9103442,155.1,155.1
2020-01-18,20,551.0847829,95.4,95.4
2020-01-18,22,512.9195443,151.5,151.5
2020-01-18,23,206.7069488,99.9,99.9
2020-01-18,25,930.6994068,154.5,154.5
2020-01-18,26,413.9895131,96.6,96.6
2020-01-18,27,605.7951725,202.8,202.8
2020-01-18,28,715.7983087,135.6,135.6
2020-01-18,3,542.9766018,246.0,246.0
2020-01-18,31,530.8448757,150.9,150.9
2020-01-18,33,323.6538667,206.1,206.1
2020-01-18,35,219.8508448,70.5,70.5
2020-01-18,36,567.6371525,182.7,182.7
2020-01-18,38,591.0303299,77.7,77.7
2020-01-18,39,495.7850868,190.8,190.8
2020-01-18,41,390.4211422,72.6,72.6
2020-01-18,42,366.0937778,189.3,189.3
2020-01-18,44,902.1301413,241.8,241.8
2020-01-18,45,566.8015465,186.9,186.9
2020-01-18,46,411.1408876,114.0,114.0
2020-01-18,49,351.4027818,118.2,118.2
2020-01-18,5,691.1912852,111.3,111.3
2020-01-18,51,639.1299433,162.3,162.3
2020-01-18,52,420.9007185,115.2,115.2
2020-01-18,55,384.7543477,103.2,103.2
2020-01-18,57,369.1086164,170.7,170.7
2020-01-18,59,860.0268788,230.7,230.7
2020-01-18,61,280.7338476,95.4,95.4
2020-01-18,63,498.9577385,165.3,165.3
2020-01-18,64,244.9897061,104.7,104.7
2020-01-18,66,481.6634652,133.8,133.8
2020-01-18,68,1438.859917,210.9,210.9
2020-01-18,69,603.6907795,141.9,141.9
2020-01-18,71,638.3638227,201.6,201.6
2020-01-18,72,364.26151,138.3,138.3
2020-01-18,73,345.9466452,66.3,66.3
2020-01-18,74,690.442087,184.2,184.2
2020-01-18,75,400.2813814,130.8,130.8
2020-01-18,77,452.0232882,200.7,200.7
2020-01-18,8,370.0639977,105.6,105.6
2020-01-18,80,482.97693,194.4,194.4
2020-01-18,81,386.5881986,125.4,125.4
2020-01-18,83,475.1940381,186.6,186.6
2020-01-18,84,392.7540632,113.4,113.4
2020-01-18,88,810.8597269,227.7,227.7
2020-01-18,89,776.4145667,165.6,165.6
2020-01-18,90,389.7816952,121.5,121.5
2020-01-18,92,601.8714415,170.1,170.1
2020-01-18,93,323.5876101,97.2,97.2
2020-01-18,95,387.3049362,162.3,162.3
2020-01-18,96,787.1642859,106.5,106.5
2020-01-18,97,612.3575034,216.3,216.3
2020-01-18,98,560.0238383,163.8,163.8
2020-01-19,10,1222.939097,301.8,301.8
2020-01-19,103,687.4711294,399.0,399.0
2020-01-19,105,909.0087681,171.9,171.9
2020-01-19,108,529.3478955,165.3,165.3
2020-01-19,11,742.1761323,181.2,181.2
2020-01-19,110,1116.154707,265.5,265.5
2020-01-19,111,669.7950594,160.2,160.2
2020-01-19,115,907.3587303,343.5,343.5
2020-01-19,118,721.4805182,343.5,343.5
2020-01-19,119,683.1169219,245.7,245.7
2020-01-19,120,507.0696111,122.4,122.4
2020-01-19,122,709.6508563,234.0,234.0
2020-01-19,123,172.2147795,128.4,128.4
2020-01-19,125,736.3475764,228.0,228.0
2020-01-19,126,487.5679284,104.7,104.7
2020-01-19,127,829.0239679,318.3,318.3
2020-01-19,128,1009.942463,208.2,208.2
2020-01-19,131,679.0879721,219.6,219.6
2020-01-19,133,652.888975,297.9,297.9
2020-01-19,135,767.92537,402.9,402.9
2020-01-19,136,574.0947731,313.2,313.2
2020-01-19,138,1094.524473,394.5,394.5
2020-01-19,139,452.7418246,283.2,283.2
2020-01-19,141,904.2237722,384.0,384.0
2020-01-19,142,232.3850001,290.1,290.1
2020-01-19,144,1183.599296,395.7,395.7
2020-01-19,145,812.4783439,271.5,271.5
2020-01-19,146,510.925222,183.9,183.9
2020-01-19,149,403.493336,165.3,165.3
2020-01-19,15,994.143183,394.5,394.5
2020-01-19,151,1032.305569,255.6,255.6
2020-01-19,152,597.5627928,142.8,142.8
2020-01-19,155,452.5835328,142.2,142.2
2020-01-19,157,688.3331078,240.9,240.9
2020-01-19,159,1184.909101,367.2,367.2
2020-01-19,161,358.168996,135.6,135.6
2020-01-19,163,559.1639365,237.9,237.9
2020-01-19,164,197.5300121,124.2,124.2
2020-01-19,166,803.3717398,222.9,222.9
2020-01-19,168,1832.413243,341.7,341.7
2020-01-19,169,615.4153647,213.3,213.3
2020-01-19,171,694.2710729,310.5,310.5
2020-01-19,172,386.2838604,198.9,198.9
2020-01-19,173,591.5848542,412.8,412.8
2020-01-19,174,871.9846086,305.7,305.7
2020-01-19,175,435.5586745,197.7,197.7
2020-01-19,177,557.2800153,313.2,313.2
2020-01-19,18,706.2875095,370.5,370.5
2020-01-19,180,792.4719591,300.9,300.9
2020-01-19,181,541.5830789,182.4,182.4
2020-01-19,183,267.9327826,300.9,300.9
2020-01-19,184,531.9075087,169.8,169.8
2020-01-19,188,930.1717773,399.0,399.0
2020-01-19,189,925.4111665,265.8,265.8
2020-01-19,19,277.017466,279.0,279.0
2020-01-19,190,440.2335086,171.9,171.9
2020-01-19,192,638.917336,281.4,281.4
2020-01-19,193,373.2265291,162.9,162.9
2020-01-19,195,437.5886089,272.4,272.4
2020-01-19,196,803.1583984,158.7,158.7
2020-01-19,197,1200.721248,364.2,364.2
2020-01-19,198,741.5561664,246.3,246.3
2020-01-19,20,564.5488136,176.4,176.4
2020-01-19,22,324.4103666,257.4,257.4
2020-01-19,23,216.3095646,155.4,155.4
2020-01-19,25,865.4280736,250.2,250.2
2020-01-19,26,487.5888867,159.0,159.0
2020-01-19,27,205.1184608,366.6,366.6
2020-01-19,28,906.5698971,244.2,244.2
2020-01-19,3,1240.58478,431.4,431.4
2020-01-19,31,714.1542759,242.4,242.4
2020-01-19,33,838.3505558,351.0,351.0
2020-01-19,35,220.4190509,122.4,122.4
2020-01-19,36,1063.027157,352.5,352.5
2020-01-19,38,430.0284646,111.0,111.0
2020-01-19,39,140.1926831,317.1,317.1
2020-01-19,41,431.3835578,117.3,117.3
2020-01-19,42,1033.630112,317.1,317.1
2020-01-19,44,956.5474499,439.2,439.2
2020-01-19,45,818.3247437,315.6,315.6
2020-01-19,46,454.5244708,196.5,196.5
2020-01-19,49,504.1171153,210.3,210.3
2020-01-19,5,976.0712559,198.9,198.9
2020-01-19,51,1128.835683,310.8,310.8
2020-01-19,52,622.1260441,178.5,178.5
2020-01-19,55,475.1831245,176.4,176.4
2020-01-19,57,760.4031109,288.6,288.6
2020-01-19,59,1167.569072,382.8,382.8
2020-01-19,61,134.6546771,157.5,157.5
2020-01-19,63,867.0630353,274.8,274.8
2020-01-19,64,240.9879101,158.1,158.1
2020-01-19,66,814.6468755,249.6,249.6
2020-01-19,68,1373.409509,379.2,379.2
2020-01-19,69,717.6274646,258.6,258.6
2020-01-19,71,1058.688766,365.1,365.1
2020-01-19,72,568.6203527,257.4,257.4
2020-01-19,73,534.2272833,138.0,138.0
2020-01-19,74,376.9084777,339.6,339.6
2020-01-19,75,719.3116692,239.1,239.1
2020-01-19,77,705.5919416,332.7,332.7
2020-01-19,8,440.4051394,200.7,200.7
2020-01-19,80,799.8810891,332.1,332.1
2020-01-19,81,532.2767423,211.5,211.5
2020-01-19,83,1100.521937,343.2,343.2
2020-01-19,84,571.6708125,225.3,225.3
2020-01-19,88,1055.293859,430.8,430.8
2020-01-19,89,1040.000119,315.0,315.0
2020-01-19,90,439.6279951,202.5,202.5
2020-01-19,92,654.4483326,309.3,309.3
2020-01-19,93,574.6921975,210.6,210.6
2020-01-19,95,310.1032967,310.8,310.8
2020-01-19,96,993.9380571,193.5,193.5
2020-01-19,97,1113.962737,395.7,395.7
2020-01-19,98,657.0027542,287.1,287.1
2020-01-20,10,1225.198727,324.0,324.0
2020-01-20,103,1416.060042,435.0,435.0
2020-01-20,105,1025.536793,182.1,182.1
2020-01-20,108,412.8508965,172.8,172.8
2020-01-20,11,759.1641685,201.3,201.3
2020-01-20,110,1057.712694,294.0,294.0
2020-01-20,111,808.2166366,181.8,181.8
2020-01-20,115,680.82334,399.0,399.0
2020-01-20,118,1025.031202,381.3,381.3
2020-01-20,119,641.2150495,275.1,275.1
2020-01-20,120,494.9116886,136.5,136.5
2020-01-20,122,583.9689022,260.1,260.1
2020-01-20,123,345.0963223,132.6,132.6
2020-01-20,125,898.6151865,249.0,249.0
2020-01-20,126,479.0510721,139.5,139.5
2020-01-20,127,298.6778412,369.0,369.0
2020-01-20,128,836.6863079,249.0,249.0
2020-01-20,131,653.2535081,240.9,240.9
2020-01-20,133,1111.135264,346.5,346.5
2020-01-20,135,835.3859116,445.2,445.2
2020-01-20,136,894.3579339,327.6,327.6
2020-01-20,138,1435.871956,435.3,435.3
2020-01-20,139,801.2592632,313.8,313.8
2020-01-20,141,502.640291,429.6,429.6
2020-01-20,142,898.6455352,331.2,331.2
2020-01-20,144,1332.593512,423.9,423.9
2020-01-20,145,980.792539,317.1,317.1
2020-01-20,146,467.081871,203.1,203.1
2020-01-20,149,453.1606681,167.7,167.7
2020-01-20,15,1136.758923,418.2,418.2
2020-01-20,151,1121.449039,301.5,301.5
2020-01-20,152,590.2813007,187.2,187.2
2020-01-20,155,488.2339796,160.8,160.8
2020-01-20,157,392.1083741,275.4,275.4
2020-01-20,159,1187.79776,384.6,384.6
2020-01-20,161,475.3981198,139.8,139.8
2020-01-20,163,544.1255235,256.5,256.5
2020-01-20,164,280.2371613,154.2,154.2
2020-01-20,166,843.1383205,264.0,264.0
2020-01-20,168,1380.631734,375.6,375.6
2020-01-20,169,719.0007194,241.2,241.2
2020-01-20,171,801.3584971,343.5,343.5
2020-01-20,172,580.6031269,226.2,226.2
2020-01-20,173,1093.463904,462.0,462.0
2020-01-20,174,1108.1847,348.3,348.3
2020-01-20,175,636.9949133,225.9,225.9
2020-01-20,177,476.3277367,334.8,334.8
2020-01-20,18,477.634404,411.9,411.9
2020-01-20,180,811.9803308,318.3,318.3
2020-01-20,181,648.5117977,222.9,222.9
2020-01-20,183,181.5981234,336.6,336.6
2020-01-20,184,431.6903759,214.2,214.2
2020-01-20,188,1136.961973,440.4,440.4
2020-01-20,189,937.0496423,309.0,309.0
2020-01-20,19,906.9983875,297.9,297.9
2020-01-20,190,442.5413302,192.3,192.3
2020-01-20,192,875.2600947,301.8,301.8
2020-01-20,193,559.9424826,165.6,165.6
2020-01-20,195,831.9014485,278.7,278.7
2020-01-20,196,603.6493802,182.7,182.7
2020-01-20,197,893.0748498,406.5,406.5
2020-01-20,198,808.3917929,288.0,288.0
2020-01-20,20,684.8452838,172.2,172.2
2020-01-20,22,835.8943539,309.0,309.0
2020-01-20,23,537.9777222,184.2,184.2
2020-01-20,25,961.2878636,280.2,280.2
2020-01-20,26,574.2055715,165.6,165.6
2020-01-20,27,743.679477,401.7,401.7
2020-01-20,28,1022.298324,273.9,273.9
2020-01-20,3,1326.828853,461.7,461.7
2020-01-20,31,869.7221493,284.1,284.1
2020-01-20,33,1021.692786,382.5,382.5
2020-01-20,35,339.8588415,149.1,149.1
2020-01-20,36,728.2715412,383.7,383.7
2020-01-20,38,645.8467052,141.3,141.3
2020-01-20,39,371.1435734,377.4,377.4
2020-01-20,41,449.2520767,114.0,114.0
2020-01-20,42,292.1975338,348.0,348.0
2020-01-20,44,987.4870576,471.9,471.9
2020-01-20,45,674.0643865,354.9,354.9
2020-01-20,46,563.2539641,226.2,226.2
2020-01-20,49,586.9495485,222.6,222.6
2020-01-20,5,896.3538624,221.1,221.1
2020-01-20,51,1142.526677,335.7,335.7
2020-01-20,52,664.9580279,216.9,216.9
2020-01-20,55,504.7863001,210.3,210.3
2020-01-20,57,584.9246289,318.0,318.0
2020-01-20,59,1342.264499,420.6,420.6
2020-01-20,61,435.2323544,195.9,195.9
2020-01-20,63,563.4532135,289.2,289.2
2020-01-20,64,223.4325376,184.8,184.8
2020-01-20,66,889.566887,295.8,295.8
2020-01-20,68,1737.342202,417.6,417.6
2020-01-20,69,894.1408649,271.2,271.2
2020-01-20,71,1095.808029,399.0,399.0
2020-01-20,72,618.7625345,272.4,272.4
2020-01-20,73,556.9650618,149.1,149.1
2020-01-20,74,629.6178359,394.2,394.2
2020-01-20,75,823.9589401,276.9,276.9
2020-01-20,77,1192.345075,388.2,388.2
2020-01-20,8,539.3539286,224.7,224.7
2020-01-20,80,1219.843218,382.5,382.5
2020-01-20,81,455.3136185,261.9,261.9
2020-01-20,83,295.1241055,366.3,366.3
2020-01-20,84,518.4465567,230.4,230.4
2020-01-20,88,890.4024217,459.0,459.0
2020-01-20,89,1001.966329,347.4,347.4
2020-01-20,90,525.0563219,240.3,240.3
2020-01-20,92,628.4434448,340.2,340.2
2020-01-20,93,350.7401779,230.1,230.1
2020-01-20,95,309.6213532,319.8,319.8
2020-01-20,96,894.1331036,210.0,210.0
2020-01-20,97,1020.525904,442.2,442.2
2020-01-20,98,1089.681248,317.1,317.1
2020-01-21,10,1002.449065,225.3,225.3
2020-01-21,103,726.8207565,316.2,316.2
2020-01-21,105,869.1772864,119.1,119.1
2020-01-21,108,377.8519971,137.7,137.7
2020-01-21,11,835.336199,157.5,157.5
2020-01-21,110,1108.811761,220.2,220.2
2020-01-21,111,778.3062046,116.7,116.7
2020-01-21,115,523.1669381,280.5,280.5
2020-01-21,118,710.4300918,291.6,291.6
2020-01-21,119,406.461615,202.8,202.8
2020-01-21,120,395.2675363,104.1,104.1
2020-01-21,122,444.6110136,199.5,199.5
2020-01-21,123,232.0228035,110.4,110.4
2020-01-21,125,958.399958,165.3,165.3
2020-01-21,126,533.1301244,86.4,86.4
2020-01-21,127,139.3315003,275.4,275.4
2020-01-21,128,896.7139576,174.3,174.3
2020-01-21,131,637.0286933,164.7,164.7
2020-01-21,133,732.756591,257.4,257.4
2020-01-21,135,926.8535704,345.6,345.6
2020-01-21,136,608.6282743,258.0,258.0
2020-01-21,138,923.2468561,312.3,312.3
2020-01-21,139,758.9544898,249.0,249.0
2020-01-21,141,922.7614373,329.4,329.4
2020-01-21,142,605.3937129,226.2,226.2
2020-01-21,144,957.0755592,327.3,327.3
2020-01-21,145,697.1301004,239.4,239.4
2020-01-21,146,391.8465685,134.7,134.7
2020-01-21,149,339.1996615,132.9,132.9
2020-01-21,15,683.5480172,303.0,303.0
2020-01-21,151,1154.01432,210.6,210.6
2020-01-21,152,563.8259071,112.2,112.2
2020-01-21,155,425.2967815,127.5,127.5
2020-01-21,157,439.3822377,192.3,192.3
2020-01-21,159,1009.747205,294.6,294.6
2020-01-21,161,234.4535228,108.6,108.6
2020-01-21,163,575.4763389,188.7,188.7
2020-01-21,164,165.7401535,114.6,114.6
2020-01-21,166,639.0743354,184.2,184.2
2020-01-21,168,1252.636299,260.7,260.7
2020-01-21,169,607.4301732,166.5,166.5
2020-01-21,171,533.1262848,272.4,272.4
2020-01-21,172,357.7409599,179.4,179.4
2020-01-21,173,912.8699734,336.3,336.3
2020-01-21,174,544.6186842,262.2,262.2
2020-01-21,175,427.9232467,160.8,160.8
2020-01-21,177,479.8639259,239.4,239.4
2020-01-21,18,810.9583142,320.7,320.7
2020-01-21,180,441.85604,237.9,237.9
2020-01-21,181,418.5538703,146.7,146.7
2020-01-21,183,183.125043,244.8,244.8
2020-01-21,184,461.9965631,140.1,140.1
2020-01-21,188,863.4933432,319.5,319.5
2020-01-21,189,800.1757292,222.6,222.6
2020-01-21,19,492.6498378,226.5,226.5
2020-01-21,190,455.6953493,143.7,143.7
2020-01-21,192,670.6003596,232.2,232.2
2020-01-21,193,331.8920225,132.0,132.0
2020-01-21,195,513.0914177,205.5,205.5
2020-01-21,196,578.9442408,111.3,111.3
2020-01-21,197,877.4713848,288.6,288.6
2020-01-21,198,667.2917986,210.0,210.0
2020-01-21,20,653.8243582,134.7,134.7
2020-01-21,22,542.8001749,217.8,217.8
2020-01-21,23,209.868263,121.8,121.8
2020-01-21,25,864.7625891,206.4,206.4
2020-01-21,26,435.6628563,130.2,130.2
2020-01-21,27,552.3242943,301.5,301.5
2020-01-21,28,985.8127186,191.1,191.1
2020-01-21,3,759.7215863,342.3,342.3
2020-01-21,31,643.7640843,193.2,193.2
2020-01-21,33,850.9971938,287.1,287.1
2020-01-21,35,172.6332177,94.5,94.5
2020-01-21,36,825.6973681,263.7,263.7
2020-01-21,38,312.4448143,85.8,85.8
2020-01-21,39,113.4819781,280.2,280.2
2020-01-21,41,442.7063567,98.7,98.7
2020-01-21,42,751.6412027,247.5,247.5
2020-01-21,44,1072.313775,345.9,345.9
2020-01-21,45,593.7225982,252.9,252.9
2020-01-21,46,378.0188718,173.1,173.1
2020-01-21,49,364.8260563,159.0,159.0
2020-01-21,5,840.3056558,161.4,161.4
2020-01-21,51,961.7749728,240.9,240.9
2020-01-21,52,624.543666,154.8,154.8
2020-01-21,55,504.9801649,135.9,135.9
2020-01-21,57,436.7172447,235.5,235.5
2020-01-21,59,1112.389606,325.5,325.5
2020-01-21,61,345.1351297,125.7,125.7
2020-01-21,63,539.3716857,204.9,204.9
2020-01-21,64,249.0860367,126.6,126.6
2020-01-21,66,796.8211759,220.5,220.5
2020-01-21,68,1221.081936,284.4,284.4
2020-01-21,69,615.8007304,207.0,207.0
2020-01-21,71,722.5738042,296.1,296.1
2020-01-21,72,334.4697547,206.1,206.1
2020-01-21,73,427.6327972,98.1,98.1
2020-01-21,74,559.0243417,286.8,286.8
2020-01-21,75,508.9206963,201.0,201.0
2020-01-21,77,871.4570319,267.9,267.9
2020-01-21,8,460.845164,169.2,169.2
2020-01-21,80,374.4278192,258.3,258.3
2020-01-21,81,628.3544392,171.9,171.9
2020-01-21,83,263.8867357,262.8,262.8
2020-01-21,84,580.7758118,180.6,180.6
2020-01-21,88,904.0483611,328.2,328.2
2020-01-21,89,843.995101,264.9,264.9
2020-01-21,90,561.8689028,150.9,150.9
2020-01-21,92,711.3466191,250.2,250.2
2020-01-21,93,472.7709523,168.6,168.6
2020-01-21,95,795.5105569,248.7,248.7
2020-01-21,96,940.1553988,153.9,153.9
2020-01-21,97,828.2068257,336.3,336.3
2020-01-21,98,725.3493241,247.5,247.5
2020-01-22,10,1165.406352,101.1,101.1
2020-01-22,103,450.2830077,123.6,123.6
2020-01-22,105,527.2383866,50.1,50.1
2020-01-22,108,267.3325109,39.3,39.3
2020-01-22,11,705.3702447,69.6,69.6
2020-01-22,110,407.2797699,81.6,81.6
2020-01-22,111,237.4654677,61.8,61.8
2020-01-22,115,480.89621,120.9,120.9
2020-01-22,118,365.5573589,110.7,110.7
2020-01-22,119,259.3507414,69.3,69.3
2020-01-22,120,354.8895293,49.5,49.5
2020-01-22,122,245.0916866,66.6,66.6
2020-01-22,123,126.6638693,44.1,44.1
2020-01-22,125,553.9620695,81.3,81.3
2020-01-22,126,174.7313646,44.7,44.7
2020-01-22,127,240.3350118,100.2,100.2
2020-01-22,128,739.0698582,57.0,57.0
2020-01-22,131,381.6346605,74.1,74.1
2020-01-22,133,162.3042218,110.4,110.4
2020-01-22,135,210.7225957,142.5,142.5
2020-01-22,136,284.7524962,108.3,108.3
2020-01-22,138,735.3611596,143.7,143.7
2020-01-22,139,149.1638955,79.2,79.2
2020-01-22,141,378.967195,113.1,113.1
2020-01-22,142,143.8695346,95.1,95.1
2020-01-22,144,523.3156164,114.0,114.0
2020-01-22,145,357.1074765,77.1,77.1
2020-01-22,146,299.5830764,40.5,40.5
2020-01-22,149,194.7580135,51.6,51.6
2020-01-22,15,487.797888,121.8,121.8
2020-01-22,151,415.3415772,70.8,70.8
2020-01-22,152,441.9398772,37.2,37.2
2020-01-22,155,257.5956322,54.9,54.9
2020-01-22,157,368.8891063,70.5,70.5
2020-01-22,159,1042.398064,108.9,108.9
2020-01-22,161,97.43102377,29.1,29.1
2020-01-22,163,469.0725682,90.0,90.0
2020-01-22,164,113.8022963,38.4,38.4
2020-01-22,166,537.2160605,73.8,73.8
2020-01-22,168,1463.339342,108.3,108.3
2020-01-22,169,532.6026496,61.5,61.5
2020-01-22,171,359.6741136,104.1,104.1
2020-01-22,172,256.3149352,55.8,55.8
2020-01-22,173,439.1308543,132.9,132.9
2020-01-22,174,290.3971357,87.0,87.0
2020-01-22,175,284.6109777,71.4,71.4
2020-01-22,177,385.6125898,85.2,85.2
2020-01-22,18,407.4502968,118.8,118.8
2020-01-22,180,349.4068726,89.1,89.1
2020-01-22,181,381.4510893,72.9,72.9
2020-01-22,183,151.023474,81.3,81.3
2020-01-22,184,319.4152525,54.6,54.6
2020-01-22,188,611.9163233,122.1,122.1
2020-01-22,189,732.0405238,95.1,95.1
2020-01-22,19,263.7648124,72.0,72.0
2020-01-22,190,301.2155718,40.2,40.2
2020-01-22,192,423.5960194,75.3,75.3
2020-01-22,193,195.3246615,40.5,40.5
2020-01-22,195,288.83239,82.5,82.5
2020-01-22,196,1091.898213,62.7,62.7
2020-01-22,197,400.4937183,128.4,128.4
2020-01-22,198,549.4195,90.9,90.9
2020-01-22,20,441.2317931,54.6,54.6
2020-01-22,22,258.7816048,92.4,92.4
2020-01-22,23,167.908002,64.5,64.5
2020-01-22,25,493.9812846,84.9,84.9
2020-01-22,26,277.7305837,58.5,58.5
2020-01-22,27,316.0469522,113.4,113.4
2020-01-22,28,462.0851981,92.1,92.1
2020-01-22,3,466.3161017,147.6,147.6
2020-01-22,31,548.8996466,66.3,66.3
2020-01-22,33,237.9478351,109.8,109.8
2020-01-22,35,126.1978947,42.6,42.6
2020-01-22,36,296.0674611,117.0,117.0
2020-01-22,38,730.0496783,49.5,49.5
2020-01-22,39,132.8387425,118.2,118.2
2020-01-22,41,346.4491389,40.8,40.8
2020-01-22,42,102.1498338,107.7,107.7
2020-01-22,44,879.2300484,122.7,122.7
2020-01-22,45,400.4143921,105.6,105.6
2020-01-22,46,356.1052128,62.7,62.7
2020-01-22,49,269.9378589,56.7,56.7
2020-01-22,5,589.0569635,61.8,61.8
2020-01-22,51,613.6824614,106.5,106.5
2020-01-22,52,440.120203,69.9,69.9
2020-01-22,55,406.4899204,67.5,67.5
2020-01-22,57,345.8238082,89.7,89.7
2020-01-22,59,761.0020484,112.8,112.8
2020-01-22,61,179.5238626,39.6,39.6
2020-01-22,63,473.0029148,93.9,93.9
2020-01-22,64,144.4146206,38.7,38.7
2020-01-22,66,615.9209895,76.8,76.8
2020-01-22,68,539.9962505,130.5,130.5
2020-01-22,69,558.9903068,93.0,93.0
2020-01-22,71,393.5274004,121.8,121.8
2020-01-22,72,303.3035808,75.6,75.6
2020-01-22,73,415.6682124,41.1,41.1
2020-01-22,74,335.307672,104.4,104.4
2020-01-22,75,368.2159346,69.3,69.3
2020-01-22,77,434.9653603,123.9,123.9
2020-01-22,8,358.6676877,61.5,61.5
2020-01-22,80,364.9306622,100.8,100.8
2020-01-22,81,293.7614546,64.5,64.5
2020-01-22,83,308.1176875,93.0,93.0
2020-01-22,84,386.657402,67.2,67.2
2020-01-22,88,828.7170262,126.0,126.0
2020-01-22,89,777.4856896,95.1,95.1
2020-01-22,90,313.3220101,67.8,67.8
2020-01-22,92,549.5880952,104.4,104.4
2020-01-22,93,294.3394615,64.5,64.5
2020-01-22,95,317.8670413,102.9,102.9
2020-01-22,96,849.2050529,66.9,66.9
2020-01-22,97,353.9944639,139.8,139.8
2020-01-22,98,539.4225531,98.1,98.1
2020-01-23,10,929.6728115,0.0,0.0
2020-01-23,103,347.3048361,2.1,2.1
2020-01-23,105,716.6101898,0.0,0.0
2020-01-23,108,335.8284406,2.7,2.7
2020-01-23,11,471.9732993,8.4,8.4
2020-01-23,110,757.789685,0.6,0.6
2020-01-23,111,238.3613148,11.7,11.7
2020-01-23,115,234.8828732,0.0,0.0
2020-01-23,118,232.1676085,0.0,0.0
2020-01-23,119,45.56448472,7.8,7.8
2020-01-23,120,480.471249,12.3,12.3
2020-01-23,122,59.41798307,17.7,17.7
2020-01-23,123,78.32035563,16.5,16.5
2020-01-23,125,822.4683402,3.3,3.3
2020-01-23,126,208.3594442,0.0,0.0
2020-01-23,127,110.7830566,0.9,0.9
2020-01-23,128,275.8794453,0.0,0.0
2020-01-23,131,68.04227711,4.8,4.8
2020-01-23,133,45.36745096,2.1,2.1
2020-01-23,135,32.90818268,4.5,4.5
2020-01-23,136,263.165611,0.0,0.0
2020-01-23,138,595.7810062,18.6,18.6
2020-01-23,139,51.23275252,18.6,18.6
2020-01-23,141,182.6179406,5.7,5.7
2020-01-23,142,62.97125057,0.0,0.0
2020-01-23,144,871.8476048,17.7,17.7
2020-01-23,145,337.7996576,4.2,4.2
2020-01-23,146,114.0253011,12.6,12.6
2020-01-23,149,64.78174982,2.7,2.7
2020-01-23,15,492.01773,0.0,0.0
2020-01-23,151,336.2048276,0.0,0.0
2020-01-23,152,82.91053233,1.2,1.2
2020-01-23,155,51.01214973,0.0,0.0
2020-01-23,157,338.7992739,0.0,0.0
2020-01-23,159,255.3764366,0.0,0.0
2020-01-23,161,55.6372205,15.9,15.9
2020-01-23,163,521.4060691,0.0,0.0
2020-01-23,164,127.7668439,15.3,15.3
2020-01-23,166,94.65986107,14.1,14.1
2020-01-23,168,818.8569475,19.5,19.5
2020-01-23,169,260.1455489,5.4,5.4
2020-01-23,171,244.6163803,9.0,9.0
2020-01-23,172,128.3350738,8.1,8.1
2020-01-23,173,390.8622782,16.8,16.8
2020-01-23,174,109.9471509,0.0,0.0
2020-01-23,175,103.0960824,0.0,0.0
2020-01-23,177,266.6269602,0.0,0.0
2020-01-23,18,143.2372981,0.0,0.0
2020-01-23,180,344.0109376,8.7,8.7
2020-01-23,181,170.9906009,11.7,11.7
2020-01-23,183,120.5749495,0.0,0.0
2020-01-23,184,309.1695296,12.9,12.9
2020-01-23,188,515.2017023,7.5,7.5
2020-01-23,189,146.7573178,0.0,0.0
2020-01-23,19,151.781623,9.9,9.9
2020-01-23,190,266.7166321,0.0,0.0
2020-01-23,192,72.34345277,0.0,0.0
2020-01-23,193,320.1647599,0.0,0.0
2020-01-23,195,180.647923,0.0,0.0
2020-01-23,196,296.9209043,7.8,7.8
2020-01-23,197,75.7182523,15.9,15.9
2020-01-23,198,348.7025288,10.8,10.8
2020-01-23,20,368.3195157,7.5,7.5
2020-01-23,22,97.42044903,0.0,0.0
2020-01-23,23,62.37083046,11.1,11.1
2020-01-23,25,314.8573787,12.0,12.0
2020-01-23,26,160.2842381,0.0,0.0
2020-01-23,27,100.3815578,16.2,16.2
2020-01-23,28,147.5119273,14.1,14.1
2020-01-23,3,314.8590106,3.9,3.9
2020-01-23,31,294.3003848,0.0,0.0
2020-01-23,33,58.3147478,0.0,0.0
2020-01-23,35,75.3264653,10.5,10.5
2020-01-23,36,203.1966913,17.1,17.1
2020-01-23,38,484.8675267,4.2,4.2
2020-01-23,39,66.56647708,0.0,0.0
2020-01-23,41,284.4919786,3.3,3.3
2020-01-23,42,54.48826558,14.7,14.7
2020-01-23,44,306.1221265,0.0,0.0
2020-01-23,45,494.713808,4.2,4.2
2020-01-23,46,359.1957045,0.0,0.0
2020-01-23,49,98.54048631,12.0,12.0
2020-01-23,5,593.4849245,0.0,0.0
2020-01-23,51,1198.383015,0.0,0.0
2020-01-23,52,222.8427337,3.9,3.9
2020-01-23,55,113.190964,0.3,0.3
2020-01-23,57,309.6316091,1.2,1.2
2020-01-23,59,347.2781854,0.0,0.0
2020-01-23,61,35.26511431,0.6,0.6
2020-01-23,63,197.3635676,0.0,0.0
2020-01-23,64,12.13583963,0.0,0.0
2020-01-23,66,427.010377,11.1,11.1
2020-01-23,68,1127.415484,6.3,6.3
2020-01-23,69,52.31717775,14.1,14.1
2020-01-23,71,221.7067926,5.4,5.4
2020-01-23,72,275.2285041,0.0,0.0
2020-01-23,73,129.157783,2.4,2.4
2020-01-23,74,249.734106,6.9,6.9
2020-01-23,75,327.4029602,8.1,8.1
2020-01-23,77,350.2454511,10.5,10.5
2020-01-23,8,224.1969871,0.0,0.0
2020-01-23,80,178.3852141,8.4,8.4
2020-01-23,81,94.36873029,0.0,0.0
2020-01-23,83,47.38152845,15.9,15.9
2020-01-23,84,228.3223251,15.6,15.6
2020-01-23,88,99.13271322,7.5,7.5
2020-01-23,89,626.6324659,18.9,18.9
2020-01-23,90,213.7850915,13.8,13.8
2020-01-23,92,213.7327091,0.0,0.0
2020-01-23,93,28.48835714,11.1,11.1
2020-01-23,95,94.27393317,2.7,2.7
2020-01-23,96,646.5018016,0.0,0.0
2020-01-23,97,204.6498068,7.5,7.5
2020-01-23,98,216.2036258,0.0,0.0
2020-01-24,10,358.6627892,49.5,49.5
2020-01-24,103,460.475807,35.7,35.7
2020-01-24,105,982.7767065,30.9,30.9
2020-01-24,108,247.7136356,14.7,14.7
2020-01-24,11,331.2877289,26.1,26.1
2020-01-24,110,684.4886716,38.1,38.1
2020-01-24,111,565.7811889,8.4,8.4
2020-01-24,115,513.0177208,32.1,32.1
2020-01-24,118,300.4618782,44.4,44.4
2020-01-24,119,193.3500876,38.4,38.4
2020-01-24,120,503.8923873,24.3,24.3
2020-01-24,122,117.9367843,26.4,26.4
2020-01-24,123,89.16276116,15.9,15.9
2020-01-24,125,649.9087352,36.3,36.3
2020-01-24,126,572.1551066,12.3,12.3
2020-01-24,127,155.5487493,31.8,31.8
2020-01-24,128,1047.159495,30.0,30.0
2020-01-24,131,169.4536566,10.5,10.5
2020-01-24,133,146.1128397,23.1,23.1
2020-01-24,135,122.1812115,42.6,42.6
2020-01-24,136,199.8822542,52.2,52.2
2020-01-24,138,285.4560391,45.0,45.0
2020-01-24,139,145.9692869,47.7,47.7
2020-01-24,141,319.6703516,57.3,57.3
2020-01-24,142,92.00941929,20.7,20.7
2020-01-24,144,165.0656132,50.1,50.1
2020-01-24,145,103.4104852,19.8,19.8
2020-01-24,146,115.1632748,14.1,14.1
2020-01-24,149,241.2978934,31.2,31.2
2020-01-24,15,330.454023,52.2,52.2
2020-01-24,151,683.0775288,44.1,44.1
2020-01-24,152,452.325184,29.7,29.7
2020-01-24,155,221.3205649,24.3,24.3
2020-01-24,157,148.7879083,18.9,18.9
2020-01-24,159,386.6809838,36.6,36.6
2020-01-24,161,100.2568703,20.7,20.7
2020-01-24,163,209.4116057,17.1,17.1
2020-01-24,164,136.0957583,13.8,13.8
2020-01-24,166,186.0565952,39.0,39.0
2020-01-24,168,1695.449616,47.7,47.7
2020-01-24,169,229.6892563,38.1,38.1
2020-01-24,171,244.7434963,51.9,51.9
2020-01-24,172,285.8442128,33.3,33.3
2020-01-24,173,342.9131994,44.4,44.4
2020-01-24,174,231.9903623,42.3,42.3
2020-01-24,175,302.5316219,13.5,13.5
2020-01-24,177,185.9434231,26.7,26.7
2020-01-24,18,224.5278601,44.4,44.4
2020-01-24,180,262.8564472,32.4,32.4
2020-01-24,181,345.9499489,12.0,12.0
2020-01-24,183,148.0433219,33.9,33.9
2020-01-24,184,200.0846112,12.0,12.0
2020-01-24,188,377.6212202,53.1,53.1
2020-01-24,189,195.6963533,36.3,36.3
2020-01-24,19,256.1854496,37.8,37.8
2020-01-24,190,124.1993346,33.3,33.3
2020-01-24,192,494.3252913,29.4,29.4
2020-01-24,193,85.19565894,17.4,17.4
2020-01-24,195,243.8295898,33.9,33.9
2020-01-24,196,449.056688,16.8,16.8
2020-01-24,197,237.3018585,53.1,53.1
2020-01-24,198,525.2820958,16.2,16.2
2020-01-24,20,488.2661017,15.6,15.6
2020-01-24,22,241.8730069,27.6,27.6
2020-01-24,23,110.7989658,15.0,15.0
2020-01-24,25,904.8152445,36.3,36.3
2020-01-24,26,591.8572507,17.7,17.7
2020-01-24,27,98.02049042,39.3,39.3
2020-01-24,28,790.100237,43.2,43.2
2020-01-24,3,270.2134623,54.9,54.9
2020-01-24,31,260.2104955,28.2,28.2
2020-01-24,33,129.8755577,39.3,39.3
2020-01-24,35,93.16627371,6.6,6.6
2020-01-24,36,227.5636466,44.1,44.1
2020-01-24,38,807.0196672,11.1,11.1
2020-01-24,39,144.4376583,47.1,47.1
2020-01-24,41,421.107986,20.1,20.1
2020-01-24,42,136.4140957,49.2,49.2
2020-01-24,44,445.060491,57.6,57.6
2020-01-24,45,475.8953853,38.1,38.1
2020-01-24,46,322.9493286,19.2,19.2
2020-01-24,49,184.2111486,36.9,36.9
2020-01-24,5,360.5983704,34.5,34.5
2020-01-24,51,1120.690302,42.6,42.6
2020-01-24,52,231.5859477,12.3,12.3
2020-01-24,55,143.7603737,7.8,7.8
2020-01-24,57,294.9313089,39.0,39.0
2020-01-24,59,888.4407427,44.1,44.1
2020-01-24,61,75.11963969,15.0,15.0
2020-01-24,63,374.0913516,33.6,33.6
2020-01-24,64,137.6384176,10.2,10.2
2020-01-24,66,799.248496,25.5,25.5
2020-01-24,68,1811.448782,34.2,34.2
2020-01-24,69,234.7187182,24.0,24.0
2020-01-24,71,251.7828567,52.5,52.5
2020-01-24,72,271.3226491,35.4,35.4
2020-01-24,73,342.6473244,9.6,9.6
2020-01-24,74,122.9522561,29.1,29.1
2020-01-24,75,112.9703983,38.7,38.7
2020-01-24,77,378.3819229,42.3,42.3
2020-01-24,8,111.1421506,14.1,14.1
2020-01-24,80,311.1775663,49.5,49.5
2020-01-24,81,261.5733189,27.0,27.0
2020-01-24,83,134.8066581,27.6,27.6
2020-01-24,84,256.3300326,30.6,30.6
2020-01-24,88,230.3375089,52.2,52.2
2020-01-24,89,870.1315939,37.5,37.5
2020-01-24,90,287.4550687,10.8,10.8
2020-01-24,92,443.1070534,49.5,49.5
2020-01-24,93,116.5825061,22.2,22.2
2020-01-24,95,240.1045038,30.0,30.0
2020-01-24,96,632.3634281,16.8,16.8
2020-01-24,97,300.6604277,48.3,48.3
2020-01-24,98,527.3460942,49.2,49.2
2020-01-25,10,538.4971443,159.0,159.0
2020-01-25,103,563.8118576,210.3,210.3
2020-01-25,105,976.5458609,98.1,98.1
2020-01-25,108,364.1859185,76.2,76.2
2020-01-25,11,516.4842298,98.7,98.7
2020-01-25,110,800.4575901,139.8,139.8
2020-01-25,111,600.4219047,93.9,93.9
2020-01-25,115,583.1459663,204.9,204.9
2020-01-25,118,591.0127814,183.3,183.3
2020-01-25,119,307.2460134,147.9,147.9
2020-01-25,120,403.1120382,83.1,83.1
2020-01-25,122,273.982282,128.1,128.1
2020-01-25,123,214.4079012,68.1,68.1
2020-01-25,125,652.5028411,134.1,134.1
2020-01-25,126,502.967925,63.0,63.0
2020-01-25,127,152.7366356,189.3,189.3
2020-01-25,128,1004.897047,124.5,124.5
2020-01-25,131,428.782827,131.1,131.1
2020-01-25,133,450.5944209,183.6,183.6
2020-01-25,135,733.5977742,234.3,234.3
2020-01-25,136,330.4312351,155.7,155.7
2020-01-25,138,758.582537,238.5,238.5
2020-01-25,139,252.7191429,172.5,172.5
2020-01-25,141,559.4450637,213.0,213.0
2020-01-25,142,395.8162584,170.1,170.1
2020-01-25,144,840.9656994,216.9,216.9
2020-01-25,145,498.6213492,170.4,170.4
2020-01-25,146,366.1034003,92.7,92.7
2020-01-25,149,299.3712819,80.1,80.1
2020-01-25,15,670.786935,215.7,215.7
2020-01-25,151,1040.380983,162.9,162.9
2020-01-25,152,623.6036692,97.5,97.5
2020-01-25,155,327.012534,97.2,97.2
2020-01-25,157,401.0127981,139.2,139.2
2020-01-25,159,868.1533186,198.0,198.0
2020-01-25,161,147.1673097,82.8,82.8
2020-01-25,163,490.8803026,118.2,118.2
2020-01-25,164,243.7076104,83.4,83.4
2020-01-25,166,711.3780281,118.2,118.2
2020-01-25,168,1065.303062,181.5,181.5
2020-01-25,169,490.7717197,134.1,134.1
2020-01-25,171,413.2138862,173.1,173.1
2020-01-25,172,337.3483336,109.5,109.5
2020-01-25,173,693.12912,250.8,250.8
2020-01-25,174,392.6890787,168.9,168.9
2020-01-25,175,396.292266,119.4,119.4
2020-01-25,177,502.5391548,170.7,170.7
2020-01-25,18,724.0041803,219.3,219.3
2020-01-25,180,551.9743176,173.4,173.4
2020-01-25,181,380.4300139,101.4,101.4
2020-01-25,183,415.515398,173.4,173.4
2020-01-25,184,346.656643,100.5,100.5
2020-01-25,188,825.4109058,219.6,219.6
2020-01-25,189,577.8735783,164.7,164.7
2020-01-25,19,529.0612144,144.9,144.9
2020-01-25,190,348.0646021,108.9,108.9
2020-01-25,192,513.0024114,158.7,158.7
2020-01-25,193,287.0893544,99.0,99.0
2020-01-25,195,375.2909895,156.3,156.3
2020-01-25,196,667.6705722,78.0,78.0
2020-01-25,197,529.275168,198.6,198.6
2020-01-25,198,612.9278458,135.0,135.0
2020-01-25,20,490.0487875,91.8,91.8
2020-01-25,22,473.0326982,159.3,159.3
2020-01-25,23,244.6235604,100.5,100.5
2020-01-25,25,888.1305823,150.9,150.9
2020-01-25,26,328.0593187,83.4,83.4
2020-01-25,27,675.9410755,204.6,204.6
2020-01-25,28,909.6316426,133.5,133.5
2020-01-25,3,578.0326715,244.8,244.8
2020-01-25,31,513.6064714,145.2,145.2
2020-01-25,33,358.1866738,204.0,204.0
2020-01-25,35,135.8187956,81.6,81.6
2020-01-25,36,288.0417038,175.5,175.5
2020-01-25,38,747.7092387,67.5,67.5
2020-01-25,39,586.0740646,189.0,189.0
2020-01-25,41,267.2665488,57.9,57.9
2020-01-25,42,529.7683212,185.1,185.1
2020-01-25,44,816.5672433,246.0,246.0
2020-01-25,45,559.5769071,165.0,165.0
2020-01-25,46,382.8606833,127.2,127.2
2020-01-25,49,303.1631137,101.4,101.4
2020-01-25,5,438.8643813,106.5,106.5
2020-01-25,51,592.393563,166.8,166.8
2020-01-25,52,516.5919201,100.8,100.8
2020-01-25,55,436.5177485,113.7,113.7
2020-01-25,57,494.3642491,171.9,171.9
2020-01-25,59,1099.56231,220.8,220.8
2020-01-25,61,178.9621312,81.3,81.3
2020-01-25,63,524.3763482,148.8,148.8
2020-01-25,64,310.6847518,96.0,96.0
2020-01-25,66,553.3893293,141.9,141.9
2020-01-25,68,1323.162305,197.1,197.1
2020-01-25,69,571.5587694,155.7,155.7
2020-01-25,71,395.2469638,201.9,201.9
2020-01-25,72,421.9164959,147.0,147.0
2020-01-25,73,339.1694973,84.9,84.9
2020-01-25,74,346.9644979,183.6,183.6
2020-01-25,75,454.9151406,121.2,121.2
2020-01-25,77,504.6077012,196.5,196.5
2020-01-25,8,357.9747482,116.7,116.7
2020-01-25,80,528.6824157,195.0,195.0
2020-01-25,81,397.4279561,114.3,114.3
2020-01-25,83,288.4837384,183.9,183.9
2020-01-25,84,402.1007663,120.9,120.9
2020-01-25,88,776.2091728,237.9,237.9
2020-01-25,89,862.1198394,180.6,180.6
2020-01-25,90,355.8921316,127.8,127.8
2020-01-25,92,619.4102219,162.3,162.3
2020-01-25,93,355.9039673,108.0,108.0
2020-01-25,95,369.9794694,159.0,159.0
2020-01-25,96,1062.998708,110.7,110.7
2020-01-25,97,418.6395561,218.4,218.4
2020-01-25,98,547.1690167,168.0,168.0
2020-01-26,10,1026.961298,297.3,297.3
2020-01-26,103,494.0463446,394.5,394.5
2020-01-26,105,886.9933212,167.4,167.4
2020-01-26,108,402.0876953,151.5,151.5
2020-01-26,11,783.9930307,190.8,190.8
2020-01-26,110,1040.90828,259.8,259.8
2020-01-26,111,755.607799,163.2,163.2
2020-01-26,115,921.7654656,342.3,342.3
2020-01-26,118,1193.231111,337.8,337.8
2020-01-26,119,366.0488006,239.4,239.4
2020-01-26,120,528.9760492,120.0,120.0
2020-01-26,122,698.2095666,242.1,242.1
2020-01-26,123,416.480233,117.0,117.0
2020-01-26,125,891.3620564,208.8,208.8
2020-01-26,126,566.3334168,118.8,118.8
2020-01-26,127,681.0268791,333.3,333.3
2020-01-26,128,775.6088473,212.1,212.1
2020-01-26,131,650.7490767,196.5,196.5
2020-01-26,133,430.5341316,307.2,307.2
2020-01-26,135,966.7480694,404.7,404.7
2020-01-26,136,292.0277049,312.9,312.9
2020-01-26,138,1264.307315,411.0,411.0
2020-01-26,139,420.3533388,307.8,307.8
2020-01-26,141,1128.073915,389.7,389.7
2020-01-26,142,597.3785878,297.6,297.6
2020-01-26,144,1220.166699,394.8,394.8
2020-01-26,145,693.8972659,292.5,292.5
2020-01-26,146,544.4487808,182.4,182.4
2020-01-26,149,313.1549457,156.3,156.3
2020-01-26,15,1108.894895,389.7,389.7
2020-01-26,151,1009.54221,258.3,258.3
2020-01-26,152,547.4223609,147.9,147.9
2020-01-26,155,473.6121233,144.3,144.3
2020-01-26,157,556.825643,245.1,245.1
2020-01-26,159,1159.273703,356.4,356.4
2020-01-26,161,245.985985,120.6,120.6
2020-01-26,163,789.6093881,249.9,249.9
2020-01-26,164,160.4571273,126.9,126.9
2020-01-26,166,788.9845385,215.4,215.4
2020-01-26,168,1201.077221,327.6,327.6
2020-01-26,169,666.5640932,222.3,222.3
2020-01-26,171,875.6014767,322.5,322.5
2020-01-26,172,570.8280992,202.2,202.2
2020-01-26,173,705.5347979,414.6,414.6
2020-01-26,174,915.6054695,318.6,318.6
2020-01-26,175,600.3684121,192.0,192.0
2020-01-26,177,705.0675167,322.8,322.8
2020-01-26,18,348.7706565,396.6,396.6
2020-01-26,180,444.9259657,285.6,285.6
2020-01-26,181,539.9313976,199.5,199.5
2020-01-26,183,827.0123075,304.8,304.8
2020-01-26,184,594.1163526,176.7,176.7
2020-01-26,188,935.2905286,391.5,391.5
2020-01-26,189,903.2447237,280.2,280.2
2020-01-26,19,769.6607822,286.8,286.8
2020-01-26,190,399.1336794,168.6,168.6
2020-01-26,192,718.7902846,264.6,264.6
2020-01-26,193,367.1493306,175.8,175.8
2020-01-26,195,435.7257066,253.5,253.5
2020-01-26,196,916.7025248,144.9,144.9
2020-01-26,197,1060.047094,361.5,361.5
2020-01-26,198,712.3146186,258.6,258.6
2020-01-26,20,654.5473727,175.5,175.5
2020-01-26,22,582.8055591,267.9,267.9
2020-01-26,23,281.9609038,161.4,161.4
2020-01-26,25,888.7731867,244.5,244.5
2020-01-26,26,561.9890968,156.0,156.0
2020-01-26,27,1099.166608,371.1,371.1
2020-01-26,28,832.4261165,252.3,252.3
2020-01-26,3,1057.7752,417.3,417.3
2020-01-26,31,765.5975081,245.4,245.4
2020-01-26,33,581.9240574,344.1,344.1
2020-01-26,35,434.9960493,129.6,129.6
2020-01-26,36,781.0046758,346.8,346.8
2020-01-26,38,631.9010002,122.4,122.4
2020-01-26,39,569.2221458,333.6,333.6
2020-01-26,41,436.3794282,123.3,123.3
2020-01-26,42,739.0689798,334.2,334.2
2020-01-26,44,1074.93203,429.3,429.3
2020-01-26,45,730.264253,327.6,327.6
2020-01-26,46,675.5983947,206.1,206.1
2020-01-26,49,353.5845753,185.7,185.7
2020-01-26,5,881.9606286,186.6,186.6
2020-01-26,51,1054.975743,288.6,288.6
2020-01-26,52,617.0720963,196.8,196.8
2020-01-26,55,474.8958586,176.4,176.4
2020-01-26,57,612.4220139,278.4,278.4
2020-01-26,59,1257.032484,379.8,379.8
2020-01-26,61,284.8868866,163.5,163.5
2020-01-26,63,922.9776529,264.0,264.0
2020-01-26,64,165.6537675,165.3,165.3
2020-01-26,66,915.8787604,265.2,265.2
2020-01-26,68,1555.146415,351.6,351.6
2020-01-26,69,625.1621633,270.3,270.3
2020-01-26,71,686.6977956,367.2,367.2
2020-01-26,72,691.1427804,260.4,260.4
2020-01-26,73,446.7081711,133.8,133.8
2020-01-26,74,1072.373831,347.7,347.7
2020-01-26,75,800.2522328,232.8,232.8
2020-01-26,77,979.4076391,350.4,350.4
2020-01-26,8,536.0074445,181.2,181.2
2020-01-26,80,574.4834368,337.5,337.5
2020-01-26,81,470.8223107,219.6,219.6
2020-01-26,83,654.4676764,323.1,323.1
2020-01-26,84,382.3374392,216.6,216.6
2020-01-26,88,1172.434639,424.2,424.2
2020-01-26,89,881.6365877,306.6,306.6
2020-01-26,90,352.514464,203.1,203.1
2020-01-26,92,929.7731555,313.8,313.8
2020-01-26,93,507.1842998,209.1,209.1
2020-01-26,95,724.5210258,310.5,310.5
2020-01-26,96,1019.938161,185.1,185.1
2020-01-26,97,910.2308549,395.7,395.7
2020-01-26,98,766.8176111,305.1,305.1
2020-01-27,10,1162.633083,338.1,338.1
2020-01-27,103,1009.485679,422.1,422.1
2020-01-27,105,782.4581329,192.3,192.3
2020-01-27,108,395.1457846,168.9,168.9
2020-01-27,11,836.5676778,207.6,207.6
2020-01-27,110,1026.996234,293.4,293.4
2020-01-27,111,764.0763678,180.9,180.9
2020-01-27,115,714.3701405,392.7,392.7
2020-01-27,118,586.1964282,372.6,372.6
2020-01-27,119,756.6534669,267.6,267.6
2020-01-27,120,601.3051279,149.1,149.1
2020-01-27,122,511.0893187,246.3,246.3
2020-01-27,123,387.7773408,121.5,121.5
2020-01-27,125,920.9331339,246.6,246.6
2020-01-27,126,494.6895441,121.8,121.8
2020-01-27,127,321.7040354,360.0,360.0
2020-01-27,128,799.5433183,228.3,228.3
2020-01-27,131,737.7595819,240.3,240.3
2020-01-27,133,266.0246934,344.4,344.4
2020-01-27,135,1101.920398,472.5,472.5
2020-01-27,136,1101.344965,326.7,326.7
2020-01-27,138,1043.705435,450.3,450.3
2020-01-27,139,1044.130829,332.7,332.7
2020-01-27,141,869.4485228,436.8,436.8
2020-01-27,142,894.8531062,314.4,314.4
2020-01-27,144,1039.93225,430.2,430.2
2020-01-27,145,990.9466627,325.2,325.2
2020-01-27,146,386.6045669,183.6,183.6
2020-01-27,149,433.8039151,186.6,186.6
2020-01-27,15,1013.5649,428.7,428.7
2020-01-27,151,1130.013888,288.6,288.6
2020-01-27,152,619.5254687,178.8,178.8
2020-01-27,155,477.9362234,164.1,164.1
2020-01-27,157,835.4626235,279.0,279.0
2020-01-27,159,1313.062425,393.0,393.0
2020-01-27,161,129.2190526,139.2,139.2
2020-01-27,163,832.5905951,261.9,261.9
2020-01-27,164,484.4407181,146.1,146.1
2020-01-27,166,828.5023109,250.8,250.8
2020-01-27,168,1356.602275,357.9,357.9
2020-01-27,169,703.675957,237.3,237.3
2020-01-27,171,539.8791348,361.5,361.5
2020-01-27,172,702.6126293,227.7,227.7
2020-01-27,173,1375.840154,480.3,480.3
2020-01-27,174,477.7212729,348.0,348.0
2020-01-27,175,413.0378033,221.7,221.7
2020-01-27,177,620.3891221,330.0,330.0
2020-01-27,18,339.5775214,421.8,421.8
2020-01-27,180,408.1994701,344.4,344.4
2020-01-27,181,544.8176798,210.9,210.9
2020-01-27,183,652.3279712,320.4,320.4
2020-01-27,184,389.2609827,215.7,215.7
2020-01-27,188,860.9179452,428.4,428.4
2020-01-27,189,926.7472366,295.2,295.2
2020-01-27,19,520.6462993,315.0,315.0
2020-01-27,190,381.3377738,179.7,179.7
2020-01-27,192,658.6842435,295.5,295.5
2020-01-27,193,413.8091835,175.5,175.5
2020-01-27,195,686.4323013,300.6,300.6
2020-01-27,196,977.5634355,184.2,184.2
2020-01-27,197,547.214041,410.1,410.1
2020-01-27,198,649.41555,288.9,288.9
2020-01-27,20,618.5118842,191.7,191.7
2020-01-27,22,928.4188504,282.6,282.6
2020-01-27,23,503.5521846,186.6,186.6
2020-01-27,25,993.2959165,295.2,295.2
2020-01-27,26,586.4465828,153.3,153.3
2020-01-27,27,253.5562467,404.7,404.7
2020-01-27,28,915.4436524,277.5,277.5
2020-01-27,3,1115.36013,463.2,463.2
2020-01-27,31,916.6863857,279.9,279.9
2020-01-27,33,578.0813353,370.5,370.5
2020-01-27,35,408.3055552,150.0,150.0
2020-01-27,36,769.2572492,379.5,379.5
2020-01-27,38,532.8440484,125.4,125.4
2020-01-27,39,201.6536867,378.3,378.3
2020-01-27,41,446.5505078,132.9,132.9
2020-01-27,42,658.3345391,349.8,349.8
2020-01-27,44,1076.842337,458.7,458.7
2020-01-27,45,689.9732238,342.6,342.6
2020-01-27,46,385.1531664,221.4,221.4
2020-01-27,49,452.9402684,218.1,218.1
2020-01-27,5,954.0225308,219.3,219.3
2020-01-27,51,1145.627305,344.4,344.4
2020-01-27,52,654.3358317,199.2,199.2
2020-01-27,55,540.0632144,190.8,190.8
2020-01-27,57,697.3147152,308.7,308.7
2020-01-27,59,1416.983515,419.1,419.1
2020-01-27,61,214.0559407,181.8,181.8
2020-01-27,63,623.0177975,290.4,290.4
2020-01-27,64,263.7553927,190.2,190.2
2020-01-27,66,840.4215011,291.0,291.0
2020-01-27,68,1718.478292,392.7,392.7
2020-01-27,69,864.395161,281.1,281.1
2020-01-27,71,422.0942494,406.2,406.2
2020-01-27,72,785.5313099,280.2,280.2
2020-01-27,73,574.4017062,142.8,142.8
2020-01-27,74,981.8469456,388.8,388.8
2020-01-27,75,631.6132571,268.5,268.5
2020-01-27,77,850.08461,377.7,377.7
2020-01-27,8,528.4860438,222.9,222.9
2020-01-27,80,590.9529911,371.4,371.4
2020-01-27,81,385.1851454,254.4,254.4
2020-01-27,83,696.9164543,374.7,374.7
2020-01-27,84,600.4851181,241.2,241.2
2020-01-27,88,1358.701477,483.6,483.6
2020-01-27,89,1103.131247,343.8,343.8
2020-01-27,90,337.9205088,230.4,230.4
2020-01-27,92,665.6330463,348.3,348.3
2020-01-27,93,399.2669425,204.3,204.3
2020-01-27,95,708.3604254,331.2,331.2
2020-01-27,96,1038.041664,194.1,194.1
2020-01-27,97,1226.453488,450.3,450.3
2020-01-27,98,655.716861,321.0,321.0
2020-01-28,10,1193.027028,233.4,233.4
2020-01-28,103,839.7176071,322.8,322.8
2020-01-28,105,767.52666,135.0,135.0
2020-01-28,108,383.340323,132.0,132.0
2020-01-28,11,708.7322085,145.5,145.5
2020-01-28,110,981.1693565,200.7,200.7
2020-01-28,111,867.5784647,135.9,135.9
2020-01-28,115,813.4051148,294.0,294.0
2020-01-28,118,474.045037,266.1,266.1
2020-01-28,119,357.1418741,198.0,198.0
2020-01-28,120,598.3814267,99.9,99.9
2020-01-28,122,454.5575321,172.5,172.5
2020-01-28,123,181.036457,97.8,97.8
2020-01-28,125,762.5101945,184.8,184.8
2020-01-28,126,537.2613093,88.5,88.5
2020-01-28,127,226.4241363,270.9,270.9
2020-01-28,128,1010.135982,163.8,163.8
2020-01-28,131,650.497185,177.9,177.9
2020-01-28,133,488.5245982,259.5,259.5
2020-01-28,135,125.9613163,328.8,328.8
2020-01-28,136,646.8485661,258.0,258.0
2020-01-28,138,1059.701479,324.3,324.3
2020-01-28,139,193.7561637,232.8,232.8
2020-01-28,141,1045.248346,333.3,333.3
2020-01-28,142,289.5360448,240.9,240.9
2020-01-28,144,979.1884282,314.7,314.7
2020-01-28,145,622.0007022,240.9,240.9
2020-01-28,146,391.1348581,129.0,129.0
2020-01-28,149,312.6927667,139.8,139.8
2020-01-28,15,574.3309769,324.0,324.0
2020-01-28,151,941.8325876,223.8,223.8
2020-01-28,152,528.9975278,139.8,139.8
2020-01-28,155,378.1369211,116.7,116.7
2020-01-28,157,508.0562598,198.6,198.6
2020-01-28,159,969.4444115,297.9,297.9
2020-01-28,161,120.5250452,118.2,118.2
2020-01-28,163,579.8436931,193.8,193.8
2020-01-28,164,252.883159,114.0,114.0
2020-01-28,166,666.1128549,177.9,177.9
2020-01-28,168,1743.907907,262.8,262.8
2020-01-28,169,607.3679723,180.0,180.0
2020-01-28,171,391.4335876,248.4,248.4
2020-01-28,172,582.4272009,168.0,168.0
2020-01-28,173,596.0358984,336.0,336.0
2020-01-28,174,567.6181169,264.6,264.6
2020-01-28,175,519.4620371,166.8,166.8
2020-01-28,177,778.9516346,262.8,262.8
2020-01-28,18,985.8983466,314.1,314.1
2020-01-28,180,588.7096593,247.8,247.8
2020-01-28,181,428.2967243,155.1,155.1
2020-01-28,183,289.0790589,228.0,228.0
2020-01-28,184,474.0592255,146.1,146.1
2020-01-28,188,953.3719855,320.4,320.4
2020-01-28,189,726.5825275,228.9,228.9
2020-01-28,19,445.9732242,228.3,228.3
2020-01-28,190,464.7581551,141.0,141.0
2020-01-28,192,660.7435837,230.4,230.4
2020-01-28,193,341.2976052,123.3,123.3
2020-01-28,195,478.6428785,223.2,223.2
2020-01-28,196,451.2958347,117.9,117.9
2020-01-28,197,916.76229,292.5,292.5
2020-01-28,198,684.4841813,205.8,205.8
2020-01-28,20,517.7939441,117.3,117.3
2020-01-28,22,489.9346024,209.1,209.1
2020-01-28,23,226.7739572,117.3,117.3
2020-01-28,25,870.9930521,208.5,208.5
2020-01-28,26,514.1242948,114.9,114.9
2020-01-28,27,634.0942929,279.9,279.9
2020-01-28,28,956.4030239,202.2,202.2
2020-01-28,3,666.4130677,325.8,325.8
2020-01-28,31,654.5468136,195.3,195.3
2020-01-28,33,209.6199811,281.1,281.1
2020-01-28,35,171.3871303,105.9,105.9
2020-01-28,36,554.2719774,259.2,259.2
2020-01-28,38,544.6686964,101.4,101.4
2020-01-28,39,553.5200045,275.1,275.1
2020-01-28,41,448.7311314,101.4,101.4
2020-01-28,42,534.2147955,259.8,259.8
2020-01-28,44,1039.558318,327.6,327.6
2020-01-28,45,588.0006824,265.2,265.2
2020-01-28,46,417.1293643,172.8,172.8
2020-01-28,49,431.5821029,156.6,156.6
2020-01-28,5,823.3948407,154.5,154.5
2020-01-28,51,1092.242003,237.0,237.0
2020-01-28,52,547.6339593,150.6,150.6
2020-01-28,55,535.0241179,150.0,150.0
2020-01-28,57,692.7661402,220.5,220.5
2020-01-28,59,1108.225415,315.3,315.3
2020-01-28,61,394.0616589,145.8,145.8
2020-01-28,63,710.6569504,223.8,223.8
2020-01-28,64,378.074266,128.7,128.7
2020-01-28,66,769.5294646,206.4,206.4
2020-01-28,68,1665.933077,284.7,284.7
2020-01-28,69,640.1193944,203.7,203.7
2020-01-28,71,657.6424923,291.3,291.3
2020-01-28,72,517.5592942,208.5,208.5
2020-01-28,73,441.7419203,118.8,118.8
2020-01-28,74,501.6463301,281.4,281.4
2020-01-28,75,399.3545972,207.9,207.9
2020-01-28,77,812.1896871,286.5,286.5
2020-01-28,8,410.9333658,144.9,144.9
2020-01-28,80,369.8082601,257.4,257.4
2020-01-28,81,525.1465673,188.4,188.4
2020-01-28,83,689.6466092,262.8,262.8
2020-01-28,84,529.8412944,189.0,189.0
2020-01-28,88,844.8243588,334.5,334.5
2020-01-28,89,851.0499499,240.6,240.6
2020-01-28,90,545.2588768,157.5,157.5
2020-01-28,92,646.2160568,243.6,243.6
2020-01-28,93,360.9768989,155.4,155.4
2020-01-28,95,549.7757494,240.9,240.9
2020-01-28,96,1009.914097,154.2,154.2
2020-01-28,97,457.3083581,322.5,322.5
2020-01-28,98,672.6233395,234.9,234.9
2020-01-29,10,456.1107638,86.4,86.4
2020-01-29,103,427.093671,128.1,128.1
2020-01-29,105,969.141848,48.6,48.6
2020-01-29,108,241.6638986,59.4,59.4
2020-01-29,11,806.3187896,52.2,52.2
2020-01-29,110,400.0867904,88.5,88.5
2020-01-29,111,765.4749012,36.9,36.9
2020-01-29,115,440.0842753,99.9,99.9
2020-01-29,118,337.3149409,123.6,123.6
2020-01-29,119,255.8889002,81.0,81.0
2020-01-29,120,364.1021474,35.4,35.4
2020-01-29,122,208.2527766,67.5,67.5
2020-01-29,123,150.8049053,53.4,53.4
2020-01-29,125,742.7648245,66.6,66.6
2020-01-29,126,213.4771994,22.2,22.2
2020-01-29,127,199.1376069,112.2,112.2
2020-01-29,128,761.0435395,63.9,63.9
2020-01-29,131,469.4324308,79.2,79.2
2020-01-29,133,253.5310686,96.3,96.3
2020-01-29,135,132.4930829,131.7,131.7
2020-01-29,136,285.4154188,103.8,103.8
2020-01-29,138,705.3577098,123.0,123.0
2020-01-29,139,232.6060111,101.7,101.7
2020-01-29,141,435.7449026,111.9,111.9
2020-01-29,142,298.6647118,98.1,98.1
2020-01-29,144,843.1218302,112.2,112.2
2020-01-29,145,453.6668078,79.2,79.2
2020-01-29,146,251.8586654,40.8,40.8
2020-01-29,149,203.4041779,64.8,64.8
2020-01-29,15,430.1605855,132.6,132.6
2020-01-29,151,798.7153542,99.3,99.3
2020-01-29,152,576.1551246,63.3,63.3
2020-01-29,155,314.4209801,56.7,56.7
2020-01-29,157,325.9596174,68.7,68.7
2020-01-29,159,425.6892923,109.8,109.8
2020-01-29,161,105.3087915,38.4,38.4
2020-01-29,163,300.8415596,72.0,72.0
2020-01-29,164,136.9936487,34.8,34.8
2020-01-29,166,276.8646934,59.4,59.4
2020-01-29,168,382.5988473,102.0,102.0
2020-01-29,169,513.6593626,73.2,73.2
2020-01-29,171,346.9031791,115.8,115.8
2020-01-29,172,198.9996626,57.3,57.3
2020-01-29,173,538.9327283,141.3,141.3
2020-01-29,174,350.9681723,90.0,90.0
2020-01-29,175,289.7779131,58.2,58.2
2020-01-29,177,444.0370408,97.8,97.8
2020-01-29,18,312.154532,131.7,131.7
2020-01-29,180,364.4064638,85.8,85.8
2020-01-29,181,311.9640042,50.4,50.4
2020-01-29,183,250.6224359,79.8,79.8
2020-01-29,184,370.0683226,44.7,44.7
2020-01-29,188,541.1006779,117.6,117.6
2020-01-29,189,598.157756,89.4,89.4
2020-01-29,19,297.2837112,73.8,73.8
2020-01-29,190,206.2090487,61.8,61.8
2020-01-29,192,583.8125663,91.2,91.2
2020-01-29,193,311.0181851,56.4,56.4
2020-01-29,195,262.6176,94.2,94.2
2020-01-29,196,970.2043645,43.8,43.8
2020-01-29,197,366.8749407,116.4,116.4
2020-01-29,198,390.2387955,82.2,82.2
2020-01-29,20,659.1997602,38.7,38.7
2020-01-29,22,244.283398,72.3,72.3
2020-01-29,23,177.4528506,59.1,59.1
2020-01-29,25,685.2207085,79.8,79.8
2020-01-29,26,361.4493137,57.6,57.6
2020-01-29,27,129.4464744,116.4,116.4
2020-01-29,28,610.9816361,76.2,76.2
2020-01-29,3,414.681018,123.6,123.6
2020-01-29,31,384.1439597,83.7,83.7
2020-01-29,33,322.928295,109.8,109.8
2020-01-29,35,138.5777038,30.6,30.6
2020-01-29,36,329.1979516,103.8,103.8
2020-01-29,38,536.5144123,29.1,29.1
2020-01-29,39,152.0082476,102.0,102.0
2020-01-29,41,311.6506051,35.7,35.7
2020-01-29,42,125.9401958,98.4,98.4
2020-01-29,44,916.5639988,124.2,124.2
2020-01-29,45,469.7081158,102.9,102.9
2020-01-29,46,220.8656223,68.1,68.1
2020-01-29,49,293.5619739,60.9,60.9
2020-01-29,5,318.4665311,48.9,48.9
2020-01-29,51,302.0663937,93.3,93.3
2020-01-29,52,521.402147,75.6,75.6
2020-01-29,55,394.6751157,63.6,63.6
2020-01-29,57,321.3924695,75.9,75.9
2020-01-29,59,429.8139118,108.6,108.6
2020-01-29,61,147.2731943,62.1,62.1
2020-01-29,63,399.6059599,83.1,83.1
2020-01-29,64,201.4717654,57.3,57.3
2020-01-29,66,772.9191129,71.4,71.4
2020-01-29,68,464.3176618,113.7,113.7
2020-01-29,69,554.7724979,86.7,86.7
2020-01-29,71,419.4047846,98.7,98.7
2020-01-29,72,284.9675955,86.7,86.7
2020-01-29,73,423.3179896,51.9,51.9
2020-01-29,74,394.9605475,123.0,123.0
2020-01-29,75,380.662867,89.4,89.4
2020-01-29,77,398.6039982,99.9,99.9
2020-01-29,8,365.705752,55.2,55.2
2020-01-29,80,345.3387237,104.7,104.7
2020-01-29,81,327.2062141,76.8,76.8
2020-01-29,83,168.942607,105.6,105.6
2020-01-29,84,348.8043992,60.3,60.3
2020-01-29,88,639.2594961,122.1,122.1
2020-01-29,89,842.7182189,111.0,111.0
2020-01-29,90,302.376642,55.8,55.8
2020-01-29,92,442.7585637,103.2,103.2
2020-01-29,93,284.1087099,75.3,75.3
2020-01-29,95,296.6814415,86.7,86.7
2020-01-29,96,681.6168483,66.6,66.6
2020-01-29,97,377.1099486,132.0,132.0
2020-01-29,98,470.7319228,82.2,82.2
2020-01-30,10,999.9191351,0.0,0.0
2020-01-30,103,467.8140655,15.3,15.3
2020-01-30,105,215.8456919,0.0,0.0
2020-01-30,108,106.9690309,8.4,8.4
2020-01-30,11,343.8508442,5.1,5.1
2020-01-30,110,1232.138162,5.4,5.4
2020-01-30,111,815.1465465,16.5,16.5
2020-01-30,115,196.3818335,15.9,15.9
2020-01-30,118,108.0412261,0.0,0.0
2020-01-30,119,101.8461548,15.3,15.3
2020-01-30,120,512.9853689,8.1,8.1
2020-01-30,122,166.694718,10.5,10.5
2020-01-30,123,0.4859791882,0.0,0.0
2020-01-30,125,347.5217744,0.0,0.0
2020-01-30,126,222.9991333,2.7,2.7
2020-01-30,127,51.24389377,0.0,0.0
2020-01-30,128,112.6670099,13.5,13.5
2020-01-30,131,274.9138749,0.0,0.0
2020-01-30,133,3.859438621,10.2,10.2
2020-01-30,135,96.73527127,0.9,0.9
2020-01-30,136,102.6921515,14.4,14.4
2020-01-30,138,70.39789499,12.9,12.9
2020-01-30,139,41.90408114,9.9,9.9
2020-01-30,141,386.0679572,0.0,0.0
2020-01-30,142,71.3612634,0.0,0.0
2020-01-30,144,521.6160113,19.8,19.8
2020-01-30,145,336.0304074,18.9,18.9
2020-01-30,146,307.845606,10.8,10.8
2020-01-30,149,159.4802388,0.0,0.0
2020-01-30,15,142.0745051,17.7,17.7
2020-01-30,151,229.8987435,0.0,0.0
2020-01-30,152,110.6433645,0.0,0.0
2020-01-30,155,265.8936681,0.0,0.0
2020-01-30,157,129.4372932,4.2,4.2
2020-01-30,159,331.0288724,3.3,3.3
2020-01-30,161,61.29738229,9.9,9.9
2020-01-30,163,521.3819815,6.6,6.6
2020-01-30,164,87.18952154,3.3,3.3
2020-01-30,166,119.6265759,0.0,0.0
2020-01-30,168,1508.64565,0.0,0.0
2020-01-30,169,440.0467881,0.0,0.0
2020-01-30,171,355.7583586,0.0,0.0
2020-01-30,172,181.4839664,9.9,9.9
2020-01-30,173,358.7824966,0.0,0.0
2020-01-30,174,301.9045339,14.4,14.4
2020-01-30,175,81.1551735,0.0,0.0
2020-01-30,177,319.5963637,0.0,0.0
2020-01-30,18,288.3865823,18.0,18.0
2020-01-30,180,51.1989965,8.7,8.7
2020-01-30,181,183.3280687,1.2,1.2
2020-01-30,183,102.249511,0.0,0.0
2020-01-30,184,103.1783668,13.2,13.2
2020-01-30,188,449.2134111,5.4,5.4
2020-01-30,189,421.2069869,0.9,0.9
2020-01-30,19,169.8132128,0.0,0.0
2020-01-30,190,269.1718153,0.0,0.0
2020-01-30,192,570.1001325,0.0,0.0
2020-01-30,193,305.8263174,14.1,14.1
2020-01-30,195,278.9593183,11.1,11.1
2020-01-30,196,927.108173,0.3,0.3
2020-01-30,197,241.6722711,0.0,0.0
2020-01-30,198,219.123163,0.0,0.0
2020-01-30,20,525.3391195,0.0,0.0
2020-01-30,22,141.180212,0.6,0.6
2020-01-30,23,124.9405368,10.5,10.5
2020-01-30,25,832.1639971,5.4,5.4
2020-01-30,26,401.7253029,0.0,0.0
2020-01-30,27,83.51951651,17.1,17.1
2020-01-30,28,362.7186519,15.6,15.6
2020-01-30,3,26.15050984,6.0,6.0
2020-01-30,31,514.272577,0.0,0.0
2020-01-30,33,17.75334662,0.3,0.3
2020-01-30,35,108.8678459,0.3,0.3
2020-01-30,36,254.3717782,12.0,12.0
2020-01-30,38,414.3684082,9.0,9.0
2020-01-30,39,89.05759219,0.0,0.0
2020-01-30,41,288.8140507,5.1,5.1
2020-01-30,42,82.35527281,0.0,0.0
2020-01-30,44,596.1482391,2.1,2.1
2020-01-30,45,550.6481391,3.6,3.6
2020-01-30,46,38.37077238,4.5,4.5
2020-01-30,49,253.8505506,2.4,2.4
2020-01-30,5,317.4318883,8.4,8.4
2020-01-30,51,1002.616664,7.5,7.5
2020-01-30,52,242.1291422,6.6,6.6
2020-01-30,55,15.73273079,0.0,0.0
2020-01-30,57,88.0471764,0.0,0.0
2020-01-30,59,527.9380904,7.5,7.5
2020-01-30,61,82.13586322,9.9,9.9
2020-01-30,63,369.2284059,16.5,16.5
2020-01-30,64,81.64927625,0.0,0.0
2020-01-30,66,524.5575621,11.1,11.1
2020-01-30,68,1152.760963,0.0,0.0
2020-01-30,69,166.5987848,5.4,5.4
2020-01-30,71,1.839020833,10.8,10.8
2020-01-30,72,81.45262565,8.1,8.1
2020-01-30,73,473.2800976,0.0,0.0
2020-01-30,74,279.9913816,18.6,18.6
2020-01-30,75,231.7641771,0.0,0.0
2020-01-30,77,301.1985671,0.0,0.0
2020-01-30,8,318.8373832,9.0,9.0
2020-01-30,80,332.6945584,10.5,10.5
2020-01-30,81,115.6283288,14.7,14.7
2020-01-30,83,73.50614664,13.5,13.5
2020-01-30,84,129.9909769,2.1,2.1
2020-01-30,88,613.277522,0.0,0.0
2020-01-30,89,205.6880815,13.5,13.5
2020-01-30,90,252.0946631,15.9,15.9
2020-01-30,92,473.1631882,15.9,15.9
2020-01-30,93,298.8117195,0.0,0.0
2020-01-30,95,285.5531411,0.0,0.0
2020-01-30,96,869.9262592,11.7,11.7
2020-01-30,97,311.3804339,5.1,5.1
2020-01-30,98,599.9343663,19.2,19.2
2020-01-31,10,625.1083353,22.5,22.5
2020-01-31,103,170.4249126,37.8,37.8
2020-01-31,105,310.4296249,18.6,18.6
2020-01-31,108,168.6508086,12.3,12.3
2020-01-31,11,634.8786848,23.7,23.7
2020-01-31,110,1230.893403,17.4,17.4
2020-01-31,111,207.996233,27.3,27.3
2020-01-31,115,501.2190176,48.3,48.3
2020-01-31,118,304.4068348,27.9,27.9
2020-01-31,119,204.2739539,32.7,32.7
2020-01-31,120,168.4503731,30.9,30.9
2020-01-31,122,223.1318206,27.0,27.0
2020-01-31,123,114.3882284,13.2,13.2
2020-01-31,125,772.5591759,34.5,34.5
2020-01-31,126,508.7529108,9.0,9.0
2020-01-31,127,106.8305618,24.9,24.9
2020-01-31,128,69.48825569,14.4,14.4
2020-01-31,131,155.5020569,40.5,40.5
2020-01-31,133,133.8248324,37.2,37.2
2020-01-31,135,172.4260097,58.8,58.8
2020-01-31,136,270.0910541,28.2,28.2
2020-01-31,138,607.8317614,58.8,58.8
2020-01-31,139,107.9554755,47.4,47.4
2020-01-31,141,191.454416,36.6,36.6
2020-01-31,142,120.1657282,45.3,45.3
2020-01-31,144,695.3434282,40.8,40.8
2020-01-31,145,535.6385294,35.4,35.4
2020-01-31,146,261.4516644,6.3,6.3
2020-01-31,149,163.4061186,16.5,16.5
2020-01-31,15,283.3319058,46.2,46.2
2020-01-31,151,866.599879,43.8,43.8
2020-01-31,152,590.3952001,5.4,5.4
2020-01-31,155,239.3709216,20.4,20.4
2020-01-31,157,313.8004,32.4,32.4
2020-01-31,159,1034.099908,36.6,36.6
2020-01-31,161,97.80600703,23.1,23.1
2020-01-31,163,261.4917104,15.9,15.9
2020-01-31,164,87.97796058,16.8,16.8
2020-01-31,166,370.476558,34.5,34.5
2020-01-31,168,648.1564187,34.5,34.5
2020-01-31,169,400.1549244,27.3,27.3
2020-01-31,171,322.053147,26.7,26.7
2020-01-31,172,296.4011662,40.5,40.5
2020-01-31,173,506.101791,55.8,55.8
2020-01-31,174,244.1641929,51.6,51.6
2020-01-31,175,312.9227066,27.0,27.0
2020-01-31,177,295.4943077,42.9,42.9
2020-01-31,18,271.778423,55.8,55.8
2020-01-31,180,188.9631584,26.4,26.4
2020-01-31,181,330.4849191,33.0,33.0
2020-01-31,183,132.5924724,41.4,41.4
2020-01-31,184,351.7417505,26.4,26.4
2020-01-31,188,190.5981703,48.0,48.0
2020-01-31,189,213.3362262,25.5,25.5
2020-01-31,19,211.3629288,19.5,19.5
2020-01-31,190,64.09393409,32.4,32.4
2020-01-31,192,97.65077888,19.2,19.2
2020-01-31,193,115.3423373,23.1,23.1
2020-01-31,195,117.3585057,23.1,23.1
2020-01-31,196,964.5592657,22.5,22.5
2020-01-31,197,269.4824822,59.4,59.4
2020-01-31,198,287.351181,28.5,28.5
2020-01-31,20,306.8338175,26.7,26.7
2020-01-31,22,249.7296131,40.2,40.2
2020-01-31,23,69.29769262,27.6,27.6
2020-01-31,25,892.9518814,40.2,40.2
2020-01-31,26,516.4287109,22.2,22.2
2020-01-31,27,113.5055169,55.8,55.8
2020-01-31,28,637.5563938,40.5,40.5
2020-01-31,3,251.6134678,65.4,65.4
2020-01-31,31,189.9031355,35.4,35.4
2020-01-31,33,113.3351568,55.5,55.5
2020-01-31,35,105.5969627,5.1,5.1
2020-01-31,36,208.259847,41.4,41.4
2020-01-31,38,216.5916697,8.7,8.7
2020-01-31,39,111.7310483,51.6,51.6
2020-01-31,41,354.8295444,2.4,2.4
2020-01-31,42,116.8447538,33.0,33.0
2020-01-31,44,983.4880157,49.8,49.8
2020-01-31,45,154.1033713,27.6,27.6
2020-01-31,46,295.6212861,16.5,16.5
2020-01-31,49,203.1277286,34.5,34.5
2020-01-31,5,1046.059515,13.5,13.5
2020-01-31,51,1028.592037,35.4,35.4
2020-01-31,52,252.8576466,37.8,37.8
2020-01-31,55,428.0117833,9.0,9.0
2020-01-31,57,339.563131,26.4,26.4
2020-01-31,59,768.1499475,43.5,43.5
2020-01-31,61,73.2206783,22.2,22.2
2020-01-31,63,513.2872696,36.6,36.6
2020-01-31,64,95.98750632,21.0,21.0
2020-01-31,66,674.7801742,21.9,21.9
2020-01-31,68,205.6116348,45.3,45.3
2020-01-31,69,171.3850429,26.4,26.4
2020-01-31,71,276.0939149,53.1,53.1
2020-01-31,72,136.9639041,18.0,18.0
2020-01-31,73,285.7046237,2.4,2.4
2020-01-31,74,165.6722784,57.6,57.6
2020-01-31,75,194.7300785,27.9,27.9
2020-01-31,77,337.2252877,53.4,53.4
2020-01-31,8,292.7910814,37.5,37.5
2020-01-31,80,273.4029164,53.1,53.1
2020-01-31,81,214.6453976,40.2,40.2
2020-01-31,83,156.2543173,25.2,25.2
2020-01-31,84,322.9715471,35.4,35.4
2020-01-31,88,504.0671256,44.4,44.4
2020-01-31,89,758.9212951,24.9,24.9
2020-01-31,90,330.8094508,10.2,10.2
2020-01-31,92,194.6751911,42.6,42.6
2020-01-31,93,146.5412176,28.2,28.2
2020-01-31,95,206.0893737,37.8,37.8
2020-01-31,96,1059.307,24.3,24.3
2020-01-31,97,261.6669316,45.6,45.6
2020-01-31,98,540.0942328,26.1,26.1
2020-02-01,10,700.8485715,162.0,162.0
2020-02-01,103,616.7959338,206.1,206.1
2020-02-01,105,836.7939024,107.7,107.7
2020-02-01,108,353.0973606,83.4,83.4
2020-02-01,11,654.5194427,89.7,89.7
2020-02-01,110,971.3951322,142.2,142.2
2020-02-01,111,749.2050424,75.6,75.6
2020-02-01,115,526.599722,213.9,213.9
2020-02-01,118,511.7700368,201.6,201.6
2020-02-01,119,377.6233967,140.7,140.7
2020-02-01,120,531.8964575,68.1,68.1
2020-02-01,122,372.5956563,143.1,143.1
2020-02-01,123,145.3956686,63.3,63.3
2020-02-01,125,861.4809119,117.3,117.3
2020-02-01,126,225.2683543,60.6,60.6
2020-02-01,127,471.9246939,186.6,186.6
2020-02-01,128,810.1136125,129.3,129.3
2020-02-01,131,553.355564,103.2,103.2
2020-02-01,133,480.2766195,166.2,166.2
2020-02-01,135,351.160488,240.3,240.3
2020-02-01,136,502.8625886,164.4,164.4
2020-02-01,138,782.0475854,216.6,216.6
2020-02-01,139,249.2857632,166.8,166.8
2020-02-01,141,533.0979492,218.7,218.7
2020-02-01,142,308.9420616,166.8,166.8
2020-02-01,144,727.0495355,232.8,232.8
2020-02-01,145,518.5780253,153.6,153.6
2020-02-01,146,340.328636,96.6,96.6
2020-02-01,149,289.0627361,81.3,81.3
2020-02-01,15,668.6995217,223.2,223.2
2020-02-01,151,648.4544715,136.5,136.5
2020-02-01,152,559.0835441,79.2,79.2
2020-02-01,155,357.1804851,78.0,78.0
2020-02-01,157,364.0932972,155.4,155.4
2020-02-01,159,713.9246613,205.5,205.5
2020-02-01,161,175.6384905,64.2,64.2
2020-02-01,163,476.2078848,119.1,119.1
2020-02-01,164,141.9124813,72.6,72.6
2020-02-01,166,684.4887405,133.8,133.8
2020-02-01,168,808.6713223,180.0,180.0
2020-02-01,169,373.7203892,112.8,112.8
2020-02-01,171,435.5475851,177.3,177.3
2020-02-01,172,313.6387427,117.6,117.6
2020-02-01,173,779.8270202,246.0,246.0
2020-02-01,174,367.205715,182.1,182.1
2020-02-01,175,376.3596054,127.2,127.2
2020-02-01,177,501.3112197,186.9,186.9
2020-02-01,18,498.0670342,227.7,227.7
2020-02-01,180,537.2429827,167.7,167.7
2020-02-01,181,374.7273989,112.8,112.8
2020-02-01,183,369.5277078,167.4,167.4
2020-02-01,184,359.0068763,90.6,90.6
2020-02-01,188,720.5080921,210.6,210.6
2020-02-01,189,615.472399,145.8,145.8
2020-02-01,19,298.8365824,140.1,140.1
2020-02-01,190,311.5317317,96.6,96.6
2020-02-01,192,571.281515,161.1,161.1
2020-02-01,193,328.3779675,104.4,104.4
2020-02-01,195,312.6413199,162.0,162.0
2020-02-01,196,840.3592746,94.5,94.5
2020-02-01,197,641.445953,207.6,207.6
2020-02-01,198,585.2694021,148.5,148.5
2020-02-01,20,554.7417708,87.6,87.6
2020-02-01,22,294.7981643,140.4,140.4
2020-02-01,23,178.6020649,84.0,84.0
2020-02-01,25,962.1662669,139.2,139.2
2020-02-01,26,324.1128384,75.6,75.6
2020-02-01,27,441.3166848,194.1,194.1
2020-02-01,28,752.9370057,128.7,128.7
2020-02-01,3,723.5376763,241.5,241.5
2020-02-01,31,522.8059011,121.8,121.8
2020-02-01,33,235.4908226,190.8,190.8
2020-02-01,35,140.8137622,71.7,71.7
2020-02-01,36,323.8419196,188.4,188.4
2020-02-01,38,513.4027426,54.3,54.3
2020-02-01,39,149.1964099,199.5,199.5
2020-02-01,41,364.8546357,57.6,57.6
2020-02-01,42,308.0845232,168.6,168.6
2020-02-01,44,837.4145984,228.0,228.0
2020-02-01,45,557.8756887,178.8,178.8
2020-02-01,46,358.5340925,112.8,112.8
2020-02-01,49,325.9897143,98.4,98.4
2020-02-01,5,780.3050736,104.7,104.7
2020-02-01,51,765.6303856,179.4,179.4
2020-02-01,52,412.489673,118.2,118.2
2020-02-01,55,435.3957437,96.6,96.6
2020-02-01,57,450.4887321,145.8,145.8
2020-02-01,59,1006.535126,223.5,223.5
2020-02-01,61,172.8806553,96.0,96.0
2020-02-01,63,481.5696825,143.7,143.7
2020-02-01,64,173.3513781,82.2,82.2
2020-02-01,66,754.5900852,141.3,141.3
2020-02-01,68,1335.220903,204.0,204.0
2020-02-01,69,538.4018747,141.0,141.0
2020-02-01,71,582.3759392,198.0,198.0
2020-02-01,72,382.2167142,124.8,124.8
2020-02-01,73,577.1678786,75.6,75.6
2020-02-01,74,584.4218628,204.9,204.9
2020-02-01,75,406.1099772,123.3,123.3
2020-02-01,77,588.7641184,188.1,188.1
2020-02-01,8,330.4487948,96.0,96.0
2020-02-01,80,627.7164403,199.5,199.5
2020-02-01,81,393.2370859,140.4,140.4
2020-02-01,83,213.611506,181.5,181.5
2020-02-01,84,379.6283576,111.3,111.3
2020-02-01,88,780.579741,234.9,234.9
2020-02-01,89,629.7494952,167.7,167.7
2020-02-01,90,402.4612757,119.4,119.4
2020-02-01,92,640.808571,168.6,168.6
2020-02-01,93,332.5605615,96.6,96.6
2020-02-01,95,533.0109314,164.1,164.1
2020-02-01,96,344.2261049,111.3,111.3
2020-02-01,97,705.53189,229.5,229.5
2020-02-01,98,558.9514003,165.9,165.9
2020-02-02,10,1014.138142,300.6,300.6
2020-02-02,103,918.7095244,381.3,381.3
2020-02-02,105,625.4626029,153.6,153.6
2020-02-02,108,508.7856607,165.6,165.6
2020-02-02,11,681.4593066,197.4,197.4
2020-02-02,110,1004.578064,247.8,247.8
2020-02-02,111,755.1419866,156.6,156.6
2020-02-02,115,718.0268058,359.4,359.4
2020-02-02,118,1191.142639,335.1,335.1
2020-02-02,119,676.667251,230.7,230.7
2020-02-02,120,460.6861121,117.0,117.0
2020-02-02,122,593.4530161,220.8,220.8
2020-02-02,123,140.7321381,119.4,119.4
2020-02-02,125,965.6552895,219.3,219.3
2020-02-02,126,419.5068862,111.3,111.3
2020-02-02,127,528.5199805,331.8,331.8
2020-02-02,128,868.8788157,206.1,206.1
2020-02-02,131,682.4958389,204.6,204.6
2020-02-02,133,966.5834677,317.4,317.4
2020-02-02,135,1283.778714,407.7,407.7
2020-02-02,136,300.8808637,289.8,289.8
2020-02-02,138,891.1279713,413.4,413.4
2020-02-02,139,283.6729765,287.1,287.1
2020-02-02,141,1254.311316,402.0,402.0
2020-02-02,142,612.459607,297.0,297.0
2020-02-02,144,1074.841327,386.1,386.1
2020-02-02,145,800.8377547,294.0,294.0
2020-02-02,146,420.841059,171.9,171.9
2020-02-02,149,352.0778703,153.9,153.9
2020-02-02,15,1125.880758,379.8,379.8
2020-02-02,151,935.9687432,256.8,256.8
2020-02-02,152,565.4833825,151.5,151.5
2020-02-02,155,486.4111714,143.1,143.1
2020-02-02,157,518.0593538,243.3,243.3
2020-02-02,159,1096.486983,354.9,354.9
2020-02-02,161,300.1323958,131.1,131.1
2020-02-02,163,698.0959457,243.6,243.6
2020-02-02,164,226.3543305,121.8,121.8
2020-02-02,166,775.8774856,225.9,225.9
2020-02-02,168,1185.782514,340.2,340.2
2020-02-02,169,711.8632773,214.2,214.2
2020-02-02,171,504.1678344,331.2,331.2
2020-02-02,172,475.2940182,208.2,208.2
2020-02-02,173,606.3791493,414.9,414.9
2020-02-02,174,688.3789587,321.9,321.9
2020-02-02,175,587.7292834,192.9,192.9
2020-02-02,177,671.6738046,322.2,322.2
2020-02-02,18,829.3110913,388.2,388.2
2020-02-02,180,503.0136649,312.6,312.6
2020-02-02,181,458.8957557,182.7,182.7
2020-02-02,183,980.6670465,285.6,285.6
2020-02-02,184,587.8298808,174.9,174.9
2020-02-02,188,818.0882914,395.1,395.1
2020-02-02,189,901.8252882,291.3,291.3
2020-02-02,19,458.3845618,286.2,286.2
2020-02-02,190,548.135998,171.9,171.9
2020-02-02,192,723.648415,264.0,264.0
2020-02-02,193,398.0678109,160.5,160.5
2020-02-02,195,368.5799227,274.2,274.2
2020-02-02,196,621.1030918,141.9,141.9
2020-02-02,197,457.6555492,353.7,353.7
2020-02-02,198,771.908088,267.6,267.6
2020-02-02,20,574.5944857,167.7,167.7
2020-02-02,22,315.8642295,276.6,276.6
2020-02-02,23,461.681392,148.2,148.2
2020-02-02,25,868.891751,264.6,264.6
2020-02-02,26,580.6122182,145.2,145.2
2020-02-02,27,534.2683661,346.5,346.5
2020-02-02,28,953.8136536,263.1,263.1
2020-02-02,3,1139.110275,423.6,423.6
2020-02-02,31,672.6768202,236.7,236.7
2020-02-02,33,174.5868676,347.4,347.4
2020-02-02,35,278.4579178,115.5,115.5
2020-02-02,36,885.6165848,345.0,345.0
2020-02-02,38,798.2838515,108.6,108.6
2020-02-02,39,1141.396763,318.0,318.0
2020-02-02,41,371.7700905,121.5,121.5
2020-02-02,42,807.9254044,330.0,330.0
2020-02-02,44,1266.223295,424.2,424.2
2020-02-02,45,1046.34704,309.9,309.9
2020-02-02,46,602.1507601,201.3,201.3
2020-02-02,49,447.0126985,197.4,197.4
2020-02-02,5,694.4770438,196.8,196.8
2020-02-02,51,1037.24368,309.9,309.9
2020-02-02,52,596.1430765,194.4,194.4
2020-02-02,55,501.7869254,186.3,186.3
2020-02-02,57,410.8536824,274.5,274.5
2020-02-02,59,1308.60928,385.8,385.8
2020-02-02,61,244.6497374,176.7,176.7
2020-02-02,63,881.5934061,271.5,271.5
2020-02-02,64,249.6222375,174.9,174.9
2020-02-02,66,782.8505186,249.6,249.6
2020-02-02,68,1339.906307,363.0,363.0
2020-02-02,69,697.4817824,264.9,264.9
2020-02-02,71,1154.115209,350.4,350.4
2020-02-02,72,373.6215608,262.2,262.2
2020-02-02,73,543.7109002,151.5,151.5
2020-02-02,74,837.8989244,363.0,363.0
2020-02-02,75,528.6066646,227.7,227.7
2020-02-02,77,717.9079205,335.1,335.1
2020-02-02,8,592.3764183,207.9,207.9
2020-02-02,80,482.0645862,335.4,335.4
2020-02-02,81,535.9220773,214.2,214.2
2020-02-02,83,668.1001349,316.2,316.2
2020-02-02,84,566.3513372,218.1,218.1
2020-02-02,88,957.4173154,427.5,427.5
2020-02-02,89,1011.782318,302.1,302.1
2020-02-02,90,616.7861292,216.0,216.0
2020-02-02,92,951.0244699,298.5,298.5
2020-02-02,93,415.1466592,193.2,193.2
2020-02-02,95,438.4783562,283.8,283.8
2020-02-02,96,737.8312412,189.0,189.0
2020-02-02,97,799.4135077,387.6,387.6
2020-02-02,98,984.3678196,295.2,295.2
2020-02-03,10,1269.659318,322.8,322.8
2020-02-03,103,997.6807308,436.5,436.5
2020-02-03,105,691.5744864,170.7,170.7
2020-02-03,108,468.6515962,162.0,162.0
2020-02-03,11,839.536084,216.6,216.6
2020-02-03,110,1226.583774,284.4,284.4
2020-02-03,111,885.7885277,181.5,181.5
2020-02-03,115,944.7073096,379.5,379.5
2020-02-03,118,1198.675366,373.5,373.5
2020-02-03,119,323.6132108,251.4,251.4
2020-02-03,120,584.9137709,144.3,144.3
2020-02-03,122,689.3736135,256.5,256.5
2020-02-03,123,415.4789075,133.5,133.5
2020-02-03,125,914.3450479,236.7,236.7
2020-02-03,126,465.7819223,131.7,131.7
2020-02-03,127,396.138907,373.2,373.2
2020-02-03,128,823.2229087,227.4,227.4
2020-02-03,131,729.9650468,223.5,223.5
2020-02-03,133,934.927382,354.6,354.6
2020-02-03,135,1474.819883,468.9,468.9
2020-02-03,136,454.6983888,340.2,340.2
2020-02-03,138,1458.26905,441.0,441.0
2020-02-03,139,1058.420371,313.2,313.2
2020-02-03,141,1055.340478,434.7,434.7
2020-02-03,142,788.8172576,325.8,325.8
2020-02-03,144,1286.443683,417.6,417.6
2020-02-03,145,965.0492189,302.7,302.7
2020-02-03,146,504.2010629,201.9,201.9
2020-02-03,149,300.6627189,171.0,171.0
2020-02-03,15,785.229535,441.3,441.3
2020-02-03,151,1077.183927,300.9,300.9
2020-02-03,152,603.6839079,172.8,172.8
2020-02-03,155,503.5836368,170.4,170.4
2020-02-03,157,695.9450119,265.5,265.5
2020-02-03,159,1131.16087,382.8,382.8
2020-02-03,161,279.3327397,160.5,160.5
2020-02-03,163,674.1445666,263.7,263.7
2020-02-03,164,165.9647039,148.5,148.5
2020-02-03,166,794.006892,258.3,258.3
2020-02-03,168,1337.972009,357.9,357.9
2020-02-03,169,660.5773687,258.0,258.0
2020-02-03,171,1016.480321,366.0,366.0
2020-02-03,172,425.5953542,228.0,228.0
2020-02-03,173,842.6418896,480.3,480.3
2020-02-03,174,1182.694022,343.2,343.2
2020-02-03,175,548.39348,213.0,213.0
2020-02-03,177,728.7964797,327.3,327.3
2020-02-03,18,771.3044702,425.7,425.7
2020-02-03,180,402.2944346,332.4,332.4
2020-02-03,181,514.0880826,213.6,213.6
2020-02-03,183,573.3516541,330.3,330.3
2020-02-03,184,465.2088235,206.4,206.4
2020-02-03,188,845.0363514,444.3,444.3
2020-02-03,189,921.6008607,295.8,295.8
2020-02-03,19,587.6727747,313.8,313.8
2020-02-03,190,516.0336306,171.9,171.9
2020-02-03,192,835.0167181,311.7,311.7
2020-02-03,193,585.4572791,177.3,177.3
2020-02-03,195,686.9209378,297.3,297.3
2020-02-03,196,803.9167317,156.6,156.6
2020-02-03,197,932.3867545,400.2,400.2
2020-02-03,198,699.0773797,289.8,289.8
2020-02-03,20,650.3603815,177.0,177.0
2020-02-03,22,614.5488773,303.6,303.6
2020-02-03,23,182.1022377,183.9,183.9
2020-02-03,25,947.5507791,288.6,288.6
2020-02-03,26,574.5728166,152.7,152.7
2020-02-03,27,746.3825587,414.6,414.6
2020-02-03,28,986.1133093,272.4,272.4
2020-02-03,3,1095.584493,467.4,467.4
2020-02-03,31,855.2992114,268.5,268.5
2020-02-03,33,265.0306901,385.2,385.2
2020-02-03,35,467.635588,142.8,142.8
2020-02-03,36,695.7643401,386.1,386.1
2020-02-03,38,688.3001928,132.0,132.0
2020-02-03,39,486.9758624,378.9,378.9
2020-02-03,41,412.8353163,114.0,114.0
2020-02-03,42,620.257942,343.5,343.5
2020-02-03,44,1193.275354,468.9,468.9
2020-02-03,45,1030.53561,354.9,354.9
2020-02-03,46,576.7517145,228.6,228.6
2020-02-03,49,564.1102227,235.5,235.5
2020-02-03,5,990.8831329,211.2,211.2
2020-02-03,51,1078.524753,333.3,333.3
2020-02-03,52,625.44667,215.1,215.1
2020-02-03,55,611.7441018,208.2,208.2
2020-02-03,57,930.1689714,306.3,306.3
2020-02-03,59,1233.926245,433.5,433.5
2020-02-03,61,244.845947,176.4,176.4
2020-02-03,63,587.353881,305.1,305.1
2020-02-03,64,245.6161292,184.5,184.5
2020-02-03,66,862.3582531,283.8,283.8
2020-02-03,68,1651.640081,391.2,391.2
2020-02-03,69,875.1174777,270.9,270.9
2020-02-03,71,1319.969108,396.6,396.6
2020-02-03,72,370.8544477,285.9,285.9
2020-02-03,73,515.7417004,140.1,140.1
2020-02-03,74,640.2291924,381.0,381.0
2020-02-03,75,825.9793067,274.8,274.8
2020-02-03,77,754.3787677,378.6,378.6
2020-02-03,8,680.8880698,207.3,207.3
2020-02-03,80,1131.524555,359.1,359.1
2020-02-03,81,562.5325741,248.1,248.1
2020-02-03,83,1045.616422,371.1,371.1
2020-02-03,84,687.3453126,246.9,246.9
2020-02-03,88,1538.529224,455.4,455.4
2020-02-03,89,1010.074777,339.9,339.9
2020-02-03,90,511.2587667,220.2,220.2
2020-02-03,92,970.69597,326.1,326.1
2020-02-03,93,398.8490879,213.9,213.9
2020-02-03,95,701.4209333,319.5,319.5
2020-02-03,96,860.7611523,215.7,215.7
2020-02-03,97,1453.646447,456.6,456.6
2020-02-03,98,663.40512,335.1,335.1
2020-02-04,10,1266.869972,242.1,242.1
2020-02-04,103,522.4874706,313.8,313.8
2020-02-04,105,618.5348327,129.0,129.0
2020-02-04,108,383.4165574,115.5,115.5
2020-02-04,11,843.266925,144.3,144.3
2020-02-04,110,839.1607264,208.2,208.2
2020-02-04,111,457.0064975,123.3,123.3
2020-02-04,115,793.7597219,273.3,273.3
2020-02-04,118,794.7605869,291.6,291.6
2020-02-04,119,352.4074432,184.8,184.8
2020-02-04,120,654.8956571,112.2,112.2
2020-02-04,122,449.0070127,192.0,192.0
2020-02-04,123,198.6625515,85.2,85.2
2020-02-04,125,887.586544,169.8,169.8
2020-02-04,126,289.9875786,95.7,95.7
2020-02-04,127,297.5396842,269.7,269.7
2020-02-04,128,629.617194,163.2,163.2
2020-02-04,131,611.0957974,158.4,158.4
2020-02-04,133,236.5788155,243.0,243.0
2020-02-04,135,709.3732583,326.1,326.1
2020-02-04,136,503.1321655,244.5,244.5
2020-02-04,138,1101.970885,336.9,336.9
2020-02-04,139,317.5253584,240.0,240.0
2020-02-04,141,870.7122648,333.3,333.3
2020-02-04,142,428.0433974,244.8,244.8
2020-02-04,144,1020.161302,322.5,322.5
2020-02-04,145,666.7937183,234.9,234.9
2020-02-04,146,439.5989671,136.8,136.8
2020-02-04,149,417.1438133,135.6,135.6
2020-02-04,15,868.9489109,313.2,313.2
2020-02-04,151,782.550376,208.8,208.8
2020-02-04,152,423.3358962,135.6,135.6
2020-02-04,155,466.911437,121.5,121.5
2020-02-04,157,533.9343366,213.6,213.6
2020-02-04,159,951.7403688,297.6,297.6
2020-02-04,161,244.2222719,115.8,115.8
2020-02-04,163,554.9846639,179.7,179.7
2020-02-04,164,305.7216038,107.7,107.7
2020-02-04,166,725.4963728,177.3,177.3
2020-02-04,168,1709.077264,262.5,262.5
2020-02-04,169,573.1462429,174.3,174.3
2020-02-04,171,760.8930551,262.2,262.2
2020-02-04,172,539.268569,179.7,179.7
2020-02-04,173,797.7683357,327.3,327.3
2020-02-04,174,659.3338469,266.1,266.1
2020-02-04,175,493.7198118,158.7,158.7
2020-02-04,177,682.662553,249.9,249.9
2020-02-04,18,538.4281028,319.8,319.8
2020-02-04,180,479.9686155,254.4,254.4
2020-02-04,181,438.8171548,155.7,155.7
2020-02-04,183,407.7481066,231.3,231.3
2020-02-04,184,427.410976,147.3,147.3
2020-02-04,188,887.7572088,322.8,322.8
2020-02-04,189,748.4256492,234.6,234.6
2020-02-04,19,630.3275051,209.7,209.7
2020-02-04,190,454.7405284,123.6,123.6
2020-02-04,192,652.0114192,210.9,210.9
2020-02-04,193,347.4074124,127.2,127.2
2020-02-04,195,336.4366719,213.3,213.3
2020-02-04,196,729.88935,112.5,112.5
2020-02-04,197,890.451159,304.8,304.8
2020-02-04,198,677.3945485,218.4,218.4
2020-02-04,20,594.9555906,136.8,136.8
2020-02-04,22,449.1029092,200.1,200.1
2020-02-04,23,355.2101188,137.1,137.1
2020-02-04,25,878.3502861,218.4,218.4
2020-02-04,26,422.3251243,123.3,123.3
2020-02-04,27,899.257717,280.2,280.2
2020-02-04,28,876.6118207,202.2,202.2
2020-02-04,3,959.4361327,324.0,324.0
2020-02-04,31,610.2034255,188.4,188.4
2020-02-04,33,190.7346672,288.3,288.3
2020-02-04,35,186.3985171,109.8,109.8
2020-02-04,36,316.5879625,270.6,270.6
2020-02-04,38,385.6370952,94.8,94.8
2020-02-04,39,626.927856,267.0,267.0
2020-02-04,41,400.6956899,77.1,77.1
2020-02-04,42,101.2773778,269.1,269.1
2020-02-04,44,1083.668269,328.2,328.2
2020-02-04,45,794.0618198,254.1,254.1
2020-02-04,46,451.2039206,163.8,163.8
2020-02-04,49,420.7292467,152.1,152.1
2020-02-04,5,952.0600416,158.1,158.1
2020-02-04,51,891.4454442,238.5,238.5
2020-02-04,52,545.2675853,149.1,149.1
2020-02-04,55,507.0431527,139.2,139.2
2020-02-04,57,576.795212,225.3,225.3
2020-02-04,59,1043.403672,320.1,320.1
2020-02-04,61,358.0247621,143.7,143.7
2020-02-04,63,544.5018432,212.4,212.4
2020-02-04,64,200.539374,138.9,138.9
2020-02-04,66,765.1008509,212.7,212.7
2020-02-04,68,1406.6459,282.6,282.6
2020-02-04,69,668.3789043,213.3,213.3
2020-02-04,71,671.5032494,277.8,277.8
2020-02-04,72,588.6576883,207.9,207.9
2020-02-04,73,504.1496324,110.7,110.7
2020-02-04,74,767.6781339,283.5,283.5
2020-02-04,75,420.0701013,204.0,204.0
2020-02-04,77,541.5856887,266.1,266.1
2020-02-04,8,470.0352005,165.9,165.9
2020-02-04,80,493.5715984,261.9,261.9
2020-02-04,81,521.7805068,194.4,194.4
2020-02-04,83,705.9951535,270.0,270.0
2020-02-04,84,436.3275552,172.2,172.2
2020-02-04,88,1069.232257,343.8,343.8
2020-02-04,89,876.4624079,253.2,253.2
2020-02-04,90,511.0932787,171.0,171.0
2020-02-04,92,706.7652205,259.8,259.8
2020-02-04,93,358.049405,170.7,170.7
2020-02-04,95,626.7231453,241.2,241.2
2020-02-04,96,599.7714253,158.4,158.4
2020-02-04,97,1008.050072,314.4,314.4
2020-02-04,98,731.0035723,229.8,229.8
2020-02-05,10,785.5202979,79.8,79.8
2020-02-05,103,443.2516682,128.1,128.1
2020-02-05,105,903.7531266,56.7,56.7
2020-02-05,108,301.5168941,62.4,62.4
2020-02-05,11,761.4744146,51.6,51.6
2020-02-05,110,995.7422964,77.4,77.4
2020-02-05,111,690.8723772,57.6,57.6
2020-02-05,115,489.0100092,101.4,101.4
2020-02-05,118,353.0355398,103.5,103.5
2020-02-05,119,257.9271063,61.8,61.8
2020-02-05,120,589.7351124,51.6,51.6
2020-02-05,122,248.2598597,75.3,75.3
2020-02-05,123,137.2488487,34.8,34.8
2020-02-05,125,975.2952896,66.6,66.6
2020-02-05,126,177.71182,42.0,42.0
2020-02-05,127,228.8324872,89.7,89.7
2020-02-05,128,331.6097967,72.9,72.9
2020-02-05,131,250.8455222,71.4,71.4
2020-02-05,133,290.4374581,97.5,97.5
2020-02-05,135,178.0543029,129.0,129.0
2020-02-05,136,321.671745,99.0,99.0
2020-02-05,138,719.2950692,121.8,121.8
2020-02-05,139,320.7649244,108.3,108.3
2020-02-05,141,452.1877606,117.0,117.0
2020-02-05,142,119.8733134,80.4,80.4
2020-02-05,144,930.4444072,118.2,118.2
2020-02-05,145,375.5647665,81.0,81.0
2020-02-05,146,183.9106916,39.6,39.6
2020-02-05,149,225.4067019,39.6,39.6
2020-02-05,15,386.4225348,117.3,117.3
2020-02-05,151,462.4324446,90.0,90.0
2020-02-05,152,536.3470332,63.0,63.0
2020-02-05,155,325.027071,38.7,38.7
2020-02-05,157,297.7149827,86.4,86.4
2020-02-05,159,850.4867018,103.5,103.5
2020-02-05,161,109.9730175,42.6,42.6
2020-02-05,163,398.9353317,73.8,73.8
2020-02-05,164,144.8798744,37.5,37.5
2020-02-05,166,342.613015,76.8,76.8
2020-02-05,168,954.2792278,93.9,93.9
2020-02-05,169,418.3888838,64.2,64.2
2020-02-05,171,348.6194173,106.5,106.5
2020-02-05,172,286.326044,54.0,54.0
2020-02-05,173,466.8144092,146.4,146.4
2020-02-05,174,307.0949922,104.1,104.1
2020-02-05,175,372.9427216,75.3,75.3
2020-02-05,177,293.7211105,85.2,85.2
2020-02-05,18,321.8119622,131.1,131.1
2020-02-05,180,358.2460216,108.3,108.3
2020-02-05,181,225.687938,57.0,57.0
2020-02-05,183,195.218247,99.6,99.6
2020-02-05,184,285.2008004,54.0,54.0
2020-02-05,188,736.5561629,132.9,132.9
2020-02-05,189,507.9145396,97.5,97.5
2020-02-05,19,254.8162127,84.6,84.6
2020-02-05,190,211.3248687,59.1,59.1
2020-02-05,192,482.855798,77.7,77.7
2020-02-05,193,206.1868395,45.0,45.0
2020-02-05,195,298.1017887,75.0,75.0
2020-02-05,196,624.6843194,46.2,46.2
2020-02-05,197,353.3899354,121.2,121.2
2020-02-05,198,427.5314136,70.2,70.2
2020-02-05,20,262.8524804,59.7,59.7
2020-02-05,22,270.1803785,87.6,87.6
2020-02-05,23,179.5792748,50.1,50.1
2020-02-05,25,817.9256541,75.6,75.6
2020-02-05,26,351.036406,58.8,58.8
2020-02-05,27,186.9591291,122.1,122.1
2020-02-05,28,873.716925,83.4,83.4
2020-02-05,3,431.2079757,119.1,119.1
2020-02-05,31,451.0152342,64.5,64.5
2020-02-05,33,293.3177322,107.7,107.7
2020-02-05,35,114.9243302,39.6,39.6
2020-02-05,36,331.290974,97.5,97.5
2020-02-05,38,349.9307776,38.1,38.1
2020-02-05,39,268.517429,119.1,119.1
2020-02-05,41,258.4175506,35.7,35.7
2020-02-05,42,115.6780143,106.2,106.2
2020-02-05,44,762.8842582,130.5,130.5
2020-02-05,45,487.3061902,100.5,100.5
2020-02-05,46,289.448268,52.2,52.2
2020-02-05,49,223.8052257,72.9,72.9
2020-02-05,5,993.0459009,63.9,63.9
2020-02-05,51,354.5477968,107.4,107.4
2020-02-05,52,393.8280086,46.2,46.2
2020-02-05,55,296.8102163,71.4,71.4
2020-02-05,57,294.1469621,99.6,99.6
2020-02-05,59,594.8967599,119.4,119.4
2020-02-05,61,125.6952944,51.3,51.3
2020-02-05,63,300.7216449,97.5,97.5
2020-02-05,64,159.5579672,50.1,50.1
2020-02-05,66,597.5938586,88.5,88.5
2020-02-05,68,1517.043972,130.2,130.2
2020-02-05,69,396.4891602,79.8,79.8
2020-02-05,71,359.1609763,103.2,103.2
2020-02-05,72,280.7000987,74.1,74.1
2020-02-05,73,398.8371314,53.7,53.7
2020-02-05,74,396.5540335,124.8,124.8
2020-02-05,75,350.8684394,71.7,71.7
2020-02-05,77,406.4492742,98.1,98.1
2020-02-05,8,215.1970448,50.1,50.1
2020-02-05,80,367.5807015,92.1,92.1
2020-02-05,81,352.7508277,79.5,79.5
2020-02-05,83,139.3828401,100.8,100.8
2020-02-05,84,242.2480372,65.7,65.7
2020-02-05,88,415.072116,129.0,129.0
2020-02-05,89,523.67228,107.1,107.1
2020-02-05,90,217.4059182,55.2,55.2
2020-02-05,92,534.445038,106.5,106.5
2020-02-05,93,223.6331551,65.1,65.1
2020-02-05,95,298.9635486,97.2,97.2
2020-02-05,96,460.0991004,47.1,47.1
2020-02-05,97,414.3707697,136.2,136.2
2020-02-05,98,546.682761,96.3,96.3
2020-02-06,10,718.2518077,0.0,0.0
2020-02-06,103,395.0857658,16.8,16.8
2020-02-06,105,1018.848671,0.0,0.0
2020-02-06,108,313.859377,0.0,0.0
2020-02-06,11,848.1845727,8.4,8.4
2020-02-06,110,366.0050263,15.3,15.3
2020-02-06,111,147.4870809,10.5,10.5
2020-02-06,115,159.6981824,0.0,0.0
2020-02-06,118,113.0861002,8.1,8.1
2020-02-06,119,67.24919474,12.6,12.6
2020-02-06,120,240.0552533,0.0,0.0
2020-02-06,122,54.94284372,8.1,8.1
2020-02-06,123,94.36390596,9.9,9.9
2020-02-06,125,691.9030191,13.2,13.2
2020-02-06,126,322.5552412,1.8,1.8
2020-02-06,127,61.12883995,0.0,0.0
2020-02-06,128,877.6062911,0.0,0.0
2020-02-06,131,676.2290418,15.6,15.6
2020-02-06,133,117.6202826,0.0,0.0
2020-02-06,135,121.4773609,15.0,15.0
2020-02-06,136,268.3580613,8.1,8.1
2020-02-06,138,328.4427097,1.2,1.2
2020-02-06,139,55.88304041,8.4,8.4
2020-02-06,141,456.0553316,2.7,2.7
2020-02-06,142,60.60368369,12.9,12.9
2020-02-06,144,429.1541907,3.9,3.9
2020-02-06,145,177.7308083,4.8,4.8
2020-02-06,146,35.65236012,0.0,0.0
2020-02-06,149,77.39256724,12.3,12.3
2020-02-06,15,429.2943337,20.1,20.1
2020-02-06,151,78.37791234,1.5,1.5
2020-02-06,152,78.10059282,0.0,0.0
2020-02-06,155,319.2852462,15.3,15.3
2020-02-06,157,237.6168973,0.0,0.0
2020-02-06,159,760.8117633,19.2,19.2
2020-02-06,161,61.80965554,10.5,10.5
2020-02-06,163,183.082504,12.0,12.0
2020-02-06,164,44.22962235,0.0,0.0
2020-02-06,166,576.8768542,0.0,0.0
2020-02-06,168,534.2396375,0.0,0.0
2020-02-06,169,178.2163248,0.6,0.6
2020-02-06,171,165.0852226,0.0,0.0
2020-02-06,172,78.6070163,0.0,0.0
2020-02-06,173,287.418306,17.1,17.1
2020-02-06,174,65.70963034,0.0,0.0
2020-02-06,175,94.43922913,10.5,10.5
2020-02-06,177,306.2736233,8.1,8.1
2020-02-06,18,203.6160828,19.8,19.8
2020-02-06,180,363.2516008,10.2,10.2
2020-02-06,181,305.7827336,0.0,0.0
2020-02-06,183,111.7602694,0.0,0.0
2020-02-06,184,105.9579881,0.0,0.0
2020-02-06,188,706.3555475,7.2,7.2
2020-02-06,189,79.18702522,10.2,10.2
2020-02-06,19,66.5270557,0.0,0.0
2020-02-06,190,343.2210241,8.4,8.4
2020-02-06,192,405.1656213,3.3,3.3
2020-02-06,193,201.9106754,17.4,17.4
2020-02-06,195,175.1301572,0.0,0.0
2020-02-06,196,529.2161731,8.4,8.4
2020-02-06,197,297.552067,12.6,12.6
2020-02-06,198,512.75478,12.0,12.0
2020-02-06,20,494.0428514,0.0,0.0
2020-02-06,22,70.56703542,0.0,0.0
2020-02-06,23,100.5730155,0.0,0.0
2020-02-06,25,600.9456,0.0,0.0
2020-02-06,26,70.04915221,0.0,0.0
2020-02-06,27,33.85496342,18.3,18.3
2020-02-06,28,965.0511435,7.5,7.5
2020-02-06,3,434.5674941,0.0,0.0
2020-02-06,31,476.0540305,0.0,0.0
2020-02-06,33,21.73469462,10.2,10.2
2020-02-06,35,73.257125,0.0,0.0
2020-02-06,36,272.6697308,10.5,10.5
2020-02-06,38,735.4746786,15.0,15.0
2020-02-06,39,30.17743759,5.7,5.7
2020-02-06,41,394.8947238,8.1,8.1
2020-02-06,42,75.7139646,1.8,1.8
2020-02-06,44,469.6972606,3.6,3.6
2020-02-06,45,507.5352866,19.5,19.5
2020-02-06,46,358.1419522,16.2,16.2
2020-02-06,49,189.9395147,3.3,3.3
2020-02-06,5,549.2597392,3.6,3.6
2020-02-06,51,443.3992383,0.0,0.0
2020-02-06,52,171.0811146,0.0,0.0
2020-02-06,55,347.3255449,16.8,16.8
2020-02-06,57,201.1758762,4.2,4.2
2020-02-06,59,424.7572934,18.0,18.0
2020-02-06,61,34.21865218,15.9,15.9
2020-02-06,63,117.7168512,0.0,0.0
2020-02-06,64,76.60364987,0.0,0.0
2020-02-06,66,116.0633116,2.1,2.1
2020-02-06,68,593.5043729,10.2,10.2
2020-02-06,69,9.861716333,13.2,13.2
2020-02-06,71,73.00535607,9.6,9.6
2020-02-06,72,51.5857618,0.0,0.0
2020-02-06,73,348.1340527,13.8,13.8
2020-02-06,74,61.54493551,17.7,17.7
2020-02-06,75,338.7446668,0.0,0.0
2020-02-06,77,50.66322635,16.5,16.5
2020-02-06,8,159.9794595,8.4,8.4
2020-02-06,80,259.1925226,12.0,12.0
2020-02-06,81,100.3832157,1.2,1.2
2020-02-06,83,59.75899913,0.0,0.0
2020-02-06,84,149.1398325,0.0,0.0
2020-02-06,88,3.689827041,0.0,0.0
2020-02-06,89,33.82735012,8.4,8.4
2020-02-06,90,314.2607354,0.0,0.0
2020-02-06,92,443.7405784,0.0,0.0
2020-02-06,93,263.5442346,10.8,10.8
2020-02-06,95,73.32857192,0.0,0.0
2020-02-06,96,245.9675537,2.7,2.7
2020-02-06,97,341.5964111,12.3,12.3
2020-02-06,98,350.2796426,1.2,1.2
2020-02-07,10,980.6251029,30.9,30.9
2020-02-07,103,181.6330911,42.3,42.3
2020-02-07,105,259.9213838,22.8,22.8
2020-02-07,108,281.4209811,14.1,14.1
2020-02-07,11,466.0431958,7.8,7.8
2020-02-07,110,1069.024275,45.0,45.0
2020-02-07,111,173.1528364,10.5,10.5
2020-02-07,115,384.822118,48.9,48.9
2020-02-07,118,272.7413403,56.1,56.1
2020-02-07,119,202.720865,26.1,26.1
2020-02-07,120,662.3247927,25.2,25.2
2020-02-07,122,214.9172598,24.9,24.9
2020-02-07,123,111.7623377,2.4,2.4
2020-02-07,125,919.6776667,19.2,19.2
2020-02-07,126,112.9694674,18.9,18.9
2020-02-07,127,120.8688453,35.4,35.4
2020-02-07,128,346.3256439,39.6,39.6
2020-02-07,131,353.5915887,30.0,30.0
2020-02-07,133,157.9655002,44.1,44.1
2020-02-07,135,134.0252107,36.3,36.3
2020-02-07,136,295.7378195,48.3,48.3
2020-02-07,138,788.1921177,58.2,58.2
2020-02-07,139,104.4061841,49.2,49.2
2020-02-07,141,150.2908982,39.0,39.0
2020-02-07,142,91.13990801,22.5,22.5
2020-02-07,144,931.5157489,39.3,39.3
2020-02-07,145,301.282526,46.8,46.8
2020-02-07,146,113.5859579,20.7,20.7
2020-02-07,149,157.0739577,24.9,24.9
2020-02-07,15,449.6018794,58.8,58.8
2020-02-07,151,469.1063083,42.3,42.3
2020-02-07,152,582.0217838,15.3,15.3
2020-02-07,155,285.8053511,26.4,26.4
2020-02-07,157,266.1863084,24.3,24.3
2020-02-07,159,988.3861132,50.7,50.7
2020-02-07,161,97.78935824,12.6,12.6
2020-02-07,163,531.3272675,29.7,29.7
2020-02-07,164,75.95673002,23.7,23.7
2020-02-07,166,362.0230218,24.0,24.0
2020-02-07,168,276.6745435,28.2,28.2
2020-02-07,169,421.83159,36.0,36.0
2020-02-07,171,232.4894919,43.8,43.8
2020-02-07,172,302.1657528,33.0,33.0
2020-02-07,173,466.0281674,64.2,64.2
2020-02-07,174,267.1258444,27.9,27.9
2020-02-07,175,317.8461674,35.4,35.4
2020-02-07,177,398.753836,24.3,24.3
2020-02-07,18,222.4506159,36.6,36.6
2020-02-07,180,165.6597556,27.6,27.6
2020-02-07,181,376.0588377,32.7,32.7
2020-02-07,183,101.3619429,25.5,25.5
2020-02-07,184,347.3268374,10.5,10.5
2020-02-07,188,745.5053177,42.3,42.3
2020-02-07,189,421.2990205,28.2,28.2
2020-02-07,19,161.0742861,32.4,32.4
2020-02-07,190,216.5967124,8.4,8.4
2020-02-07,192,252.5066274,33.0,33.0
2020-02-07,193,312.278617,6.3,6.3
2020-02-07,195,172.167568,30.0,30.0
2020-02-07,196,767.6571735,15.3,15.3
2020-02-07,197,282.1808126,47.1,47.1
2020-02-07,198,538.5718167,31.2,31.2
2020-02-07,20,580.1773192,8.4,8.4
2020-02-07,22,117.2861364,21.3,21.3
2020-02-07,23,98.96656773,25.2,25.2
2020-02-07,25,842.391666,35.4,35.4
2020-02-07,26,268.9774098,9.6,9.6
2020-02-07,27,121.0714036,30.3,30.3
2020-02-07,28,637.5184591,45.9,45.9
2020-02-07,3,459.7863894,62.1,62.1
2020-02-07,31,451.2786236,29.1,29.1
2020-02-07,33,128.4679812,46.2,46.2
2020-02-07,35,104.7011617,12.6,12.6
2020-02-07,36,250.7444292,27.6,27.6
2020-02-07,38,819.0354835,4.5,4.5
2020-02-07,39,155.7953907,40.2,40.2
2020-02-07,41,296.7157577,12.6,12.6
2020-02-07,42,155.096198,47.4,47.4
2020-02-07,44,426.518945,54.3,54.3
2020-02-07,45,496.1160572,27.9,27.9
2020-02-07,46,148.5251488,14.4,14.4
2020-02-07,49,233.3599573,27.3,27.3
2020-02-07,5,912.0394945,14.1,14.1
2020-02-07,51,797.3092752,29.1,29.1
2020-02-07,52,469.2613681,35.7,35.7
2020-02-07,55,258.3007959,19.2,19.2
2020-02-07,57,298.4493886,34.8,34.8
2020-02-07,59,747.1832389,61.5,61.5
2020-02-07,61,93.18116863,33.3,33.3
2020-02-07,63,175.9444937,47.7,47.7
2020-02-07,64,91.84190977,12.0,12.0
2020-02-07,66,625.6633713,19.5,19.5
2020-02-07,68,1446.924721,56.4,56.4
2020-02-07,69,450.2748755,37.5,37.5
2020-02-07,71,234.7840203,56.4,56.4
2020-02-07,72,160.2391449,44.1,44.1
2020-02-07,73,290.2689078,10.5,10.5
2020-02-07,74,194.9121179,53.7,53.7
2020-02-07,75,243.1059579,30.0,30.0
2020-02-07,77,363.5789877,52.2,52.2
2020-02-07,8,129.036588,10.5,10.5
2020-02-07,80,343.4442926,39.0,39.0
2020-02-07,81,379.1982608,22.5,22.5
2020-02-07,83,107.4163356,27.9,27.9
2020-02-07,84,108.124422,28.5,28.5
2020-02-07,88,173.7099293,38.4,38.4
2020-02-07,89,825.4638512,51.9,51.9
2020-02-07,90,296.3967509,32.1,32.1
2020-02-07,92,532.8813424,29.1,29.1
2020-02-07,93,277.6047824,36.6,36.6
2020-02-07,95,203.2273556,36.6,36.6
2020-02-07,96,625.1164552,31.5,31.5
2020-02-07,97,274.8289422,38.7,38.7
2020-02-07,98,623.6531752,27.6,27.6
2020-02-08,10,1151.184535,165.6,165.6
2020-02-08,103,604.0782032,209.4,209.4
2020-02-08,105,647.1920861,102.3,102.3
2020-02-08,108,336.0034615,96.3,96.3
2020-02-08,11,550.5108115,106.8,106.8
2020-02-08,110,926.9185495,134.1,134.1
2020-02-08,111,856.0214093,96.9,96.9
2020-02-08,115,521.077733,197.4,197.4
2020-02-08,118,384.4174791,192.9,192.9
2020-02-08,119,399.7927214,145.8,145.8
2020-02-08,120,451.3125789,60.9,60.9
2020-02-08,122,369.4310293,140.1,140.1
2020-02-08,123,159.3387922,73.2,73.2
2020-02-08,125,682.3953477,124.5,124.5
2020-02-08,126,444.0617753,73.2,73.2
2020-02-08,127,314.4469215,168.3,168.3
2020-02-08,128,465.7769587,120.9,120.9
2020-02-08,131,653.0584658,110.4,110.4
2020-02-08,133,450.8783972,189.3,189.3
2020-02-08,135,695.8904646,229.2,229.2
2020-02-08,136,492.7730919,184.8,184.8
2020-02-08,138,796.9687043,223.5,223.5
2020-02-08,139,459.5880757,153.0,153.0
2020-02-08,141,580.6025428,228.6,228.6
2020-02-08,142,149.9379574,153.9,153.9
2020-02-08,144,761.7608872,227.4,227.4
2020-02-08,145,565.6388064,144.9,144.9
2020-02-08,146,337.2801288,103.8,103.8
2020-02-08,149,294.927182,96.9,96.9
2020-02-08,15,563.9265447,204.6,204.6
2020-02-08,151,1118.38794,156.0,156.0
2020-02-08,152,506.7852951,86.4,86.4
2020-02-08,155,301.3698644,93.9,93.9
2020-02-08,157,398.8593607,129.9,129.9
2020-02-08,159,829.368441,192.3,192.3
2020-02-08,161,158.0808462,87.6,87.6
2020-02-08,163,441.5380275,117.6,117.6
2020-02-08,164,199.9177598,65.7,65.7
2020-02-08,166,444.8678687,127.2,127.2
2020-02-08,168,1378.225579,179.7,179.7
2020-02-08,169,489.7955997,112.2,112.2
2020-02-08,171,500.0976686,167.7,167.7
2020-02-08,172,367.7782388,114.6,114.6
2020-02-08,173,571.8388679,248.4,248.4
2020-02-08,174,588.8552657,186.6,186.6
2020-02-08,175,407.0053139,115.5,115.5
2020-02-08,177,554.4060615,180.0,180.0
2020-02-08,18,393.1045222,210.3,210.3
2020-02-08,180,471.2773006,172.5,172.5
2020-02-08,181,360.1950426,113.4,113.4
2020-02-08,183,502.1634745,170.7,170.7
2020-02-08,184,354.6418971,96.3,96.3
2020-02-08,188,743.354292,225.9,225.9
2020-02-08,189,547.5773088,168.9,168.9
2020-02-08,19,358.5529538,162.9,162.9
2020-02-08,190,299.3836809,102.6,102.6
2020-02-08,192,580.7041688,140.4,140.4
2020-02-08,193,296.135109,90.0,90.0
2020-02-08,195,312.2800351,141.3,141.3
2020-02-08,196,813.4234794,94.8,94.8
2020-02-08,197,390.2522284,203.1,203.1
2020-02-08,198,586.6771824,139.5,139.5
2020-02-08,20,443.3662713,95.4,95.4
2020-02-08,22,428.8241674,147.6,147.6
2020-02-08,23,178.7967381,87.9,87.9
2020-02-08,25,600.0062264,153.0,153.0
2020-02-08,26,422.8643118,69.9,69.9
2020-02-08,27,310.9457493,198.6,198.6
2020-02-08,28,1008.527972,126.0,126.0
2020-02-08,3,486.8182249,241.5,241.5
2020-02-08,31,536.0002205,135.0,135.0
2020-02-08,33,541.7128705,188.4,188.4
2020-02-08,35,240.869317,62.1,62.1
2020-02-08,36,342.1153981,175.8,175.8
2020-02-08,38,574.3521241,60.9,60.9
2020-02-08,39,148.6495609,192.6,192.6
2020-02-08,41,373.6387163,77.4,77.4
2020-02-08,42,598.3901117,175.5,175.5
2020-02-08,44,883.942963,253.8,253.8
2020-02-08,45,578.1571398,166.8,166.8
2020-02-08,46,350.5486047,126.6,126.6
2020-02-08,49,337.918373,100.5,100.5
2020-02-08,5,738.9658988,100.2,100.2
2020-02-08,51,912.4910892,163.5,163.5
2020-02-08,52,447.3422787,109.2,109.2
2020-02-08,55,469.8588797,104.1,104.1
2020-02-08,57,466.896542,148.2,148.2
2020-02-08,59,976.7237575,218.4,218.4
2020-02-08,61,355.0990483,86.1,86.1
2020-02-08,63,564.4062114,140.1,140.1
2020-02-08,64,233.4659348,76.8,76.8
2020-02-08,66,632.4395065,144.9,144.9
2020-02-08,68,1540.265971,190.8,190.8
2020-02-08,69,473.9762852,134.7,134.7
2020-02-08,71,608.5836328,193.2,193.2
2020-02-08,72,469.7565642,148.2,148.2
2020-02-08,73,411.4742182,92.7,92.7
2020-02-08,74,387.6809606,184.2,184.2
2020-02-08,75,399.4648195,130.2,130.2
2020-02-08,77,619.278954,204.3,204.3
2020-02-08,8,361.4985073,121.2,121.2
2020-02-08,80,481.232435,178.8,178.8
2020-02-08,81,407.0284975,136.2,136.2
2020-02-08,83,115.7265561,187.2,187.2
2020-02-08,84,397.0109815,110.7,110.7
2020-02-08,88,764.2899871,229.8,229.8
2020-02-08,89,888.4572609,163.2,163.2
2020-02-08,90,345.165665,121.2,121.2
2020-02-08,92,604.7155305,167.4,167.4
2020-02-08,93,390.4818236,124.8,124.8
2020-02-08,95,554.2944449,166.5,166.5
2020-02-08,96,963.1159799,95.7,95.7
2020-02-08,97,427.4644516,221.7,221.7
2020-02-08,98,570.622214,164.4,164.4
2020-02-09,10,1179.366339,297.3,297.3
2020-02-09,103,769.9710769,375.0,375.0
2020-02-09,105,755.333597,154.2,154.2
2020-02-09,108,455.8752499,152.4,152.4
2020-02-09,11,860.1735327,180.3,180.3
2020-02-09,110,874.1842302,254.4,254.4
2020-02-09,111,849.8823923,158.7,158.7
2020-02-09,115,1135.063949,369.3,369.3
2020-02-09,118,1053.291683,338.1,338.1
2020-02-09,119,637.0649074,249.3,249.3
2020-02-09,120,424.7581688,143.7,143.7
2020-02-09,122,328.3684413,225.3,225.3
2020-02-09,123,145.7619149,119.7,119.7
2020-02-09,125,823.1640413,235.5,235.5
2020-02-09,126,514.383163,106.2,106.2
2020-02-09,127,181.7463485,325.2,325.2
2020-02-09,128,759.2365572,228.6,228.6
2020-02-09,131,707.4217533,196.2,196.2
2020-02-09,133,448.9255151,320.7,320.7
2020-02-09,135,371.5727194,400.2,400.2
2020-02-09,136,905.695064,303.3,303.3
2020-02-09,138,986.8033612,410.4,410.4
2020-02-09,139,236.5504073,307.8,307.8
2020-02-09,141,790.6385094,411.6,411.6
2020-02-09,142,614.7038925,294.6,294.6
2020-02-09,144,1005.194283,383.7,383.7
2020-02-09,145,617.6634143,275.1,275.1
2020-02-09,146,460.6194112,162.6,162.6
2020-02-09,149,408.3970232,174.3,174.3
2020-02-09,15,1207.319332,402.6,402.6
2020-02-09,151,1071.656142,280.2,280.2
2020-02-09,152,585.5280652,150.9,150.9
2020-02-09,155,477.7351059,160.8,160.8
2020-02-09,157,557.0062635,249.0,249.0
2020-02-09,159,1157.907096,364.2,364.2
2020-02-09,161,183.7145604,145.2,145.2
2020-02-09,163,620.6612693,240.9,240.9
2020-02-09,164,332.6545066,126.9,126.9
2020-02-09,166,761.4398929,237.3,237.3
2020-02-09,168,1285.792063,330.9,330.9
2020-02-09,169,758.4460339,234.9,234.9
2020-02-09,171,570.2859424,327.3,327.3
2020-02-09,172,306.814032,199.2,199.2
2020-02-09,173,1038.847383,432.0,432.0
2020-02-09,174,963.8483131,309.6,309.6
2020-02-09,175,645.8515169,207.3,207.3
2020-02-09,177,992.5829837,320.1,320.1
2020-02-09,18,321.3855189,378.9,378.9
2020-02-09,180,507.7518794,312.9,312.9
2020-02-09,181,603.5627506,188.7,188.7
2020-02-09,183,552.7339247,295.2,295.2
2020-02-09,184,497.3916948,171.6,171.6
2020-02-09,188,935.7382079,384.6,384.6
2020-02-09,189,893.7695874,279.3,279.3
2020-02-09,19,348.3699173,282.0,282.0
2020-02-09,190,382.4924914,165.3,165.3
2020-02-09,192,685.3474652,264.9,264.9
2020-02-09,193,411.0550888,162.3,162.3
2020-02-09,195,443.3662609,259.2,259.2
2020-02-09,196,586.5996172,143.4,143.4
2020-02-09,197,949.650178,370.8,370.8
2020-02-09,198,758.2097833,249.6,249.6
2020-02-09,20,640.250812,156.0,156.0
2020-02-09,22,870.0514219,252.9,252.9
2020-02-09,23,244.3401834,154.5,154.5
2020-02-09,25,1002.04181,270.0,270.0
2020-02-09,26,506.848644,162.3,162.3
2020-02-09,27,1036.739401,348.0,348.0
2020-02-09,28,843.0145734,250.2,250.2
2020-02-09,3,800.1773395,409.2,409.2
2020-02-09,31,805.733482,251.1,251.1
2020-02-09,33,1005.16652,351.3,351.3
2020-02-09,35,210.0072255,122.7,122.7
2020-02-09,36,462.7049655,324.0,324.0
2020-02-09,38,530.7344461,104.1,104.1
2020-02-09,39,439.2620118,339.0,339.0
2020-02-09,41,430.2513149,107.1,107.1
2020-02-09,42,746.9080911,330.0,330.0
2020-02-09,44,1205.880474,435.3,435.3
2020-02-09,45,677.7288221,327.0,327.0
2020-02-09,46,476.3214124,192.9,192.9
2020-02-09,49,551.0535204,188.4,188.4
2020-02-09,5,719.2503499,203.7,203.7
2020-02-09,51,1046.665777,292.8,292.8
2020-02-09,52,603.7866609,191.4,191.4
2020-02-09,55,527.8517236,171.6,171.6
2020-02-09,57,544.1438706,286.5,286.5
2020-02-09,59,1276.108627,380.7,380.7
2020-02-09,61,327.0201596,160.5,160.5
2020-02-09,63,912.2039694,258.0,258.0
2020-02-09,64,434.5100661,154.8,154.8
2020-02-09,66,908.1932874,268.8,268.8
2020-02-09,68,1674.397116,368.7,368.7
2020-02-09,69,699.5225085,268.2,268.2
2020-02-09,71,897.9552878,356.7,356.7
2020-02-09,72,833.3572635,245.1,245.1
2020-02-09,73,477.5727501,126.9,126.9
2020-02-09,74,465.5004784,348.6,348.6
2020-02-09,75,692.0427647,232.5,232.5
2020-02-09,77,444.4418693,340.8,340.8
2020-02-09,8,595.4363817,188.7,188.7
2020-02-09,80,865.3859176,347.7,347.7
2020-02-09,81,545.2091694,212.1,212.1
2020-02-09,83,292.0206129,321.6,321.6
2020-02-09,84,507.9044597,213.3,213.3
2020-02-09,88,1269.967208,431.7,431.7
2020-02-09,89,990.4718694,303.6,303.6
2020-02-09,90,516.2634068,200.4,200.4
2020-02-09,92,813.3017324,319.5,319.5
2020-02-09,93,509.9311718,201.0,201.0
2020-02-09,95,583.0547716,310.2,310.2
2020-02-09,96,702.8266177,179.1,179.1
2020-02-09,97,1077.592407,386.1,386.1
2020-02-09,98,946.3884208,299.7,299.7
2020-02-10,10,1278.977746,322.2,322.2
2020-02-10,103,1301.809906,423.9,423.9
2020-02-10,105,661.1437182,181.2,181.2
2020-02-10,108,533.5305981,183.6,183.6
2020-02-10,11,860.6220926,206.1,206.1
2020-02-10,110,1128.408434,281.1,281.1
2020-02-10,111,741.4214665,171.3,171.3
2020-02-10,115,1277.421535,399.0,399.0
2020-02-10,118,1167.53135,385.5,385.5
2020-02-10,119,769.7505626,269.4,269.4
2020-02-10,120,592.1101046,153.6,153.6
2020-02-10,122,324.6521682,265.2,265.2
2020-02-10,123,297.5780722,132.3,132.3
2020-02-10,125,983.2129637,240.3,240.3
2020-02-10,126,527.4002151,120.0,120.0
2020-02-10,127,1018.221048,370.2,370.2
2020-02-10,128,876.0542361,252.3,252.3
2020-02-10,131,796.0130108,225.9,225.9
2020-02-10,133,904.6857431,352.5,352.5
2020-02-10,135,321.816082,452.4,452.4
2020-02-10,136,961.499363,327.3,327.3
2020-02-10,138,1165.362078,461.7,461.7
2020-02-10,139,644.191022,324.3,324.3
2020-02-10,141,1362.634493,435.9,435.9
2020-02-10,142,613.4938998,328.2,328.2
2020-02-10,144,1168.31425,439.2,439.2
2020-02-10,145,930.8282384,296.4,296.4
2020-02-10,146,618.4998394,181.8,181.8
2020-02-10,149,437.3212112,170.4,170.4
2020-02-10,15,727.842326,440.4,440.4
2020-02-10,151,1034.954402,287.7,287.7
2020-02-10,152,586.7256257,179.4,179.4
2020-02-10,155,480.3520478,176.7,176.7
2020-02-10,157,785.8258684,285.6,285.6
2020-02-10,159,1237.679148,378.6,378.6
2020-02-10,161,282.0664864,143.4,143.4
2020-02-10,163,725.0735897,266.7,266.7
2020-02-10,164,386.7157282,126.0,126.0
2020-02-10,166,792.4956025,244.2,244.2
2020-02-10,168,1589.298733,370.2,370.2
2020-02-10,169,752.548215,251.4,251.4
2020-02-10,171,578.7398822,370.5,370.5
2020-02-10,172,569.183616,227.4,227.4
2020-02-10,173,578.1359228,463.5,463.5
2020-02-10,174,872.3415432,355.5,355.5
2020-02-10,175,656.5912187,227.1,227.1
2020-02-10,177,444.6184491,341.1,341.1
2020-02-10,18,1294.037531,416.1,416.1
2020-02-10,180,970.9812693,326.4,326.4
2020-02-10,181,467.9474486,205.5,205.5
2020-02-10,183,406.2966846,316.2,316.2
2020-02-10,184,516.7163958,207.0,207.0
2020-02-10,188,1262.950231,417.3,417.3
2020-02-10,189,962.3956764,320.4,320.4
2020-02-10,19,930.9034347,308.7,308.7
2020-02-10,190,625.7545014,201.0,201.0
2020-02-10,192,687.2909067,309.6,309.6
2020-02-10,193,359.4106053,189.3,189.3
2020-02-10,195,910.534274,302.1,302.1
2020-02-10,196,688.1137637,170.7,170.7
2020-02-10,197,610.095297,418.5,418.5
2020-02-10,198,696.721489,293.4,293.4
2020-02-10,20,656.2963156,193.2,193.2
2020-02-10,22,314.9322636,308.7,308.7
2020-02-10,23,149.4963529,186.6,186.6
2020-02-10,25,938.9221691,271.8,271.8
2020-02-10,26,575.6624324,177.0,177.0
2020-02-10,27,884.5252839,392.4,392.4
2020-02-10,28,971.1171261,267.0,267.0
2020-02-10,3,708.6634031,465.9,465.9
2020-02-10,31,908.0672435,263.4,263.4
2020-02-10,33,483.4129115,372.9,372.9
2020-02-10,35,379.9408044,153.0,153.0
2020-02-10,36,1186.402201,387.6,387.6
2020-02-10,38,558.8653952,143.1,143.1
2020-02-10,39,769.2627334,361.5,361.5
2020-02-10,41,387.7561097,137.1,137.1
2020-02-10,42,1114.855882,353.4,353.4
2020-02-10,44,1068.902528,468.9,468.9
2020-02-10,45,959.729923,345.0,345.0
2020-02-10,46,600.9081382,228.3,228.3
2020-02-10,49,532.5800256,217.2,217.2
2020-02-10,5,988.7289719,236.4,236.4
2020-02-10,51,1119.832558,348.3,348.3
2020-02-10,52,617.5383095,206.4,206.4
2020-02-10,55,633.9336273,209.1,209.1
2020-02-10,57,918.9715248,330.6,330.6
2020-02-10,59,1198.478729,428.4,428.4
2020-02-10,61,373.9394261,201.3,201.3
2020-02-10,63,991.2183215,285.6,285.6
2020-02-10,64,580.0757798,175.8,175.8
2020-02-10,66,864.3865043,294.0,294.0
2020-02-10,68,1576.723084,411.6,411.6
2020-02-10,69,900.9783387,284.1,284.1
2020-02-10,71,1050.713886,405.3,405.3
2020-02-10,72,606.2413689,270.9,270.9
2020-02-10,73,549.6434423,154.5,154.5
2020-02-10,74,576.4407863,374.4,374.4
2020-02-10,75,768.2279723,270.3,270.3
2020-02-10,77,947.1554383,390.6,390.6
2020-02-10,8,588.9850923,215.1,215.1
2020-02-10,80,910.028236,385.5,385.5
2020-02-10,81,401.2577533,262.5,262.5
2020-02-10,83,883.8544314,378.6,378.6
2020-02-10,84,431.8419713,239.1,239.1
2020-02-10,88,1458.723452,456.3,456.3
2020-02-10,89,1144.182214,357.3,357.3
2020-02-10,90,500.4230568,236.4,236.4
2020-02-10,92,1062.260219,343.5,343.5
2020-02-10,93,446.5961076,221.4,221.4
2020-02-10,95,915.3595754,325.8,325.8
2020-02-10,96,862.1617029,210.6,210.6
2020-02-10,97,443.3793954,457.2,457.2
2020-02-10,98,858.9047253,336.6,336.6
2020-02-11,10,877.9197528,236.4,236.4
2020-02-11,103,515.2782166,296.7,296.7
2020-02-11,105,553.5781353,119.4,119.4
2020-02-11,108,380.4336843,118.2,118.2
2020-02-11,11,833.0313138,165.0,165.0
2020-02-11,110,1093.641084,216.6,216.6
2020-02-11,111,874.549683,136.5,136.5
2020-02-11,115,645.6331441,292.5,292.5
2020-02-11,118,433.2228142,283.2,283.2
2020-02-11,119,330.3023457,193.2,193.2
2020-02-11,120,605.5052838,105.0,105.0
2020-02-11,122,463.3781133,189.0,189.0
2020-02-11,123,183.8223973,89.1,89.1
2020-02-11,125,785.6124814,194.1,194.1
2020-02-11,126,488.4970101,97.2,97.2
2020-02-11,127,344.5395968,268.2,268.2
2020-02-11,128,909.3401729,162.9,162.9
2020-02-11,131,592.2842664,153.3,153.3
2020-02-11,133,695.8957683,263.7,263.7
2020-02-11,135,427.2025627,345.6,345.6
2020-02-11,136,725.9009108,243.9,243.9
2020-02-11,138,826.3535291,322.2,322.2
2020-02-11,139,776.9016977,228.9,228.9
2020-02-11,141,543.3431861,312.6,312.6
2020-02-11,142,687.6296941,229.2,229.2
2020-02-11,144,992.5199392,319.5,319.5
2020-02-11,145,747.0197811,214.2,214.2
2020-02-11,146,421.6684322,147.9,147.9
2020-02-11,149,394.7277688,136.8,136.8
2020-02-11,15,719.8134352,312.6,312.6
2020-02-11,151,846.9911204,219.0,219.0
2020-02-11,152,447.6858794,134.7,134.7
2020-02-11,155,412.8957329,109.5,109.5
2020-02-11,157,586.761153,209.4,209.4
2020-02-11,159,1069.322708,297.3,297.3
2020-02-11,161,104.0937684,116.1,116.1
2020-02-11,163,567.7232109,184.2,184.2
2020-02-11,164,155.656864,89.4,89.4
2020-02-11,166,710.0676277,173.1,173.1
2020-02-11,168,1551.306509,263.1,263.1
2020-02-11,169,601.8019543,165.3,165.3
2020-02-11,171,487.0278822,245.7,245.7
2020-02-11,172,428.8345533,169.2,169.2
2020-02-11,173,698.9946124,330.9,330.9
2020-02-11,174,760.4469077,252.6,252.6
2020-02-11,175,461.3828871,169.5,169.5
2020-02-11,177,678.5451718,260.4,260.4
2020-02-11,18,673.3174869,298.5,298.5
2020-02-11,180,546.921192,231.6,231.6
2020-02-11,181,436.0978398,145.8,145.8
2020-02-11,183,637.0643829,229.8,229.8
2020-02-11,184,402.1151809,136.5,136.5
2020-02-11,188,853.8992082,315.0,315.0
2020-02-11,189,849.0092138,215.1,215.1
2020-02-11,19,375.8184869,230.1,230.1
2020-02-11,190,407.7062355,127.5,127.5
2020-02-11,192,704.5880676,203.1,203.1
2020-02-11,193,352.6731039,115.8,115.8
2020-02-11,195,402.4176522,213.3,213.3
2020-02-11,196,1058.488134,127.8,127.8
2020-02-11,197,471.667261,300.6,300.6
2020-02-11,198,634.4450666,206.4,206.4
2020-02-11,20,486.9340393,118.8,118.8
2020-02-11,22,719.5855024,203.7,203.7
2020-02-11,23,198.1930559,117.6,117.6
2020-02-11,25,859.6965948,202.5,202.5
2020-02-11,26,495.2430601,121.8,121.8
2020-02-11,27,703.616808,281.7,281.7
2020-02-11,28,831.6755087,215.4,215.4
2020-02-11,3,660.8588343,337.2,337.2
2020-02-11,31,634.6324495,184.5,184.5
2020-02-11,33,358.4147727,274.2,274.2
2020-02-11,35,243.0364445,89.1,89.1
2020-02-11,36,708.7648173,277.2,277.2
2020-02-11,38,754.6325673,93.3,93.3
2020-02-11,39,758.2379177,277.2,277.2
2020-02-11,41,296.9926885,95.4,95.4
2020-02-11,42,782.3617159,268.2,268.2
2020-02-11,44,1094.556016,357.0,357.0
2020-02-11,45,745.0525407,240.3,240.3
2020-02-11,46,408.5066394,151.5,151.5
2020-02-11,49,520.2835516,160.8,160.8
2020-02-11,5,834.3748596,156.9,156.9
2020-02-11,51,1043.17366,240.0,240.0
2020-02-11,52,496.3047009,162.6,162.6
2020-02-11,55,500.5950824,147.3,147.3
2020-02-11,57,587.6896523,216.6,216.6
2020-02-11,59,1070.856633,324.6,324.6
2020-02-11,61,239.2310763,126.9,126.9
2020-02-11,63,588.2727348,213.3,213.3
2020-02-11,64,288.066149,132.3,132.3
2020-02-11,66,703.6437273,215.1,215.1
2020-02-11,68,1189.194386,305.1,305.1
2020-02-11,69,678.1317993,198.0,198.0
2020-02-11,71,511.1904458,298.2,298.2
2020-02-11,72,506.8171253,198.3,198.3
2020-02-11,73,386.6743128,114.0,114.0
2020-02-11,74,637.6273819,280.8,280.8
2020-02-11,75,375.4174704,197.4,197.4
2020-02-11,77,476.9532989,288.0,288.0
2020-02-11,8,414.8597455,158.7,158.7
2020-02-11,80,733.4200267,279.0,279.0
2020-02-11,81,477.8196339,192.3,192.3
2020-02-11,83,350.8427244,266.4,266.4
2020-02-11,84,443.2771956,176.4,176.4
2020-02-11,88,861.5078552,350.4,350.4
2020-02-11,89,894.5299091,246.3,246.3
2020-02-11,90,404.852162,152.7,152.7
2020-02-11,92,730.34634,237.3,237.3
2020-02-11,93,451.3617904,160.8,160.8
2020-02-11,95,731.2649907,227.7,227.7
2020-02-11,96,674.2634424,141.0,141.0
2020-02-11,97,412.0745768,309.3,309.3
2020-02-11,98,742.4508045,247.5,247.5
2020-02-12,10,1317.011775,91.8,91.8
2020-02-12,103,464.9572876,119.1,119.1
2020-02-12,105,537.1898999,38.7,38.7
2020-02-12,108,140.9933805,63.0,63.0
2020-02-12,11,837.9378087,47.4,47.4
2020-02-12,110,340.702003,77.1,77.1
2020-02-12,111,710.0965455,62.1,62.1
2020-02-12,115,484.6722804,99.9,99.9
2020-02-12,118,335.8460167,120.3,120.3
2020-02-12,119,233.9169616,65.1,65.1
2020-02-12,120,644.0447065,48.0,48.0
2020-02-12,122,287.3975021,62.4,62.4
2020-02-12,123,137.7694241,30.3,30.3
2020-02-12,125,332.594203,81.9,81.9
2020-02-12,126,207.3317752,30.6,30.6
2020-02-12,127,189.8063708,117.6,117.6
2020-02-12,128,632.3059112,80.1,80.1
2020-02-12,131,300.3779188,64.5,64.5
2020-02-12,133,257.2527699,86.1,86.1
2020-02-12,135,430.2442721,117.9,117.9
2020-02-12,136,295.1709758,108.9,108.9
2020-02-12,138,483.2192907,120.0,120.0
2020-02-12,139,183.5929582,96.6,96.6
2020-02-12,141,406.9311836,138.6,138.6
2020-02-12,142,167.6200715,87.6,87.6
2020-02-12,144,967.8723474,109.5,109.5
2020-02-12,145,495.8031726,103.2,103.2
2020-02-12,146,245.9441777,52.5,52.5
2020-02-12,149,153.5183438,41.7,41.7
2020-02-12,15,443.8560003,119.7,119.7
2020-02-12,151,424.3624705,72.3,72.3
2020-02-12,152,290.3517746,41.4,41.4
2020-02-12,155,284.2239244,46.8,46.8
2020-02-12,157,294.2121016,91.8,91.8
2020-02-12,159,669.5320532,101.4,101.4
2020-02-12,161,104.947346,56.4,56.4
2020-02-12,163,247.995989,62.1,62.1
2020-02-12,164,155.4084628,27.9,27.9
2020-02-12,166,509.2439991,66.0,66.0
2020-02-12,168,1303.926173,90.0,90.0
2020-02-12,169,497.7900183,82.5,82.5
2020-02-12,171,318.2605015,112.2,112.2
2020-02-12,172,253.8712533,81.6,81.6
2020-02-12,173,557.5376175,133.5,133.5
2020-02-12,174,310.005628,99.6,99.6
2020-02-12,175,341.5462956,65.1,65.1
2020-02-12,177,317.6630486,93.0,93.0
2020-02-12,18,358.3845256,121.2,121.2
2020-02-12,180,364.1261825,83.7,83.7
2020-02-12,181,251.9241642,60.6,60.6
2020-02-12,183,277.1633528,106.2,106.2
2020-02-12,184,301.3590992,49.2,49.2
2020-02-12,188,730.0335047,110.7,110.7
2020-02-12,189,491.2088143,76.8,76.8
2020-02-12,19,301.7137019,79.8,79.8
2020-02-12,190,200.2023673,52.2,52.2
2020-02-12,192,419.3312755,82.5,82.5
2020-02-12,193,266.590025,54.9,54.9
2020-02-12,195,280.7192024,73.2,73.2
2020-02-12,196,969.2218868,43.8,43.8
2020-02-12,197,391.3094424,114.0,114.0
2020-02-12,198,334.8261242,87.9,87.9
2020-02-12,20,305.7361251,39.3,39.3
2020-02-12,22,291.6370343,89.1,89.1
2020-02-12,23,176.9410918,64.8,64.8
2020-02-12,25,633.03617,69.3,69.3
2020-02-12,26,291.6579182,49.2,49.2
2020-02-12,27,137.0493693,125.1,125.1
2020-02-12,28,825.0624518,81.6,81.6
2020-02-12,3,460.6370062,126.0,126.0
2020-02-12,31,584.725518,88.8,88.8
2020-02-12,33,243.0996766,115.2,115.2
2020-02-12,35,145.4722456,44.7,44.7
2020-02-12,36,299.4924253,112.8,112.8
2020-02-12,38,729.1442725,47.1,47.1
2020-02-12,39,227.0958397,112.8,112.8
2020-02-12,41,324.0340773,37.2,37.2
2020-02-12,42,273.9724528,101.4,101.4
2020-02-12,44,555.767069,125.4,125.4
2020-02-12,45,469.2433982,99.6,99.6
2020-02-12,46,280.5379844,62.1,62.1
2020-02-12,49,276.7413718,69.3,69.3
2020-02-12,5,223.925866,56.7,56.7
2020-02-12,51,983.9880365,93.0,93.0
2020-02-12,52,353.9025964,47.7,47.7
2020-02-12,55,421.7670443,62.7,62.7
2020-02-12,57,347.294395,84.0,84.0
2020-02-12,59,828.1772642,135.6,135.6
2020-02-12,61,112.9429228,39.6,39.6
2020-02-12,63,457.4137097,92.1,92.1
2020-02-12,64,169.0310569,42.3,42.3
2020-02-12,66,771.9100593,96.3,96.3
2020-02-12,68,1130.234432,109.8,109.8
2020-02-12,69,527.2101871,91.8,91.8
2020-02-12,71,381.2058248,100.8,100.8
2020-02-12,72,294.0781008,68.7,68.7
2020-02-12,73,303.4682305,40.8,40.8
2020-02-12,74,319.333801,108.9,108.9
2020-02-12,75,304.6109208,72.6,72.6
2020-02-12,77,424.726073,98.1,98.1
2020-02-12,8,229.1412207,63.9,63.9
2020-02-12,80,388.6703792,121.2,121.2
2020-02-12,81,315.6727853,65.7,65.7
2020-02-12,83,272.126348,91.5,91.5
2020-02-12,84,320.8246079,68.4,68.4
2020-02-12,88,784.3881799,122.1,122.1
2020-02-12,89,542.4377614,96.9,96.9
2020-02-12,90,314.5406193,49.8,49.8
2020-02-12,92,360.1057237,84.0,84.0
2020-02-12,93,268.6407543,62.1,62.1
2020-02-12,95,333.6612614,81.3,81.3
2020-02-12,96,732.8574156,59.4,59.4
2020-02-12,97,375.9704835,124.8,124.8
2020-02-12,98,529.1086883,77.4,77.4
2020-02-13,10,569.0626635,16.8,16.8
2020-02-13,103,170.3487085,12.9,12.9
2020-02-13,105,233.238538,0.0,0.0
2020-02-13,108,257.4797067,7.2,7.2
2020-02-13,11,467.6060461,0.0,0.0
2020-02-13,110,391.6591991,0.0,0.0
2020-02-13,111,235.1845655,0.0,0.0
2020-02-13,115,320.5992595,3.0,3.0
2020-02-13,118,304.2180342,18.9,18.9
2020-02-13,119,28.7839335,3.0,3.0
2020-02-13,120,245.452684,0.0,0.0
2020-02-13,122,245.6467297,4.2,4.2
2020-02-13,123,68.45312287,4.8,4.8
2020-02-13,125,908.4960196,12.9,12.9
2020-02-13,126,489.5439545,7.8,7.8
2020-02-13,127,88.17396268,0.0,0.0
2020-02-13,128,57.26316138,3.3,3.3
2020-02-13,131,580.2951503,0.0,0.0
2020-02-13,133,48.93260141,9.3,9.3
2020-02-13,135,64.10891272,19.5,19.5
2020-02-13,136,59.31961436,0.0,0.0
2020-02-13,138,677.0719614,9.0,9.0
2020-02-13,139,54.06044002,0.0,0.0
2020-02-13,141,212.2036843,10.2,10.2
2020-02-13,142,60.1874313,18.6,18.6
2020-02-13,144,695.1126844,12.0,12.0
2020-02-13,145,161.2163237,4.2,4.2
2020-02-13,146,62.27934301,7.5,7.5
2020-02-13,149,293.5536678,0.0,0.0
2020-02-13,15,462.057308,12.3,12.3
2020-02-13,151,464.4985373,3.9,3.9
2020-02-13,152,569.3001095,0.0,0.0
2020-02-13,155,158.1707994,12.3,12.3
2020-02-13,157,98.72899565,14.7,14.7
2020-02-13,159,584.5178227,0.0,0.0
2020-02-13,161,9.212656423,16.8,16.8
2020-02-13,163,315.6188189,0.0,0.0
2020-02-13,164,22.21813138,0.0,0.0
2020-02-13,166,189.4234522,8.4,8.4
2020-02-13,168,851.7680714,8.1,8.1
2020-02-13,169,183.7457646,0.0,0.0
2020-02-13,171,5.993902459,2.4,2.4
2020-02-13,172,294.6573604,16.8,16.8
2020-02-13,173,569.2854958,9.3,9.3
2020-02-13,174,77.50593649,18.3,18.3
2020-02-13,175,239.9080124,0.3,0.3
2020-02-13,177,81.42262272,2.1,2.1
2020-02-13,18,221.6869996,0.0,0.0
2020-02-13,180,45.35089926,0.0,0.0
2020-02-13,181,225.2504389,11.1,11.1
2020-02-13,183,69.4431061,0.0,0.0
2020-02-13,184,372.8986911,9.6,9.6
2020-02-13,188,632.8416101,14.7,14.7
2020-02-13,189,351.6592424,0.0,0.0
2020-02-13,19,21.64396705,0.0,0.0
2020-02-13,190,320.7349578,0.0,0.0
2020-02-13,192,634.3627841,1.5,1.5
2020-02-13,193,169.4893483,3.0,3.0
2020-02-13,195,214.463838,10.2,10.2
2020-02-13,196,767.3858328,0.0,0.0
2020-02-13,197,38.00304495,19.2,19.2
2020-02-13,198,451.5757566,11.7,11.7
2020-02-13,20,97.83369098,0.0,0.0
2020-02-13,22,82.63471025,10.2,10.2
2020-02-13,23,82.72580325,9.6,9.6
2020-02-13,25,281.2581498,0.0,0.0
2020-02-13,26,326.3883032,0.9,0.9
2020-02-13,27,70.27767126,15.3,15.3
2020-02-13,28,215.8435995,0.0,0.0
2020-02-13,3,265.1104247,0.0,0.0
2020-02-13,31,173.0188139,2.4,2.4
2020-02-13,33,7.513990823,19.2,19.2
2020-02-13,35,32.19805349,0.0,0.0
2020-02-13,36,33.17915993,13.2,13.2
2020-02-13,38,489.6889932,0.0,0.0
2020-02-13,39,57.78740963,0.0,0.0
2020-02-13,41,188.6569998,0.0,0.0
2020-02-13,42,51.97099823,0.0,0.0
2020-02-13,44,357.6827321,9.6,9.6
2020-02-13,45,70.61218923,6.3,6.3
2020-02-13,46,195.0400668,0.9,0.9
2020-02-13,49,62.25104077,14.4,14.4
2020-02-13,5,275.6648424,9.0,9.0
2020-02-13,51,299.34217,1.2,1.2
2020-02-13,52,346.8299878,13.5,13.5
2020-02-13,55,101.9082987,0.0,0.0
2020-02-13,57,157.6093817,0.0,0.0
2020-02-13,59,1003.510961,2.7,2.7
2020-02-13,61,30.2919689,0.0,0.0
2020-02-13,63,344.3626391,13.8,13.8
2020-02-13,64,52.89585931,5.4,5.4
2020-02-13,66,68.14401797,8.1,8.1
2020-02-13,68,899.6012831,6.9,6.9
2020-02-13,69,118.5380777,6.9,6.9
2020-02-13,71,237.9045448,5.1,5.1
2020-02-13,72,250.0168718,7.5,7.5
2020-02-13,73,67.59645861,15.9,15.9
2020-02-13,74,136.9954958,15.0,15.0
2020-02-13,75,78.41652573,13.8,13.8
2020-02-13,77,464.1184926,10.2,10.2
2020-02-13,8,327.955939,0.0,0.0
2020-02-13,80,112.8872437,16.5,16.5
2020-02-13,81,113.0830469,15.3,15.3
2020-02-13,83,77.07234432,11.1,11.1
2020-02-13,84,209.8063521,7.5,7.5
2020-02-13,88,719.8932581,0.0,0.0
2020-02-13,89,694.992671,0.0,0.0
2020-02-13,90,112.4026776,7.5,7.5
2020-02-13,92,313.7719913,1.8,1.8
2020-02-13,93,248.3829827,8.4,8.4
2020-02-13,95,93.59172605,0.0,0.0
2020-02-13,96,183.2650907,11.7,11.7
2020-02-13,97,303.625936,2.7,2.7
2020-02-13,98,117.0252934,4.8,4.8
2020-02-14,10,1222.386654,33.6,33.6
2020-02-14,103,213.6029473,49.5,49.5
2020-02-14,105,437.7717289,20.1,20.1
2020-02-14,108,73.9845002,5.7,5.7
2020-02-14,11,228.2110498,18.0,18.0
2020-02-14,110,730.6692722,24.6,24.6
2020-02-14,111,651.6652556,9.9,9.9
2020-02-14,115,478.9434489,54.6,54.6
2020-02-14,118,201.1238445,29.4,29.4
2020-02-14,119,165.6070268,30.3,30.3
2020-02-14,120,449.5871948,9.3,9.3
2020-02-14,122,155.2368416,40.5,40.5
2020-02-14,123,131.2609297,16.2,16.2
2020-02-14,125,1004.461922,40.2,40.2
2020-02-14,126,521.1406895,16.2,16.2
2020-02-14,127,130.5539061,50.1,50.1
2020-02-14,128,64.88247654,36.3,36.3
2020-02-14,131,80.16446854,19.5,19.5
2020-02-14,133,114.1207275,27.3,27.3
2020-02-14,135,123.9542199,54.9,54.9
2020-02-14,136,147.1189449,27.9,27.9
2020-02-14,138,746.0314434,47.7,47.7
2020-02-14,139,135.2702661,28.5,28.5
2020-02-14,141,358.548419,50.1,50.1
2020-02-14,142,89.65810387,31.5,31.5
2020-02-14,144,427.4304485,61.5,61.5
2020-02-14,145,208.7201999,26.4,26.4
2020-02-14,146,83.44056377,30.9,30.9
2020-02-14,149,183.2933156,32.7,32.7
2020-02-14,15,274.9608545,47.1,47.1
2020-02-14,151,814.3508665,28.5,28.5
2020-02-14,152,62.86737984,24.9,24.9
2020-02-14,155,327.166765,24.3,24.3
2020-02-14,157,333.4511058,33.0,33.0
2020-02-14,159,667.3447696,47.4,47.4
2020-02-14,161,58.14554695,19.2,19.2
2020-02-14,163,387.5236976,14.1,14.1
2020-02-14,164,133.3911231,8.1,8.1
2020-02-14,166,351.2438998,27.0,27.0
2020-02-14,168,886.3387359,52.5,52.5
2020-02-14,169,449.3531671,19.2,19.2
2020-02-14,171,167.0287394,54.0,54.0
2020-02-14,172,116.9078233,20.4,20.4
2020-02-14,173,208.7075951,52.2,52.2
2020-02-14,174,209.8506172,28.2,28.2
2020-02-14,175,236.3852996,12.9,12.9
2020-02-14,177,372.6747821,48.3,48.3
2020-02-14,18,152.5453945,40.2,40.2
2020-02-14,180,191.1857268,48.9,48.9
2020-02-14,181,356.5725603,12.6,12.6
2020-02-14,183,133.2267453,31.8,31.8
2020-02-14,184,258.7436072,34.8,34.8
2020-02-14,188,750.3415965,48.9,48.9
2020-02-14,189,422.2382809,23.7,23.7
2020-02-14,19,194.2083534,36.6,36.6
2020-02-14,190,266.3067129,16.5,16.5
2020-02-14,192,607.2849827,29.4,29.4
2020-02-14,193,87.93397753,31.2,31.2
2020-02-14,195,186.2110043,17.7,17.7
2020-02-14,196,1020.619754,28.8,28.8
2020-02-14,197,164.098282,46.2,46.2
2020-02-14,198,358.9500778,38.4,38.4
2020-02-14,20,386.6170649,17.1,17.1
2020-02-14,22,229.2471224,31.8,31.8
2020-02-14,23,30.83756095,31.2,31.2
2020-02-14,25,232.8607967,41.7,41.7
2020-02-14,26,345.9213284,18.6,18.6
2020-02-14,27,109.3563182,36.3,36.3
2020-02-14,28,297.0338444,25.5,25.5
2020-02-14,3,379.3977895,52.8,52.8
2020-02-14,31,613.764474,24.3,24.3
2020-02-14,33,139.1037991,47.7,47.7
2020-02-14,35,96.25380693,30.3,30.3
2020-02-14,36,164.1327292,48.6,48.6
2020-02-14,38,285.266444,12.6,12.6
2020-02-14,39,124.9711596,32.4,32.4
2020-02-14,41,139.2092113,26.4,26.4
2020-02-14,42,87.4730932,50.7,50.7
2020-02-14,44,917.4527015,60.9,60.9
2020-02-14,45,192.7907361,45.3,45.3
2020-02-14,46,295.0974221,36.6,36.6
2020-02-14,49,293.5256008,33.9,33.9
2020-02-14,5,236.9425203,27.9,27.9
2020-02-14,51,343.3637448,22.8,22.8
2020-02-14,52,152.7310897,12.0,12.0
2020-02-14,55,109.7574558,29.1,29.1
2020-02-14,57,125.9570421,27.9,27.9
2020-02-14,59,458.6468735,41.7,41.7
2020-02-14,61,100.2313341,34.2,34.2
2020-02-14,63,295.3129022,31.8,31.8
2020-02-14,64,104.0789769,14.1,14.1
2020-02-14,66,569.8807393,31.5,31.5
2020-02-14,68,589.4080114,50.4,50.4
2020-02-14,69,614.5867935,21.3,21.3
2020-02-14,71,264.504324,34.5,34.5
2020-02-14,72,114.2155069,20.1,20.1
2020-02-14,73,520.837412,2.7,2.7
2020-02-14,74,260.5900994,45.6,45.6
2020-02-14,75,146.2382474,26.7,26.7
2020-02-14,77,303.8645772,54.6,54.6
2020-02-14,8,338.6348195,35.4,35.4
2020-02-14,80,314.7676342,42.3,42.3
2020-02-14,81,139.5758663,25.8,25.8
2020-02-14,83,121.8860589,32.7,32.7
2020-02-14,84,174.6897001,26.7,26.7
2020-02-14,88,397.9655414,57.3,57.3
2020-02-14,89,879.0733919,49.5,49.5
2020-02-14,90,163.4918665,35.4,35.4
2020-02-14,92,389.5745737,41.7,41.7
2020-02-14,93,122.108951,16.5,16.5
2020-02-14,95,126.4948601,24.0,24.0
2020-02-14,96,30.46106603,17.4,17.4
2020-02-14,97,314.0811808,54.9,54.9
2020-02-14,98,488.6421707,49.5,49.5
2020-02-15,10,1001.542367,168.9,168.9
2020-02-15,103,631.0026872,227.1,227.1
2020-02-15,105,429.2021287,90.3,90.3
2020-02-15,108,361.8909106,84.3,84.3
2020-02-15,11,843.1094378,106.5,106.5
2020-02-15,110,802.8434247,151.5,151.5
2020-02-15,111,500.8677367,96.0,96.0
2020-02-15,115,512.1358895,191.4,191.4
2020-02-15,118,396.9676749,196.8,196.8
2020-02-15,119,287.6548313,129.3,129.3
2020-02-15,120,418.0193108,80.1,80.1
2020-02-15,122,299.6361682,144.6,144.6
2020-02-15,123,241.0136313,59.1,59.1
2020-02-15,125,921.2832549,132.6,132.6
2020-02-15,126,355.8726526,70.2,70.2
2020-02-15,127,525.7510625,193.8,193.8
2020-02-15,128,530.6230296,129.0,129.0
2020-02-15,131,685.9204356,118.5,118.5
2020-02-15,133,140.7466984,171.6,171.6
2020-02-15,135,386.5927219,238.2,238.2
2020-02-15,136,512.387318,181.2,181.2
2020-02-15,138,794.3988896,239.1,239.1
2020-02-15,139,307.9602213,163.2,163.2
2020-02-15,141,608.4051714,216.3,216.3
2020-02-15,142,434.1477869,158.4,158.4
2020-02-15,144,793.9081047,215.4,215.4
2020-02-15,145,585.6512273,165.9,165.9
2020-02-15,146,340.7177253,105.6,105.6
2020-02-15,149,315.0586909,84.0,84.0
2020-02-15,15,588.3446742,218.7,218.7
2020-02-15,151,558.1800331,147.9,147.9
2020-02-15,152,395.2451922,80.1,80.1
2020-02-15,155,383.038349,76.2,76.2
2020-02-15,157,419.2184727,139.8,139.8
2020-02-15,159,725.512204,203.7,203.7
2020-02-15,161,164.8660798,74.7,74.7
2020-02-15,163,451.1974745,142.2,142.2
2020-02-15,164,224.7359443,63.3,63.3
2020-02-15,166,765.6398204,138.6,138.6
2020-02-15,168,580.1565324,170.7,170.7
2020-02-15,169,600.109171,121.5,121.5
2020-02-15,171,355.9216101,175.2,175.2
2020-02-15,172,394.1655074,126.9,126.9
2020-02-15,173,648.878293,239.7,239.7
2020-02-15,174,318.1882959,186.3,186.3
2020-02-15,175,379.5993458,114.6,114.6
2020-02-15,177,476.9265889,167.1,167.1
2020-02-15,18,455.0557083,219.0,219.0
2020-02-15,180,496.0444496,165.3,165.3
2020-02-15,181,360.0047784,97.2,97.2
2020-02-15,183,429.1391794,158.4,158.4
2020-02-15,184,382.9376508,104.7,104.7
2020-02-15,188,762.4797397,212.7,212.7
2020-02-15,189,662.4650136,150.6,150.6
2020-02-15,19,348.5497907,164.7,164.7
2020-02-15,190,293.2290543,88.8,88.8
2020-02-15,192,609.9167175,157.2,157.2
2020-02-15,193,307.0242509,93.6,93.6
2020-02-15,195,372.7717151,140.4,140.4
2020-02-15,196,490.6092961,78.6,78.6
2020-02-15,197,564.2233094,217.8,217.8
2020-02-15,198,570.3682071,147.0,147.0
2020-02-15,20,327.2437044,97.2,97.2
2020-02-15,22,277.9175275,158.1,158.1
2020-02-15,23,199.1761124,80.4,80.4
2020-02-15,25,590.431123,140.4,140.4
2020-02-15,26,505.7752611,97.8,97.8
2020-02-15,27,257.3504563,216.3,216.3
2020-02-15,28,692.9219966,151.2,151.2
2020-02-15,3,559.2893205,246.9,246.9
2020-02-15,31,535.3822772,148.2,148.2
2020-02-15,33,511.9515973,198.0,198.0
2020-02-15,35,169.2176294,63.3,63.3
2020-02-15,36,580.9515016,204.6,204.6
2020-02-15,38,482.0349276,81.0,81.0
2020-02-15,39,420.1699521,194.1,194.1
2020-02-15,41,290.9537049,74.1,74.1
2020-02-15,42,470.115602,194.4,194.4
2020-02-15,44,941.4507722,234.6,234.6
2020-02-15,45,578.0347822,168.6,168.6
2020-02-15,46,357.8005286,104.1,104.1
2020-02-15,49,309.9691843,97.2,97.2
2020-02-15,5,793.3190689,116.4,116.4
2020-02-15,51,869.4242102,176.7,176.7
2020-02-15,52,381.1619702,118.2,118.2
2020-02-15,55,400.6798489,96.0,96.0
2020-02-15,57,476.1949063,148.5,148.5
2020-02-15,59,849.575825,231.3,231.3
2020-02-15,61,318.70684,107.1,107.1
2020-02-15,63,593.9424083,162.3,162.3
2020-02-15,64,246.2989956,88.5,88.5
2020-02-15,66,633.388205,135.6,135.6
2020-02-15,68,1253.163275,208.8,208.8
2020-02-15,69,522.4703487,135.3,135.3
2020-02-15,71,362.4076175,208.8,208.8
2020-02-15,72,429.7196862,142.5,142.5
2020-02-15,73,516.3713671,77.1,77.1
2020-02-15,74,341.282569,200.7,200.7
2020-02-15,75,386.146737,148.2,148.2
2020-02-15,77,594.8230134,184.2,184.2
2020-02-15,8,359.1201167,109.2,109.2
2020-02-15,80,649.6846497,197.1,197.1
2020-02-15,81,381.1244286,136.8,136.8
2020-02-15,83,449.6800245,171.9,171.9
2020-02-15,84,400.8598594,130.8,130.8
2020-02-15,88,791.4838638,247.2,247.2
2020-02-15,89,757.3793056,170.7,170.7
2020-02-15,90,354.5291283,109.2,109.2
2020-02-15,92,639.9646721,171.3,171.3
2020-02-15,93,328.7626781,96.6,96.6
2020-02-15,95,494.789219,157.2,157.2
2020-02-15,96,1031.945627,92.4,92.4
2020-02-15,97,408.3823825,223.8,223.8
2020-02-15,98,583.9152021,150.3,150.3
2020-02-16,10,1202.252704,288.0,288.0
2020-02-16,103,1010.629845,392.1,392.1
2020-02-16,105,816.3069507,165.6,165.6
2020-02-16,108,445.2890446,146.7,146.7
2020-02-16,11,692.7702793,173.4,173.4
2020-02-16,110,1233.900259,274.2,274.2
2020-02-16,111,541.840121,154.5,154.5
2020-02-16,115,1102.757741,367.2,367.2
2020-02-16,118,667.9147625,341.1,341.1
2020-02-16,119,475.841867,248.1,248.1
2020-02-16,120,680.4493855,129.3,129.3
2020-02-16,122,714.597341,218.7,218.7
2020-02-16,123,348.9624277,133.8,133.8
2020-02-16,125,959.4139148,222.9,222.9
2020-02-16,126,529.0779472,102.0,102.0
2020-02-16,127,209.2009634,333.6,333.6
2020-02-16,128,915.6342766,209.4,209.4
2020-02-16,131,676.5691348,193.8,193.8
2020-02-16,133,516.0611229,320.7,320.7
2020-02-16,135,505.053828,420.9,420.9
2020-02-16,136,300.1927261,295.2,295.2
2020-02-16,138,1159.518658,390.6,390.6
2020-02-16,139,822.9172359,283.8,283.8
2020-02-16,141,485.3861913,387.3,387.3
2020-02-16,142,724.9603484,291.0,291.0
2020-02-16,144,1057.879166,393.3,393.3
2020-02-16,145,852.4129525,294.9,294.9
2020-02-16,146,388.4274724,176.7,176.7
2020-02-16,149,317.7382216,171.3,171.3
2020-02-16,15,908.9706646,393.6,393.6
2020-02-16,151,1083.466455,274.2,274.2
2020-02-16,152,577.8970288,161.4,161.4
2020-02-16,155,480.2582117,144.0,144.0
2020-02-16,157,648.0914853,243.0,243.0
2020-02-16,159,1138.646396,350.7,350.7
2020-02-16,161,317.2423451,146.7,146.7
2020-02-16,163,629.7186802,233.7,233.7
2020-02-16,164,276.7706421,114.3,114.3
2020-02-16,166,742.3346284,237.3,237.3
2020-02-16,168,1407.168256,328.2,328.2
2020-02-16,169,672.0151575,234.9,234.9
2020-02-16,171,443.2766727,310.2,310.2
2020-02-16,172,541.5342835,217.5,217.5
2020-02-16,173,887.3006989,439.8,439.8
2020-02-16,174,828.8935658,300.9,300.9
2020-02-16,175,564.2933932,192.3,192.3
2020-02-16,177,773.1184767,313.5,313.5
2020-02-16,18,672.6164648,376.8,376.8
2020-02-16,180,962.1013338,294.6,294.6
2020-02-16,181,565.416681,182.1,182.1
2020-02-16,183,913.0480282,281.1,281.1
2020-02-16,184,580.3216138,169.5,169.5
2020-02-16,188,847.7880712,387.0,387.0
2020-02-16,189,927.5319944,267.9,267.9
2020-02-16,19,647.2212741,288.3,288.3
2020-02-16,190,410.331006,170.4,170.4
2020-02-16,192,851.2831742,255.9,255.9
2020-02-16,193,515.5565084,149.7,149.7
2020-02-16,195,706.11842,252.6,252.6
2020-02-16,196,952.8436157,143.1,143.1
2020-02-16,197,755.3961649,379.8,379.8
2020-02-16,198,629.7157129,253.5,253.5
2020-02-16,20,634.9904433,162.9,162.9
2020-02-16,22,496.0871116,267.6,267.6
2020-02-16,23,178.712129,142.8,142.8
2020-02-16,25,953.8339757,259.2,259.2
2020-02-16,26,547.5494867,147.0,147.0
2020-02-16,27,739.5078604,368.4,368.4
2020-02-16,28,900.4170815,260.1,260.1
2020-02-16,3,512.011372,410.7,410.7
2020-02-16,31,753.6929448,237.0,237.0
2020-02-16,33,663.2911287,343.2,343.2
2020-02-16,35,242.6585955,129.6,129.6
2020-02-16,36,462.8446767,331.5,331.5
2020-02-16,38,793.2831948,110.7,110.7
2020-02-16,39,462.9766258,325.2,325.2
2020-02-16,41,397.030147,96.9,96.9
2020-02-16,42,802.9966422,310.5,310.5
2020-02-16,44,1399.524073,429.3,429.3
2020-02-16,45,812.2453909,327.0,327.0
2020-02-16,46,508.678956,212.1,212.1
2020-02-16,49,626.0462749,210.6,210.6
2020-02-16,5,906.0932609,196.5,196.5
2020-02-16,51,1074.321667,308.1,308.1
2020-02-16,52,622.3470016,206.4,206.4
2020-02-16,55,580.9705611,181.2,181.2
2020-02-16,57,442.1708805,276.3,276.3
2020-02-16,59,1194.205388,390.9,390.9
2020-02-16,61,511.3404714,160.5,160.5
2020-02-16,63,817.4822227,266.4,266.4
2020-02-16,64,354.54382,171.9,171.9
2020-02-16,66,766.6341604,256.5,256.5
2020-02-16,68,1342.260236,380.1,380.1
2020-02-16,69,742.841957,267.0,267.0
2020-02-16,71,563.2989694,358.8,358.8
2020-02-16,72,453.7259866,262.8,262.8
2020-02-16,73,466.5339937,133.5,133.5
2020-02-16,74,1113.078672,345.6,345.6
2020-02-16,75,686.9217817,232.2,232.2
2020-02-16,77,778.8129949,356.4,356.4
2020-02-16,8,468.1600931,183.3,183.3
2020-02-16,80,936.0513818,340.8,340.8
2020-02-16,81,708.817568,219.3,219.3
2020-02-16,83,906.7223423,340.5,340.5
2020-02-16,84,588.2651004,207.3,207.3
2020-02-16,88,1009.616298,416.4,416.4
2020-02-16,89,950.5938608,309.0,309.0
2020-02-16,90,668.5652322,196.2,196.2
2020-02-16,92,782.4226467,301.5,301.5
2020-02-16,93,626.9409059,211.2,211.2
2020-02-16,95,693.5574632,306.6,306.6
2020-02-16,96,609.1752739,196.2,196.2
2020-02-16,97,392.1527857,400.8,400.8
2020-02-16,98,782.6421694,295.2,295.2
2020-02-17,10,1279.206984,341.4,341.4
2020-02-17,103,1152.124379,426.0,426.0
2020-02-17,105,956.417495,198.3,198.3
2020-02-17,108,383.8090134,185.1,185.1
2020-02-17,11,701.4020255,201.9,201.9
2020-02-17,110,1193.669883,291.3,291.3
2020-02-17,111,832.7844727,163.2,163.2
2020-02-17,115,1004.962124,390.3,390.3
2020-02-17,118,588.3486073,389.7,389.7
2020-02-17,119,275.7851367,261.6,261.6
2020-02-17,120,495.4270307,149.4,149.4
2020-02-17,122,737.2102302,255.6,255.6
2020-02-17,123,279.4261821,131.1,131.1
2020-02-17,125,971.3426236,239.4,239.4
2020-02-17,126,542.7451325,117.6,117.6
2020-02-17,127,823.0003183,362.4,362.4
2020-02-17,128,952.1317968,235.2,235.2
2020-02-17,131,762.4055909,216.9,216.9
2020-02-17,133,603.109409,345.9,345.9
2020-02-17,135,428.7907054,450.0,450.0
2020-02-17,136,537.8663623,329.1,329.1
2020-02-17,138,983.2231879,435.9,435.9
2020-02-17,139,956.4502904,332.4,332.4
2020-02-17,141,877.2852127,442.8,442.8
2020-02-17,142,945.2362146,330.9,330.9
2020-02-17,144,1038.293948,419.1,419.1
2020-02-17,145,890.9213127,320.7,320.7
2020-02-17,146,442.1210682,198.9,198.9
2020-02-17,149,480.3562696,177.9,177.9
2020-02-17,15,801.3311109,424.8,424.8
2020-02-17,151,1085.22593,297.9,297.9
2020-02-17,152,562.1124743,166.5,166.5
2020-02-17,155,496.2890506,171.3,171.3
2020-02-17,157,541.7760264,267.6,267.6
2020-02-17,159,1152.882926,379.5,379.5
2020-02-17,161,350.9407298,161.7,161.7
2020-02-17,163,672.895294,271.5,271.5
2020-02-17,164,301.0902308,148.8,148.8
2020-02-17,166,846.8990804,249.0,249.0
2020-02-17,168,1184.338387,359.7,359.7
2020-02-17,169,717.070613,255.6,255.6
2020-02-17,171,1067.0245,343.5,343.5
2020-02-17,172,432.4358564,222.0,222.0
2020-02-17,173,610.8371519,461.1,461.1
2020-02-17,174,579.6443904,363.0,363.0
2020-02-17,175,689.9171058,222.9,222.9
2020-02-17,177,709.6996444,333.9,333.9
2020-02-17,18,472.0762593,434.7,434.7
2020-02-17,180,602.3643641,331.8,331.8
2020-02-17,181,693.6736974,217.8,217.8
2020-02-17,183,832.1142073,315.0,315.0
2020-02-17,184,678.5824738,192.9,192.9
2020-02-17,188,1043.009845,418.8,418.8
2020-02-17,189,1035.891995,305.7,305.7
2020-02-17,19,690.9714666,317.1,317.1
2020-02-17,190,526.6904683,182.4,182.4
2020-02-17,192,685.3151657,299.4,299.4
2020-02-17,193,334.0624483,179.4,179.4
2020-02-17,195,778.7811822,292.2,292.2
2020-02-17,196,1013.730104,156.6,156.6
2020-02-17,197,501.0444616,397.8,397.8
2020-02-17,198,699.9429575,283.5,283.5
2020-02-17,20,640.2070838,170.7,170.7
2020-02-17,22,364.9776564,297.3,297.3
2020-02-17,23,469.5264115,160.8,160.8
2020-02-17,25,1003.606646,279.9,279.9
2020-02-17,26,558.0273478,175.2,175.2
2020-02-17,27,402.9686416,405.3,405.3
2020-02-17,28,900.0230149,266.4,266.4
2020-02-17,3,973.1045592,479.4,479.4
2020-02-17,31,829.9014268,277.5,277.5
2020-02-17,33,1122.230892,380.7,380.7
2020-02-17,35,225.0645288,153.3,153.3
2020-02-17,36,293.3464105,367.8,367.8
2020-02-17,38,652.9252955,136.5,136.5
2020-02-17,39,806.8292979,358.8,358.8
2020-02-17,41,453.8951039,132.6,132.6
2020-02-17,42,911.9173094,372.9,372.9
2020-02-17,44,1502.413213,460.5,460.5
2020-02-17,45,963.4157201,352.5,352.5
2020-02-17,46,470.9316605,222.6,222.6
2020-02-17,49,520.8889163,234.9,234.9
2020-02-17,5,1004.203557,221.1,221.1
2020-02-17,51,1082.32928,318.6,318.6
2020-02-17,52,653.6634661,211.5,211.5
2020-02-17,55,465.7317706,201.0,201.0
2020-02-17,57,955.2466717,306.3,306.3
2020-02-17,59,1398.584143,423.6,423.6
2020-02-17,61,516.6841821,175.8,175.8
2020-02-17,63,887.9220203,312.6,312.6
2020-02-17,64,394.2297401,169.2,169.2
2020-02-17,66,892.0338286,282.6,282.6
2020-02-17,68,1350.610923,396.6,396.6
2020-02-17,69,626.9722632,293.1,293.1
2020-02-17,71,1235.987682,391.5,391.5
2020-02-17,72,957.7770996,271.2,271.2
2020-02-17,73,538.4539031,149.7,149.7
2020-02-17,74,897.4994356,374.1,374.1
2020-02-17,75,792.7319175,264.0,264.0
2020-02-17,77,1025.137146,391.8,391.8
2020-02-17,8,726.4021096,201.0,201.0
2020-02-17,80,420.2300295,375.6,375.6
2020-02-17,81,630.7354686,242.7,242.7
2020-02-17,83,408.8001522,351.0,351.0
2020-02-17,84,850.2168437,249.9,249.9
2020-02-17,88,1214.843768,481.5,481.5
2020-02-17,89,1041.114882,352.5,352.5
2020-02-17,90,532.4777783,237.6,237.6
2020-02-17,92,1061.151863,348.6,348.6
2020-02-17,93,500.8993002,224.4,224.4
2020-02-17,95,405.910036,335.7,335.7
2020-02-17,96,737.3273401,200.1,200.1
2020-02-17,97,481.7114778,444.3,444.3
2020-02-17,98,599.31817,327.6,327.6
2020-02-18,10,1060.203404,235.8,235.8
2020-02-18,103,807.5705713,317.7,317.7
2020-02-18,105,738.029442,124.2,124.2
2020-02-18,108,430.8923605,116.1,116.1
2020-02-18,11,781.2384332,156.9,156.9
2020-02-18,110,1127.855635,198.0,198.0
2020-02-18,111,604.777518,125.7,125.7
2020-02-18,115,717.1662073,296.4,296.4
2020-02-18,118,547.0732214,285.3,285.3
2020-02-18,119,381.5923281,179.7,179.7
2020-02-18,120,529.6012231,108.3,108.3
2020-02-18,122,391.4772951,190.5,190.5
2020-02-18,123,200.7512323,99.9,99.9
2020-02-18,125,866.8560604,193.8,193.8
2020-02-18,126,300.8232962,96.9,96.9
2020-02-18,127,620.0020041,248.7,248.7
2020-02-18,128,815.6181182,180.3,180.3
2020-02-18,131,659.2591885,171.9,171.9
2020-02-18,133,549.2865193,258.0,258.0
2020-02-18,135,650.1136871,327.9,327.9
2020-02-18,136,627.1880218,233.7,233.7
2020-02-18,138,990.3425613,325.5,325.5
2020-02-18,139,560.4342677,239.4,239.4
2020-02-18,141,453.9945315,323.4,323.4
2020-02-18,142,611.1582869,222.3,222.3
2020-02-18,144,1058.374776,327.6,327.6
2020-02-18,145,623.3386908,240.0,240.0
2020-02-18,146,412.8434699,137.1,137.1
2020-02-18,149,318.5061193,144.6,144.6
2020-02-18,15,641.2365167,315.9,315.9
2020-02-18,151,758.2638756,210.9,210.9
2020-02-18,152,531.9780693,118.5,118.5
2020-02-18,155,415.8234339,128.1,128.1
2020-02-18,157,609.9200967,215.1,215.1
2020-02-18,159,1017.541404,279.3,279.3
2020-02-18,161,117.9562884,100.5,100.5
2020-02-18,163,617.5834759,198.9,198.9
2020-02-18,164,307.644094,108.3,108.3
2020-02-18,166,652.9565866,187.2,187.2
2020-02-18,168,1093.630308,272.1,272.1
2020-02-18,169,593.2576045,186.6,186.6
2020-02-18,171,430.8671768,274.2,274.2
2020-02-18,172,395.6504428,173.4,173.4
2020-02-18,173,855.9322083,342.0,342.0
2020-02-18,174,712.9632755,262.2,262.2
2020-02-18,175,509.6092484,171.9,171.9
2020-02-18,177,620.0286065,256.5,256.5
2020-02-18,18,651.5120064,304.2,304.2
2020-02-18,180,646.7004978,229.5,229.5
2020-02-18,181,452.5554618,157.2,157.2
2020-02-18,183,515.7513202,239.7,239.7
2020-02-18,184,428.1847813,154.5,154.5
2020-02-18,188,909.8388178,314.1,314.1
2020-02-18,189,843.0355695,234.3,234.3
2020-02-18,19,455.9409136,231.3,231.3
2020-02-18,190,438.755042,124.8,124.8
2020-02-18,192,735.8306513,207.9,207.9
2020-02-18,193,402.5077853,135.6,135.6
2020-02-18,195,368.0827258,205.5,205.5
2020-02-18,196,932.1363151,113.4,113.4
2020-02-18,197,524.6360012,299.4,299.4
2020-02-18,198,643.8490071,209.1,209.1
2020-02-18,20,430.428874,145.8,145.8
2020-02-18,22,403.209204,221.4,221.4
2020-02-18,23,330.7035539,125.4,125.4
2020-02-18,25,985.6170403,201.0,201.0
2020-02-18,26,561.6196138,115.2,115.2
2020-02-18,27,179.5248646,293.1,293.1
2020-02-18,28,973.899807,205.5,205.5
2020-02-18,3,554.8791275,339.6,339.6
2020-02-18,31,643.4066426,198.9,198.9
2020-02-18,33,425.2464783,269.7,269.7
2020-02-18,35,298.8642227,93.9,93.9
2020-02-18,36,486.1622756,267.3,267.3
2020-02-18,38,515.8764306,100.5,100.5
2020-02-18,39,755.4017643,266.1,266.1
2020-02-18,41,403.6807101,98.4,98.4
2020-02-18,42,462.0180336,268.8,268.8
2020-02-18,44,1174.155399,335.7,335.7
2020-02-18,45,628.2901648,247.2,247.2
2020-02-18,46,367.2890618,159.0,159.0
2020-02-18,49,491.0695225,165.3,165.3
2020-02-18,5,723.7282967,158.1,158.1
2020-02-18,51,908.6494911,247.5,247.5
2020-02-18,52,532.161123,139.2,139.2
2020-02-18,55,447.6907568,158.1,158.1
2020-02-18,57,729.2594642,238.5,238.5
2020-02-18,59,1082.200601,305.4,305.4
2020-02-18,61,270.2444669,140.1,140.1
2020-02-18,63,716.5895731,208.8,208.8
2020-02-18,64,217.8698878,123.3,123.3
2020-02-18,66,698.9785062,218.7,218.7
2020-02-18,68,1577.392478,283.8,283.8
2020-02-18,69,607.4046772,209.1,209.1
2020-02-18,71,546.3423225,280.5,280.5
2020-02-18,72,500.3140776,211.8,211.8
2020-02-18,73,548.0010463,101.1,101.1
2020-02-18,74,427.0446081,274.5,274.5
2020-02-18,75,621.9744341,184.2,184.2
2020-02-18,77,900.4644649,267.3,267.3
2020-02-18,8,472.1449414,147.0,147.0
2020-02-18,80,576.0950472,281.7,281.7
2020-02-18,81,457.9282598,177.3,177.3
2020-02-18,83,833.5499786,252.6,252.6
2020-02-18,84,521.3396758,189.0,189.0
2020-02-18,88,878.4682527,334.2,334.2
2020-02-18,89,869.7917587,259.5,259.5
2020-02-18,90,411.1831295,167.7,167.7
2020-02-18,92,681.960983,240.3,240.3
2020-02-18,93,510.1960324,153.9,153.9
2020-02-18,95,730.4065593,226.5,226.5
2020-02-18,96,1071.311016,164.1,164.1
2020-02-18,97,856.3042252,332.4,332.4
2020-02-18,98,606.8680051,242.1,242.1
2020-02-19,10,399.7688108,97.8,97.8
2020-02-19,103,458.1736608,114.0,114.0
2020-02-19,105,885.6951007,48.0,48.0
2020-02-19,108,256.6206415,41.1,41.1
2020-02-19,11,746.9250076,57.9,57.9
2020-02-19,110,691.7483293,84.3,84.3
2020-02-19,111,481.5523271,34.8,34.8
2020-02-19,115,479.3322416,115.2,115.2
2020-02-19,118,387.4248504,104.4,104.4
2020-02-19,119,276.1489696,67.8,67.8
2020-02-19,120,250.0028327,50.4,50.4
2020-02-19,122,220.2626886,88.2,88.2
2020-02-19,123,118.0981823,51.3,51.3
2020-02-19,125,888.1091143,80.4,80.4
2020-02-19,126,405.7729489,35.4,35.4
2020-02-19,127,124.6299716,96.0,96.0
2020-02-19,128,527.112134,55.5,55.5
2020-02-19,131,601.523645,66.0,66.0
2020-02-19,133,165.2799099,98.7,98.7
2020-02-19,135,281.0402021,143.7,143.7
2020-02-19,136,289.2246598,99.6,99.6
2020-02-19,138,576.2859394,123.9,123.9
2020-02-19,139,127.3656452,95.7,95.7
2020-02-19,141,396.252148,119.1,119.1
2020-02-19,142,182.8331545,91.8,91.8
2020-02-19,144,651.2252209,109.5,109.5
2020-02-19,145,587.8970876,102.9,102.9
2020-02-19,146,290.8865566,68.1,68.1
2020-02-19,149,272.2145252,37.2,37.2
2020-02-19,15,466.9279416,132.0,132.0
2020-02-19,151,546.9841303,93.0,93.0
2020-02-19,152,384.8653894,35.1,35.1
2020-02-19,155,301.466479,52.8,52.8
2020-02-19,157,290.5796816,75.0,75.0
2020-02-19,159,1056.627485,122.4,122.4
2020-02-19,161,126.1554631,48.3,48.3
2020-02-19,163,467.6647674,87.0,87.0
2020-02-19,164,135.651682,41.4,41.4
2020-02-19,166,293.7753948,57.6,57.6
2020-02-19,168,1136.943328,116.7,116.7
2020-02-19,169,195.2002973,68.4,68.4
2020-02-19,171,300.8767066,102.9,102.9
2020-02-19,172,234.218328,73.5,73.5
2020-02-19,173,582.7938427,124.2,124.2
2020-02-19,174,300.5079735,87.9,87.9
2020-02-19,175,332.8787201,68.1,68.1
2020-02-19,177,468.4472489,111.6,111.6
2020-02-19,18,328.9308163,130.8,130.8
2020-02-19,180,370.7669766,90.9,90.9
2020-02-19,181,343.4803686,47.1,47.1
2020-02-19,183,348.0778987,93.0,93.0
2020-02-19,184,366.5958751,59.1,59.1
2020-02-19,188,430.9453334,135.6,135.6
2020-02-19,189,798.1551803,78.6,78.6
2020-02-19,19,308.5999012,80.1,80.1
2020-02-19,190,330.2974136,56.1,56.1
2020-02-19,192,344.3537387,79.2,79.2
2020-02-19,193,145.3812442,51.6,51.6
2020-02-19,195,312.225327,83.7,83.7
2020-02-19,196,487.7212731,61.2,61.2
2020-02-19,197,358.4584119,130.5,130.5
2020-02-19,198,400.2311865,82.2,82.2
2020-02-19,20,626.407555,47.7,47.7
2020-02-19,22,274.8505786,74.4,74.4
2020-02-19,23,137.7252034,48.9,48.9
2020-02-19,25,737.1474608,70.2,70.2
2020-02-19,26,253.0146739,50.4,50.4
2020-02-19,27,251.5690386,106.2,106.2
2020-02-19,28,495.9278392,93.0,93.0
2020-02-19,3,441.3978275,125.7,125.7
2020-02-19,31,498.9116842,92.4,92.4
2020-02-19,33,165.4645325,121.5,121.5
2020-02-19,35,113.4754026,43.8,43.8
2020-02-19,36,310.2305313,111.9,111.9
2020-02-19,38,395.6108918,43.8,43.8
2020-02-19,39,293.1339701,119.1,119.1
2020-02-19,41,187.6382947,32.1,32.1
2020-02-19,42,112.3869795,98.4,98.4
2020-02-19,44,838.4921386,145.5,145.5
2020-02-19,45,549.1648116,114.9,114.9
2020-02-19,46,283.3882736,67.2,67.2
2020-02-19,49,296.2374152,48.3,48.3
2020-02-19,5,891.541937,72.9,72.9
2020-02-19,51,943.7869787,103.2,103.2
2020-02-19,52,552.8237078,67.8,67.8
2020-02-19,55,211.7312216,72.9,72.9
2020-02-19,57,334.44448,99.6,99.6
2020-02-19,59,534.812471,131.4,131.4
2020-02-19,61,130.5961167,47.7,47.7
2020-02-19,63,606.2038598,86.1,86.1
2020-02-19,64,146.0091216,50.1,50.1
2020-02-19,66,712.8584528,81.3,81.3
2020-02-19,68,1431.325518,129.0,129.0
2020-02-19,69,352.460485,75.3,75.3
2020-02-19,71,343.8895026,101.1,101.1
2020-02-19,72,231.6798288,67.2,67.2
2020-02-19,73,365.8779271,49.8,49.8
2020-02-19,74,340.4122609,97.2,97.2
2020-02-19,75,285.7354334,65.1,65.1
2020-02-19,77,382.4426954,102.3,102.3
2020-02-19,8,361.9222341,62.7,62.7
2020-02-19,80,346.7498362,112.8,112.8
2020-02-19,81,380.4958286,78.6,78.6
2020-02-19,83,163.24229,99.0,99.0
2020-02-19,84,234.2054248,77.4,77.4
2020-02-19,88,789.4221329,121.8,121.8
2020-02-19,89,495.4974701,96.6,96.6
2020-02-19,90,267.281658,75.6,75.6
2020-02-19,92,540.9705162,89.4,89.4
2020-02-19,93,259.2499072,60.6,60.6
2020-02-19,95,345.4647936,89.4,89.4
2020-02-19,96,475.1821719,52.5,52.5
2020-02-19,97,358.1921006,133.8,133.8
2020-02-19,98,464.122859,91.8,91.8
2020-02-20,10,53.11428878,0.0,0.0
2020-02-20,103,367.9143133,0.0,0.0
2020-02-20,105,503.720911,12.6,12.6
2020-02-20,108,183.9358327,11.1,11.1
2020-02-20,11,241.388201,6.0,6.0
2020-02-20,110,40.63572523,8.4,8.4
2020-02-20,111,29.46876125,0.0,0.0
2020-02-20,115,156.8638299,19.8,19.8
2020-02-20,118,152.6210746,17.1,17.1
2020-02-20,119,219.1592223,1.8,1.8
2020-02-20,120,258.8694837,0.0,0.0
2020-02-20,122,194.1268203,12.9,12.9
2020-02-20,123,10.58092333,0.0,0.0
2020-02-20,125,519.577315,15.0,15.0
2020-02-20,126,369.9977013,0.0,0.0
2020-02-20,127,72.94498263,14.4,14.4
2020-02-20,128,993.1439325,0.0,0.0
2020-02-20,131,161.6110086,4.8,4.8
2020-02-20,133,80.38491969,0.0,0.0
2020-02-20,135,58.06301278,0.0,0.0
2020-02-20,136,32.42334128,2.1,2.1
2020-02-20,138,521.4183548,0.9,0.9
2020-02-20,139,27.57578921,1.2,1.2
2020-02-20,141,142.3927464,13.2,13.2
2020-02-20,142,63.01027758,16.2,16.2
2020-02-20,144,745.6229523,20.4,20.4
2020-02-20,145,551.1119275,3.6,3.6
2020-02-20,146,291.2753457,15.6,15.6
2020-02-20,149,252.7613288,0.0,0.0
2020-02-20,15,75.65603813,4.2,4.2
2020-02-20,151,992.4181126,0.0,0.0
2020-02-20,152,147.0164736,0.0,0.0
2020-02-20,155,85.66229112,0.0,0.0
2020-02-20,157,247.6597477,14.1,14.1
2020-02-20,159,253.2399404,19.8,19.8
2020-02-20,161,47.59140031,3.3,3.3
2020-02-20,163,265.3371289,6.6,6.6
2020-02-20,164,46.45269855,0.0,0.0
2020-02-20,166,95.46151281,0.0,0.0
2020-02-20,168,1239.7084,18.3,18.3
2020-02-20,169,79.27662514,3.0,3.0
2020-02-20,171,58.1349958,0.0,0.0
2020-02-20,172,90.90018073,0.0,0.0
2020-02-20,173,567.829982,0.0,0.0
2020-02-20,174,204.3711738,0.0,0.0
2020-02-20,175,278.1250245,9.0,9.0
2020-02-20,177,196.1161452,7.5,7.5
2020-02-20,18,90.92468731,0.0,0.0
2020-02-20,180,200.0392449,0.0,0.0
2020-02-20,181,329.273107,15.0,15.0
2020-02-20,183,98.37952081,16.8,16.8
2020-02-20,184,73.7168983,5.1,5.1
2020-02-20,188,362.7135435,6.0,6.0
2020-02-20,189,128.0741307,0.0,0.0
2020-02-20,19,61.53442533,3.0,3.0
2020-02-20,190,214.5778591,3.9,3.9
2020-02-20,192,114.3804091,0.0,0.0
2020-02-20,193,34.47988043,9.3,9.3
2020-02-20,195,300.9137475,0.0,0.0
2020-02-20,196,212.1982874,0.0,0.0
2020-02-20,197,242.1863239,15.3,15.3
2020-02-20,198,520.2190294,0.0,0.0
2020-02-20,20,580.0073175,10.5,10.5
2020-02-20,22,46.53960964,4.2,4.2
2020-02-20,23,85.16549989,0.0,0.0
2020-02-20,25,443.5547885,0.0,0.0
2020-02-20,26,250.8005302,10.2,10.2
2020-02-20,27,12.65420464,0.0,0.0
2020-02-20,28,281.5090935,10.2,10.2
2020-02-20,3,84.26032065,13.5,13.5
2020-02-20,31,267.0291913,12.6,12.6
2020-02-20,33,111.6286621,16.8,16.8
2020-02-20,35,36.08052529,12.0,12.0
2020-02-20,36,115.5449756,8.4,8.4
2020-02-20,38,571.7414339,3.3,3.3
2020-02-20,39,49.88952407,6.6,6.6
2020-02-20,41,277.5586826,7.5,7.5
2020-02-20,42,79.1259556,0.0,0.0
2020-02-20,44,172.2371776,6.3,6.3
2020-02-20,45,273.3889803,14.1,14.1
2020-02-20,46,62.0460387,9.6,9.6
2020-02-20,49,38.29240797,0.6,0.6
2020-02-20,5,564.1045634,15.6,15.6
2020-02-20,51,608.256559,0.0,0.0
2020-02-20,52,207.5328045,2.4,2.4
2020-02-20,55,140.3655419,0.0,0.0
2020-02-20,57,20.47942303,0.0,0.0
2020-02-20,59,739.7952832,0.0,0.0
2020-02-20,61,66.5238252,9.6,9.6
2020-02-20,63,304.2334399,0.0,0.0
2020-02-20,64,67.24647165,9.3,9.3
2020-02-20,66,520.0669608,10.2,10.2
2020-02-20,68,1411.42058,6.0,6.0
2020-02-20,69,577.3125537,4.5,4.5
2020-02-20,71,348.0997005,0.0,0.0
2020-02-20,72,158.9027162,6.6,6.6
2020-02-20,73,116.8719051,0.0,0.0
2020-02-20,74,59.00206314,0.6,0.6
2020-02-20,75,251.2653758,10.8,10.8
2020-02-20,77,271.5271413,9.6,9.6
2020-02-20,8,333.6081533,0.0,0.0
2020-02-20,80,352.7551929,0.0,0.0
2020-02-20,81,274.4976153,3.6,3.6
2020-02-20,83,36.29603462,10.8,10.8
2020-02-20,84,74.47863436,17.1,17.1
2020-02-20,88,770.5083289,1.2,1.2
2020-02-20,89,66.56728961,12.0,12.0
2020-02-20,90,180.743411,4.8,4.8
2020-02-20,92,228.6711899,0.0,0.0
2020-02-20,93,51.61602038,11.4,11.4
2020-02-20,95,176.6719471,1.2,1.2
2020-02-20,96,236.6353635,0.0,0.0
2020-02-20,97,327.3464183,4.8,4.8
2020-02-20,98,140.2019054,18.0,18.0
2020-02-21,10,868.4199897,26.1,26.1
2020-02-21,103,155.8334697,34.2,34.2
2020-02-21,105,1019.545866,8.1,8.1
2020-02-21,108,264.3349677,21.9,21.9
2020-02-21,11,544.0614279,37.5,37.5
2020-02-21,110,1112.602765,30.3,30.3
2020-02-21,111,502.9068729,29.7,29.7
2020-02-21,115,382.8613386,30.9,30.9
2020-02-21,118,277.8020624,28.8,28.8
2020-02-21,119,119.1314199,33.9,33.9
2020-02-21,120,129.186238,10.8,10.8
2020-02-21,122,199.9469187,24.6,24.6
2020-02-21,123,110.5669218,29.7,29.7
2020-02-21,125,613.7606086,13.8,13.8
2020-02-21,126,146.5338583,5.4,5.4
2020-02-21,127,121.5918604,47.7,47.7
2020-02-21,128,81.92927205,37.2,37.2
2020-02-21,131,381.3836583,36.9,36.9
2020-02-21,133,113.2092816,25.5,25.5
2020-02-21,135,123.9959908,50.7,50.7
2020-02-21,136,280.690582,24.9,24.9
2020-02-21,138,538.5589745,55.2,55.2
2020-02-21,139,93.91177416,27.0,27.0
2020-02-21,141,259.2696011,54.3,54.3
2020-02-21,142,80.67149716,27.0,27.0
2020-02-21,144,442.2251678,42.6,42.6
2020-02-21,145,480.4894426,34.5,34.5
2020-02-21,146,172.3474172,10.8,10.8
2020-02-21,149,214.3024051,16.2,16.2
2020-02-21,15,473.3827165,33.9,33.9
2020-02-21,151,551.3461746,47.1,47.1
2020-02-21,152,202.9756805,23.7,23.7
2020-02-21,155,487.8073716,24.9,24.9
2020-02-21,157,269.7265608,34.5,34.5
2020-02-21,159,863.4680677,49.5,49.5
2020-02-21,161,38.52399758,24.3,24.3
2020-02-21,163,287.3924415,38.7,38.7
2020-02-21,164,104.8652927,23.7,23.7
2020-02-21,166,366.3441363,42.6,42.6
2020-02-21,168,194.9718668,31.2,31.2
2020-02-21,169,296.5152197,21.0,21.0
2020-02-21,171,217.9992344,24.9,24.9
2020-02-21,172,218.6359605,17.7,17.7
2020-02-21,173,483.502611,62.7,62.7
2020-02-21,174,158.4879368,25.2,25.2
2020-02-21,175,226.8484647,28.8,28.8
2020-02-21,177,248.3388808,25.8,25.8
2020-02-21,18,326.9879018,55.5,55.5
2020-02-21,180,142.4302298,51.9,51.9
2020-02-21,181,172.221204,27.0,27.0
2020-02-21,183,101.7610814,28.2,28.2
2020-02-21,184,237.1075304,24.9,24.9
2020-02-21,188,416.5533727,49.2,49.2
2020-02-21,189,698.6420686,47.1,47.1
2020-02-21,19,167.5200197,23.7,23.7
2020-02-21,190,198.5792996,7.8,7.8
2020-02-21,192,278.9635795,44.1,44.1
2020-02-21,193,240.8204043,13.8,13.8
2020-02-21,195,151.584995,30.9,30.9
2020-02-21,196,263.5256463,26.4,26.4
2020-02-21,197,140.7700418,57.3,57.3
2020-02-21,198,525.1955096,41.4,41.4
2020-02-21,20,396.5933735,13.2,13.2
2020-02-21,22,252.2680512,45.6,45.6
2020-02-21,23,134.6920104,21.0,21.0
2020-02-21,25,943.6098215,36.3,36.3
2020-02-21,26,541.1952681,3.3,3.3
2020-02-21,27,118.6341877,31.8,31.8
2020-02-21,28,379.0203366,21.3,21.3
2020-02-21,3,314.5747187,46.2,46.2
2020-02-21,31,362.6066486,34.2,34.2
2020-02-21,33,125.4509797,45.6,45.6
2020-02-21,35,69.22415166,20.7,20.7
2020-02-21,36,142.1716997,42.3,42.3
2020-02-21,38,656.9232395,19.5,19.5
2020-02-21,39,155.0050065,36.3,36.3
2020-02-21,41,272.0570985,1.5,1.5
2020-02-21,42,121.3178134,36.6,36.6
2020-02-21,44,652.8375907,52.2,52.2
2020-02-21,45,262.2027904,51.6,51.6
2020-02-21,46,266.3470992,39.0,39.0
2020-02-21,49,75.97408836,20.4,20.4
2020-02-21,5,799.5731572,29.7,29.7
2020-02-21,51,1053.672562,24.3,24.3
2020-02-21,52,358.401472,36.0,36.0
2020-02-21,55,216.5478273,34.5,34.5
2020-02-21,57,302.8720446,25.2,25.2
2020-02-21,59,580.8730114,48.9,48.9
2020-02-21,61,76.24587977,9.3,9.3
2020-02-21,63,537.0506666,18.6,18.6
2020-02-21,64,105.6527249,21.6,21.6
2020-02-21,66,657.8807645,30.3,30.3
2020-02-21,68,1305.387573,59.7,59.7
2020-02-21,69,258.8144054,31.5,31.5
2020-02-21,71,154.7870046,31.8,31.8
2020-02-21,72,250.8569151,34.8,34.8
2020-02-21,73,337.7929471,19.2,19.2
2020-02-21,74,271.6725317,49.5,49.5
2020-02-21,75,136.9164473,39.3,39.3
2020-02-21,77,393.4682819,38.1,38.1
2020-02-21,8,158.6403362,24.3,24.3
2020-02-21,80,287.6184929,37.8,37.8
2020-02-21,81,356.0735018,34.8,34.8
2020-02-21,83,129.4021994,40.8,40.8
2020-02-21,84,249.4038394,23.1,23.1
2020-02-21,88,235.3564174,61.5,61.5
2020-02-21,89,477.777002,40.2,40.2
2020-02-21,90,269.6127907,37.5,37.5
2020-02-21,92,428.4483977,47.7,47.7
2020-02-21,93,255.5929905,13.8,13.8
2020-02-21,95,272.8858949,34.2,34.2
2020-02-21,96,859.3460608,8.1,8.1
2020-02-21,97,252.3592407,50.1,50.1
2020-02-21,98,298.1595752,50.4,50.4
2020-02-22,10,1152.390918,157.8,157.8
2020-02-22,103,659.5918314,215.4,215.4
2020-02-22,105,870.2997751,89.1,89.1
2020-02-22,108,313.4624844,79.5,79.5
2020-02-22,11,363.8320672,109.8,109.8
2020-02-22,110,1275.908786,153.0,153.0
2020-02-22,111,850.8929715,73.8,73.8
2020-02-22,115,551.0195462,191.1,191.1
2020-02-22,118,665.5709797,183.3,183.3
2020-02-22,119,434.4458567,128.1,128.1
2020-02-22,120,355.239955,63.6,63.6
2020-02-22,122,368.8185063,131.4,131.4
2020-02-22,123,177.929223,71.1,71.1
2020-02-22,125,430.4109965,124.5,124.5
2020-02-22,126,320.1083879,73.5,73.5
2020-02-22,127,304.6560592,195.3,195.3
2020-02-22,128,882.466719,117.0,117.0
2020-02-22,131,660.6529744,126.3,126.3
2020-02-22,133,255.8718605,179.7,179.7
2020-02-22,135,518.9273461,222.6,222.6
2020-02-22,136,492.7270707,162.3,162.3
2020-02-22,138,797.9814436,224.7,224.7
2020-02-22,139,96.23788598,153.0,153.0
2020-02-22,141,647.5686647,227.1,227.1
2020-02-22,142,544.9665379,161.7,161.7
2020-02-22,144,1018.043423,231.9,231.9
2020-02-22,145,542.6718108,153.3,153.3
2020-02-22,146,305.2389168,105.6,105.6
2020-02-22,149,291.2217498,79.2,79.2
2020-02-22,15,568.6234501,225.0,225.0
2020-02-22,151,590.819008,162.6,162.6
2020-02-22,152,409.9919623,87.0,87.0
2020-02-22,155,391.2474113,91.5,91.5
2020-02-22,157,399.0519236,129.0,129.0
2020-02-22,159,898.9562932,205.5,205.5
2020-02-22,161,114.2867691,81.0,81.0
2020-02-22,163,494.2261369,120.6,120.6
2020-02-22,164,192.2931177,78.3,78.3
2020-02-22,166,732.7095259,117.9,117.9
2020-02-22,168,1035.880385,178.8,178.8
2020-02-22,169,453.7092899,133.2,133.2
2020-02-22,171,556.2852479,183.3,183.3
2020-02-22,172,309.7612728,113.7,113.7
2020-02-22,173,721.4973711,246.3,246.3
2020-02-22,174,471.3408546,165.6,165.6
2020-02-22,175,361.1200074,116.7,116.7
2020-02-22,177,523.9025501,158.7,158.7
2020-02-22,18,481.7334894,221.4,221.4
2020-02-22,180,518.8595933,169.8,169.8
2020-02-22,181,397.736871,108.0,108.0
2020-02-22,183,207.1307763,161.1,161.1
2020-02-22,184,331.6472312,91.8,91.8
2020-02-22,188,764.9407264,205.8,205.8
2020-02-22,189,807.9114438,148.8,148.8
2020-02-22,19,403.5455549,149.7,149.7
2020-02-22,190,303.6790171,89.1,89.1
2020-02-22,192,575.1825019,141.9,141.9
2020-02-22,193,302.0625253,79.2,79.2
2020-02-22,195,344.073864,154.8,154.8
2020-02-22,196,830.25732,76.2,76.2
2020-02-22,197,490.9410035,189.9,189.9
2020-02-22,198,439.259674,138.0,138.0
2020-02-22,20,417.5748966,88.8,88.8
2020-02-22,22,419.9966236,136.8,136.8
2020-02-22,23,226.9739361,93.6,93.6
2020-02-22,25,797.9236696,155.4,155.4
2020-02-22,26,362.7742087,74.1,74.1
2020-02-22,27,666.1273328,214.5,214.5
2020-02-22,28,863.0193726,126.0,126.0
2020-02-22,3,753.1107425,244.8,244.8
2020-02-22,31,673.6652804,132.9,132.9
2020-02-22,33,583.7439204,201.0,201.0
2020-02-22,35,143.8000083,64.5,64.5
2020-02-22,36,470.8810018,192.9,192.9
2020-02-22,38,297.8932955,78.0,78.0
2020-02-22,39,462.1699268,170.7,170.7
2020-02-22,41,387.2481254,59.1,59.1
2020-02-22,42,261.4981707,178.5,178.5
2020-02-22,44,842.8407096,235.8,235.8
2020-02-22,45,574.7545783,166.5,166.5
2020-02-22,46,339.2876255,120.9,120.9
2020-02-22,49,355.4138375,105.3,105.3
2020-02-22,5,436.1226436,101.7,101.7
2020-02-22,51,987.2746797,158.4,158.4
2020-02-22,52,422.5866267,107.1,107.1
2020-02-22,55,363.7827738,88.8,88.8
2020-02-22,57,414.5598665,165.6,165.6
2020-02-22,59,874.3197169,220.5,220.5
2020-02-22,61,309.8997125,83.4,83.4
2020-02-22,63,491.9774195,165.0,165.0
2020-02-22,64,166.143858,101.1,101.1
2020-02-22,66,661.0192698,133.5,133.5
2020-02-22,68,830.2816469,196.2,196.2
2020-02-22,69,562.7853,156.9,156.9
2020-02-22,71,575.108279,186.3,186.3
2020-02-22,72,327.51393,140.1,140.1
2020-02-22,73,379.6707733,83.7,83.7
2020-02-22,74,419.4689633,204.6,204.6
2020-02-22,75,368.5052016,149.7,149.7
2020-02-22,77,660.1021048,190.8,190.8
2020-02-22,8,406.0279168,100.2,100.2
2020-02-22,80,382.2750482,188.7,188.7
2020-02-22,81,391.6874578,132.3,132.3
2020-02-22,83,463.7167331,174.3,174.3
2020-02-22,84,396.3254535,136.8,136.8
2020-02-22,88,826.1151175,234.3,234.3
2020-02-22,89,809.4980405,170.4,170.4
2020-02-22,90,372.8287214,114.3,114.3
2020-02-22,92,603.0351115,181.2,181.2
2020-02-22,93,319.7718263,99.0,99.0
2020-02-22,95,546.1644294,168.3,168.3
2020-02-22,96,559.8071093,98.4,98.4
2020-02-22,97,620.0341122,219.6,219.6
2020-02-22,98,534.9118928,159.0,159.0
2020-02-23,10,1253.666768,282.9,282.9
2020-02-23,103,1211.41866,386.1,386.1
2020-02-23,105,893.0382572,153.9,153.9
2020-02-23,108,382.1391417,153.0,153.0
2020-02-23,11,711.3776018,178.2,178.2
2020-02-23,110,962.5838994,259.8,259.8
2020-02-23,111,651.3553837,156.6,156.6
2020-02-23,115,914.0391219,364.8,364.8
2020-02-23,118,1037.258691,347.4,347.4
2020-02-23,119,484.411922,233.1,233.1
2020-02-23,120,514.4185488,134.4,134.4
2020-02-23,122,270.2030417,231.6,231.6
2020-02-23,123,189.3687219,135.9,135.9
2020-02-23,125,880.0427187,225.3,225.3
2020-02-23,126,470.1755337,123.0,123.0
2020-02-23,127,675.5294809,321.3,321.3
2020-02-23,128,814.978968,224.7,224.7
2020-02-23,131,714.9636859,222.0,222.0
2020-02-23,133,336.7604891,311.1,311.1
2020-02-23,135,582.512096,397.8,397.8
2020-02-23,136,495.9753465,288.3,288.3
2020-02-23,138,783.0251636,401.7,401.7
2020-02-23,139,572.2780117,284.7,284.7
2020-02-23,141,606.1602643,387.6,387.6
2020-02-23,142,487.2308364,278.4,278.4
2020-02-23,144,1192.768104,378.6,378.6
2020-02-23,145,639.8327583,271.5,271.5
2020-02-23,146,418.2762501,179.1,179.1
2020-02-23,149,415.8942072,171.6,171.6
2020-02-23,15,994.6363046,399.0,399.0
2020-02-23,151,920.4840524,267.6,267.6
2020-02-23,152,547.8343123,162.9,162.9
2020-02-23,155,493.7981137,147.6,147.6
2020-02-23,157,470.1769497,259.5,259.5
2020-02-23,159,1151.669185,366.3,366.3
2020-02-23,161,203.6063915,131.4,131.4
2020-02-23,163,671.7461057,235.8,235.8
2020-02-23,164,363.1573464,127.2,127.2
2020-02-23,166,754.8775568,218.1,218.1
2020-02-23,168,1354.710245,319.8,319.8
2020-02-23,169,671.4376501,227.4,227.4
2020-02-23,171,849.3409417,330.9,330.9
2020-02-23,172,395.9817222,204.0,204.0
2020-02-23,173,1413.397838,426.9,426.9
2020-02-23,174,997.9468574,327.9,327.9
2020-02-23,175,571.3051031,216.3,216.3
2020-02-23,177,576.5943428,312.0,312.0
2020-02-23,18,359.4491975,391.5,391.5
2020-02-23,180,888.7922378,287.1,287.1
2020-02-23,181,405.1789122,180.3,180.3
2020-02-23,183,179.2006919,289.5,289.5
2020-02-23,184,428.8096708,192.6,192.6
2020-02-23,188,1231.951973,395.4,395.4
2020-02-23,189,917.8852182,282.0,282.0
2020-02-23,19,616.3677462,268.5,268.5
2020-02-23,190,369.7585545,159.0,159.0
2020-02-23,192,670.1379196,270.6,270.6
2020-02-23,193,349.1553133,147.0,147.0
2020-02-23,195,539.7170975,263.4,263.4
2020-02-23,196,661.8766829,167.1,167.1
2020-02-23,197,1019.173557,369.6,369.6
2020-02-23,198,834.3075663,270.3,270.3
2020-02-23,20,570.3189765,155.4,155.4
2020-02-23,22,677.0993904,267.6,267.6
2020-02-23,23,486.1243765,145.8,145.8
2020-02-23,25,937.4968321,271.5,271.5
2020-02-23,26,516.406757,142.2,142.2
2020-02-23,27,564.166756,362.1,362.1
2020-02-23,28,962.2710551,257.1,257.1
2020-02-23,3,934.7678353,418.5,418.5
2020-02-23,31,710.0355112,241.5,241.5
2020-02-23,33,975.9111766,337.5,337.5
2020-02-23,35,337.65325,126.6,126.6
2020-02-23,36,574.9462939,339.6,339.6
2020-02-23,38,423.893604,111.0,111.0
2020-02-23,39,331.0621971,341.1,341.1
2020-02-23,41,404.761807,111.0,111.0
2020-02-23,42,493.1771018,335.1,335.1
2020-02-23,44,1068.473763,439.2,439.2
2020-02-23,45,715.7372148,311.1,311.1
2020-02-23,46,354.7643772,212.4,212.4
2020-02-23,49,319.5681237,189.0,189.0
2020-02-23,5,681.9804983,189.9,189.9
2020-02-23,51,1053.787463,295.5,295.5
2020-02-23,52,567.7182588,188.1,188.1
2020-02-23,55,583.86248,180.0,180.0
2020-02-23,57,895.7897891,295.5,295.5
2020-02-23,59,1234.397565,373.2,373.2
2020-02-23,61,533.1485295,171.3,171.3
2020-02-23,63,817.2954948,277.2,277.2
2020-02-23,64,278.6037979,147.6,147.6
2020-02-23,66,778.0946199,273.9,273.9
2020-02-23,68,1612.261548,371.1,371.1
2020-02-23,69,697.8566253,270.3,270.3
2020-02-23,71,995.2981233,361.8,361.8
2020-02-23,72,430.1560555,258.9,258.9
2020-02-23,73,498.6485704,132.0,132.0
2020-02-23,74,818.1412702,361.2,361.2
2020-02-23,75,692.3682321,246.9,246.9
2020-02-23,77,770.1625525,332.1,332.1
2020-02-23,8,438.6834465,197.1,197.1
2020-02-23,80,1145.985639,339.3,339.3
2020-02-23,81,684.2175346,224.1,224.1
2020-02-23,83,241.1899706,324.0,324.0
2020-02-23,84,544.4869192,219.0,219.0
2020-02-23,88,1239.92645,417.3,417.3
2020-02-23,89,951.1393101,305.4,305.4
2020-02-23,90,601.7658122,201.6,201.6
2020-02-23,92,851.0988768,299.4,299.4
2020-02-23,93,381.1796361,193.5,193.5
2020-02-23,95,953.5634568,295.2,295.2
2020-02-23,96,948.2543597,187.5,187.5
2020-02-23,97,1164.99094,413.1,413.1
2020-02-23,98,949.6305191,279.3,279.3
2020-02-24,10,1180.286706,313.2,313.2
2020-02-24,103,1041.269367,422.7,422.7
2020-02-24,105,786.4544664,184.2,184.2
2020-02-24,108,430.2069084,161.1,161.1
2020-02-24,11,718.0267965,208.2,208.2
2020-02-24,110,1156.468926,295.8,295.8
2020-02-24,111,665.2098217,182.7,182.7
2020-02-24,115,572.3381628,405.6,405.6
2020-02-24,118,445.0153517,395.4,395.4
2020-02-24,119,860.7295977,258.0,258.0
2020-02-24,120,670.3295813,139.2,139.2
2020-02-24,122,554.2110764,240.9,240.9
2020-02-24,123,176.6514233,134.7,134.7
2020-02-24,125,951.1506391,244.5,244.5
2020-02-24,126,551.2108073,124.5,124.5
2020-02-24,127,261.0110112,347.7,347.7
2020-02-24,128,842.8560825,243.6,243.6
2020-02-24,131,796.5610505,240.3,240.3
2020-02-24,133,542.9777646,348.3,348.3
2020-02-24,135,532.7440506,450.3,450.3
2020-02-24,136,943.7488364,330.9,330.9
2020-02-24,138,837.7245519,452.1,452.1
2020-02-24,139,661.5793201,320.4,320.4
2020-02-24,141,734.5725322,442.8,442.8
2020-02-24,142,286.3726602,309.6,309.6
2020-02-24,144,1443.314764,418.2,418.2
2020-02-24,145,1006.232315,297.0,297.0
2020-02-24,146,468.6166962,201.3,201.3
2020-02-24,149,370.473846,183.0,183.0
2020-02-24,15,1297.620316,437.7,437.7
2020-02-24,151,980.9273223,294.3,294.3
2020-02-24,152,614.1443993,185.7,185.7
2020-02-24,155,581.8585888,150.6,150.6
2020-02-24,157,383.8713104,292.5,292.5
2020-02-24,159,1185.930071,404.7,404.7
2020-02-24,161,385.2455949,135.6,135.6
2020-02-24,163,726.0922062,251.4,251.4
2020-02-24,164,429.1837478,144.0,144.0
2020-02-24,166,757.7141504,261.0,261.0
2020-02-24,168,1302.764785,353.7,353.7
2020-02-24,169,747.9075715,233.1,233.1
2020-02-24,171,715.1237704,348.6,348.6
2020-02-24,172,731.4866823,235.5,235.5
2020-02-24,173,1370.944584,461.4,461.4
2020-02-24,174,531.3191542,338.7,338.7
2020-02-24,175,640.0631124,242.7,242.7
2020-02-24,177,1134.590494,354.9,354.9
2020-02-24,18,1214.345598,430.2,430.2
2020-02-24,180,694.1894391,320.4,320.4
2020-02-24,181,673.0848504,201.0,201.0
2020-02-24,183,476.1196809,315.9,315.9
2020-02-24,184,444.4451139,205.5,205.5
2020-02-24,188,1177.935619,433.8,433.8
2020-02-24,189,970.9677076,302.1,302.1
2020-02-24,19,839.8786984,301.2,301.2
2020-02-24,190,529.914963,172.2,172.2
2020-02-24,192,880.2198688,290.1,290.1
2020-02-24,193,531.3087381,176.7,176.7
2020-02-24,195,817.6876369,303.3,303.3
2020-02-24,196,636.4086456,164.7,164.7
2020-02-24,197,467.9551573,396.0,396.0
2020-02-24,198,645.5590856,292.2,292.2
2020-02-24,20,689.9516605,170.1,170.1
2020-02-24,22,427.2379182,291.3,291.3
2020-02-24,23,450.2892976,177.6,177.6
2020-02-24,25,964.9741891,291.3,291.3
2020-02-24,26,547.1347132,160.5,160.5
2020-02-24,27,1084.267483,402.6,402.6
2020-02-24,28,998.3375842,275.4,275.4
2020-02-24,3,512.5354382,457.5,457.5
2020-02-24,31,849.3791843,282.6,282.6
2020-02-24,33,1049.532591,375.0,375.0
2020-02-24,35,258.9658793,138.3,138.3
2020-02-24,36,565.2427258,366.3,366.3
2020-02-24,38,706.3935851,130.5,130.5
2020-02-24,39,1069.38416,364.5,364.5
2020-02-24,41,428.1164646,129.6,129.6
2020-02-24,42,136.6750614,368.1,368.1
2020-02-24,44,1210.077158,465.6,465.6
2020-02-24,45,902.5221142,351.6,351.6
2020-02-24,46,550.2389356,225.3,225.3
2020-02-24,49,398.0589627,206.4,206.4
2020-02-24,5,867.8734163,216.3,216.3
2020-02-24,51,1094.709319,326.7,326.7
2020-02-24,52,578.1496219,217.2,217.2
2020-02-24,55,577.0550832,195.3,195.3
2020-02-24,57,509.0808159,317.4,317.4
2020-02-24,59,1269.790404,429.9,429.9
2020-02-24,61,354.9856171,190.2,190.2
2020-02-24,63,647.5708768,297.6,297.6
2020-02-24,64,364.0693808,166.2,166.2
2020-02-24,66,907.7505304,286.5,286.5
2020-02-24,68,1439.69824,415.8,415.8
2020-02-24,69,883.3811432,293.7,293.7
2020-02-24,71,1165.941895,384.6,384.6
2020-02-24,72,600.7570628,276.3,276.3
2020-02-24,73,578.9890546,159.3,159.3
2020-02-24,74,949.3612298,388.8,388.8
2020-02-24,75,529.1217833,271.8,271.8
2020-02-24,77,537.4243023,384.0,384.0
2020-02-24,8,559.6692498,217.8,217.8
2020-02-24,80,911.8603298,359.1,359.1
2020-02-24,81,754.75177,237.9,237.9
2020-02-24,83,254.9582023,363.3,363.3
2020-02-24,84,533.9212483,243.9,243.9
2020-02-24,88,853.0123088,473.4,473.4
2020-02-24,89,1046.295334,341.4,341.4
2020-02-24,90,714.8526618,228.3,228.3
2020-02-24,92,996.6713739,351.6,351.6
2020-02-24,93,643.990337,207.9,207.9
2020-02-24,95,1034.512167,317.4,317.4
2020-02-24,96,740.4336143,217.8,217.8
2020-02-24,97,1332.103985,445.8,445.8
2020-02-24,98,796.2851579,308.7,308.7
2020-02-25,10,1148.848764,225.9,225.9
2020-02-25,103,511.8137063,303.0,303.0
2020-02-25,105,981.662263,126.3,126.3
2020-02-25,108,433.2595258,135.6,135.6
2020-02-25,11,795.0586883,153.0,153.0
2020-02-25,110,1045.806143,219.9,219.9
2020-02-25,111,481.4685887,114.3,114.3
2020-02-25,115,522.7057457,288.6,288.6
2020-02-25,118,800.5007366,291.9,291.9
2020-02-25,119,402.0429649,187.2,187.2
2020-02-25,120,688.1728264,102.9,102.9
2020-02-25,122,652.2364501,182.7,182.7
2020-02-25,123,320.0117812,89.1,89.1
2020-02-25,125,936.0902997,171.3,171.3
2020-02-25,126,432.5668631,103.5,103.5
2020-02-25,127,633.5520614,276.9,276.9
2020-02-25,128,585.2892394,166.2,166.2
2020-02-25,131,671.8752322,157.8,157.8
2020-02-25,133,684.5944853,252.3,252.3
2020-02-25,135,468.549282,331.2,331.2
2020-02-25,136,538.4317812,248.1,248.1
2020-02-25,138,930.8223949,325.2,325.2
2020-02-25,139,677.8707724,250.8,250.8
2020-02-25,141,727.6647715,324.0,324.0
2020-02-25,142,300.5135737,234.3,234.3
2020-02-25,144,1025.710495,327.0,327.0
2020-02-25,145,717.5097871,212.7,212.7
2020-02-25,146,415.9974974,135.3,135.3
2020-02-25,149,337.1656484,142.2,142.2
2020-02-25,15,502.7859562,312.3,312.3
2020-02-25,151,1017.928651,219.0,219.0
2020-02-25,152,538.2940969,117.6,117.6
2020-02-25,155,438.5583735,117.9,117.9
2020-02-25,157,618.3942119,207.0,207.0
2020-02-25,159,965.8974791,291.6,291.6
2020-02-25,161,251.1746027,104.4,104.4
2020-02-25,163,599.9993313,192.0,192.0
2020-02-25,164,168.1441212,93.9,93.9
2020-02-25,166,682.0005287,194.7,194.7
2020-02-25,168,1003.30574,276.9,276.9
2020-02-25,169,611.8752192,182.1,182.1
2020-02-25,171,703.6439892,254.7,254.7
2020-02-25,172,344.8102806,174.6,174.6
2020-02-25,173,750.8355822,329.1,329.1
2020-02-25,174,432.5047564,239.1,239.1
2020-02-25,175,523.9361496,178.2,178.2
2020-02-25,177,746.5113503,243.0,243.0
2020-02-25,18,780.4869713,315.6,315.6
2020-02-25,180,581.8611713,229.5,229.5
2020-02-25,181,403.4954655,148.5,148.5
2020-02-25,183,387.2931878,243.6,243.6
2020-02-25,184,439.8309537,159.0,159.0
2020-02-25,188,954.7822582,320.4,320.4
2020-02-25,189,722.5754029,227.7,227.7
2020-02-25,19,272.9029902,213.9,213.9
2020-02-25,190,360.1027199,133.5,133.5
2020-02-25,192,761.052141,218.7,218.7
2020-02-25,193,353.2299908,136.2,136.2
2020-02-25,195,656.3365894,226.5,226.5
2020-02-25,196,1102.787346,111.9,111.9
2020-02-25,197,636.7426371,297.6,297.6
2020-02-25,198,671.6353486,202.2,202.2
2020-02-25,20,490.0567146,130.8,130.8
2020-02-25,22,635.0040428,199.2,199.2
2020-02-25,23,287.0620112,135.0,135.0
2020-02-25,25,791.8977252,196.5,196.5
2020-02-25,26,413.6551075,111.6,111.6
2020-02-25,27,439.3085474,291.9,291.9
2020-02-25,28,947.5636864,198.6,198.6
2020-02-25,3,643.5876531,347.7,347.7
2020-02-25,31,658.7369835,208.5,208.5
2020-02-25,33,650.4292157,290.7,290.7
2020-02-25,35,197.5085766,93.3,93.3
2020-02-25,36,520.5870774,270.3,270.3
2020-02-25,38,292.8321483,97.8,97.8
2020-02-25,39,202.1043136,267.9,267.9
2020-02-25,41,422.3571057,76.5,76.5
2020-02-25,42,90.5037569,269.4,269.4
2020-02-25,44,1080.102046,333.9,333.9
2020-02-25,45,726.1419082,256.2,256.2
2020-02-25,46,414.665341,154.2,154.2
2020-02-25,49,411.1541022,161.4,161.4
2020-02-25,5,592.9407893,160.8,160.8
2020-02-25,51,958.6387577,253.2,253.2
2020-02-25,52,567.2184354,141.9,141.9
2020-02-25,55,507.440741,157.8,157.8
2020-02-25,57,532.4295091,231.3,231.3
2020-02-25,59,1054.566376,305.1,305.1
2020-02-25,61,219.9520759,143.7,143.7
2020-02-25,63,635.2328394,210.3,210.3
2020-02-25,64,339.426003,133.5,133.5
2020-02-25,66,744.8366333,212.4,212.4
2020-02-25,68,1474.061798,287.4,287.4
2020-02-25,69,681.2975338,211.8,211.8
2020-02-25,71,782.474449,284.4,284.4
2020-02-25,72,482.4838219,199.2,199.2
2020-02-25,73,564.422474,126.6,126.6
2020-02-25,74,360.3069891,269.4,269.4
2020-02-25,75,518.5943482,205.2,205.2
2020-02-25,77,916.8675529,276.3,276.3
2020-02-25,8,493.9841088,160.8,160.8
2020-02-25,80,591.7771637,260.1,260.1
2020-02-25,81,438.7361837,180.9,180.9
2020-02-25,83,519.8558466,276.0,276.0
2020-02-25,84,421.2180242,177.9,177.9
2020-02-25,88,1029.515574,327.3,327.3
2020-02-25,89,904.8529102,266.7,266.7
2020-02-25,90,484.4865567,157.8,157.8
2020-02-25,92,725.8527639,251.7,251.7
2020-02-25,93,482.1554354,145.8,145.8
2020-02-25,95,442.6769394,255.0,255.0
2020-02-25,96,981.2709468,164.7,164.7
2020-02-25,97,956.00767,336.3,336.3
2020-02-25,98,649.71435,228.9,228.9
2020-02-26,10,1259.08277,92.7,92.7
2020-02-26,103,450.4863611,114.0,114.0
2020-02-26,105,779.3344738,45.9,45.9
2020-02-26,108,311.7496119,44.4,44.4
2020-02-26,11,294.6255803,68.7,68.7
2020-02-26,110,330.6886516,70.2,70.2
2020-02-26,111,869.2923493,58.8,58.8
2020-02-26,115,363.312697,125.4,125.4
2020-02-26,118,345.87686,111.0,111.0
2020-02-26,119,268.2514509,66.3,66.3
2020-02-26,120,640.1120309,36.3,36.3
2020-02-26,122,248.7323288,85.5,85.5
2020-02-26,123,146.0062675,44.1,44.1
2020-02-26,125,636.842376,80.4,80.4
2020-02-26,126,549.3190417,50.4,50.4
2020-02-26,127,119.8895118,111.0,111.0
2020-02-26,128,395.6056375,76.8,76.8
2020-02-26,131,218.8220013,70.5,70.5
2020-02-26,133,225.2064257,102.3,102.3
2020-02-26,135,307.8050923,136.8,136.8
2020-02-26,136,311.7500425,99.0,99.0
2020-02-26,138,530.4924432,131.4,131.4
2020-02-26,139,200.5433187,100.8,100.8
2020-02-26,141,458.2050238,119.4,119.4
2020-02-26,142,133.4906425,94.8,94.8
2020-02-26,144,954.8630628,117.6,117.6
2020-02-26,145,495.5530727,102.9,102.9
2020-02-26,146,182.8618403,58.5,58.5
2020-02-26,149,298.0833952,55.2,55.2
2020-02-26,15,431.3188005,121.5,121.5
2020-02-26,151,796.818503,97.5,97.5
2020-02-26,152,212.8105568,35.7,35.7
2020-02-26,155,381.2779804,59.1,59.1
2020-02-26,157,326.6663016,75.0,75.0
2020-02-26,159,840.0411985,98.1,98.1
2020-02-26,161,138.3840322,51.0,51.0
2020-02-26,163,518.4621214,87.3,87.3
2020-02-26,164,136.0970397,48.3,48.3
2020-02-26,166,617.0043737,73.2,73.2
2020-02-26,168,869.8410243,112.2,112.2
2020-02-26,169,358.0030748,79.8,79.8
2020-02-26,171,368.0704308,90.0,90.0
2020-02-26,172,253.6561311,57.3,57.3
2020-02-26,173,456.0917799,144.9,144.9
2020-02-26,174,308.8622471,113.1,113.1
2020-02-26,175,203.600245,50.4,50.4
2020-02-26,177,365.2574752,110.7,110.7
2020-02-26,18,394.6394695,136.5,136.5
2020-02-26,180,323.4053246,107.1,107.1
2020-02-26,181,336.2402548,45.9,45.9
2020-02-26,183,253.7643798,80.7,80.7
2020-02-26,184,227.1189407,59.7,59.7
2020-02-26,188,638.0582116,130.2,130.2
2020-02-26,189,670.2708841,92.1,92.1
2020-02-26,19,271.1850575,97.2,97.2
2020-02-26,190,246.3340345,43.2,43.2
2020-02-26,192,588.3616396,79.5,79.5
2020-02-26,193,248.4847715,40.5,40.5
2020-02-26,195,305.3424472,90.3,90.3
2020-02-26,196,426.0299365,54.9,54.9
2020-02-26,197,368.2525347,104.1,104.1
2020-02-26,198,412.3137295,86.4,86.4
2020-02-26,20,456.1501431,42.3,42.3
2020-02-26,22,265.7412644,71.1,71.1
2020-02-26,23,145.8429921,44.1,44.1
2020-02-26,25,666.9422845,93.0,93.0
2020-02-26,26,385.2722672,45.3,45.3
2020-02-26,27,306.3322372,125.1,125.1
2020-02-26,28,859.98538,91.2,91.2
2020-02-26,3,434.0978603,135.3,135.3
2020-02-26,31,545.2139141,84.0,84.0
2020-02-26,33,317.4940958,122.7,122.7
2020-02-26,35,125.9623998,37.8,37.8
2020-02-26,36,335.7735165,109.2,109.2
2020-02-26,38,739.0801943,52.2,52.2
2020-02-26,39,100.3230958,104.7,104.7
2020-02-26,41,112.0528487,38.4,38.4
2020-02-26,42,312.9608956,114.3,114.3
2020-02-26,44,455.94541,138.0,138.0
2020-02-26,45,482.4032509,100.2,100.2
2020-02-26,46,296.24111,56.4,56.4
2020-02-26,49,254.3957989,49.8,49.8
2020-02-26,5,419.9855415,77.4,77.4
2020-02-26,51,974.1758758,92.7,92.7
2020-02-26,52,413.7830187,61.2,61.2
2020-02-26,55,384.701921,73.5,73.5
2020-02-26,57,307.7327726,93.3,93.3
2020-02-26,59,453.2283613,132.6,132.6
2020-02-26,61,120.5650308,47.4,47.4
2020-02-26,63,289.5941904,82.8,82.8
2020-02-26,64,177.4242078,39.0,39.0
2020-02-26,66,500.508843,71.7,71.7
2020-02-26,68,789.9364153,113.4,113.4
2020-02-26,69,336.5797277,80.1,80.1
2020-02-26,71,354.9146559,102.6,102.6
2020-02-26,72,273.557558,66.3,66.3
2020-02-26,73,470.0649729,29.4,29.4
2020-02-26,74,334.4072421,111.3,111.3
2020-02-26,75,268.7624565,69.6,69.6
2020-02-26,77,427.1569134,113.1,113.1
2020-02-26,8,253.029391,73.8,73.8
2020-02-26,80,383.1126547,111.9,111.9
2020-02-26,81,294.35135,64.5,64.5
2020-02-26,83,243.7935172,116.4,116.4
2020-02-26,84,255.0589039,64.2,64.2
2020-02-26,88,780.6884372,147.6,147.6
2020-02-26,89,506.407517,104.7,104.7
2020-02-26,90,348.3360665,59.4,59.4
2020-02-26,92,622.9929179,84.0,84.0
2020-02-26,93,280.4791291,54.3,54.3
2020-02-26,95,304.8971576,103.5,103.5
2020-02-26,96,1087.353374,56.4,56.4
2020-02-26,97,341.8901442,118.2,118.2
2020-02-26,98,473.1648802,94.5,94.5
2020-02-27,10,1149.354524,8.1,8.1
2020-02-27,103,323.8737003,0.0,0.0
2020-02-27,105,1008.086953,8.1,8.1
2020-02-27,108,140.6010892,13.2,13.2
2020-02-27,11,518.2021776,12.6,12.6
2020-02-27,110,70.26750639,0.0,0.0
2020-02-27,111,652.9872288,10.2,10.2
2020-02-27,115,104.7929141,0.0,0.0
2020-02-27,118,173.2889781,0.0,0.0
2020-02-27,119,218.5748242,3.3,3.3
2020-02-27,120,257.837286,0.0,0.0
2020-02-27,122,163.4560649,0.0,0.0
2020-02-27,123,25.49151365,0.0,0.0
2020-02-27,125,184.5107901,11.7,11.7
2020-02-27,126,29.74986272,5.4,5.4
2020-02-27,127,89.30786094,0.0,0.0
2020-02-27,128,632.307662,14.7,14.7
2020-02-27,131,225.6699729,8.7,8.7
2020-02-27,133,55.68688089,0.9,0.9
2020-02-27,135,32.50589899,0.0,0.0
2020-02-27,136,190.7427054,4.8,4.8
2020-02-27,138,373.9796811,2.4,2.4
2020-02-27,139,37.19693323,0.0,0.0
2020-02-27,141,171.6878669,0.0,0.0
2020-02-27,142,31.69390879,3.0,3.0
2020-02-27,144,697.1620249,9.0,9.0
2020-02-27,145,404.9517516,11.7,11.7
2020-02-27,146,141.25028,0.0,0.0
2020-02-27,149,51.30984703,0.0,0.0
2020-02-27,15,322.7490863,16.5,16.5
2020-02-27,151,346.9205636,7.5,7.5
2020-02-27,152,558.8091445,0.0,0.0
2020-02-27,155,213.3440312,0.0,0.0
2020-02-27,157,297.7291389,7.2,7.2
2020-02-27,159,354.2892477,2.7,2.7
2020-02-27,161,81.54586118,5.7,5.7
2020-02-27,163,205.6360893,2.4,2.4
2020-02-27,164,103.4076828,9.9,9.9
2020-02-27,166,499.9127061,5.7,5.7
2020-02-27,168,899.9059526,1.8,1.8
2020-02-27,169,261.5380488,9.9,9.9
2020-02-27,171,115.5329261,19.5,19.5
2020-02-27,172,195.6586107,0.0,0.0
2020-02-27,173,251.5156836,9.3,9.3
2020-02-27,174,211.7763946,15.9,15.9
2020-02-27,175,149.6818126,8.1,8.1
2020-02-27,177,462.3821874,18.6,18.6
2020-02-27,18,148.5281781,8.1,8.1
2020-02-27,180,232.7110389,0.0,0.0
2020-02-27,181,209.0582732,0.0,0.0
2020-02-27,183,26.48158089,0.3,0.3
2020-02-27,184,112.2120603,1.5,1.5
2020-02-27,188,781.2197975,4.8,4.8
2020-02-27,189,162.0063669,16.5,16.5
2020-02-27,19,54.02868239,13.5,13.5
2020-02-27,190,126.8539832,6.6,6.6
2020-02-27,192,415.0651313,17.4,17.4
2020-02-27,193,168.1497589,0.0,0.0
2020-02-27,195,36.99849277,6.9,6.9
2020-02-27,196,469.5688916,9.3,9.3
2020-02-27,197,317.6848395,16.2,16.2
2020-02-27,198,576.209229,0.0,0.0
2020-02-27,20,556.1374486,0.0,0.0
2020-02-27,22,163.2691461,18.0,18.0
2020-02-27,23,127.6381683,9.0,9.0
2020-02-27,25,335.6123031,3.9,3.9
2020-02-27,26,243.9956945,10.2,10.2
2020-02-27,27,83.9835281,0.0,0.0
2020-02-27,28,44.87516207,7.2,7.2
2020-02-27,3,440.5644883,6.3,6.3
2020-02-27,31,469.2091874,0.0,0.0
2020-02-27,33,79.58786438,0.0,0.0
2020-02-27,35,54.5510877,9.3,9.3
2020-02-27,36,203.4708728,18.3,18.3
2020-02-27,38,711.8651664,4.8,4.8
2020-02-27,39,41.92106322,3.3,3.3
2020-02-27,41,301.4471521,2.4,2.4
2020-02-27,42,36.01434479,0.0,0.0
2020-02-27,44,324.8805318,0.0,0.0
2020-02-27,45,308.4220959,1.5,1.5
2020-02-27,46,148.6164025,0.0,0.0
2020-02-27,49,136.9557758,13.5,13.5
2020-02-27,5,302.216402,0.0,0.0
2020-02-27,51,1000.126331,19.2,19.2
2020-02-27,52,250.5965729,16.2,16.2
2020-02-27,55,470.9258207,0.0,0.0
2020-02-27,57,196.0887384,0.0,0.0
2020-02-27,59,205.118129,10.2,10.2
2020-02-27,61,32.79841105,0.0,0.0
2020-02-27,63,186.1619786,5.7,5.7
2020-02-27,64,36.99823346,8.7,8.7
2020-02-27,66,290.5626222,0.0,0.0
2020-02-27,68,192.1200579,8.7,8.7
2020-02-27,69,225.6406138,0.0,0.0
2020-02-27,71,160.1363053,15.3,15.3
2020-02-27,72,145.5876736,16.5,16.5
2020-02-27,73,34.26109643,0.0,0.0
2020-02-27,74,40.04867736,0.0,0.0
2020-02-27,75,213.794607,0.3,0.3
2020-02-27,77,366.6593897,0.0,0.0
2020-02-27,8,178.6074751,15.6,15.6
2020-02-27,80,262.6942597,0.0,0.0
2020-02-27,81,289.2245694,5.4,5.4
2020-02-27,83,42.96647022,11.1,11.1
2020-02-27,84,205.1061028,3.0,3.0
2020-02-27,88,439.236619,0.0,0.0
2020-02-27,89,687.5102007,0.0,0.0
2020-02-27,90,262.0721095,9.9,9.9
2020-02-27,92,31.2912941,0.0,0.0
2020-02-27,93,176.2970088,17.1,17.1
2020-02-27,95,139.9061637,11.7,11.7
2020-02-27,96,68.9387703,4.2,4.2
2020-02-27,97,236.4695233,0.0,0.0
2020-02-27,98,108.9182023,8.7,8.7
2020-02-28,10,299.7158959,50.1,50.1
2020-02-28,103,405.5820953,50.4,50.4
2020-02-28,105,1045.877146,7.8,7.8
2020-02-28,108,314.0017986,8.7,8.7
2020-02-28,11,208.2349413,31.5,31.5
2020-02-28,110,217.8384389,34.2,34.2
2020-02-28,111,466.7317692,11.7,11.7
2020-02-28,115,467.0014783,49.8,49.8
2020-02-28,118,148.1405209,35.4,35.4
2020-02-28,119,147.3104645,25.2,25.2
2020-02-28,120,264.9454233,16.8,16.8
2020-02-28,122,264.9065591,15.6,15.6
2020-02-28,123,123.3209955,3.0,3.0
2020-02-28,125,409.854013,18.9,18.9
2020-02-28,126,220.6774025,23.7,23.7
2020-02-28,127,102.0556562,26.7,26.7
2020-02-28,128,677.3421534,30.6,30.6
2020-02-28,131,333.4660545,30.6,30.6
2020-02-28,133,131.0903542,30.9,30.9
2020-02-28,135,151.2260668,43.2,43.2
2020-02-28,136,177.1017395,34.2,34.2
2020-02-28,138,772.1015319,53.1,53.1
2020-02-28,139,96.80291548,32.1,32.1
2020-02-28,141,391.6370002,54.9,54.9
2020-02-28,142,102.1846932,29.4,29.4
2020-02-28,144,409.2733471,62.1,62.1
2020-02-28,145,421.9944212,34.8,34.8
2020-02-28,146,172.535533,27.9,27.9
2020-02-28,149,203.0351654,26.4,26.4
2020-02-28,15,410.6020416,38.1,38.1
2020-02-28,151,792.2438851,34.5,34.5
2020-02-28,152,436.9660393,21.3,21.3
2020-02-28,155,307.4024179,17.7,17.7
2020-02-28,157,315.0113761,19.8,19.8
2020-02-28,159,439.4295339,33.6,33.6
2020-02-28,161,89.38777874,30.9,30.9
2020-02-28,163,540.5784642,16.8,16.8
2020-02-28,164,115.390469,20.7,20.7
2020-02-28,166,728.4146191,16.5,16.5
2020-02-28,168,1352.764118,54.0,54.0
2020-02-28,169,592.010553,34.5,34.5
2020-02-28,171,219.066409,42.3,42.3
2020-02-28,172,132.1968349,21.0,21.0
2020-02-28,173,514.5766853,66.3,66.3
2020-02-28,174,187.0642125,52.8,52.8
2020-02-28,175,285.7187134,21.3,21.3
2020-02-28,177,318.6141997,36.3,36.3
2020-02-28,18,174.2862305,61.2,61.2
2020-02-28,180,270.5115197,41.7,41.7
2020-02-28,181,229.6144537,34.8,34.8
2020-02-28,183,150.5325785,38.7,38.7
2020-02-28,184,272.9440781,8.7,8.7
2020-02-28,188,241.9862017,38.4,38.4
2020-02-28,189,848.1555529,34.8,34.8
2020-02-28,19,270.7192578,39.9,39.9
2020-02-28,190,345.6481082,21.3,21.3
2020-02-28,192,447.2653029,44.7,44.7
2020-02-28,193,151.7923321,25.2,25.2
2020-02-28,195,186.5910035,40.5,40.5
2020-02-28,196,846.9246527,28.2,28.2
2020-02-28,197,250.7910804,57.0,57.0
2020-02-28,198,551.2922936,17.7,17.7
2020-02-28,20,215.8163371,26.7,26.7
2020-02-28,22,265.9585866,28.2,28.2
2020-02-28,23,49.04804167,29.4,29.4
2020-02-28,25,784.8953536,34.2,34.2
2020-02-28,26,456.1433131,23.1,23.1
2020-02-28,27,106.1140657,50.1,50.1
2020-02-28,28,221.1218911,23.7,23.7
2020-02-28,3,232.3476922,36.6,36.6
2020-02-28,31,376.7308968,28.5,28.5
2020-02-28,33,139.4752516,41.1,41.1
2020-02-28,35,104.0131275,11.7,11.7
2020-02-28,36,183.8956932,32.7,32.7
2020-02-28,38,71.1970553,14.7,14.7
2020-02-28,39,114.770542,37.8,37.8
2020-02-28,41,217.4751096,20.4,20.4
2020-02-28,42,108.7076584,40.5,40.5
2020-02-28,44,880.0735547,56.4,56.4
2020-02-28,45,255.1637168,24.9,24.9
2020-02-28,46,216.5836015,39.9,39.9
2020-02-28,49,261.9550879,23.7,23.7
2020-02-28,5,224.2208205,11.4,11.4
2020-02-28,51,206.1694099,34.2,34.2
2020-02-28,52,418.5676361,28.5,28.5
2020-02-28,55,65.16962131,14.4,14.4
2020-02-28,57,335.0928924,22.5,22.5
2020-02-28,59,445.4485051,38.4,38.4
2020-02-28,61,109.3963948,25.8,25.8
2020-02-28,63,476.1316748,21.0,21.0
2020-02-28,64,115.5867302,7.2,7.2
2020-02-28,66,401.2490296,31.5,31.5
2020-02-28,68,776.2216147,39.3,39.3
2020-02-28,69,251.1185633,20.4,20.4
2020-02-28,71,289.1576964,37.5,37.5
2020-02-28,72,195.5302612,36.9,36.9
2020-02-28,73,346.0245238,13.5,13.5
2020-02-28,74,167.7125125,44.4,44.4
2020-02-28,75,114.4713734,22.8,22.8
2020-02-28,77,360.3672882,48.0,48.0
2020-02-28,8,302.7444762,18.3,18.3
2020-02-28,80,193.7687136,45.0,45.0
2020-02-28,81,182.2122237,18.3,18.3
2020-02-28,83,121.0509049,33.0,33.0
2020-02-28,84,57.66416308,33.6,33.6
2020-02-28,88,550.9527336,45.6,45.6
2020-02-28,89,675.3640233,42.9,42.9
2020-02-28,90,236.506592,30.3,30.3
2020-02-28,92,232.9981705,34.2,34.2
2020-02-28,93,321.2036642,15.9,15.9
2020-02-28,95,181.2979773,50.4,50.4
2020-02-28,96,337.7113705,33.6,33.6
2020-02-28,97,301.5407462,41.7,41.7
2020-02-28,98,419.5699741,43.5,43.5
2020-02-29,10,922.8274782,165.9,165.9
2020-02-29,103,678.2660714,217.8,217.8
2020-02-29,105,732.6182449,81.3,81.3
2020-02-29,108,325.3076902,102.6,102.6
2020-02-29,11,853.3177111,108.0,108.0
2020-02-29,110,1214.701632,150.0,150.0
2020-02-29,111,734.486681,89.7,89.7
2020-02-29,115,557.9125537,195.3,195.3
2020-02-29,118,418.6421203,189.3,189.3
2020-02-29,119,387.5109232,124.5,124.5
2020-02-29,120,417.127466,69.6,69.6
2020-02-29,122,418.9528102,130.5,130.5
2020-02-29,123,136.5884586,68.1,68.1
2020-02-29,125,487.2163013,113.1,113.1
2020-02-29,126,382.8193568,65.1,65.1
2020-02-29,127,275.9480965,194.4,194.4
2020-02-29,128,681.1552499,128.7,128.7
2020-02-29,131,503.9683203,130.5,130.5
2020-02-29,133,373.3386329,179.1,179.1
2020-02-29,135,689.0626176,217.8,217.8
2020-02-29,136,502.1263161,156.9,156.9
2020-02-29,138,763.4220037,224.1,224.1
2020-02-29,139,514.987538,173.1,173.1
2020-02-29,141,523.1174763,227.7,227.7
2020-02-29,142,220.6241205,149.1,149.1
2020-02-29,144,740.0683296,214.8,214.8
2020-02-29,145,535.8814671,149.4,149.4
2020-02-29,146,307.5200145,93.0,93.0
2020-02-29,149,295.1230083,89.1,89.1
2020-02-29,15,627.0499118,213.6,213.6
2020-02-29,151,759.9492286,141.0,141.0
2020-02-29,152,499.452471,83.7,83.7
2020-02-29,155,347.6733307,94.2,94.2
2020-02-29,157,403.4334955,155.7,155.7
2020-02-29,159,936.2179331,209.7,209.7
2020-02-29,161,225.16944,85.5,85.5
2020-02-29,163,577.2019753,136.2,136.2
2020-02-29,164,134.3811116,59.7,59.7
2020-02-29,166,637.8896749,120.3,120.3
2020-02-29,168,1214.133009,195.9,195.9
2020-02-29,169,503.3875971,134.4,134.4
2020-02-29,171,366.0475299,176.1,176.1
2020-02-29,172,354.8144563,123.9,123.9
2020-02-29,173,620.6039625,240.3,240.3
2020-02-29,174,390.7487546,187.8,187.8
2020-02-29,175,366.5386224,112.8,112.8
2020-02-29,177,488.4288166,186.0,186.0
2020-02-29,18,610.6321406,219.0,219.0
2020-02-29,180,516.818134,164.7,164.7
2020-02-29,181,378.4247145,96.0,96.0
2020-02-29,183,388.2246199,168.9,168.9
2020-02-29,184,395.2788405,113.7,113.7
2020-02-29,188,756.8920272,217.8,217.8
2020-02-29,189,843.5435298,153.3,153.3
2020-02-29,19,447.7927242,163.2,163.2
2020-02-29,190,355.2071889,89.7,89.7
2020-02-29,192,566.0802574,154.2,154.2
2020-02-29,193,300.3761529,75.6,75.6
2020-02-29,195,374.5198443,144.9,144.9
2020-02-29,196,917.7430452,90.0,90.0
2020-02-29,197,424.0396359,198.3,198.3
2020-02-29,198,503.1818752,149.7,149.7
2020-02-29,20,329.7804604,106.5,106.5
2020-02-29,22,436.5079906,148.8,148.8
2020-02-29,23,162.8171985,82.8,82.8
2020-02-29,25,646.6203143,158.7,158.7
2020-02-29,26,397.2446317,78.3,78.3
2020-02-29,27,672.1844314,216.3,216.3
2020-02-29,28,528.5789305,145.8,145.8
2020-02-29,3,514.7379847,225.3,225.3
2020-02-29,31,551.5011936,136.8,136.8
2020-02-29,33,173.6414223,201.6,201.6
2020-02-29,35,215.2600207,75.9,75.9
2020-02-29,36,510.126499,201.9,201.9
2020-02-29,38,229.2291517,63.0,63.0
2020-02-29,39,351.5935009,175.8,175.8
2020-02-29,41,242.5481083,52.8,52.8
2020-02-29,42,250.9512854,175.8,175.8
2020-02-29,44,883.6343871,245.4,245.4
2020-02-29,45,575.2703744,165.3,165.3
2020-02-29,46,333.0122192,105.3,105.3
2020-02-29,49,325.1357629,98.7,98.7
2020-02-29,5,807.6295725,113.7,113.7
2020-02-29,51,995.459093,176.4,176.4
2020-02-29,52,534.702297,112.5,112.5
2020-02-29,55,421.4005504,90.0,90.0
2020-02-29,57,448.2956532,155.4,155.4
2020-02-29,59,1059.373721,214.2,214.2
2020-02-29,61,257.2436546,95.4,95.4
2020-02-29,63,559.0304705,142.5,142.5
2020-02-29,64,239.8087568,105.3,105.3
2020-02-29,66,615.3510573,151.8,151.8
2020-02-29,68,1161.647997,197.1,197.1
2020-02-29,69,581.2091533,155.4,155.4
2020-02-29,71,564.3969843,198.3,198.3
2020-02-29,72,397.8360404,153.9,153.9
2020-02-29,73,369.8862495,71.4,71.4
2020-02-29,74,641.524957,204.9,204.9
2020-02-29,75,441.773297,138.9,138.9
2020-02-29,77,557.3976405,182.1,182.1
2020-02-29,8,364.0118273,109.8,109.8
2020-02-29,80,459.2807314,203.1,203.1
2020-02-29,81,433.4132669,134.1,134.1
2020-02-29,83,499.3758966,196.2,196.2
2020-02-29,84,447.5335936,118.5,118.5
2020-02-29,88,789.7896236,245.1,245.1
2020-02-29,89,546.5064043,188.4,188.4
2020-02-29,90,363.032963,116.4,116.4
2020-02-29,92,619.2202624,180.6,180.6
2020-02-29,93,341.8515481,110.1,110.1
2020-02-29,95,591.8977982,159.6,159.6
2020-02-29,96,720.369653,102.6,102.6
2020-02-29,97,502.6134478,239.1,239.1
2020-02-29,98,572.1121252,161.1,161.1
2020-03-01,10,1273.50694,296.4,296.4
2020-03-01,103,575.4161676,389.4,389.4
2020-03-01,105,963.8776918,171.6,171.6
2020-03-01,108,428.4743469,151.2,151.2
2020-03-01,11,704.3685957,180.0,180.0
2020-03-01,110,922.9955498,267.9,267.9
2020-03-01,111,705.4528858,141.0,141.0
2020-03-01,115,828.5316746,358.8,358.8
2020-03-01,118,911.2121135,336.0,336.0
2020-03-01,119,425.7794191,223.8,223.8
2020-03-01,120,417.0778918,133.5,133.5
2020-03-01,122,288.5627933,240.9,240.9
2020-03-01,123,318.7751256,106.8,106.8
2020-03-01,125,846.0336368,208.5,208.5
2020-03-01,126,351.3499457,122.1,122.1
2020-03-01,127,600.6957246,336.6,336.6
2020-03-01,128,837.2711637,205.5,205.5
2020-03-01,131,678.981316,208.8,208.8
2020-03-01,133,560.1394765,320.4,320.4
2020-03-01,135,481.1467956,426.0,426.0
2020-03-01,136,718.7796686,298.5,298.5
2020-03-01,138,1074.19395,417.3,417.3
2020-03-01,139,576.2710487,303.3,303.3
2020-03-01,141,483.853299,411.0,411.0
2020-03-01,142,99.25540517,299.1,299.1
2020-03-01,144,1151.148055,376.2,376.2
2020-03-01,145,859.5942226,267.9,267.9
2020-03-01,146,344.076758,168.6,168.6
2020-03-01,149,362.3629265,175.8,175.8
2020-03-01,15,473.1146889,403.5,403.5
2020-03-01,151,931.6199651,256.2,256.2
2020-03-01,152,519.8071661,158.4,158.4
2020-03-01,155,499.9444487,142.2,142.2
2020-03-01,157,725.8623063,238.8,238.8
2020-03-01,159,1155.278952,343.8,343.8
2020-03-01,161,452.6672331,125.7,125.7
2020-03-01,163,691.0675194,226.2,226.2
2020-03-01,164,301.1427561,125.7,125.7
2020-03-01,166,788.2912405,220.5,220.5
2020-03-01,168,1186.72862,337.8,337.8
2020-03-01,169,712.829437,219.9,219.9
2020-03-01,171,902.8369588,317.1,317.1
2020-03-01,172,362.663716,207.0,207.0
2020-03-01,173,1349.10682,421.8,421.8
2020-03-01,174,647.5921064,326.4,326.4
2020-03-01,175,481.4890851,214.5,214.5
2020-03-01,177,776.0374784,295.5,295.5
2020-03-01,18,1055.697077,388.5,388.5
2020-03-01,180,912.367332,286.2,286.2
2020-03-01,181,605.0556817,201.0,201.0
2020-03-01,183,401.2183865,293.1,293.1
2020-03-01,184,504.7765614,186.3,186.3
2020-03-01,188,1142.717264,396.9,396.9
2020-03-01,189,936.2514575,277.2,277.2
2020-03-01,19,486.4923263,272.4,272.4
2020-03-01,190,580.5426975,160.2,160.2
2020-03-01,192,841.6182788,277.2,277.2
2020-03-01,193,395.289341,149.1,149.1
2020-03-01,195,823.0993131,251.4,251.4
2020-03-01,196,690.4740116,141.6,141.6
2020-03-01,197,610.2676933,357.0,357.0
2020-03-01,198,873.6893851,253.8,253.8
2020-03-01,20,647.5356787,157.5,157.5
2020-03-01,22,577.6554596,276.0,276.0
2020-03-01,23,259.8267354,159.6,159.6
2020-03-01,25,874.3765898,248.1,248.1
2020-03-01,26,536.5058798,141.6,141.6
2020-03-01,27,129.7308467,348.6,348.6
2020-03-01,28,954.3827329,245.1,245.1
2020-03-01,3,1241.540539,416.1,416.1
2020-03-01,31,800.384895,252.0,252.0
2020-03-01,33,401.3508544,345.3,345.3
2020-03-01,35,208.0620824,113.4,113.4
2020-03-01,36,1067.388155,328.5,328.5
2020-03-01,38,624.9023485,105.9,105.9
2020-03-01,39,880.8551209,326.4,326.4
2020-03-01,41,408.7721944,121.8,121.8
2020-03-01,42,144.6741093,327.0,327.0
2020-03-01,44,1172.139962,432.0,432.0
2020-03-01,45,679.4150654,329.7,329.7
2020-03-01,46,475.5358163,217.2,217.2
2020-03-01,49,329.4923019,199.5,199.5
2020-03-01,5,752.2460309,213.0,213.0
2020-03-01,51,967.3655394,299.7,299.7
2020-03-01,52,619.8653806,176.4,176.4
2020-03-01,55,515.7504311,169.2,169.2
2020-03-01,57,884.9917293,297.9,297.9
2020-03-01,59,1188.896915,376.2,376.2
2020-03-01,61,279.1620272,174.3,174.3
2020-03-01,63,715.9764585,285.3,285.3
2020-03-01,64,218.2582603,166.5,166.5
2020-03-01,66,773.8133352,260.4,260.4
2020-03-01,68,1286.795223,360.3,360.3
2020-03-01,69,759.688395,244.8,244.8
2020-03-01,71,691.9335686,372.6,372.6
2020-03-01,72,340.6565074,258.3,258.3
2020-03-01,73,546.0923727,127.8,127.8
2020-03-01,74,1137.502248,338.1,338.1
2020-03-01,75,374.4007305,231.9,231.9
2020-03-01,77,1107.442487,340.5,340.5
2020-03-01,8,528.6169744,180.6,180.6
2020-03-01,80,552.7075575,332.4,332.4
2020-03-01,81,660.9263662,214.8,214.8
2020-03-01,83,762.5111206,316.8,316.8
2020-03-01,84,555.500028,206.4,206.4
2020-03-01,88,1148.275514,435.6,435.6
2020-03-01,89,993.7867162,303.6,303.6
2020-03-01,90,353.8168577,208.2,208.2
2020-03-01,92,668.6686692,293.4,293.4
2020-03-01,93,405.6341413,186.6,186.6
2020-03-01,95,392.1859459,294.9,294.9
2020-03-01,96,778.66618,185.4,185.4
2020-03-01,97,650.2810473,407.4,407.4
2020-03-01,98,918.7380904,292.2,292.2
2020-03-02,10,1104.122817,333.9,333.9
2020-03-02,103,549.545813,433.2,433.2
2020-03-02,105,631.4843917,193.5,193.5
2020-03-02,108,402.8162706,175.2,175.2
2020-03-02,11,650.8733805,206.4,206.4
2020-03-02,110,1115.367291,297.3,297.3
2020-03-02,111,603.2384045,175.5,175.5
2020-03-02,115,1126.921465,379.2,379.2
2020-03-02,118,716.7422594,385.5,385.5
2020-03-02,119,761.785328,255.6,255.6
2020-03-02,120,559.6006464,139.2,139.2
2020-03-02,122,410.7832494,242.4,242.4
2020-03-02,123,468.1702581,131.7,131.7
2020-03-02,125,956.3984787,238.5,238.5
2020-03-02,126,579.2313197,132.9,132.9
2020-03-02,127,353.0078567,366.0,366.0
2020-03-02,128,990.1980617,225.6,225.6
2020-03-02,131,742.3718277,223.8,223.8
2020-03-02,133,514.9586653,350.1,350.1
2020-03-02,135,801.689345,471.9,471.9
2020-03-02,136,539.9631646,332.1,332.1
2020-03-02,138,1311.031192,452.7,452.7
2020-03-02,139,765.0305933,318.6,318.6
2020-03-02,141,1449.219966,433.8,433.8
2020-03-02,142,371.7125225,319.5,319.5
2020-03-02,144,1019.13928,444.9,444.9
2020-03-02,145,737.4796017,322.8,322.8
2020-03-02,146,392.7007207,175.8,175.8
2020-03-02,149,371.6679718,183.3,183.3
2020-03-02,15,700.1307124,428.1,428.1
2020-03-02,151,961.8252117,295.2,295.2
2020-03-02,152,574.1929008,184.8,184.8
2020-03-02,155,477.6156219,168.3,168.3
2020-03-02,157,632.130563,271.5,271.5
2020-03-02,159,1131.55213,402.0,402.0
2020-03-02,161,414.3414746,146.1,146.1
2020-03-02,163,651.3982274,248.4,248.4
2020-03-02,164,232.1908617,141.3,141.3
2020-03-02,166,834.2886559,241.2,241.2
2020-03-02,168,1618.52831,374.1,374.1
2020-03-02,169,718.4340019,251.1,251.1
2020-03-02,171,414.8877133,351.9,351.9
2020-03-02,172,416.4829832,241.2,241.2
2020-03-02,173,1028.618749,478.2,478.2
2020-03-02,174,1036.575612,356.4,356.4
2020-03-02,175,581.4525929,229.2,229.2
2020-03-02,177,819.3628512,346.8,346.8
2020-03-02,18,1024.835395,429.9,429.9
2020-03-02,180,750.2058354,319.2,319.2
2020-03-02,181,394.4862222,207.6,207.6
2020-03-02,183,306.8858667,317.7,317.7
2020-03-02,184,470.2950264,217.8,217.8
2020-03-02,188,1313.377763,438.9,438.9
2020-03-02,189,943.6116584,295.2,295.2
2020-03-02,19,314.9233961,317.1,317.1
2020-03-02,190,487.4379197,181.5,181.5
2020-03-02,192,668.7786584,288.9,288.9
2020-03-02,193,523.6133159,168.9,168.9
2020-03-02,195,836.3817304,291.0,291.0
2020-03-02,196,908.224852,168.9,168.9
2020-03-02,197,629.1450275,419.1,419.1
2020-03-02,198,799.1958657,294.9,294.9
2020-03-02,20,599.028851,180.0,180.0
2020-03-02,22,855.3054435,309.6,309.6
2020-03-02,23,249.001135,185.7,185.7
2020-03-02,25,978.2115688,282.6,282.6
2020-03-02,26,592.0322443,169.5,169.5
2020-03-02,27,438.2957163,399.0,399.0
2020-03-02,28,1029.502532,282.3,282.3
2020-03-02,3,1505.250683,466.2,466.2
2020-03-02,31,682.5131758,273.9,273.9
2020-03-02,33,932.1213465,397.8,397.8
2020-03-02,35,469.8186469,143.7,143.7
2020-03-02,36,400.8315532,362.4,362.4
2020-03-02,38,669.0988941,132.3,132.3
2020-03-02,39,1124.440482,356.7,356.7
2020-03-02,41,438.8637249,131.4,131.4
2020-03-02,42,161.9027387,360.0,360.0
2020-03-02,44,1238.016266,472.5,472.5
2020-03-02,45,695.4582272,347.7,347.7
2020-03-02,46,332.635182,225.6,225.6
2020-03-02,49,387.7452295,223.8,223.8
2020-03-02,5,921.672978,231.6,231.6
2020-03-02,51,1087.244693,327.9,327.9
2020-03-02,52,647.5891999,222.0,222.0
2020-03-02,55,584.7241707,202.2,202.2
2020-03-02,57,884.9578778,317.7,317.7
2020-03-02,59,1394.459097,441.6,441.6
2020-03-02,61,121.8615406,181.5,181.5
2020-03-02,63,938.4528837,287.1,287.1
2020-03-02,64,409.891228,177.0,177.0
2020-03-02,66,735.4229046,289.8,289.8
2020-03-02,68,1574.451758,407.1,407.1
2020-03-02,69,888.9672121,274.2,274.2
2020-03-02,71,473.5322693,404.7,404.7
2020-03-02,72,632.6368865,277.5,277.5
2020-03-02,73,574.2795433,145.5,145.5
2020-03-02,74,393.2064113,395.1,395.1
2020-03-02,75,655.2655204,274.8,274.8
2020-03-02,77,1037.330527,387.0,387.0
2020-03-02,8,701.4574478,206.7,206.7
2020-03-02,80,757.7316694,364.5,364.5
2020-03-02,81,673.1829304,258.0,258.0
2020-03-02,83,1036.713227,350.4,350.4
2020-03-02,84,437.07967,245.7,245.7
2020-03-02,88,1113.202304,477.3,477.3
2020-03-02,89,1081.688958,357.3,357.3
2020-03-02,90,669.2357007,237.6,237.6
2020-03-02,92,724.9321417,324.9,324.9
2020-03-02,93,632.7610007,215.1,215.1
2020-03-02,95,719.8372174,340.5,340.5
2020-03-02,96,839.6873544,220.5,220.5
2020-03-02,97,526.1636862,439.2,439.2
2020-03-02,98,1016.988066,327.3,327.3
2020-03-03,10,1217.710223,239.4,239.4
2020-03-03,103,1013.625042,312.3,312.3
2020-03-03,105,923.0347903,147.3,147.3
2020-03-03,108,422.8353352,130.8,130.8
2020-03-03,11,874.2154306,154.8,154.8
2020-03-03,110,1218.424307,219.6,219.6
2020-03-03,111,845.028323,118.8,118.8
2020-03-03,115,744.6640148,295.2,295.2
2020-03-03,118,374.3578128,267.9,267.9
2020-03-03,119,426.617298,204.0,204.0
2020-03-03,120,619.2969419,105.6,105.6
2020-03-03,122,347.3820516,198.9,198.9
2020-03-03,123,278.7124769,108.9,108.9
2020-03-03,125,650.0264612,189.3,189.3
2020-03-03,126,512.6186112,105.3,105.3
2020-03-03,127,843.8510116,266.7,266.7
2020-03-03,128,661.4395364,172.5,172.5
2020-03-03,131,636.2524233,174.9,174.9
2020-03-03,133,205.4252758,239.7,239.7
2020-03-03,135,506.9524072,321.9,321.9
2020-03-03,136,602.6214134,246.3,246.3
2020-03-03,138,1020.567933,330.3,330.3
2020-03-03,139,706.1413541,236.4,236.4
2020-03-03,141,792.5337782,331.5,331.5
2020-03-03,142,727.2356699,235.2,235.2
2020-03-03,144,1018.875139,312.6,312.6
2020-03-03,145,710.5702075,215.1,215.1
2020-03-03,146,391.7670896,140.7,140.7
2020-03-03,149,348.4106268,127.2,127.2
2020-03-03,15,641.3607365,320.7,320.7
2020-03-03,151,751.1774243,212.7,212.7
2020-03-03,152,531.6473952,111.9,111.9
2020-03-03,155,428.0846067,105.0,105.0
2020-03-03,157,619.3298885,187.8,187.8
2020-03-03,159,950.0497841,273.9,273.9
2020-03-03,161,363.268737,105.9,105.9
2020-03-03,163,633.3322246,201.9,201.9
2020-03-03,164,278.3618882,115.8,115.8
2020-03-03,166,621.8195944,180.0,180.0
2020-03-03,168,1059.393149,278.4,278.4
2020-03-03,169,577.7149038,172.8,172.8
2020-03-03,171,754.8212282,256.5,256.5
2020-03-03,172,349.8632077,185.7,185.7
2020-03-03,173,1086.666799,334.5,334.5
2020-03-03,174,367.236835,255.6,255.6
2020-03-03,175,451.5605642,167.7,167.7
2020-03-03,177,586.5525355,247.8,247.8
2020-03-03,18,899.7547703,297.9,297.9
2020-03-03,180,704.9230452,245.1,245.1
2020-03-03,181,407.4198557,157.2,157.2
2020-03-03,183,198.9171445,236.4,236.4
2020-03-03,184,424.1509518,150.9,150.9
2020-03-03,188,789.1200315,303.9,303.9
2020-03-03,189,758.6188155,223.2,223.2
2020-03-03,19,325.6676795,226.5,226.5
2020-03-03,190,353.1414565,140.4,140.4
2020-03-03,192,685.0171711,227.1,227.1
2020-03-03,193,405.6667185,114.6,114.6
2020-03-03,195,587.0328818,200.1,200.1
2020-03-03,196,1041.037054,126.6,126.6
2020-03-03,197,553.0709867,294.0,294.0
2020-03-03,198,598.3946089,214.5,214.5
2020-03-03,20,522.9007717,121.2,121.2
2020-03-03,22,275.381521,205.5,205.5
2020-03-03,23,365.785642,130.2,130.2
2020-03-03,25,780.1182064,221.7,221.7
2020-03-03,26,505.1150089,120.9,120.9
2020-03-03,27,296.6573148,290.4,290.4
2020-03-03,28,800.8497405,188.7,188.7
2020-03-03,3,1064.199192,325.8,325.8
2020-03-03,31,675.1390742,192.6,192.6
2020-03-03,33,811.1493748,293.1,293.1
2020-03-03,35,334.5006087,102.6,102.6
2020-03-03,36,547.5484373,279.0,279.0
2020-03-03,38,595.1531529,83.4,83.4
2020-03-03,39,710.9705089,270.9,270.9
2020-03-03,41,313.3106417,89.7,89.7
2020-03-03,42,253.8805249,272.1,272.1
2020-03-03,44,1026.205363,356.7,356.7
2020-03-03,45,644.8288149,241.2,241.2
2020-03-03,46,474.4442585,166.2,166.2
2020-03-03,49,298.5559359,153.6,153.6
2020-03-03,5,629.8620961,169.8,169.8
2020-03-03,51,1048.099206,246.9,246.9
2020-03-03,52,556.2119691,150.0,150.0
2020-03-03,55,510.8868958,150.6,150.6
2020-03-03,57,713.5955726,230.4,230.4
2020-03-03,59,1069.497859,302.4,302.4
2020-03-03,61,353.6076564,137.1,137.1
2020-03-03,63,737.1062179,211.8,211.8
2020-03-03,64,141.192878,123.0,123.0
2020-03-03,66,703.2165211,205.2,205.2
2020-03-03,68,1586.549688,307.8,307.8
2020-03-03,69,626.733504,218.7,218.7
2020-03-03,71,423.8878334,287.1,287.1
2020-03-03,72,309.2869968,187.8,187.8
2020-03-03,73,454.0632099,126.6,126.6
2020-03-03,74,312.9805871,292.5,292.5
2020-03-03,75,532.4045646,206.1,206.1
2020-03-03,77,599.7766478,278.7,278.7
2020-03-03,8,384.2062602,167.1,167.1
2020-03-03,80,651.0246968,255.9,255.9
2020-03-03,81,509.4961039,182.7,182.7
2020-03-03,83,571.2502304,266.7,266.7
2020-03-03,84,537.3942837,184.2,184.2
2020-03-03,88,897.0603248,326.7,326.7
2020-03-03,89,859.5625128,250.5,250.5
2020-03-03,90,343.8721278,160.2,160.2
2020-03-03,92,721.1872553,231.6,231.6
2020-03-03,93,430.3447218,172.5,172.5
2020-03-03,95,565.9254914,229.2,229.2
2020-03-03,96,1015.970155,161.1,161.1
2020-03-03,97,782.3783043,318.9,318.9
2020-03-03,98,681.9766692,223.5,223.5
2020-03-04,10,1285.038227,99.9,99.9
2020-03-04,103,497.4805757,134.4,134.4
2020-03-04,105,866.4789134,40.2,40.2
2020-03-04,108,169.1207673,53.7,53.7
2020-03-04,11,731.0965265,59.7,59.7
2020-03-04,110,1096.359365,79.2,79.2
2020-03-04,111,248.1631376,43.2,43.2
2020-03-04,115,410.4250585,119.4,119.4
2020-03-04,118,343.5997723,100.5,100.5
2020-03-04,119,277.9349762,65.7,65.7
2020-03-04,120,120.8957974,40.2,40.2
2020-03-04,122,267.4776871,77.7,77.7
2020-03-04,123,148.7524796,28.8,28.8
2020-03-04,125,511.8626248,79.2,79.2
2020-03-04,126,412.9675224,29.4,29.4
2020-03-04,127,115.8739463,100.8,100.8
2020-03-04,128,1007.804033,57.0,57.0
2020-03-04,131,338.4929349,76.2,76.2
2020-03-04,133,298.2698478,84.9,84.9
2020-03-04,135,150.2741606,127.2,127.2
2020-03-04,136,311.8641899,82.8,82.8
2020-03-04,138,591.0615071,132.3,132.3
2020-03-04,139,280.4770402,94.5,94.5
2020-03-04,141,426.1407755,116.7,116.7
2020-03-04,142,150.6282383,105.9,105.9
2020-03-04,144,946.5141973,138.6,138.6
2020-03-04,145,466.7623544,81.3,81.3
2020-03-04,146,202.2744383,42.9,42.9
2020-03-04,149,169.5121416,54.6,54.6
2020-03-04,15,450.1314143,112.5,112.5
2020-03-04,151,716.9720384,95.4,95.4
2020-03-04,152,356.0063052,62.1,62.1
2020-03-04,155,242.5246193,53.4,53.4
2020-03-04,157,319.9802251,81.6,81.6
2020-03-04,159,959.0286643,126.0,126.0
2020-03-04,161,105.3111047,40.5,40.5
2020-03-04,163,505.5401551,63.9,63.9
2020-03-04,164,130.4047452,39.6,39.6
2020-03-04,166,520.0567493,84.3,84.3
2020-03-04,168,1354.07272,115.8,115.8
2020-03-04,169,449.2773757,81.6,81.6
2020-03-04,171,375.6322144,95.1,95.1
2020-03-04,172,285.1820703,60.6,60.6
2020-03-04,173,434.7273203,136.8,136.8
2020-03-04,174,295.7531956,85.2,85.2
2020-03-04,175,305.0202784,62.4,62.4
2020-03-04,177,358.8054512,112.5,112.5
2020-03-04,18,399.5308862,118.8,118.8
2020-03-04,180,345.2495799,87.0,87.0
2020-03-04,181,290.8433643,72.9,72.9
2020-03-04,183,240.0030542,89.7,89.7
2020-03-04,184,357.4305476,44.1,44.1
2020-03-04,188,537.5114333,128.1,128.1
2020-03-04,189,712.6523963,96.9,96.9
2020-03-04,19,295.0631332,75.3,75.3
2020-03-04,190,196.2146889,40.2,40.2
2020-03-04,192,479.0114111,80.1,80.1
2020-03-04,193,253.8095736,37.8,37.8
2020-03-04,195,308.2767963,73.8,73.8
2020-03-04,196,605.2301207,35.4,35.4
2020-03-04,197,355.9478044,103.2,103.2
2020-03-04,198,279.8614456,70.2,70.2
2020-03-04,20,578.4181627,60.3,60.3
2020-03-04,22,276.7171071,89.1,89.1
2020-03-04,23,159.0708598,41.1,41.1
2020-03-04,25,571.6329602,93.6,93.6
2020-03-04,26,308.7863234,45.3,45.3
2020-03-04,27,118.5850793,101.1,101.1
2020-03-04,28,410.8274988,65.7,65.7
2020-03-04,3,451.287389,137.4,137.4
2020-03-04,31,497.4218881,85.8,85.8
2020-03-04,33,136.3485498,124.5,124.5
2020-03-04,35,125.6701595,41.1,41.1
2020-03-04,36,325.9959752,115.8,115.8
2020-03-04,38,296.3089972,26.4,26.4
2020-03-04,39,150.178724,111.6,111.6
2020-03-04,41,293.5318142,26.7,26.7
2020-03-04,42,276.3547823,102.3,102.3
2020-03-04,44,602.6648006,145.2,145.2
2020-03-04,45,616.9682172,110.4,110.4
2020-03-04,46,305.5561313,54.6,54.6
2020-03-04,49,219.9466799,63.6,63.6
2020-03-04,5,804.1886774,59.4,59.4
2020-03-04,51,1006.2811,92.1,92.1
2020-03-04,52,362.764833,50.7,50.7
2020-03-04,55,341.9460723,54.6,54.6
2020-03-04,57,364.8182649,104.1,104.1
2020-03-04,59,496.5152312,126.0,126.0
2020-03-04,61,139.6995626,53.1,53.1
2020-03-04,63,457.1837125,81.0,81.0
2020-03-04,64,157.4944781,48.0,48.0
2020-03-04,66,332.6107,85.2,85.2
2020-03-04,68,1112.032331,109.2,109.2
2020-03-04,69,479.0415761,90.3,90.3
2020-03-04,71,389.3477455,105.6,105.6
2020-03-04,72,278.2910277,69.3,69.3
2020-03-04,73,409.8581618,38.1,38.1
2020-03-04,74,326.5804529,116.4,116.4
2020-03-04,75,310.4763095,72.0,72.0
2020-03-04,77,372.5403838,116.7,116.7
2020-03-04,8,348.2443451,71.1,71.1
2020-03-04,80,316.41698,114.6,114.6
2020-03-04,81,277.841308,78.3,78.3
2020-03-04,83,210.3720836,93.0,93.0
2020-03-04,84,371.408993,55.2,55.2
2020-03-04,88,483.0922745,134.4,134.4
2020-03-04,89,879.0581059,92.7,92.7
2020-03-04,90,233.2769451,58.5,58.5
2020-03-04,92,509.2445444,93.0,93.0
2020-03-04,93,276.5823552,55.2,55.2
2020-03-04,95,305.5034429,107.4,107.4
2020-03-04,96,477.3272397,59.4,59.4
2020-03-04,97,399.6412522,123.3,123.3
2020-03-04,98,442.0331395,79.8,79.8
2020-03-05,10,1067.00264,9.0,9.0
2020-03-05,103,365.0400847,3.9,3.9
2020-03-05,105,775.9716144,0.0,0.0
2020-03-05,108,367.7353318,0.0,0.0
2020-03-05,11,688.8863965,5.7,5.7
2020-03-05,110,311.0175222,7.8,7.8
2020-03-05,111,378.2679721,10.2,10.2
2020-03-05,115,302.4695149,18.0,18.0
2020-03-05,118,122.8269215,11.1,11.1
2020-03-05,119,286.2327996,0.0,0.0
2020-03-05,120,210.3245478,6.0,6.0
2020-03-05,122,165.4754506,0.0,0.0
2020-03-05,123,101.5080394,15.3,15.3
2020-03-05,125,568.793999,9.0,9.0
2020-03-05,126,187.8916087,7.8,7.8
2020-03-05,127,84.51815864,0.0,0.0
2020-03-05,128,794.7458651,12.9,12.9
2020-03-05,131,564.7285776,0.9,0.9
2020-03-05,133,72.37433314,0.0,0.0
2020-03-05,135,77.6843896,14.4,14.4
2020-03-05,136,128.3421708,14.1,14.1
2020-03-05,138,534.330647,0.0,0.0
2020-03-05,139,59.34076058,0.0,0.0
2020-03-05,141,60.82452234,0.0,0.0
2020-03-05,142,72.19742988,0.0,0.0
2020-03-05,144,290.0392387,6.3,6.3
2020-03-05,145,367.2088221,0.0,0.0
2020-03-05,146,94.40388913,0.6,0.6
2020-03-05,149,56.46214497,0.0,0.0
2020-03-05,15,177.0030153,8.7,8.7
2020-03-05,151,743.6252826,0.0,0.0
2020-03-05,152,273.4719399,11.4,11.4
2020-03-05,155,303.0105847,0.0,0.0
2020-03-05,157,298.0188553,0.6,0.6
2020-03-05,159,161.3147277,6.6,6.6
2020-03-05,161,41.0418791,0.0,0.0
2020-03-05,163,522.068237,0.9,0.9
2020-03-05,164,102.8773835,0.0,0.0
2020-03-05,166,37.96376432,14.7,14.7
2020-03-05,168,1157.677643,18.9,18.9
2020-03-05,169,520.9402718,0.0,0.0
2020-03-05,171,151.7407557,1.8,1.8
2020-03-05,172,80.62006463,6.3,6.3
2020-03-05,173,265.9922643,0.0,0.0
2020-03-05,174,139.8643932,11.7,11.7
2020-03-05,175,221.6471832,3.9,3.9
2020-03-05,177,294.8093157,0.0,0.0
2020-03-05,18,213.4509495,6.3,6.3
2020-03-05,180,93.63307683,0.0,0.0
2020-03-05,181,105.7746296,0.0,0.0
2020-03-05,183,104.6694277,0.6,0.6
2020-03-05,184,47.35313281,17.1,17.1
2020-03-05,188,25.05753311,0.3,0.3
2020-03-05,189,870.6196797,16.2,16.2
2020-03-05,19,51.37756946,2.7,2.7
2020-03-05,190,194.4882634,11.4,11.4
2020-03-05,192,366.8973764,10.2,10.2
2020-03-05,193,147.5958529,16.2,16.2
2020-03-05,195,270.8787435,9.9,9.9
2020-03-05,196,973.928577,0.0,0.0
2020-03-05,197,278.1979982,0.0,0.0
2020-03-05,198,136.2757441,16.5,16.5
2020-03-05,20,425.5595294,13.8,13.8
2020-03-05,22,62.89304446,15.0,15.0
2020-03-05,23,92.329941,13.2,13.2
2020-03-05,25,1000.071198,0.0,0.0
2020-03-05,26,269.1462956,0.0,0.0
2020-03-05,27,47.21126162,6.3,6.3
2020-03-05,28,430.1763475,0.0,0.0
2020-03-05,3,369.2234848,8.1,8.1
2020-03-05,31,586.0558555,0.0,0.0
2020-03-05,33,86.63753559,0.0,0.0
2020-03-05,35,115.0107831,11.4,11.4
2020-03-05,36,135.2211446,17.4,17.4
2020-03-05,38,381.939637,16.5,16.5
2020-03-05,39,91.41663241,0.0,0.0
2020-03-05,41,318.28741,0.0,0.0
2020-03-05,42,76.09694384,0.0,0.0
2020-03-05,44,187.9653015,0.0,0.0
2020-03-05,45,567.0442196,0.0,0.0
2020-03-05,46,7.91439996,0.0,0.0
2020-03-05,49,197.0191626,0.9,0.9
2020-03-05,5,405.0813241,0.0,0.0
2020-03-05,51,1031.194751,5.7,5.7
2020-03-05,52,356.1314139,0.0,0.0
2020-03-05,55,437.5129332,5.1,5.1
2020-03-05,57,82.50392285,3.6,3.6
2020-03-05,59,315.6488105,1.5,1.5
2020-03-05,61,31.15990946,4.2,4.2
2020-03-05,63,368.5675441,12.3,12.3
2020-03-05,64,34.52418237,0.0,0.0
2020-03-05,66,410.3699065,0.0,0.0
2020-03-05,68,392.267252,1.8,1.8
2020-03-05,69,602.7840178,12.3,12.3
2020-03-05,71,287.5203046,0.0,0.0
2020-03-05,72,94.18942858,15.9,15.9
2020-03-05,73,163.7213996,8.1,8.1
2020-03-05,74,138.26517,0.0,0.0
2020-03-05,75,78.59268296,0.6,0.6
2020-03-05,77,296.3267334,0.0,0.0
2020-03-05,8,69.00367711,0.0,0.0
2020-03-05,80,302.8986627,15.9,15.9
2020-03-05,81,65.87807693,12.3,12.3
2020-03-05,83,81.80005685,10.5,10.5
2020-03-05,84,54.22235234,0.0,0.0
2020-03-05,88,57.58774999,0.0,0.0
2020-03-05,89,659.9729095,7.5,7.5
2020-03-05,90,147.4488001,0.0,0.0
2020-03-05,92,191.5417472,10.5,10.5
2020-03-05,93,155.8919698,0.0,0.0
2020-03-05,95,76.88857672,14.7,14.7
2020-03-05,96,188.9284102,16.5,16.5
2020-03-05,97,314.3384391,0.0,0.0
2020-03-05,98,301.1143256,6.9,6.9
2020-03-06,10,506.9065555,33.6,33.6
2020-03-06,103,185.7483451,51.3,51.3
2020-03-06,105,275.6725296,8.1,8.1
2020-03-06,108,241.0211296,30.9,30.9
2020-03-06,11,656.0771032,32.4,32.4
2020-03-06,110,1097.335427,24.3,24.3
2020-03-06,111,298.8669593,29.7,29.7
2020-03-06,115,399.974912,46.8,46.8
2020-03-06,118,239.012755,41.7,41.7
2020-03-06,119,256.3584495,24.0,24.0
2020-03-06,120,495.5245434,22.8,22.8
2020-03-06,122,135.9447795,34.5,34.5
2020-03-06,123,126.2508822,25.2,25.2
2020-03-06,125,545.5658931,34.5,34.5
2020-03-06,126,375.4838449,27.6,27.6
2020-03-06,127,128.3095122,35.1,35.1
2020-03-06,128,409.2298803,38.7,38.7
2020-03-06,131,275.2342898,13.8,13.8
2020-03-06,133,127.8735617,35.4,35.4
2020-03-06,135,160.9758979,44.4,44.4
2020-03-06,136,306.0706379,42.3,42.3
2020-03-06,138,276.1286807,60.0,60.0
2020-03-06,139,99.89472764,48.9,48.9
2020-03-06,141,351.4538845,35.7,35.7
2020-03-06,142,98.72425985,28.2,28.2
2020-03-06,144,293.6187531,49.8,49.8
2020-03-06,145,391.1793857,41.7,41.7
2020-03-06,146,33.79468029,28.8,28.8
2020-03-06,149,140.4883306,6.0,6.0
2020-03-06,15,437.6310586,41.1,41.1
2020-03-06,151,223.1186643,39.3,39.3
2020-03-06,152,495.1116619,30.6,30.6
2020-03-06,155,311.1495328,30.3,30.3
2020-03-06,157,343.6599923,26.7,26.7
2020-03-06,159,708.083109,32.7,32.7
2020-03-06,161,83.01104461,16.8,16.8
2020-03-06,163,402.0095893,27.0,27.0
2020-03-06,164,71.78942054,29.7,29.7
2020-03-06,166,581.2271281,16.8,16.8
2020-03-06,168,1356.636094,36.9,36.9
2020-03-06,169,594.1664998,19.5,19.5
2020-03-06,171,264.7292232,31.2,31.2
2020-03-06,172,212.940509,29.7,29.7
2020-03-06,173,184.0617718,37.5,37.5
2020-03-06,174,177.1024604,31.2,31.2
2020-03-06,175,201.9019593,21.9,21.9
2020-03-06,177,423.9110388,33.6,33.6
2020-03-06,18,232.5929416,44.1,44.1
2020-03-06,180,312.5079054,39.3,39.3
2020-03-06,181,278.0612666,33.3,33.3
2020-03-06,183,140.8915511,49.5,49.5
2020-03-06,184,173.5765713,33.3,33.3
2020-03-06,188,381.2414207,47.4,47.4
2020-03-06,189,536.9687965,26.1,26.1
2020-03-06,19,250.8406965,41.7,41.7
2020-03-06,190,243.8259384,17.4,17.4
2020-03-06,192,583.604029,45.0,45.0
2020-03-06,193,296.7302824,5.1,5.1
2020-03-06,195,174.1275697,29.7,29.7
2020-03-06,196,167.4970564,16.5,16.5
2020-03-06,197,233.9239562,47.4,47.4
2020-03-06,198,337.4740744,33.6,33.6
2020-03-06,20,217.316889,5.4,5.4
2020-03-06,22,167.0015039,39.0,39.0
2020-03-06,23,100.2933203,15.9,15.9
2020-03-06,25,915.6795439,26.1,26.1
2020-03-06,26,501.3143222,8.7,8.7
2020-03-06,27,107.0623176,47.4,47.4
2020-03-06,28,125.0775221,44.1,44.1
2020-03-06,3,213.9075859,62.4,62.4
2020-03-06,31,381.1830724,25.8,25.8
2020-03-06,33,138.4344715,43.5,43.5
2020-03-06,35,62.20227846,16.8,16.8
2020-03-06,36,150.9247615,33.0,33.0
2020-03-06,38,609.0199262,9.3,9.3
2020-03-06,39,99.19083856,53.7,53.7
2020-03-06,41,452.7015394,5.1,5.1
2020-03-06,42,144.7495848,33.6,33.6
2020-03-06,44,951.6110053,51.3,51.3
2020-03-06,45,610.932701,45.6,45.6
2020-03-06,46,129.5919666,26.4,26.4
2020-03-06,49,211.3798893,18.3,18.3
2020-03-06,5,223.0775306,37.2,37.2
2020-03-06,51,796.6330857,49.5,49.5
2020-03-06,52,532.0308574,29.7,29.7
2020-03-06,55,333.6978808,31.2,31.2
2020-03-06,57,334.3822572,34.2,34.2
2020-03-06,59,1031.140448,53.1,53.1
2020-03-06,61,71.31572996,34.5,34.5
2020-03-06,63,586.296382,41.7,41.7
2020-03-06,64,111.8622314,16.2,16.2
2020-03-06,66,665.544328,43.2,43.2
2020-03-06,68,295.5090539,29.7,29.7
2020-03-06,69,445.7458512,18.0,18.0
2020-03-06,71,326.1116816,41.4,41.4
2020-03-06,72,134.2486611,35.4,35.4
2020-03-06,73,207.8881606,20.7,20.7
2020-03-06,74,175.0737737,29.1,29.1
2020-03-06,75,263.4070343,36.3,36.3
2020-03-06,77,231.7878475,35.4,35.4
2020-03-06,8,297.8990022,38.4,38.4
2020-03-06,80,246.2898358,53.7,53.7
2020-03-06,81,311.2153995,27.6,27.6
2020-03-06,83,107.8414171,40.5,40.5
2020-03-06,84,327.9492463,16.5,16.5
2020-03-06,88,272.3985046,55.2,55.2
2020-03-06,89,394.013601,47.1,47.1
2020-03-06,90,283.5227641,29.7,29.7
2020-03-06,92,556.5332177,44.7,44.7
2020-03-06,93,152.0815424,33.6,33.6
2020-03-06,95,139.888076,26.4,26.4
2020-03-06,96,578.167937,36.6,36.6
2020-03-06,97,155.0664078,57.9,57.9
2020-03-06,98,519.79915,24.6,24.6
2020-03-07,10,592.8563892,162.0,162.0
2020-03-07,103,547.7747936,203.7,203.7
2020-03-07,105,588.9625403,83.4,83.4
2020-03-07,108,323.6525182,100.8,100.8
2020-03-07,11,711.6480777,104.4,104.4
2020-03-07,110,1266.146069,134.7,134.7
2020-03-07,111,320.0958226,73.2,73.2
2020-03-07,115,532.8278775,204.0,204.0
2020-03-07,118,505.3157222,208.2,208.2
2020-03-07,119,460.9747734,125.7,125.7
2020-03-07,120,358.5216735,59.4,59.4
2020-03-07,122,322.3879167,125.7,125.7
2020-03-07,123,156.7221325,63.6,63.6
2020-03-07,125,689.7704861,127.5,127.5
2020-03-07,126,255.7458053,51.3,51.3
2020-03-07,127,197.2325615,171.6,171.6
2020-03-07,128,901.8723882,117.6,117.6
2020-03-07,131,515.2425213,120.6,120.6
2020-03-07,133,500.7439017,162.9,162.9
2020-03-07,135,389.6497046,217.2,217.2
2020-03-07,136,312.1923034,185.1,185.1
2020-03-07,138,764.7321036,222.3,222.3
2020-03-07,139,436.7356042,168.9,168.9
2020-03-07,141,676.7178402,210.6,210.6
2020-03-07,142,484.0001745,171.0,171.0
2020-03-07,144,734.8660643,231.9,231.9
2020-03-07,145,588.5580405,145.2,145.2
2020-03-07,146,304.9742968,108.9,108.9
2020-03-07,149,295.1793816,85.2,85.2
2020-03-07,15,462.6168898,216.6,216.6
2020-03-07,151,474.0610461,137.1,137.1
2020-03-07,152,424.6378051,91.2,91.2
2020-03-07,155,378.5124878,83.4,83.4
2020-03-07,157,465.2929744,131.1,131.1
2020-03-07,159,955.7502116,185.7,185.7
2020-03-07,161,199.3748183,83.1,83.1
2020-03-07,163,568.0959487,140.7,140.7
2020-03-07,164,127.082486,59.1,59.1
2020-03-07,166,576.8893812,117.3,117.3
2020-03-07,168,1614.319153,181.8,181.8
2020-03-07,169,535.4181877,121.5,121.5
2020-03-07,171,469.2811286,189.9,189.9
2020-03-07,172,316.3684869,128.1,128.1
2020-03-07,173,640.7411346,240.9,240.9
2020-03-07,174,546.9521756,165.9,165.9
2020-03-07,175,356.196797,127.5,127.5
2020-03-07,177,536.9875423,159.0,159.0
2020-03-07,18,649.6518227,206.4,206.4
2020-03-07,180,462.612267,156.0,156.0
2020-03-07,181,363.9499174,114.6,114.6
2020-03-07,183,346.1077681,172.8,172.8
2020-03-07,184,387.6814379,98.7,98.7
2020-03-07,188,768.0225535,225.6,225.6
2020-03-07,189,616.0522932,160.2,160.2
2020-03-07,19,480.3168465,168.3,168.3
2020-03-07,190,311.9574233,92.4,92.4
2020-03-07,192,545.0824553,150.0,150.0
2020-03-07,193,340.9258176,96.6,96.6
2020-03-07,195,358.2985321,157.2,157.2
2020-03-07,196,969.3778498,78.0,78.0
2020-03-07,197,543.2983098,210.6,210.6
2020-03-07,198,515.95981,147.3,147.3
2020-03-07,20,433.6248584,78.3,78.3
2020-03-07,22,478.6659007,136.5,136.5
2020-03-07,23,182.3368787,78.9,78.9
2020-03-07,25,848.4509888,147.0,147.0
2020-03-07,26,458.5886396,73.2,73.2
2020-03-07,27,407.8132748,217.2,217.2
2020-03-07,28,846.7641933,149.1,149.1
2020-03-07,3,794.1335992,237.6,237.6
2020-03-07,31,588.1059026,124.8,124.8
2020-03-07,33,181.4436098,195.0,195.0
2020-03-07,35,183.9683131,80.4,80.4
2020-03-07,36,602.8475464,196.5,196.5
2020-03-07,38,778.4209606,67.2,67.2
2020-03-07,39,298.9234658,175.8,175.8
2020-03-07,41,469.2853982,52.2,52.2
2020-03-07,42,177.6707015,177.6,177.6
2020-03-07,44,892.5131617,246.3,246.3
2020-03-07,45,572.0100715,174.3,174.3
2020-03-07,46,318.339534,126.0,126.0
2020-03-07,49,310.8435224,107.1,107.1
2020-03-07,5,912.7830758,112.2,112.2
2020-03-07,51,593.513272,156.3,156.3
2020-03-07,52,443.6462099,103.5,103.5
2020-03-07,55,319.2775666,113.7,113.7
2020-03-07,57,450.6321448,157.5,157.5
2020-03-07,59,835.4056708,217.2,217.2
2020-03-07,61,177.6427732,100.8,100.8
2020-03-07,63,574.1374071,142.5,142.5
2020-03-07,64,290.7056656,76.2,76.2
2020-03-07,66,691.0612634,139.2,139.2
2020-03-07,68,855.1850368,201.6,201.6
2020-03-07,69,541.759409,129.0,129.0
2020-03-07,71,388.2145363,197.7,197.7
2020-03-07,72,407.1416252,134.4,134.4
2020-03-07,73,471.8523172,85.8,85.8
2020-03-07,74,663.2874291,199.8,199.8
2020-03-07,75,452.286296,147.0,147.0
2020-03-07,77,476.8774817,184.8,184.8
2020-03-07,8,395.5911952,114.9,114.9
2020-03-07,80,636.3859854,202.8,202.8
2020-03-07,81,406.0159329,135.0,135.0
2020-03-07,83,314.8331536,184.8,184.8
2020-03-07,84,419.0983834,119.4,119.4
2020-03-07,88,810.9228497,228.9,228.9
2020-03-07,89,909.7241901,177.6,177.6
2020-03-07,90,377.7015133,113.4,113.4
2020-03-07,92,611.2406042,162.0,162.0
2020-03-07,93,335.4153447,120.9,120.9
2020-03-07,95,561.5380563,180.3,180.3
2020-03-07,96,609.3608455,118.5,118.5
2020-03-07,97,506.4262256,224.4,224.4
2020-03-07,98,552.5678777,155.1,155.1
2020-03-08,10,1247.896582,292.5,292.5
2020-03-08,103,957.0323863,376.8,376.8
2020-03-08,105,929.3244098,161.1,161.1
2020-03-08,108,464.3529307,160.5,160.5
2020-03-08,11,768.5570623,185.1,185.1
2020-03-08,110,1241.572544,256.5,256.5
2020-03-08,111,549.059893,150.3,150.3
2020-03-08,115,606.1096208,369.0,369.0
2020-03-08,118,354.5035483,334.2,334.2
2020-03-08,119,436.9276252,244.2,244.2
2020-03-08,120,624.1192083,114.9,114.9
2020-03-08,122,659.7073256,243.6,243.6
2020-03-08,123,261.7368619,128.4,128.4
2020-03-08,125,765.1160631,223.2,223.2
2020-03-08,126,490.3893103,125.7,125.7
2020-03-08,127,600.0829521,325.8,325.8
2020-03-08,128,742.1705824,209.7,209.7
2020-03-08,131,691.2153053,207.0,207.0
2020-03-08,133,159.5664887,297.6,297.6
2020-03-08,135,1090.974762,405.3,405.3
2020-03-08,136,719.7728149,295.5,295.5
2020-03-08,138,1073.300588,420.3,420.3
2020-03-08,139,204.7733609,309.3,309.3
2020-03-08,141,812.1053016,410.1,410.1
2020-03-08,142,576.983058,295.2,295.2
2020-03-08,144,1239.499624,382.2,382.2
2020-03-08,145,801.1606812,294.3,294.3
2020-03-08,146,525.9394047,171.0,171.0
2020-03-08,149,307.1398315,162.6,162.6
2020-03-08,15,634.4374886,376.5,376.5
2020-03-08,151,987.7146648,277.8,277.8
2020-03-08,152,553.7196743,149.4,149.4
2020-03-08,155,468.4955934,135.9,135.9
2020-03-08,157,576.842783,261.3,261.3
2020-03-08,159,1221.522198,363.6,363.6
2020-03-08,161,198.1131477,127.5,127.5
2020-03-08,163,648.4024908,221.1,221.1
2020-03-08,164,128.6106797,136.2,136.2
2020-03-08,166,751.9559779,235.5,235.5
2020-03-08,168,1405.664292,329.4,329.4
2020-03-08,169,659.2798412,211.8,211.8
2020-03-08,171,971.6057549,324.6,324.6
2020-03-08,172,658.5584395,218.4,218.4
2020-03-08,173,600.7663177,435.6,435.6
2020-03-08,174,982.132913,309.9,309.9
2020-03-08,175,593.9186561,220.5,220.5
2020-03-08,177,593.9880638,320.4,320.4
2020-03-08,18,627.7435306,380.1,380.1
2020-03-08,180,830.7298091,308.1,308.1
2020-03-08,181,631.347668,205.8,205.8
2020-03-08,183,724.4073163,292.5,292.5
2020-03-08,184,426.3473296,176.7,176.7
2020-03-08,188,1092.574668,401.4,401.4
2020-03-08,189,922.4202022,273.6,273.6
2020-03-08,19,326.2248377,258.6,258.6
2020-03-08,190,372.811463,163.2,163.2
2020-03-08,192,763.1472806,266.4,266.4
2020-03-08,193,361.4721975,160.8,160.8
2020-03-08,195,564.8675742,248.1,248.1
2020-03-08,196,874.9714625,139.8,139.8
2020-03-08,197,961.5270143,364.5,364.5
2020-03-08,198,798.6758036,243.9,243.9
2020-03-08,20,572.352849,157.2,157.2
2020-03-08,22,531.686936,268.8,268.8
2020-03-08,23,423.0069676,157.8,157.8
2020-03-08,25,915.6947474,260.7,260.7
2020-03-08,26,578.8937761,154.2,154.2
2020-03-08,27,186.1415765,358.5,358.5
2020-03-08,28,1034.489676,245.1,245.1
2020-03-08,3,620.189551,410.1,410.1
2020-03-08,31,781.8774195,257.1,257.1
2020-03-08,33,1151.900546,357.3,357.3
2020-03-08,35,378.7571396,138.0,138.0
2020-03-08,36,1035.240092,347.7,347.7
2020-03-08,38,552.9068625,122.4,122.4
2020-03-08,39,946.5175559,345.9,345.9
2020-03-08,41,418.3185675,99.9,99.9
2020-03-08,42,587.6718133,331.8,331.8
2020-03-08,44,1222.663642,420.6,420.6
2020-03-08,45,721.2580529,314.4,314.4
2020-03-08,46,586.4319147,196.2,196.2
2020-03-08,49,336.7723148,193.2,193.2
2020-03-08,5,824.6008703,205.8,205.8
2020-03-08,51,1002.614053,290.4,290.4
2020-03-08,52,632.2080135,198.3,198.3
2020-03-08,55,589.7650671,187.8,187.8
2020-03-08,57,857.2884779,281.7,281.7
2020-03-08,59,1102.830273,399.3,399.3
2020-03-08,61,323.9566309,168.3,168.3
2020-03-08,63,747.3298842,277.5,277.5
2020-03-08,64,438.7359613,169.8,169.8
2020-03-08,66,836.2778023,265.5,265.5
2020-03-08,68,1360.57837,363.0,363.0
2020-03-08,69,795.2285106,244.8,244.8
2020-03-08,71,844.0605305,367.8,367.8
2020-03-08,72,524.250544,260.1,260.1
2020-03-08,73,554.5497498,135.9,135.9
2020-03-08,74,916.285772,339.3,339.3
2020-03-08,75,520.6543244,233.1,233.1
2020-03-08,77,881.0286727,336.9,336.9
2020-03-08,8,400.5098819,183.3,183.3
2020-03-08,80,651.8063123,348.3,348.3
2020-03-08,81,676.7603881,232.8,232.8
2020-03-08,83,423.3156889,338.4,338.4
2020-03-08,84,499.5959562,228.9,228.9
2020-03-08,88,973.0515041,428.7,428.7
2020-03-08,89,983.7983358,320.1,320.1
2020-03-08,90,580.1738321,218.1,218.1
2020-03-08,92,951.5092612,297.0,297.0
2020-03-08,93,578.2593896,209.7,209.7
2020-03-08,95,783.3332334,299.7,299.7
2020-03-08,96,676.9250472,191.4,191.4
2020-03-08,97,460.8843542,393.6,393.6
2020-03-08,98,564.6413516,296.4,296.4
2020-03-09,10,1246.390065,330.6,330.6
2020-03-09,103,1070.444465,423.9,423.9
2020-03-09,105,897.7376867,177.0,177.0
2020-03-09,108,398.2855458,177.0,177.0
2020-03-09,11,895.3100572,220.8,220.8
2020-03-09,110,1131.06644,298.8,298.8
2020-03-09,111,708.0411007,160.2,160.2
2020-03-09,115,1217.156591,382.2,382.2
2020-03-09,118,868.6813724,398.7,398.7
2020-03-09,119,665.2118538,256.2,256.2
2020-03-09,120,605.9048022,147.0,147.0
2020-03-09,122,589.8630837,247.5,247.5
2020-03-09,123,255.2259833,137.4,137.4
2020-03-09,125,989.6977861,237.9,237.9
2020-03-09,126,587.6462936,125.1,125.1
2020-03-09,127,485.7943655,355.5,355.5
2020-03-09,128,865.1907683,227.1,227.1
2020-03-09,131,719.392729,238.5,238.5
2020-03-09,133,910.1939719,344.7,344.7
2020-03-09,135,1303.843874,450.6,450.6
2020-03-09,136,649.3966598,345.9,345.9
2020-03-09,138,1488.2293,459.3,459.3
2020-03-09,139,821.4791388,337.8,337.8
2020-03-09,141,1499.671339,434.1,434.1
2020-03-09,142,520.8714148,330.6,330.6
2020-03-09,144,1355.281158,442.2,442.2
2020-03-09,145,707.1713667,308.4,308.4
2020-03-09,146,533.4834885,186.9,186.9
2020-03-09,149,495.1457406,190.2,190.2
2020-03-09,15,1328.67473,423.3,423.3
2020-03-09,151,1027.488875,291.0,291.0
2020-03-09,152,575.8528936,166.5,166.5
2020-03-09,155,547.2727731,157.2,157.2
2020-03-09,157,592.2977829,279.9,279.9
2020-03-09,159,1186.701077,399.6,399.6
2020-03-09,161,124.0854355,157.2,157.2
2020-03-09,163,845.5314618,273.9,273.9
2020-03-09,164,282.4883983,146.4,146.4
2020-03-09,166,776.5180202,258.6,258.6
2020-03-09,168,1520.095727,359.7,359.7
2020-03-09,169,606.8081746,258.0,258.0
2020-03-09,171,1014.339155,357.9,357.9
2020-03-09,172,381.9537015,224.4,224.4
2020-03-09,173,1203.558245,473.1,473.1
2020-03-09,174,815.6852907,353.1,353.1
2020-03-09,175,408.7094746,233.4,233.4
2020-03-09,177,1041.39677,340.2,340.2
2020-03-09,18,1377.402347,417.3,417.3
2020-03-09,180,916.0839911,334.8,334.8
2020-03-09,181,441.1424802,220.2,220.2
2020-03-09,183,997.3671783,321.3,321.3
2020-03-09,184,431.4698561,201.0,201.0
2020-03-09,188,900.8941925,423.0,423.0
2020-03-09,189,910.8081271,312.0,312.0
2020-03-09,19,1001.53148,300.3,300.3
2020-03-09,190,613.1124939,176.4,176.4
2020-03-09,192,777.8152017,303.3,303.3
2020-03-09,193,352.2492428,170.4,170.4
2020-03-09,195,878.826294,278.7,278.7
2020-03-09,196,925.4487706,183.9,183.9
2020-03-09,197,1142.817397,403.5,403.5
2020-03-09,198,748.8718479,269.1,269.1
2020-03-09,20,669.4627449,171.6,171.6
2020-03-09,22,565.6308347,293.1,293.1
2020-03-09,23,354.3570746,167.7,167.7
2020-03-09,25,989.8656641,273.9,273.9
2020-03-09,26,530.0612145,179.4,179.4
2020-03-09,27,1038.728718,407.4,407.4
2020-03-09,28,1005.332711,286.8,286.8
2020-03-09,3,716.3412545,480.0,480.0
2020-03-09,31,799.9557086,273.3,273.3
2020-03-09,33,278.6093057,369.3,369.3
2020-03-09,35,161.5094523,153.3,153.3
2020-03-09,36,314.4780102,373.8,373.8
2020-03-09,38,767.67085,127.5,127.5
2020-03-09,39,1205.673136,370.2,370.2
2020-03-09,41,447.6676513,116.4,116.4
2020-03-09,42,640.5485868,372.3,372.3
2020-03-09,44,1265.64764,459.3,459.3
2020-03-09,45,894.3449996,354.9,354.9
2020-03-09,46,435.921963,231.0,231.0
2020-03-09,49,307.3841376,220.2,220.2
2020-03-09,5,901.3664799,228.3,228.3
2020-03-09,51,1106.059093,327.6,327.6
2020-03-09,52,607.4584386,222.6,222.6
2020-03-09,55,622.4416522,217.2,217.2
2020-03-09,57,618.3821225,329.1,329.1
2020-03-09,59,1337.572949,428.1,428.1
2020-03-09,61,296.8043385,177.3,177.3
2020-03-09,63,743.1360602,289.5,289.5
2020-03-09,64,289.1867045,170.1,170.1
2020-03-09,66,832.8694785,291.9,291.9
2020-03-09,68,1507.106877,406.5,406.5
2020-03-09,69,932.5856686,292.8,292.8
2020-03-09,71,663.8468233,408.0,408.0
2020-03-09,72,437.1747318,266.7,266.7
2020-03-09,73,533.9198899,140.1,140.1
2020-03-09,74,658.9722814,380.7,380.7
2020-03-09,75,712.9061261,253.8,253.8
2020-03-09,77,641.3424509,369.6,369.6
2020-03-09,8,586.8410686,204.6,204.6
2020-03-09,80,434.9273895,375.9,375.9
2020-03-09,81,736.6002985,258.6,258.6
2020-03-09,83,646.9040413,365.7,365.7
2020-03-09,84,502.7215002,250.8,250.8
2020-03-09,88,1252.716116,468.0,468.0
2020-03-09,89,923.1544418,354.0,354.0
2020-03-09,90,530.6583841,222.6,222.6
2020-03-09,92,1001.232456,348.3,348.3
2020-03-09,93,505.7906063,211.5,211.5
2020-03-09,95,803.226415,321.9,321.9
2020-03-09,96,783.2730384,213.3,213.3
2020-03-09,97,833.0286144,456.0,456.0
2020-03-09,98,564.0608931,313.5,313.5
2020-03-10,10,1129.497105,239.4,239.4
2020-03-10,103,1002.876663,310.5,310.5
2020-03-10,105,693.7260932,138.6,138.6
2020-03-10,108,373.3450105,128.4,128.4
2020-03-10,11,855.5542661,161.7,161.7
2020-03-10,110,976.3726087,222.6,222.6
2020-03-10,111,680.799864,126.0,126.0
2020-03-10,115,562.0286877,281.1,281.1
2020-03-10,118,531.8258996,291.6,291.6
2020-03-10,119,443.1945683,195.0,195.0
2020-03-10,120,554.1584858,99.9,99.9
2020-03-10,122,526.4903974,182.4,182.4
2020-03-10,123,152.7193234,101.7,101.7
2020-03-10,125,913.4908432,171.6,171.6
2020-03-10,126,580.630282,99.3,99.3
2020-03-10,127,258.414207,263.7,263.7
2020-03-10,128,577.1012823,169.2,169.2
2020-03-10,131,600.1010262,160.5,160.5
2020-03-10,133,214.194868,249.0,249.0
2020-03-10,135,226.0195357,335.7,335.7
2020-03-10,136,481.4666495,241.2,241.2
2020-03-10,138,869.7295378,332.7,332.7
2020-03-10,139,695.6136476,235.8,235.8
2020-03-10,141,490.7456277,307.5,307.5
2020-03-10,142,208.16643,242.7,242.7
2020-03-10,144,1027.061582,305.4,305.4
2020-03-10,145,632.6814252,223.5,223.5
2020-03-10,146,373.61349,136.8,136.8
2020-03-10,149,390.3938485,129.0,129.0
2020-03-10,15,831.9400121,316.8,316.8
2020-03-10,151,922.6167267,213.9,213.9
2020-03-10,152,478.5392012,111.6,111.6
2020-03-10,155,396.2666994,106.2,106.2
2020-03-10,157,376.4374014,203.1,203.1
2020-03-10,159,935.5797667,274.5,274.5
2020-03-10,161,209.4844623,98.7,98.7
2020-03-10,163,643.5636993,195.3,195.3
2020-03-10,164,224.294626,107.1,107.1
2020-03-10,166,710.0376574,182.1,182.1
2020-03-10,168,1146.001641,267.0,267.0
2020-03-10,169,578.0201357,184.5,184.5
2020-03-10,171,761.3652083,252.6,252.6
2020-03-10,172,527.1286116,176.7,176.7
2020-03-10,173,931.2248783,351.6,351.6
2020-03-10,174,581.5453683,243.6,243.6
2020-03-10,175,485.8302481,171.3,171.3
2020-03-10,177,419.4189874,239.4,239.4
2020-03-10,18,481.5267885,304.2,304.2
2020-03-10,180,665.1866202,251.1,251.1
2020-03-10,181,485.9143226,144.3,144.3
2020-03-10,183,240.350984,222.3,222.3
2020-03-10,184,415.3446447,160.5,160.5
2020-03-10,188,853.9990706,323.7,323.7
2020-03-10,189,798.1486477,230.4,230.4
2020-03-10,19,725.7166673,219.9,219.9
2020-03-10,190,378.9748228,122.4,122.4
2020-03-10,192,703.0746671,214.2,214.2
2020-03-10,193,454.8558356,129.6,129.6
2020-03-10,195,672.401824,201.6,201.6
2020-03-10,196,504.3994342,123.3,123.3
2020-03-10,197,891.2616804,300.6,300.6
2020-03-10,198,646.5034525,198.9,198.9
2020-03-10,20,451.7031842,121.8,121.8
2020-03-10,22,349.9987747,212.1,212.1
2020-03-10,23,391.1235676,136.5,136.5
2020-03-10,25,880.5810048,201.0,201.0
2020-03-10,26,390.6767421,118.5,118.5
2020-03-10,27,454.6472211,292.5,292.5
2020-03-10,28,800.1587542,191.7,191.7
2020-03-10,3,753.1747387,347.4,347.4
2020-03-10,31,693.4235624,184.5,184.5
2020-03-10,33,165.4470909,285.0,285.0
2020-03-10,35,262.7907381,113.4,113.4
2020-03-10,36,363.8328483,284.4,284.4
2020-03-10,38,746.0255352,103.2,103.2
2020-03-10,39,484.6203637,257.7,257.7
2020-03-10,41,364.5724436,93.3,93.3
2020-03-10,42,188.0857135,264.0,264.0
2020-03-10,44,1088.988978,342.3,342.3
2020-03-10,45,682.7825811,255.0,255.0
2020-03-10,46,496.8573467,180.6,180.6
2020-03-10,49,347.184417,158.4,158.4
2020-03-10,5,815.8357121,159.6,159.6
2020-03-10,51,908.9122124,236.1,236.1
2020-03-10,52,531.2286914,157.2,157.2
2020-03-10,55,489.2126471,160.5,160.5
2020-03-10,57,637.1408692,217.2,217.2
2020-03-10,59,1068.052581,322.5,322.5
2020-03-10,61,107.2969058,149.1,149.1
2020-03-10,63,675.3521089,232.5,232.5
2020-03-10,64,281.4191388,128.7,128.7
2020-03-10,66,734.3475995,224.1,224.1
2020-03-10,68,1469.484209,300.3,300.3
2020-03-10,69,681.1050827,204.6,204.6
2020-03-10,71,952.0746233,286.5,286.5
2020-03-10,72,371.7029767,192.6,192.6
2020-03-10,73,431.7646047,102.6,102.6
2020-03-10,74,721.3681908,283.8,283.8
2020-03-10,75,482.3910661,189.9,189.9
2020-03-10,77,548.4162938,276.6,276.6
2020-03-10,8,445.0357498,165.6,165.6
2020-03-10,80,829.1079703,261.3,261.3
2020-03-10,81,533.0312598,170.7,170.7
2020-03-10,83,335.7774192,262.5,262.5
2020-03-10,84,556.6879118,161.4,161.4
2020-03-10,88,1137.012325,344.4,344.4
2020-03-10,89,906.4528576,265.8,265.8
2020-03-10,90,410.5106011,151.8,151.8
2020-03-10,92,699.2798661,251.1,251.1
2020-03-10,93,435.1191601,159.0,159.0
2020-03-10,95,315.368376,253.2,253.2
2020-03-10,96,660.0840959,155.4,155.4
2020-03-10,97,903.7850851,313.5,313.5
2020-03-10,98,615.3107679,243.0,243.0
2020-03-11,10,846.9952861,103.8,103.8
2020-03-11,103,473.3708546,108.9,108.9
2020-03-11,105,360.1096934,45.3,45.3
2020-03-11,108,330.951926,65.1,65.1
2020-03-11,11,696.5609578,71.1,71.1
2020-03-11,110,761.5831779,71.4,71.4
2020-03-11,111,544.0021722,44.7,44.7
2020-03-11,115,410.4374844,98.7,98.7
2020-03-11,118,356.5595865,113.7,113.7
2020-03-11,119,289.6725688,63.9,63.9
2020-03-11,120,198.4391725,42.6,42.6
2020-03-11,122,271.3558178,67.8,67.8
2020-03-11,123,144.1651939,47.4,47.4
2020-03-11,125,720.5564471,81.3,81.3
2020-03-11,126,326.5171154,30.9,30.9
2020-03-11,127,167.5498919,97.5,97.5
2020-03-11,128,396.4446302,67.5,67.5
2020-03-11,131,625.3638589,58.8,58.8
2020-03-11,133,298.6697613,87.6,87.6
2020-03-11,135,227.5536624,119.1,119.1
2020-03-11,136,288.1889279,87.6,87.6
2020-03-11,138,494.9413452,137.1,137.1
2020-03-11,139,214.0771334,103.2,103.2
2020-03-11,141,453.5954396,135.9,135.9
2020-03-11,142,246.8397485,92.7,92.7
2020-03-11,144,783.4795125,138.0,138.0
2020-03-11,145,344.345258,75.0,75.0
2020-03-11,146,241.6935164,42.6,42.6
2020-03-11,149,205.5945247,49.5,49.5
2020-03-11,15,446.6103377,114.0,114.0
2020-03-11,151,811.871265,99.3,99.3
2020-03-11,152,214.5546214,44.1,44.1
2020-03-11,155,209.8210325,34.5,34.5
2020-03-11,157,244.2895182,69.6,69.6
2020-03-11,159,810.5103084,104.4,104.4
2020-03-11,161,100.4532543,34.2,34.2
2020-03-11,163,466.5295686,76.2,76.2
2020-03-11,164,120.5200933,49.2,49.2
2020-03-11,166,381.1947888,65.7,65.7
2020-03-11,168,949.1687344,102.6,102.6
2020-03-11,169,389.52823,76.5,76.5
2020-03-11,171,354.3152134,90.3,90.3
2020-03-11,172,252.1939338,77.7,77.7
2020-03-11,173,559.5419588,136.5,136.5
2020-03-11,174,308.5236028,113.7,113.7
2020-03-11,175,270.7609713,66.0,66.0
2020-03-11,177,331.2900977,110.4,110.4
2020-03-11,18,367.7983034,125.7,125.7
2020-03-11,180,348.2138595,106.8,106.8
2020-03-11,181,305.7875931,64.5,64.5
2020-03-11,183,304.523059,81.9,81.9
2020-03-11,184,262.4417493,52.8,52.8
2020-03-11,188,727.8018479,131.4,131.4
2020-03-11,189,921.7966042,78.6,78.6
2020-03-11,19,291.3965464,82.8,82.8
2020-03-11,190,241.1320432,61.5,61.5
2020-03-11,192,402.9063699,87.3,87.3
2020-03-11,193,247.9001977,65.1,65.1
2020-03-11,195,268.1061677,97.2,97.2
2020-03-11,196,525.4163654,44.1,44.1
2020-03-11,197,339.8442317,130.2,130.2
2020-03-11,198,322.0311674,72.6,72.6
2020-03-11,20,436.0739738,57.9,57.9
2020-03-11,22,278.2337429,92.1,92.1
2020-03-11,23,122.0531111,54.3,54.3
2020-03-11,25,251.8217383,86.1,86.1
2020-03-11,26,290.7458896,43.8,43.8
2020-03-11,27,302.3591195,105.0,105.0
2020-03-11,28,587.1695742,69.6,69.6
2020-03-11,3,476.470745,148.5,148.5
2020-03-11,31,540.6462311,79.5,79.5
2020-03-11,33,341.9457886,95.7,95.7
2020-03-11,35,119.168707,49.8,49.8
2020-03-11,36,314.3728043,99.6,99.6
2020-03-11,38,686.5722617,52.2,52.2
2020-03-11,39,218.3899821,104.7,104.7
2020-03-11,41,229.9688712,39.0,39.0
2020-03-11,42,349.7598458,96.9,96.9
2020-03-11,44,522.3378091,149.4,149.4
2020-03-11,45,525.591409,93.9,93.9
2020-03-11,46,309.1433398,63.6,63.6
2020-03-11,49,196.0972314,61.8,61.8
2020-03-11,5,950.3451989,54.0,54.0
2020-03-11,51,607.8898522,84.0,84.0
2020-03-11,52,316.2557055,65.4,65.4
2020-03-11,55,414.7901018,67.5,67.5
2020-03-11,57,352.9037721,83.1,83.1
2020-03-11,59,502.4407521,132.3,132.3
2020-03-11,61,158.2418591,40.8,40.8
2020-03-11,63,525.6682796,72.0,72.0
2020-03-11,64,144.0665189,40.8,40.8
2020-03-11,66,704.0988886,91.8,91.8
2020-03-11,68,1057.331024,113.7,113.7
2020-03-11,69,518.1639784,71.7,71.7
2020-03-11,71,362.5015723,110.1,110.1
2020-03-11,72,269.2744138,65.1,65.1
2020-03-11,73,361.5553379,55.2,55.2
2020-03-11,74,361.8703095,97.8,97.8
2020-03-11,75,334.8052068,87.6,87.6
2020-03-11,77,408.4315529,110.7,110.7
2020-03-11,8,365.8667353,54.3,54.3
2020-03-11,80,349.6851248,106.5,106.5
2020-03-11,81,212.5161376,75.9,75.9
2020-03-11,83,225.6456562,94.8,94.8
2020-03-11,84,338.59679,61.5,61.5
2020-03-11,88,547.0480912,137.1,137.1
2020-03-11,89,493.6035124,100.5,100.5
2020-03-11,90,323.7199135,66.0,66.0
2020-03-11,92,458.010788,92.4,92.4
2020-03-11,93,278.5916571,70.5,70.5
2020-03-11,95,288.4846773,102.3,102.3
2020-03-11,96,383.1965123,56.4,56.4
2020-03-11,97,457.9458026,115.8,115.8
2020-03-11,98,403.9637086,87.0,87.0
2020-03-12,10,44.09948421,0.0,0.0
2020-03-12,103,497.4798489,0.0,0.0
2020-03-12,105,339.6182681,17.1,17.1
2020-03-12,108,245.1966493,16.5,16.5
2020-03-12,11,184.8170897,1.5,1.5
2020-03-12,110,92.94359478,3.9,3.9
2020-03-12,111,594.2672496,11.1,11.1
2020-03-12,115,70.96395005,0.0,0.0
2020-03-12,118,232.7363312,19.5,19.5
2020-03-12,119,122.5587052,0.0,0.0
2020-03-12,120,240.76009,3.9,3.9
2020-03-12,122,52.71527274,15.0,15.0
2020-03-12,123,30.16561862,0.0,0.0
2020-03-12,125,924.0249938,0.0,0.0
2020-03-12,126,149.9243182,3.3,3.3
2020-03-12,127,68.82263057,4.5,4.5
2020-03-12,128,561.7141327,0.3,0.3
2020-03-12,131,260.3747492,0.0,0.0
2020-03-12,133,90.78573768,11.1,11.1
2020-03-12,135,112.0926084,1.5,1.5
2020-03-12,136,111.9894629,3.9,3.9
2020-03-12,138,697.2976198,17.1,17.1
2020-03-12,139,45.35630785,0.0,0.0
2020-03-12,141,329.1600578,0.0,0.0
2020-03-12,142,79.27128104,0.0,0.0
2020-03-12,144,281.9025302,14.7,14.7
2020-03-12,145,280.8970555,8.4,8.4
2020-03-12,146,148.0256579,0.0,0.0
2020-03-12,149,54.148451,0.0,0.0
2020-03-12,15,161.4424724,2.1,2.1
2020-03-12,151,176.3633064,13.2,13.2
2020-03-12,152,329.152705,2.7,2.7
2020-03-12,155,336.8453937,0.0,0.0
2020-03-12,157,357.3477059,6.0,6.0
2020-03-12,159,960.1567619,6.6,6.6
2020-03-12,161,77.00188588,16.5,16.5
2020-03-12,163,99.27077393,14.1,14.1
2020-03-12,164,89.67855949,0.0,0.0
2020-03-12,166,693.9905415,9.0,9.0
2020-03-12,168,209.3006185,12.9,12.9
2020-03-12,169,253.9665059,11.7,11.7
2020-03-12,171,63.94889457,11.1,11.1
2020-03-12,172,264.2886097,0.0,0.0
2020-03-12,173,118.143883,17.4,17.4
2020-03-12,174,31.15129624,0.0,0.0
2020-03-12,175,21.34509124,2.7,2.7
2020-03-12,177,185.5279135,13.8,13.8
2020-03-12,18,118.751092,6.9,6.9
2020-03-12,180,249.2590532,11.7,11.7
2020-03-12,181,36.21557063,10.8,10.8
2020-03-12,183,59.83513033,0.0,0.0
2020-03-12,184,384.7353597,13.2,13.2
2020-03-12,188,638.6338786,0.0,0.0
2020-03-12,189,685.4630455,5.4,5.4
2020-03-12,19,80.94390135,7.8,7.8
2020-03-12,190,102.2313744,6.9,6.9
2020-03-12,192,340.8666043,10.2,10.2
2020-03-12,193,328.3346484,0.0,0.0
2020-03-12,195,184.2910448,3.0,3.0
2020-03-12,196,195.4738404,1.5,1.5
2020-03-12,197,87.29946914,0.0,0.0
2020-03-12,198,385.5213846,0.0,0.0
2020-03-12,20,252.0111455,0.0,0.0
2020-03-12,22,199.7784935,0.0,0.0
2020-03-12,23,68.97315464,8.4,8.4
2020-03-12,25,805.1284188,16.2,16.2
2020-03-12,26,387.7481235,0.0,0.0
2020-03-12,27,102.6440851,0.0,0.0
2020-03-12,28,437.6261782,11.1,11.1
2020-03-12,3,137.1192842,0.0,0.0
2020-03-12,31,684.6325449,0.0,0.0
2020-03-12,33,112.1442235,15.3,15.3
2020-03-12,35,112.2461357,2.4,2.4
2020-03-12,36,282.6322975,0.0,0.0
2020-03-12,38,200.2001762,0.0,0.0
2020-03-12,39,56.54659059,18.9,18.9
2020-03-12,41,455.6753594,0.0,0.0
2020-03-12,42,21.99055677,2.7,2.7
2020-03-12,44,242.0407025,0.0,0.0
2020-03-12,45,359.0227966,11.1,11.1
2020-03-12,46,281.0286187,0.0,0.0
2020-03-12,49,112.752891,11.4,11.4
2020-03-12,5,845.8527632,14.1,14.1
2020-03-12,51,16.40591719,2.4,2.4
2020-03-12,52,219.960809,12.3,12.3
2020-03-12,55,407.1566303,13.8,13.8
2020-03-12,57,87.694206,2.4,2.4
2020-03-12,59,589.9029991,1.2,1.2
2020-03-12,61,12.19505122,16.8,16.8
2020-03-12,63,434.00788,17.1,17.1
2020-03-12,64,99.98284191,12.0,12.0
2020-03-12,66,720.7599469,14.1,14.1
2020-03-12,68,1209.618564,12.6,12.6
2020-03-12,69,100.6089794,16.8,16.8
2020-03-12,71,234.320029,8.4,8.4
2020-03-12,72,219.2594989,0.0,0.0
2020-03-12,73,450.5339309,0.0,0.0
2020-03-12,74,175.1696493,0.0,0.0
2020-03-12,75,44.2972777,0.0,0.0
2020-03-12,77,275.6428897,5.1,5.1
2020-03-12,8,303.9566547,8.7,8.7
2020-03-12,80,200.4414204,0.0,0.0
2020-03-12,81,128.3989028,6.3,6.3
2020-03-12,83,84.39143818,6.6,6.6
2020-03-12,84,131.8620475,7.2,7.2
2020-03-12,88,174.591064,11.4,11.4
2020-03-12,89,643.6275223,3.0,3.0
2020-03-12,90,154.4459636,0.0,0.0
2020-03-12,92,231.8566316,0.0,0.0
2020-03-12,93,285.9644524,10.5,10.5
2020-03-12,95,260.7897331,3.0,3.0
2020-03-12,96,542.8487308,17.1,17.1
2020-03-12,97,335.0832041,0.0,0.0
2020-03-12,98,339.6716694,0.0,0.0
2020-03-13,10,715.9405016,47.1,47.1
2020-03-13,103,416.6210554,41.1,41.1
2020-03-13,105,287.2147466,34.8,34.8
2020-03-13,108,206.2168904,33.3,33.3
2020-03-13,11,100.1673824,31.5,31.5
2020-03-13,110,873.5512784,25.8,25.8
2020-03-13,111,658.6570831,24.0,24.0
2020-03-13,115,150.5129318,36.3,36.3
2020-03-13,118,275.3327036,44.4,44.4
2020-03-13,119,289.4774595,36.9,36.9
2020-03-13,120,277.349536,26.1,26.1
2020-03-13,122,99.17795175,14.7,14.7
2020-03-13,123,102.2750863,7.5,7.5
2020-03-13,125,662.0002633,22.2,22.2
2020-03-13,126,570.7611181,11.7,11.7
2020-03-13,127,140.6532841,51.6,51.6
2020-03-13,128,398.6150903,41.4,41.4
2020-03-13,131,573.9499284,25.8,25.8
2020-03-13,133,131.583478,43.8,43.8
2020-03-13,135,130.9016043,41.7,41.7
2020-03-13,136,118.3316851,30.3,30.3
2020-03-13,138,578.5542915,60.3,60.3
2020-03-13,139,96.27784115,29.1,29.1
2020-03-13,141,283.3513305,44.1,44.1
2020-03-13,142,103.7420207,35.4,35.4
2020-03-13,144,600.7199153,44.7,44.7
2020-03-13,145,281.0851743,34.5,34.5
2020-03-13,146,115.1554426,6.3,6.3
2020-03-13,149,55.90122093,10.2,10.2
2020-03-13,15,295.3837468,51.6,51.6
2020-03-13,151,247.5405035,26.4,26.4
2020-03-13,152,466.6120769,20.7,20.7
2020-03-13,155,283.8313187,25.2,25.2
2020-03-13,157,223.4174011,42.0,42.0
2020-03-13,159,174.5711832,43.5,43.5
2020-03-13,161,73.71135524,23.4,23.4
2020-03-13,163,266.1904466,32.4,32.4
2020-03-13,164,105.9251638,19.8,19.8
2020-03-13,166,217.2275035,20.7,20.7
2020-03-13,168,1183.452436,50.1,50.1
2020-03-13,169,590.4720527,34.2,34.2
2020-03-13,171,296.3529289,43.2,43.2
2020-03-13,172,141.6200799,29.1,29.1
2020-03-13,173,356.690969,63.0,63.0
2020-03-13,174,255.3677897,26.1,26.1
2020-03-13,175,206.8247684,16.8,16.8
2020-03-13,177,253.8137618,42.6,42.6
2020-03-13,18,270.8232866,53.4,53.4
2020-03-13,180,276.1454594,43.8,43.8
2020-03-13,181,158.1342799,24.9,24.9
2020-03-13,183,124.2730132,34.5,34.5
2020-03-13,184,383.0900552,28.2,28.2
2020-03-13,188,236.5574069,52.5,52.5
2020-03-13,189,324.7811093,42.9,42.9
2020-03-13,19,152.2986949,34.5,34.5
2020-03-13,190,298.6258848,21.6,21.6
2020-03-13,192,504.2935022,39.0,39.0
2020-03-13,193,83.78489673,16.8,16.8
2020-03-13,195,241.684671,22.8,22.8
2020-03-13,196,407.3040732,25.2,25.2
2020-03-13,197,124.3263853,45.6,45.6
2020-03-13,198,388.3347801,29.1,29.1
2020-03-13,20,212.335893,29.7,29.7
2020-03-13,22,117.6893407,38.1,38.1
2020-03-13,23,75.1654863,22.8,22.8
2020-03-13,25,849.0017363,40.2,40.2
2020-03-13,26,488.6139855,24.9,24.9
2020-03-13,27,146.3889234,45.9,45.9
2020-03-13,28,488.2049355,36.9,36.9
2020-03-13,3,269.36401,47.1,47.1
2020-03-13,31,656.0073386,28.8,28.8
2020-03-13,33,138.1832567,34.5,34.5
2020-03-13,35,128.6930942,26.4,26.4
2020-03-13,36,244.0129066,35.7,35.7
2020-03-13,38,460.2915325,0.0,0.0
2020-03-13,39,121.8107421,39.6,39.6
2020-03-13,41,100.8257587,2.7,2.7
2020-03-13,42,84.32277774,29.7,29.7
2020-03-13,44,915.8383784,63.6,63.6
2020-03-13,45,420.9957988,39.0,39.0
2020-03-13,46,72.39540338,37.2,37.2
2020-03-13,49,153.6441293,27.3,27.3
2020-03-13,5,1039.39718,10.8,10.8
2020-03-13,51,202.1026824,34.2,34.2
2020-03-13,52,155.6036431,13.5,13.5
2020-03-13,55,121.6223556,21.3,21.3
2020-03-13,57,333.3907751,27.0,27.0
2020-03-13,59,484.9271693,34.8,34.8
2020-03-13,61,64.13837448,25.2,25.2
2020-03-13,63,539.7434849,40.8,40.8
2020-03-13,64,103.20891,11.1,11.1
2020-03-13,66,126.9344909,37.2,37.2
2020-03-13,68,1695.602404,55.2,55.2
2020-03-13,69,299.7641466,42.9,42.9
2020-03-13,71,210.3204672,57.0,57.0
2020-03-13,72,267.6435676,16.5,16.5
2020-03-13,73,556.7425252,28.5,28.5
2020-03-13,74,280.5676038,54.6,54.6
2020-03-13,75,356.0571228,18.9,18.9
2020-03-13,77,284.0283116,31.8,31.8
2020-03-13,8,261.5853096,27.3,27.3
2020-03-13,80,228.520741,29.1,29.1
2020-03-13,81,132.8684522,16.2,16.2
2020-03-13,83,109.7679641,30.6,30.6
2020-03-13,84,354.9989059,28.5,28.5
2020-03-13,88,486.913164,64.5,64.5
2020-03-13,89,408.4007364,42.3,42.3
2020-03-13,90,103.6154158,17.7,17.7
2020-03-13,92,218.8011403,40.5,40.5
2020-03-13,93,328.2335771,13.8,13.8
2020-03-13,95,191.219794,47.1,47.1
2020-03-13,96,688.6625711,14.7,14.7
2020-03-13,97,284.5112376,37.8,37.8
2020-03-13,98,429.0992031,30.0,30.0
2020-03-14,10,959.9314001,174.0,174.0
2020-03-14,103,604.0358917,211.2,211.2
2020-03-14,105,675.1266455,83.7,83.7
2020-03-14,108,277.5280045,101.7,101.7
2020-03-14,11,907.6212617,111.0,111.0
2020-03-14,110,783.0839509,155.7,155.7
2020-03-14,111,474.2442171,70.5,70.5
2020-03-14,115,591.6547745,212.1,212.1
2020-03-14,118,402.6315148,200.4,200.4
2020-03-14,119,339.9547273,133.8,133.8
2020-03-14,120,462.2346405,81.6,81.6
2020-03-14,122,313.3586347,140.1,140.1
2020-03-14,123,209.0457993,76.5,76.5
2020-03-14,125,604.86778,117.9,117.9
2020-03-14,126,473.7760299,76.5,76.5
2020-03-14,127,208.6382797,190.2,190.2
2020-03-14,128,529.8100286,124.2,124.2
2020-03-14,131,460.5956416,124.2,124.2
2020-03-14,133,377.8844844,165.9,165.9
2020-03-14,135,335.9635609,229.8,229.8
2020-03-14,136,447.0903156,158.4,158.4
2020-03-14,138,800.5345187,233.7,233.7
2020-03-14,139,344.2415871,167.1,167.1
2020-03-14,141,686.138129,225.3,225.3
2020-03-14,142,456.5055386,166.8,166.8
2020-03-14,144,927.3202281,222.9,222.9
2020-03-14,145,527.0151544,151.5,151.5
2020-03-14,146,316.2317538,101.7,101.7
2020-03-14,149,292.1306985,87.0,87.0
2020-03-14,15,597.2112561,207.9,207.9
2020-03-14,151,968.187894,137.7,137.7
2020-03-14,152,386.0148625,88.8,88.8
2020-03-14,155,492.0451232,72.6,72.6
2020-03-14,157,383.1071856,148.2,148.2
2020-03-14,159,952.1677738,201.6,201.6
2020-03-14,161,92.79023269,75.9,75.9
2020-03-14,163,566.0107805,147.0,147.0
2020-03-14,164,158.4221369,85.5,85.5
2020-03-14,166,470.6039368,130.5,130.5
2020-03-14,168,1478.544774,179.1,179.1
2020-03-14,169,479.8071851,136.8,136.8
2020-03-14,171,422.5460009,184.5,184.5
2020-03-14,172,360.3783851,105.9,105.9
2020-03-14,173,648.8828228,236.4,236.4
2020-03-14,174,539.504976,179.4,179.4
2020-03-14,175,358.2773371,100.5,100.5
2020-03-14,177,529.1698963,165.0,165.0
2020-03-14,18,607.4109589,206.1,206.1
2020-03-14,180,482.5080856,161.4,161.4
2020-03-14,181,359.429265,103.2,103.2
2020-03-14,183,477.9023261,154.5,154.5
2020-03-14,184,358.7073626,93.0,93.0
2020-03-14,188,724.6956408,223.2,223.2
2020-03-14,189,846.0078535,142.2,142.2
2020-03-14,19,365.4759677,159.3,159.3
2020-03-14,190,360.6781346,101.4,101.4
2020-03-14,192,536.3703987,143.4,143.4
2020-03-14,193,311.9258219,102.6,102.6
2020-03-14,195,339.0372994,143.1,143.1
2020-03-14,196,603.331627,91.8,91.8
2020-03-14,197,552.180888,203.1,203.1
2020-03-14,198,523.7733757,157.2,157.2
2020-03-14,20,537.6273506,101.7,101.7
2020-03-14,22,371.2070808,136.2,136.2
2020-03-14,23,259.0857144,86.7,86.7
2020-03-14,25,569.0004116,158.1,158.1
2020-03-14,26,441.97801,87.6,87.6
2020-03-14,27,242.4326664,201.9,201.9
2020-03-14,28,601.3795677,130.2,130.2
2020-03-14,3,516.5510022,227.7,227.7
2020-03-14,31,541.0055617,134.4,134.4
2020-03-14,33,249.9594163,194.1,194.1
2020-03-14,35,146.1615509,86.1,86.1
2020-03-14,36,592.035945,177.9,177.9
2020-03-14,38,299.9251459,78.3,78.3
2020-03-14,39,262.6906106,170.7,170.7
2020-03-14,41,218.2257135,52.2,52.2
2020-03-14,42,556.3869175,181.2,181.2
2020-03-14,44,894.0231879,249.9,249.9
2020-03-14,45,606.540652,169.8,169.8
2020-03-14,46,327.3356575,109.5,109.5
2020-03-14,49,317.2200615,116.1,116.1
2020-03-14,5,1034.774593,123.9,123.9
2020-03-14,51,805.2680795,155.4,155.4
2020-03-14,52,529.3812096,120.3,120.3
2020-03-14,55,371.7233263,100.8,100.8
2020-03-14,57,409.9694563,159.6,159.6
2020-03-14,59,1051.11783,220.5,220.5
2020-03-14,61,277.3028367,106.8,106.8
2020-03-14,63,617.3155871,155.1,155.1
2020-03-14,64,138.8198213,77.7,77.7
2020-03-14,66,667.5419729,157.5,157.5
2020-03-14,68,960.1142533,192.9,192.9
2020-03-14,69,554.7791727,143.1,143.1
2020-03-14,71,556.895991,212.7,212.7
2020-03-14,72,383.7549316,143.4,143.4
2020-03-14,73,397.1229587,68.7,68.7
2020-03-14,74,373.9395189,204.9,204.9
2020-03-14,75,438.3910569,138.9,138.9
2020-03-14,77,566.8621129,193.8,193.8
2020-03-14,8,382.2413571,122.7,122.7
2020-03-14,80,481.7976196,186.6,186.6
2020-03-14,81,357.4652797,128.4,128.4
2020-03-14,83,434.5525568,198.3,198.3
2020-03-14,84,393.9414173,113.7,113.7
2020-03-14,88,749.7229166,228.3,228.3
2020-03-14,89,815.5141972,173.7,173.7
2020-03-14,90,336.2440742,117.9,117.9
2020-03-14,92,637.7114841,173.4,173.4
2020-03-14,93,337.0042377,123.9,123.9
2020-03-14,95,378.0315054,177.0,177.0
2020-03-14,96,637.1540422,95.7,95.7
2020-03-14,97,381.5740578,224.4,224.4
2020-03-14,98,531.9190397,165.3,165.3
2020-03-15,10,1058.814044,296.4,296.4
2020-03-15,103,1245.180735,390.0,390.0
2020-03-15,105,694.6062498,166.5,166.5
2020-03-15,108,385.4609888,152.7,152.7
2020-03-15,11,705.2259802,189.3,189.3
2020-03-15,110,915.4090388,268.8,268.8
2020-03-15,111,732.0084664,150.9,150.9
2020-03-15,115,856.353752,364.8,364.8
2020-03-15,118,646.6573936,338.7,338.7
2020-03-15,119,373.2774131,251.1,251.1
2020-03-15,120,574.4412281,143.7,143.7
2020-03-15,122,489.194186,221.1,221.1
2020-03-15,123,348.0511141,120.3,120.3
2020-03-15,125,887.0900033,213.3,213.3
2020-03-15,126,552.4111446,127.2,127.2
2020-03-15,127,423.1712889,338.1,338.1
2020-03-15,128,680.0210116,215.4,215.4
2020-03-15,131,704.3448008,197.7,197.7
2020-03-15,133,881.7534232,318.9,318.9
2020-03-15,135,1325.625282,404.7,404.7
2020-03-15,136,305.6209408,306.6,306.6
2020-03-15,138,1013.113639,411.9,411.9
2020-03-15,139,490.7769193,284.4,284.4
2020-03-15,141,840.5056945,408.0,408.0
2020-03-15,142,798.4199832,300.0,300.0
2020-03-15,144,1261.106036,391.8,391.8
2020-03-15,145,920.1654775,268.8,268.8
2020-03-15,146,433.6801853,174.3,174.3
2020-03-15,149,439.456785,149.4,149.4
2020-03-15,15,948.3195358,403.2,403.2
2020-03-15,151,1024.72159,259.5,259.5
2020-03-15,152,518.9628577,162.3,162.3
2020-03-15,155,501.2111819,150.0,150.0
2020-03-15,157,743.0267959,252.0,252.0
2020-03-15,159,1099.232169,360.3,360.3
2020-03-15,161,414.5829398,141.3,141.3
2020-03-15,163,669.8847578,248.4,248.4
2020-03-15,164,349.0954867,117.6,117.6
2020-03-15,166,774.4311274,217.2,217.2
2020-03-15,168,1124.953281,343.8,343.8
2020-03-15,169,624.8061007,213.9,213.9
2020-03-15,171,424.6128514,328.2,328.2
2020-03-15,172,438.5952097,216.0,216.0
2020-03-15,173,997.9840735,417.3,417.3
2020-03-15,174,649.7384967,302.4,302.4
2020-03-15,175,553.9155421,199.2,199.2
2020-03-15,177,608.1734535,308.1,308.1
2020-03-15,18,1090.559263,396.9,396.9
2020-03-15,180,352.1411788,287.4,287.4
2020-03-15,181,587.0867055,194.7,194.7
2020-03-15,183,471.0860012,298.2,298.2
2020-03-15,184,483.8773573,178.8,178.8
2020-03-15,188,1190.18895,401.4,401.4
2020-03-15,189,928.4002341,277.2,277.2
2020-03-15,19,812.9591621,281.4,281.4
2020-03-15,190,364.9365942,165.6,165.6
2020-03-15,192,644.8048172,258.9,258.9
2020-03-15,193,505.5584396,150.9,150.9
2020-03-15,195,348.3465341,263.4,263.4
2020-03-15,196,567.3195287,159.6,159.6
2020-03-15,197,638.6839217,363.6,363.6
2020-03-15,198,751.4708854,262.2,262.2
2020-03-15,20,680.2716388,178.5,178.5
2020-03-15,22,296.6209168,267.9,267.9
2020-03-15,23,480.4761273,147.9,147.9
2020-03-15,25,979.2808084,264.9,264.9
2020-03-15,26,554.5907531,159.0,159.0
2020-03-15,27,476.5312309,351.6,351.6
2020-03-15,28,837.2708173,253.2,253.2
2020-03-15,3,739.2528363,419.4,419.4
2020-03-15,31,750.9549903,244.2,244.2
2020-03-15,33,673.6038366,352.2,352.2
2020-03-15,35,435.6926789,123.3,123.3
2020-03-15,36,318.0944787,343.5,343.5
2020-03-15,38,670.4077586,117.3,117.3
2020-03-15,39,873.5749102,340.8,340.8
2020-03-15,41,437.7996356,122.4,122.4
2020-03-15,42,81.715516,310.5,310.5
2020-03-15,44,1167.833971,419.4,419.4
2020-03-15,45,864.129773,329.1,329.1
2020-03-15,46,381.3665903,220.8,220.8
2020-03-15,49,406.8108309,206.7,206.7
2020-03-15,5,942.1377583,211.5,211.5
2020-03-15,51,1040.888394,302.4,302.4
2020-03-15,52,585.4671622,202.5,202.5
2020-03-15,55,631.3795448,196.2,196.2
2020-03-15,57,747.4512191,297.3,297.3
2020-03-15,59,1159.040925,401.1,401.1
2020-03-15,61,140.3395857,165.3,165.3
2020-03-15,63,894.7441309,256.8,256.8
2020-03-15,64,123.3311937,155.7,155.7
2020-03-15,66,817.5845825,276.3,276.3
2020-03-15,68,1283.415716,359.1,359.1
2020-03-15,69,682.1705494,270.6,270.6
2020-03-15,71,922.9585469,348.6,348.6
2020-03-15,72,312.8923081,240.0,240.0
2020-03-15,73,488.0892342,136.8,136.8
2020-03-15,74,460.9155274,341.1,341.1
2020-03-15,75,818.3890326,234.9,234.9
2020-03-15,77,655.3169416,334.8,334.8
2020-03-15,8,380.0074978,191.1,191.1
2020-03-15,80,662.5787866,320.7,320.7
2020-03-15,81,369.5266198,224.4,224.4
2020-03-15,83,1099.299934,320.7,320.7
2020-03-15,84,597.7066132,205.2,205.2
2020-03-15,88,977.1127043,423.3,423.3
2020-03-15,89,993.9909144,322.2,322.2
2020-03-15,90,408.3539457,204.6,204.6
2020-03-15,92,705.0586984,291.3,291.3
2020-03-15,93,461.6448847,182.7,182.7
2020-03-15,95,784.6148099,309.0,309.0
2020-03-15,96,922.8114075,179.7,179.7
2020-03-15,97,955.9895466,400.5,400.5
2020-03-15,98,870.8352205,292.8,292.8
2020-03-16,10,1110.742678,316.5,316.5
2020-03-16,103,790.4425692,430.8,430.8
2020-03-16,105,935.2255224,172.8,172.8
2020-03-16,108,565.6976966,169.2,169.2
2020-03-16,11,754.3885427,215.1,215.1
2020-03-16,110,1247.765569,283.5,283.5
2020-03-16,111,817.5166868,166.8,166.8
2020-03-16,115,905.4715504,386.1,386.1
2020-03-16,118,1287.561818,389.7,389.7
2020-03-16,119,741.8980401,277.8,277.8
2020-03-16,120,636.6188613,147.9,147.9
2020-03-16,122,353.0841254,254.1,254.1
2020-03-16,123,332.1843195,137.4,137.4
2020-03-16,125,966.9757571,239.4,239.4
2020-03-16,126,428.2902466,139.8,139.8
2020-03-16,127,655.573449,375.6,375.6
2020-03-16,128,819.5762987,250.5,250.5
2020-03-16,131,699.4027838,242.7,242.7
2020-03-16,133,537.0591979,345.9,345.9
2020-03-16,135,1448.577266,443.4,443.4
2020-03-16,136,678.8251901,340.8,340.8
2020-03-16,138,1054.675378,453.9,453.9
2020-03-16,139,872.2153384,324.9,324.9
2020-03-16,141,1417.250944,438.3,438.3
2020-03-16,142,568.533113,315.0,315.0
2020-03-16,144,1410.195067,420.6,420.6
2020-03-16,145,835.5479171,313.8,313.8
2020-03-16,146,499.7493746,187.8,187.8
2020-03-16,149,294.3825437,189.0,189.0
2020-03-16,15,949.2728953,428.7,428.7
2020-03-16,151,997.7639677,306.9,306.9
2020-03-16,152,552.8215135,168.0,168.0
2020-03-16,155,509.0136242,150.9,150.9
2020-03-16,157,640.2555299,283.2,283.2
2020-03-16,159,1246.391402,398.7,398.7
2020-03-16,161,194.4473066,138.0,138.0
2020-03-16,163,784.5401976,249.9,249.9
2020-03-16,164,176.3638085,154.8,154.8
2020-03-16,166,808.2285168,267.9,267.9
2020-03-16,168,1579.645198,380.7,380.7
2020-03-16,169,779.2815947,231.6,231.6
2020-03-16,171,640.833911,353.1,353.1
2020-03-16,172,671.3737696,235.5,235.5
2020-03-16,173,1050.927607,468.6,468.6
2020-03-16,174,702.910108,363.0,363.0
2020-03-16,175,581.5820676,236.1,236.1
2020-03-16,177,433.326535,345.9,345.9
2020-03-16,18,981.4452996,416.1,416.1
2020-03-16,180,586.9619254,329.4,329.4
2020-03-16,181,420.3238217,196.8,196.8
2020-03-16,183,834.6693138,323.4,323.4
2020-03-16,184,557.7908689,198.3,198.3
2020-03-16,188,1174.094627,439.5,439.5
2020-03-16,189,931.1602607,312.6,312.6
2020-03-16,19,1004.516138,307.8,307.8
2020-03-16,190,399.2951032,195.9,195.9
2020-03-16,192,982.5995479,298.2,298.2
2020-03-16,193,520.9450315,177.0,177.0
2020-03-16,195,542.9479671,285.9,285.9
2020-03-16,196,991.5488546,174.9,174.9
2020-03-16,197,1071.468121,410.7,410.7
2020-03-16,198,864.7676612,282.6,282.6
2020-03-16,20,625.5126233,193.8,193.8
2020-03-16,22,755.6289708,306.3,306.3
2020-03-16,23,420.256095,185.4,185.4
2020-03-16,25,976.8526313,293.7,293.7
2020-03-16,26,581.7183258,152.4,152.4
2020-03-16,27,466.2777083,403.5,403.5
2020-03-16,28,1025.735651,268.5,268.5
2020-03-16,3,542.2900583,472.8,472.8
2020-03-16,31,715.0144361,282.9,282.9
2020-03-16,33,1071.115174,381.3,381.3
2020-03-16,35,266.9766778,153.9,153.9
2020-03-16,36,1010.191204,380.7,380.7
2020-03-16,38,710.2993386,129.0,129.0
2020-03-16,39,341.3743563,369.6,369.6
2020-03-16,41,385.6145156,116.1,116.1
2020-03-16,42,960.1195741,344.7,344.7
2020-03-16,44,991.0123092,464.4,464.4
2020-03-16,45,1033.926771,351.6,351.6
2020-03-16,46,640.9920953,216.6,216.6
2020-03-16,49,684.8555964,234.9,234.9
2020-03-16,5,913.9404802,235.2,235.2
2020-03-16,51,1050.443933,334.5,334.5
2020-03-16,52,660.0956744,222.9,222.9
2020-03-16,55,636.7547073,204.0,204.0
2020-03-16,57,870.8187828,323.1,323.1
2020-03-16,59,1333.955094,426.3,426.3
2020-03-16,61,330.7238824,179.1,179.1
2020-03-16,63,740.4201687,313.2,313.2
2020-03-16,64,599.5434565,190.8,190.8
2020-03-16,66,794.2595188,279.3,279.3
2020-03-16,68,1549.374268,415.8,415.8
2020-03-16,69,744.5439819,292.2,292.2
2020-03-16,71,506.4216932,393.3,393.3
2020-03-16,72,690.4991252,262.8,262.8
2020-03-16,73,563.790856,139.5,139.5
2020-03-16,74,418.720587,387.0,387.0
2020-03-16,75,712.1507176,281.1,281.1
2020-03-16,77,602.3205908,377.7,377.7
2020-03-16,8,421.93358,204.0,204.0
2020-03-16,80,643.9546635,375.9,375.9
2020-03-16,81,716.8203106,246.0,246.0
2020-03-16,83,961.4467267,374.4,374.4
2020-03-16,84,443.3695224,248.7,248.7
2020-03-16,88,1144.75878,480.9,480.9
2020-03-16,89,951.4988108,341.1,341.1
2020-03-16,90,386.0050625,235.2,235.2
2020-03-16,92,938.3769483,330.6,330.6
2020-03-16,93,485.3329838,229.5,229.5
2020-03-16,95,471.4905941,319.2,319.2
2020-03-16,96,1033.07022,219.3,219.3
2020-03-16,97,1174.67917,435.0,435.0
2020-03-16,98,708.432705,322.8,322.8
2020-03-17,10,1187.308258,235.5,235.5
2020-03-17,103,776.2544496,307.8,307.8
2020-03-17,105,1042.48098,132.3,132.3
2020-03-17,108,389.7462802,122.7,122.7
2020-03-17,11,885.4321856,139.5,139.5
2020-03-17,110,820.7333852,201.9,201.9
2020-03-17,111,731.4719592,117.6,117.6
2020-03-17,115,783.4149733,291.3,291.3
2020-03-17,118,864.0853461,279.9,279.9
2020-03-17,119,417.440784,177.3,177.3
2020-03-17,120,525.4293989,102.9,102.9
2020-03-17,122,550.331046,177.0,177.0
2020-03-17,123,264.8189874,96.0,96.0
2020-03-17,125,698.8040836,187.5,187.5
2020-03-17,126,617.8241535,95.1,95.1
2020-03-17,127,353.2639673,253.5,253.5
2020-03-17,128,731.6331853,168.9,168.9
2020-03-17,131,636.7235637,171.3,171.3
2020-03-17,133,796.5729056,261.6,261.6
2020-03-17,135,178.0848103,335.4,335.4
2020-03-17,136,493.6696604,249.0,249.0
2020-03-17,138,957.4994851,336.9,336.9
2020-03-17,139,758.2427304,242.4,242.4
2020-03-17,141,637.8350931,331.8,331.8
2020-03-17,142,156.0456207,240.9,240.9
2020-03-17,144,1040.632433,304.8,304.8
2020-03-17,145,641.0742105,214.5,214.5
2020-03-17,146,339.8653649,143.7,143.7
2020-03-17,149,312.1108773,128.1,128.1
2020-03-17,15,676.4633079,329.4,329.4
2020-03-17,151,802.3959807,216.0,216.0
2020-03-17,152,452.8719343,111.3,111.3
2020-03-17,155,471.9741781,106.2,106.2
2020-03-17,157,561.4127109,210.6,210.6
2020-03-17,159,1061.537042,295.5,295.5
2020-03-17,161,128.8417013,105.9,105.9
2020-03-17,163,650.4391151,188.4,188.4
2020-03-17,164,189.2258046,100.2,100.2
2020-03-17,166,725.1148924,191.1,191.1
2020-03-17,168,1498.313001,266.1,266.1
2020-03-17,169,571.2855568,174.9,174.9
2020-03-17,171,837.7182195,244.8,244.8
2020-03-17,172,559.913427,179.1,179.1
2020-03-17,173,864.0868587,345.6,345.6
2020-03-17,174,393.3099646,257.7,257.7
2020-03-17,175,492.2862391,166.2,166.2
2020-03-17,177,495.0880659,247.2,247.2
2020-03-17,18,1037.781467,308.4,308.4
2020-03-17,180,701.8971653,227.4,227.4
2020-03-17,181,364.8933765,151.2,151.2
2020-03-17,183,575.2227917,246.3,246.3
2020-03-17,184,426.5120357,159.0,159.0
2020-03-17,188,977.698415,319.5,319.5
2020-03-17,189,859.0868034,212.1,212.1
2020-03-17,19,343.9207618,230.1,230.1
2020-03-17,190,438.4086787,130.8,130.8
2020-03-17,192,667.9903046,204.6,204.6
2020-03-17,193,373.1570582,130.2,130.2
2020-03-17,195,635.504573,214.8,214.8
2020-03-17,196,483.199156,124.5,124.5
2020-03-17,197,696.9104811,288.3,288.3
2020-03-17,198,588.3787431,197.7,197.7
2020-03-17,20,672.1573855,138.3,138.3
2020-03-17,22,477.1623446,225.3,225.3
2020-03-17,23,380.4962175,115.2,115.2
2020-03-17,25,983.0723425,201.6,201.6
2020-03-17,26,431.3753052,105.3,105.3
2020-03-17,27,782.0195253,279.6,279.6
2020-03-17,28,987.9227349,197.4,197.4
2020-03-17,3,831.0923154,345.9,345.9
2020-03-17,31,669.8491308,201.6,201.6
2020-03-17,33,377.9543589,288.9,288.9
2020-03-17,35,252.9183973,117.0,117.0
2020-03-17,36,523.7462387,265.8,265.8
2020-03-17,38,562.3958134,108.0,108.0
2020-03-17,39,627.5788992,278.7,278.7
2020-03-17,41,373.0313928,86.1,86.1
2020-03-17,42,612.1828706,251.7,251.7
2020-03-17,44,1019.465185,332.7,332.7
2020-03-17,45,664.6477328,247.5,247.5
2020-03-17,46,361.7284736,171.6,171.6
2020-03-17,49,435.6143696,151.2,151.2
2020-03-17,5,735.3112356,152.1,152.1
2020-03-17,51,989.1966719,249.9,249.9
2020-03-17,52,536.6813817,155.7,155.7
2020-03-17,55,491.9064393,136.2,136.2
2020-03-17,57,507.575195,224.7,224.7
2020-03-17,59,1051.766074,324.9,324.9
2020-03-17,61,283.3181314,150.9,150.9
2020-03-17,63,696.1925291,230.7,230.7
2020-03-17,64,425.1773989,115.5,115.5
2020-03-17,66,681.6595972,213.3,213.3
2020-03-17,68,1414.002016,309.0,309.0
2020-03-17,69,617.5207772,203.4,203.4
2020-03-17,71,981.1107667,276.6,276.6
2020-03-17,72,549.6227968,188.4,188.4
2020-03-17,73,552.3657339,113.1,113.1
2020-03-17,74,771.207894,284.4,284.4
2020-03-17,75,572.9580755,197.7,197.7
2020-03-17,77,665.6491354,278.7,278.7
2020-03-17,8,443.9169382,154.8,154.8
2020-03-17,80,633.5499986,267.3,267.3
2020-03-17,81,593.3589586,169.5,169.5
2020-03-17,83,302.5714723,276.0,276.0
2020-03-17,84,429.6665408,189.6,189.6
2020-03-17,88,1076.750603,341.1,341.1
2020-03-17,89,877.4386774,252.6,252.6
2020-03-17,90,370.3878816,166.8,166.8
2020-03-17,92,726.9656512,254.4,254.4
2020-03-17,93,445.2172131,154.5,154.5
2020-03-17,95,493.490484,240.0,240.0
2020-03-17,96,834.3236632,164.7,164.7
2020-03-17,97,960.5247484,312.3,312.3
2020-03-17,98,798.5163755,244.2,244.2
2020-03-18,10,1343.339164,82.5,82.5
2020-03-18,103,442.8987299,131.7,131.7
2020-03-18,105,1092.3157,66.9,66.9
2020-03-18,108,213.159958,44.1,44.1
2020-03-18,11,297.7295284,62.1,62.1
2020-03-18,110,1345.885781,84.3,84.3
2020-03-18,111,327.2418966,46.2,46.2
2020-03-18,115,432.7182972,117.0,117.0
2020-03-18,118,320.8971028,122.7,122.7
2020-03-18,119,279.8680409,77.7,77.7
2020-03-18,120,634.3667372,27.3,27.3
2020-03-18,122,254.7177178,79.2,79.2
2020-03-18,123,104.6300669,45.6,45.6
2020-03-18,125,231.0159521,69.3,69.3
2020-03-18,126,252.8682094,49.2,49.2
2020-03-18,127,154.5136269,114.0,114.0
2020-03-18,128,854.4964206,81.6,81.6
2020-03-18,131,522.6427398,52.5,52.5
2020-03-18,133,229.2744122,95.4,95.4
2020-03-18,135,368.1672635,134.1,134.1
2020-03-18,136,296.1628558,86.1,86.1
2020-03-18,138,521.1954117,120.9,120.9
2020-03-18,139,310.4871486,101.1,101.1
2020-03-18,141,439.4980619,138.0,138.0
2020-03-18,142,255.1679679,82.8,82.8
2020-03-18,144,571.046955,127.8,127.8
2020-03-18,145,369.6402641,93.3,93.3
2020-03-18,146,285.2011426,41.1,41.1
2020-03-18,149,250.2460759,66.3,66.3
2020-03-18,15,447.3963911,115.8,115.8
2020-03-18,151,893.7692255,98.4,98.4
2020-03-18,152,233.2574922,41.4,41.4
2020-03-18,155,440.9027809,56.7,56.7
2020-03-18,157,326.7615987,69.3,69.3
2020-03-18,159,889.2156293,120.9,120.9
2020-03-18,161,115.1330322,39.0,39.0
2020-03-18,163,429.3553231,67.2,67.2
2020-03-18,164,125.1336261,28.2,28.2
2020-03-18,166,687.7193583,84.6,84.6
2020-03-18,168,1696.122601,97.8,97.8
2020-03-18,169,222.7545487,73.5,73.5
2020-03-18,171,371.3034177,90.6,90.6
2020-03-18,172,251.3286453,81.6,81.6
2020-03-18,173,516.6991308,133.5,133.5
2020-03-18,174,338.4205555,105.9,105.9
2020-03-18,175,322.2281721,60.3,60.3
2020-03-18,177,358.9065776,99.6,99.6
2020-03-18,18,397.2726667,121.5,121.5
2020-03-18,180,361.2467273,91.2,91.2
2020-03-18,181,295.051195,56.7,56.7
2020-03-18,183,132.1307726,101.1,101.1
2020-03-18,184,215.3738248,66.0,66.0
2020-03-18,188,738.6516055,112.8,112.8
2020-03-18,189,870.0969304,87.6,87.6
2020-03-18,19,294.926115,81.3,81.3
2020-03-18,190,225.0304204,44.1,44.1
2020-03-18,192,531.8185556,83.4,83.4
2020-03-18,193,266.4043646,45.0,45.0
2020-03-18,195,287.0777762,87.3,87.3
2020-03-18,196,603.0011273,57.3,57.3
2020-03-18,197,389.6841096,126.6,126.6
2020-03-18,198,336.1477866,86.7,86.7
2020-03-18,20,488.9434914,38.4,38.4
2020-03-18,22,286.9900886,75.6,75.6
2020-03-18,23,141.7971264,36.3,36.3
2020-03-18,25,305.6534779,68.1,68.1
2020-03-18,26,227.7252741,34.8,34.8
2020-03-18,27,395.0220478,129.0,129.0
2020-03-18,28,496.9839183,93.6,93.6
2020-03-18,3,473.6152945,124.5,124.5
2020-03-18,31,325.4987927,70.5,70.5
2020-03-18,33,325.8652599,96.0,96.0
2020-03-18,35,96.71669314,37.8,37.8
2020-03-18,36,310.0114217,103.5,103.5
2020-03-18,38,530.7924263,29.7,29.7
2020-03-18,39,274.0952153,104.4,104.4
2020-03-18,41,207.2509232,31.5,31.5
2020-03-18,42,373.8211542,101.1,101.1
2020-03-18,44,828.5914538,123.6,123.6
2020-03-18,45,602.0703416,114.9,114.9
2020-03-18,46,260.1584616,70.5,70.5
2020-03-18,49,280.9682006,68.4,68.4
2020-03-18,5,418.0716485,70.5,70.5
2020-03-18,51,832.8706713,91.2,91.2
2020-03-18,52,281.0054728,60.6,60.6
2020-03-18,55,335.3987944,51.0,51.0
2020-03-18,57,321.769021,77.4,77.4
2020-03-18,59,715.788057,123.9,123.9
2020-03-18,61,164.9370754,54.6,54.6
2020-03-18,63,323.0431441,89.1,89.1
2020-03-18,64,133.0093544,60.3,60.3
2020-03-18,66,498.1470204,96.0,96.0
2020-03-18,68,927.6518829,106.8,106.8
2020-03-18,69,447.9914072,68.1,68.1
2020-03-18,71,407.3495226,123.9,123.9
2020-03-18,72,273.9407089,77.7,77.7
2020-03-18,73,519.6362321,45.0,45.0
2020-03-18,74,316.3831137,115.8,115.8
2020-03-18,75,279.1070947,83.4,83.4
2020-03-18,77,402.6541867,106.2,106.2
2020-03-18,8,340.6025806,66.9,66.9
2020-03-18,80,348.7848549,100.8,100.8
2020-03-18,81,311.241194,86.7,86.7
2020-03-18,83,105.6280452,105.0,105.0
2020-03-18,84,379.364766,75.0,75.0
2020-03-18,88,618.4532145,141.3,141.3
2020-03-18,89,730.1172132,90.3,90.3
2020-03-18,90,259.270492,60.0,60.0
2020-03-18,92,338.2168676,100.8,100.8
2020-03-18,93,263.1098128,57.6,57.6
2020-03-18,95,296.1127153,105.9,105.9
2020-03-18,96,957.088497,48.0,48.0
2020-03-18,97,393.3268689,114.9,114.9
2020-03-18,98,363.5678303,84.9,84.9
2020-03-19,10,1044.643037,6.3,6.3
2020-03-19,103,330.7849366,15.9,15.9
2020-03-19,105,767.3467633,17.1,17.1
2020-03-19,108,291.8224829,2.1,2.1
2020-03-19,11,712.7950092,0.0,0.0
2020-03-19,110,145.5712734,15.0,15.0
2020-03-19,111,79.90782675,0.0,0.0
2020-03-19,115,132.1169507,10.5,10.5
2020-03-19,118,100.1462592,1.2,1.2
2020-03-19,119,214.7387816,0.0,0.0
2020-03-19,120,108.8182159,0.0,0.0
2020-03-19,122,169.2346292,0.0,0.0
2020-03-19,123,8.310108196,2.4,2.4
2020-03-19,125,323.2831455,0.0,0.0
2020-03-19,126,596.2608547,0.0,0.0
2020-03-19,127,67.39683249,0.0,0.0
2020-03-19,128,759.489341,0.0,0.0
2020-03-19,131,504.7119777,12.9,12.9
2020-03-19,133,118.1863938,0.0,0.0
2020-03-19,135,128.4182155,0.0,0.0
2020-03-19,136,203.0438956,0.0,0.0
2020-03-19,138,93.42087952,3.9,3.9
2020-03-19,139,85.99377728,0.0,0.0
2020-03-19,141,181.428539,0.3,0.3
2020-03-19,142,69.75052858,10.2,10.2
2020-03-19,144,39.56873318,0.0,0.0
2020-03-19,145,497.2980852,0.0,0.0
2020-03-19,146,170.7839294,0.0,0.0
2020-03-19,149,198.1903804,0.0,0.0
2020-03-19,15,379.2764644,3.6,3.6
2020-03-19,151,102.4428529,0.0,0.0
2020-03-19,152,347.0552085,12.9,12.9
2020-03-19,155,483.5926629,9.0,9.0
2020-03-19,157,65.20224569,16.5,16.5
2020-03-19,159,507.0516662,6.0,6.0
2020-03-19,161,72.39572511,14.1,14.1
2020-03-19,163,291.6840821,0.3,0.3
2020-03-19,164,7.875605378,0.0,0.0
2020-03-19,166,462.8267481,0.0,0.0
2020-03-19,168,91.36883694,9.0,9.0
2020-03-19,169,72.39746263,10.2,10.2
2020-03-19,171,300.8752814,0.0,0.0
2020-03-19,172,113.6577874,0.0,0.0
2020-03-19,173,45.5134782,0.0,0.0
2020-03-19,174,286.182283,6.6,6.6
2020-03-19,175,305.0150757,6.3,6.3
2020-03-19,177,208.7952791,0.0,0.0
2020-03-19,18,290.381824,2.7,2.7
2020-03-19,180,280.1185978,9.9,9.9
2020-03-19,181,198.7490757,4.2,4.2
2020-03-19,183,102.7151739,0.0,0.0
2020-03-19,184,6.063183586,0.0,0.0
2020-03-19,188,404.0338243,0.0,0.0
2020-03-19,189,439.4610472,13.8,13.8
2020-03-19,19,250.8103588,2.7,2.7
2020-03-19,190,24.71532747,17.1,17.1
2020-03-19,192,74.94697172,0.6,0.6
2020-03-19,193,181.2635886,16.2,16.2
2020-03-19,195,213.6557406,15.9,15.9
2020-03-19,196,905.1754779,14.4,14.4
2020-03-19,197,195.0140553,5.4,5.4
2020-03-19,198,525.8385427,17.7,17.7
2020-03-19,20,105.4746591,9.6,9.6
2020-03-19,22,87.50718711,0.0,0.0
2020-03-19,23,69.91966427,15.3,15.3
2020-03-19,25,461.0185128,17.1,17.1
2020-03-19,26,485.3299545,12.6,12.6
2020-03-19,27,57.23267994,9.3,9.3
2020-03-19,28,466.0139104,0.0,0.0
2020-03-19,3,184.7050788,14.4,14.4
2020-03-19,31,256.1363574,0.0,0.0
2020-03-19,33,72.48104434,7.8,7.8
2020-03-19,35,21.06972451,3.9,3.9
2020-03-19,36,12.85415315,0.0,0.0
2020-03-19,38,535.1521054,7.8,7.8
2020-03-19,39,81.09373356,15.3,15.3
2020-03-19,41,283.3625374,0.9,0.9
2020-03-19,42,42.3420619,10.8,10.8
2020-03-19,44,535.1044244,0.0,0.0
2020-03-19,45,240.5303581,10.8,10.8
2020-03-19,46,57.89842295,0.0,0.0
2020-03-19,49,128.5873252,7.2,7.2
2020-03-19,5,711.2065088,0.0,0.0
2020-03-19,51,38.05961936,0.0,0.0
2020-03-19,52,106.5288687,0.0,0.0
2020-03-19,55,67.52490072,0.0,0.0
2020-03-19,57,257.9428886,9.0,9.0
2020-03-19,59,138.2598394,0.9,0.9
2020-03-19,61,91.71147857,16.2,16.2
2020-03-19,63,245.2288633,17.1,17.1
2020-03-19,64,100.3875334,13.5,13.5
2020-03-19,66,621.3142997,7.8,7.8
2020-03-19,68,1345.145977,10.5,10.5
2020-03-19,69,521.7488619,0.0,0.0
2020-03-19,71,250.7812264,2.7,2.7
2020-03-19,72,71.90336365,0.0,0.0
2020-03-19,73,18.40120367,5.7,5.7
2020-03-19,74,268.4837067,9.3,9.3
2020-03-19,75,184.8803204,6.0,6.0
2020-03-19,77,277.7365591,1.5,1.5
2020-03-19,8,237.589851,0.0,0.0
2020-03-19,80,328.3439405,2.1,2.1
2020-03-19,81,350.3086419,0.0,0.0
2020-03-19,83,47.30017175,14.1,14.1
2020-03-19,84,202.1163571,2.4,2.4
2020-03-19,88,657.5062319,1.8,1.8
2020-03-19,89,538.0730717,6.0,6.0
2020-03-19,90,194.6087933,0.0,0.0
2020-03-19,92,428.974225,14.7,14.7
2020-03-19,93,293.8796694,0.0,0.0
2020-03-19,95,121.3622203,16.2,16.2
2020-03-19,96,407.9817836,1.5,1.5
2020-03-19,97,308.0168438,11.7,11.7
2020-03-19,98,376.5953303,13.5,13.5
2020-03-20,10,659.8514822,40.5,40.5
2020-03-20,103,509.964436,54.3,54.3
2020-03-20,105,1055.169018,6.0,6.0
2020-03-20,108,332.5692392,9.0,9.0
2020-03-20,11,197.1282129,35.1,35.1
2020-03-20,110,303.6899955,25.2,25.2
2020-03-20,111,863.9327433,28.2,28.2
2020-03-20,115,279.2130822,51.9,51.9
2020-03-20,118,200.8364475,42.9,42.9
2020-03-20,119,276.8094167,26.1,26.1
2020-03-20,120,449.459462,19.8,19.8
2020-03-20,122,242.1141419,30.3,30.3
2020-03-20,123,106.9144834,14.7,14.7
2020-03-20,125,526.6846209,38.7,38.7
2020-03-20,126,470.6701518,17.4,17.4
2020-03-20,127,109.0718949,29.7,29.7
2020-03-20,128,559.0456566,31.2,31.2
2020-03-20,131,459.639195,26.1,26.1
2020-03-20,133,124.1552048,26.7,26.7
2020-03-20,135,182.1165789,50.1,50.1
2020-03-20,136,230.7165206,30.6,30.6
2020-03-20,138,815.1995497,45.3,45.3
2020-03-20,139,138.5899591,41.1,41.1
2020-03-20,141,330.1351285,37.8,37.8
2020-03-20,142,126.4782293,39.3,39.3
2020-03-20,144,500.9836052,48.9,48.9
2020-03-20,145,606.5223677,37.2,37.2
2020-03-20,146,248.1804526,29.1,29.1
2020-03-20,149,257.192484,34.5,34.5
2020-03-20,15,200.9671937,58.5,58.5
2020-03-20,151,1016.666376,44.7,44.7
2020-03-20,152,510.0725189,16.5,16.5
2020-03-20,155,463.0375563,3.6,3.6
2020-03-20,157,253.604145,24.0,24.0
2020-03-20,159,265.7520915,50.7,50.7
2020-03-20,161,89.70143429,10.8,10.8
2020-03-20,163,234.467045,16.8,16.8
2020-03-20,164,126.7015605,14.4,14.4
2020-03-20,166,357.7968167,42.0,42.0
2020-03-20,168,1748.589239,51.3,51.3
2020-03-20,169,365.470599,33.0,33.0
2020-03-20,171,294.6131082,54.3,54.3
2020-03-20,172,183.0224602,26.7,26.7
2020-03-20,173,490.4095959,52.2,52.2
2020-03-20,174,232.5466075,27.6,27.6
2020-03-20,175,266.5976835,27.3,27.3
2020-03-20,177,245.3376562,26.1,26.1
2020-03-20,18,250.5043631,38.4,38.4
2020-03-20,180,189.0974113,44.7,44.7
2020-03-20,181,279.5997732,27.3,27.3
2020-03-20,183,114.5032465,32.1,32.1
2020-03-20,184,396.4670535,32.7,32.7
2020-03-20,188,239.245046,48.9,48.9
2020-03-20,189,189.0763858,43.5,43.5
2020-03-20,19,223.3638859,47.1,47.1
2020-03-20,190,282.4205526,24.9,24.9
2020-03-20,192,187.9525966,39.6,39.6
2020-03-20,193,206.4912072,13.8,13.8
2020-03-20,195,275.0540085,32.4,32.4
2020-03-20,196,478.8223517,19.5,19.5
2020-03-20,197,123.7638119,52.8,52.8
2020-03-20,198,469.7682623,23.7,23.7
2020-03-20,20,350.2230227,14.1,14.1
2020-03-20,22,165.9983856,44.1,44.1
2020-03-20,23,45.08694409,6.9,6.9
2020-03-20,25,341.9251155,44.1,44.1
2020-03-20,26,377.35134,24.6,24.6
2020-03-20,27,128.4534638,40.5,40.5
2020-03-20,28,1079.341411,44.4,44.4
2020-03-20,3,380.3543936,47.7,47.7
2020-03-20,31,520.7256407,17.4,17.4
2020-03-20,33,171.6700243,27.3,27.3
2020-03-20,35,94.01755457,18.3,18.3
2020-03-20,36,204.5556877,37.5,37.5
2020-03-20,38,402.2803408,6.9,6.9
2020-03-20,39,93.44926254,39.6,39.6
2020-03-20,41,311.7836243,0.9,0.9
2020-03-20,42,123.3144305,53.1,53.1
2020-03-20,44,667.4063046,61.5,61.5
2020-03-20,45,280.9736604,41.7,41.7
2020-03-20,46,278.7673625,17.1,17.1
2020-03-20,49,172.6139254,15.9,15.9
2020-03-20,5,377.0963895,20.1,20.1
2020-03-20,51,855.4421853,51.9,51.9
2020-03-20,52,306.1361884,36.6,36.6
2020-03-20,55,216.056885,15.9,15.9
2020-03-20,57,345.3444842,49.2,49.2
2020-03-20,59,479.8794234,53.4,53.4
2020-03-20,61,75.02052791,16.2,16.2
2020-03-20,63,225.7787753,25.5,25.5
2020-03-20,64,72.24802152,6.6,6.6
2020-03-20,66,217.3278167,38.1,38.1
2020-03-20,68,473.4910903,53.1,53.1
2020-03-20,69,593.9966122,39.9,39.9
2020-03-20,71,249.1730889,58.5,58.5
2020-03-20,72,224.5570796,23.4,23.4
2020-03-20,73,543.7453844,8.1,8.1
2020-03-20,74,255.2009002,37.5,37.5
2020-03-20,75,346.2786156,26.7,26.7
2020-03-20,77,403.8542366,43.8,43.8
2020-03-20,8,184.6975309,31.5,31.5
2020-03-20,80,311.9907481,35.1,35.1
2020-03-20,81,167.522766,41.1,41.1
2020-03-20,83,123.4326185,46.5,46.5
2020-03-20,84,163.9260753,31.2,31.2
2020-03-20,88,409.2330595,40.2,40.2
2020-03-20,89,543.8906018,32.7,32.7
2020-03-20,90,157.744229,30.9,30.9
2020-03-20,92,603.9671367,41.4,41.4
2020-03-20,93,299.3471126,26.4,26.4
2020-03-20,95,180.6018138,31.2,31.2
2020-03-20,96,208.2836821,33.6,33.6
2020-03-20,97,243.2441249,37.8,37.8
2020-03-20,98,228.4487682,43.8,43.8
2020-03-21,10,1269.506135,170.4,170.4
2020-03-21,103,605.6916117,223.2,223.2
2020-03-21,105,521.3964216,80.1,80.1
2020-03-21,108,361.0199935,93.6,93.6
2020-03-21,11,393.2890212,112.2,112.2
2020-03-21,110,1129.998338,139.8,139.8
2020-03-21,111,527.5176927,98.4,98.4
2020-03-21,115,467.8459122,212.7,212.7
2020-03-21,118,402.7656454,191.4,191.4
2020-03-21,119,293.3980968,142.2,142.2
2020-03-21,120,376.8435842,78.6,78.6
2020-03-21,122,405.7619561,119.1,119.1
2020-03-21,123,170.2460103,62.4,62.4
2020-03-21,125,458.2996982,114.3,114.3
2020-03-21,126,224.2903588,62.7,62.7
2020-03-21,127,146.6107068,168.0,168.0
2020-03-21,128,779.5781077,123.9,123.9
2020-03-21,131,514.6683998,112.2,112.2
2020-03-21,133,134.2400439,183.6,183.6
2020-03-21,135,301.3625564,242.7,242.7
2020-03-21,136,332.3795949,184.2,184.2
2020-03-21,138,766.3381992,227.7,227.7
2020-03-21,139,148.068109,176.7,176.7
2020-03-21,141,668.0076053,209.4,209.4
2020-03-21,142,459.5013514,147.0,147.0
2020-03-21,144,730.2532266,212.1,212.1
2020-03-21,145,617.1168924,142.5,142.5
2020-03-21,146,303.0810059,106.5,106.5
2020-03-21,149,310.532511,104.4,104.4
2020-03-21,15,553.2038431,212.7,212.7
2020-03-21,151,1053.892324,150.3,150.3
2020-03-21,152,424.969297,98.1,98.1
2020-03-21,155,355.8423314,74.4,74.4
2020-03-21,157,354.471461,147.6,147.6
2020-03-21,159,819.2414514,203.7,203.7
2020-03-21,161,142.671538,63.9,63.9
2020-03-21,163,546.5546983,127.8,127.8
2020-03-21,164,221.4495753,83.7,83.7
2020-03-21,166,536.4229784,119.1,119.1
2020-03-21,168,1682.675668,183.6,183.6
2020-03-21,169,611.2648646,123.6,123.6
2020-03-21,171,420.8528453,166.8,166.8
2020-03-21,172,386.4955231,131.4,131.4
2020-03-21,173,753.5600466,246.3,246.3
2020-03-21,174,598.1287482,182.7,182.7
2020-03-21,175,394.2539783,118.5,118.5
2020-03-21,177,468.8536677,166.2,166.2
2020-03-21,18,626.5558194,217.8,217.8
2020-03-21,180,446.6850446,169.2,169.2
2020-03-21,181,375.7377475,104.4,104.4
2020-03-21,183,140.0168248,170.7,170.7
2020-03-21,184,402.9144363,105.3,105.3
2020-03-21,188,713.0613075,206.4,206.4
2020-03-21,189,828.8002225,160.2,160.2
2020-03-21,19,374.1863829,146.4,146.4
2020-03-21,190,350.3441463,84.3,84.3
2020-03-21,192,623.6267144,161.7,161.7
2020-03-21,193,292.5637901,90.3,90.3
2020-03-21,195,390.194212,156.9,156.9
2020-03-21,196,1032.848175,77.7,77.7
2020-03-21,197,662.6673711,202.8,202.8
2020-03-21,198,528.8123429,133.2,133.2
2020-03-21,20,450.9531167,81.0,81.0
2020-03-21,22,320.2812797,156.3,156.3
2020-03-21,23,205.5498283,96.6,96.6
2020-03-21,25,929.665725,151.8,151.8
2020-03-21,26,458.4074365,76.5,76.5
2020-03-21,27,499.4724679,188.4,188.4
2020-03-21,28,1048.117752,155.1,155.1
2020-03-21,3,753.8193747,237.0,237.0
2020-03-21,31,583.9513977,143.7,143.7
2020-03-21,33,187.902704,187.2,187.2
2020-03-21,35,187.9302333,85.2,85.2
2020-03-21,36,528.5445804,174.9,174.9
2020-03-21,38,579.6819717,79.5,79.5
2020-03-21,39,312.7927428,200.7,200.7
2020-03-21,41,348.6333112,66.9,66.9
2020-03-21,42,546.279915,187.8,187.8
2020-03-21,44,939.0357889,225.6,225.6
2020-03-21,45,628.6097984,173.1,173.1
2020-03-21,46,308.1042057,119.7,119.7
2020-03-21,49,369.0081071,120.3,120.3
2020-03-21,5,1030.010495,105.3,105.3
2020-03-21,51,609.903379,177.3,177.3
2020-03-21,52,544.4758618,95.4,95.4
2020-03-21,55,357.0689706,116.7,116.7
2020-03-21,57,376.3529562,168.6,168.6
2020-03-21,59,697.2442278,228.6,228.6
2020-03-21,61,264.5017236,81.0,81.0
2020-03-21,63,603.926099,156.9,156.9
2020-03-21,64,334.6085132,102.3,102.3
2020-03-21,66,497.2249156,152.7,152.7
2020-03-21,68,1143.054302,202.2,202.2
2020-03-21,69,509.9885181,135.6,135.6
2020-03-21,71,583.605833,186.0,186.0
2020-03-21,72,383.6362835,124.8,124.8
2020-03-21,73,547.8197496,83.7,83.7
2020-03-21,74,572.1105139,198.9,198.9
2020-03-21,75,383.9112385,145.2,145.2
2020-03-21,77,480.722035,200.4,200.4
2020-03-21,8,385.272094,95.7,95.7
2020-03-21,80,507.6159093,186.3,186.3
2020-03-21,81,413.6835574,139.2,139.2
2020-03-21,83,448.3978892,192.0,192.0
2020-03-21,84,419.3585519,124.5,124.5
2020-03-21,88,791.278575,234.9,234.9
2020-03-21,89,742.8201342,179.7,179.7
2020-03-21,90,324.4764211,123.6,123.6
2020-03-21,92,636.5719276,159.6,159.6
2020-03-21,93,407.4361225,95.7,95.7
2020-03-21,95,357.9025838,156.6,156.6
2020-03-21,96,715.1276021,98.7,98.7
2020-03-21,97,378.9507787,218.7,218.7
2020-03-21,98,541.8688385,152.4,152.4
2020-03-22,10,1054.836072,288.0,288.0
2020-03-22,103,598.2353219,393.0,393.0
2020-03-22,105,834.1483416,168.0,168.0
2020-03-22,108,419.4876956,144.6,144.6
2020-03-22,11,863.7675754,172.5,172.5
2020-03-22,110,908.7924094,254.1,254.1
2020-03-22,111,667.5472126,156.6,156.6
2020-03-22,115,651.5648313,367.5,367.5
2020-03-22,118,654.9536307,342.3,342.3
2020-03-22,119,694.0039909,234.0,234.0
2020-03-22,120,512.6337555,130.5,130.5
2020-03-22,122,550.2386527,226.5,226.5
2020-03-22,123,292.4080973,129.0,129.0
2020-03-22,125,796.2907564,230.1,230.1
2020-03-22,126,523.0863347,119.4,119.4
2020-03-22,127,331.323487,339.0,339.0
2020-03-22,128,937.7771724,203.7,203.7
2020-03-22,131,668.9621675,194.7,194.7
2020-03-22,133,205.7446948,324.0,324.0
2020-03-22,135,1003.704028,416.4,416.4
2020-03-22,136,361.8842058,290.1,290.1
2020-03-22,138,1295.271738,406.8,406.8
2020-03-22,139,188.3534802,290.7,290.7
2020-03-22,141,793.3496472,387.9,387.9
2020-03-22,142,452.433717,278.7,278.7
2020-03-22,144,1066.986721,393.3,393.3
2020-03-22,145,939.6459898,265.5,265.5
2020-03-22,146,380.9479849,170.7,170.7
2020-03-22,149,519.9738972,176.7,176.7
2020-03-22,15,1124.755778,403.5,403.5
2020-03-22,151,964.7963294,251.1,251.1
2020-03-22,152,548.2513667,155.4,155.4
2020-03-22,155,491.2651613,159.3,159.3
2020-03-22,157,462.7732879,238.2,238.2
2020-03-22,159,1077.150864,363.6,363.6
2020-03-22,161,273.7158811,139.8,139.8
2020-03-22,163,757.5376327,247.2,247.2
2020-03-22,164,231.0592521,111.9,111.9
2020-03-22,166,722.4228622,232.2,232.2
2020-03-22,168,1342.251147,328.5,328.5
2020-03-22,169,708.4034472,227.4,227.4
2020-03-22,171,611.8412838,326.4,326.4
2020-03-22,172,339.1793194,212.4,212.4
2020-03-22,173,920.4659602,426.0,426.0
2020-03-22,174,742.6113545,324.0,324.0
2020-03-22,175,614.6666401,203.7,203.7
2020-03-22,177,819.6194876,299.7,299.7
2020-03-22,18,691.5371427,396.0,396.0
2020-03-22,180,401.1492805,309.3,309.3
2020-03-22,181,564.4964297,192.3,192.3
2020-03-22,183,272.317744,291.9,291.9
2020-03-22,184,455.1467554,178.5,178.5
2020-03-22,188,1181.894071,397.8,397.8
2020-03-22,189,928.7905379,276.6,276.6
2020-03-22,19,816.6723159,285.6,285.6
2020-03-22,190,464.1182823,173.4,173.4
2020-03-22,192,899.5283098,272.1,272.1
2020-03-22,193,383.0681148,152.1,152.1
2020-03-22,195,816.837313,249.6,249.6
2020-03-22,196,622.5677455,152.7,152.7
2020-03-22,197,972.1556129,364.5,364.5
2020-03-22,198,650.3544285,270.3,270.3
2020-03-22,20,639.082681,167.7,167.7
2020-03-22,22,707.8145092,251.1,251.1
2020-03-22,23,247.9416326,143.7,143.7
2020-03-22,25,904.1824303,255.9,255.9
2020-03-22,26,535.5550131,159.9,159.9
2020-03-22,27,420.1580619,363.0,363.0
2020-03-22,28,886.1129365,255.6,255.6
2020-03-22,3,1121.079099,408.0,408.0
2020-03-22,31,823.5997893,231.0,231.0
2020-03-22,33,977.4473277,331.5,331.5
2020-03-22,35,345.8561294,135.6,135.6
2020-03-22,36,1095.051619,328.8,328.8
2020-03-22,38,661.2814087,119.1,119.1
2020-03-22,39,568.0347851,319.2,319.2
2020-03-22,41,416.447032,123.3,123.3
2020-03-22,42,602.6550957,333.0,333.0
2020-03-22,44,1253.465205,410.4,410.4
2020-03-22,45,1007.616944,302.4,302.4
2020-03-22,46,467.6930891,201.0,201.0
2020-03-22,49,334.6439376,200.4,200.4
2020-03-22,5,986.581359,187.8,187.8
2020-03-22,51,1057.134446,311.1,311.1
2020-03-22,52,570.0331141,199.8,199.8
2020-03-22,55,541.3970589,181.5,181.5
2020-03-22,57,362.2601937,297.3,297.3
2020-03-22,59,1220.445448,384.6,384.6
2020-03-22,61,459.2084573,157.2,157.2
2020-03-22,63,718.6390118,265.8,265.8
2020-03-22,64,426.8998847,170.1,170.1
2020-03-22,66,826.1817844,253.5,253.5
2020-03-22,68,1199.991664,351.3,351.3
2020-03-22,69,618.8158276,266.7,266.7
2020-03-22,71,1137.830308,372.6,372.6
2020-03-22,72,397.5845621,240.0,240.0
2020-03-22,73,568.201539,135.0,135.0
2020-03-22,74,775.8664551,341.7,341.7
2020-03-22,75,772.4046678,228.6,228.6
2020-03-22,77,1112.699484,328.2,328.2
2020-03-22,8,611.7199134,181.8,181.8
2020-03-22,80,813.0678887,320.7,320.7
2020-03-22,81,584.7829687,213.9,213.9
2020-03-22,83,1058.02823,330.3,330.3
2020-03-22,84,660.0383564,207.3,207.3
2020-03-22,88,960.9927185,425.4,425.4
2020-03-22,89,948.1557577,327.0,327.0
2020-03-22,90,522.3594118,197.1,197.1
2020-03-22,92,894.5368691,291.9,291.9
2020-03-22,93,491.9195417,192.3,192.3
2020-03-22,95,644.2218567,298.5,298.5
2020-03-22,96,936.9820324,193.8,193.8
2020-03-22,97,661.2541914,400.5,400.5
2020-03-22,98,936.7202036,275.7,275.7
2020-03-23,10,1244.413035,339.3,339.3
2020-03-23,103,1274.802759,423.3,423.3
2020-03-23,105,624.9066616,177.3,177.3
2020-03-23,108,390.1418853,189.0,189.0
2020-03-23,11,856.9798063,215.4,215.4
2020-03-23,110,1113.834852,295.2,295.2
2020-03-23,111,893.0801023,171.9,171.9
2020-03-23,115,809.1949191,379.5,379.5
2020-03-23,118,1070.245441,397.8,397.8
2020-03-23,119,601.5888099,254.4,254.4
2020-03-23,120,630.5506477,129.9,129.9
2020-03-23,122,335.8807378,252.6,252.6
2020-03-23,123,474.3672258,141.9,141.9
2020-03-23,125,945.8742573,242.1,242.1
2020-03-23,126,482.7688521,133.5,133.5
2020-03-23,127,376.6419014,374.7,374.7
2020-03-23,128,968.4510709,225.3,225.3
2020-03-23,131,676.9313938,223.5,223.5
2020-03-23,133,191.2664183,337.8,337.8
2020-03-23,135,1287.981752,451.2,451.2
2020-03-23,136,523.1910115,339.3,339.3
2020-03-23,138,931.9300187,438.9,438.9
2020-03-23,139,178.8407559,318.3,318.3
2020-03-23,141,524.7581343,452.7,452.7
2020-03-23,142,561.7717977,320.1,320.1
2020-03-23,144,1339.017353,439.8,439.8
2020-03-23,145,829.1432278,312.6,312.6
2020-03-23,146,577.4752689,186.9,186.9
2020-03-23,149,470.8083563,169.2,169.2
2020-03-23,15,599.6919024,425.7,425.7
2020-03-23,151,1037.729157,303.0,303.0
2020-03-23,152,567.9730417,182.4,182.4
2020-03-23,155,504.2307558,162.9,162.9
2020-03-23,157,423.531111,279.3,279.3
2020-03-23,159,1158.991133,396.6,396.6
2020-03-23,161,94.92883736,146.4,146.4
2020-03-23,163,862.3186158,276.3,276.3
2020-03-23,164,148.6584155,152.4,152.4
2020-03-23,166,799.5971276,250.5,250.5
2020-03-23,168,1270.583732,369.0,369.0
2020-03-23,169,751.7451658,252.9,252.9
2020-03-23,171,955.5282472,351.6,351.6
2020-03-23,172,737.6942457,236.7,236.7
2020-03-23,173,805.8747827,459.6,459.6
2020-03-23,174,852.5559612,350.1,350.1
2020-03-23,175,733.9891385,237.3,237.3
2020-03-23,177,703.4474479,353.4,353.4
2020-03-23,18,323.6649376,426.6,426.6
2020-03-23,180,594.6959309,344.1,344.1
2020-03-23,181,457.9994359,223.5,223.5
2020-03-23,183,338.4870172,338.4,338.4
2020-03-23,184,619.5251536,191.1,191.1
2020-03-23,188,1113.638024,429.9,429.9
2020-03-23,189,1015.529773,299.1,299.1
2020-03-23,19,955.8318844,309.0,309.0
2020-03-23,190,386.2731606,191.4,191.4
2020-03-23,192,656.8980732,314.7,314.7
2020-03-23,193,611.5441114,184.2,184.2
2020-03-23,195,602.0864492,284.4,284.4
2020-03-23,196,996.5143349,163.5,163.5
2020-03-23,197,1232.922855,394.8,394.8
2020-03-23,198,723.3946652,277.5,277.5
2020-03-23,20,648.4668114,182.7,182.7
2020-03-23,22,371.2669551,288.3,288.3
2020-03-23,23,531.8396983,166.8,166.8
2020-03-23,25,958.4873057,296.1,296.1
2020-03-23,26,562.4013192,171.6,171.6
2020-03-23,27,982.52732,393.6,393.6
2020-03-23,28,969.7055302,263.4,263.4
2020-03-23,3,905.7753036,470.1,470.1
2020-03-23,31,771.7575543,275.1,275.1
2020-03-23,33,1291.192383,387.6,387.6
2020-03-23,35,422.8535334,134.1,134.1
2020-03-23,36,395.8494115,381.0,381.0
2020-03-23,38,685.8127703,119.1,119.1
2020-03-23,39,636.857643,369.3,369.3
2020-03-23,41,427.1398411,112.8,112.8
2020-03-23,42,151.4250123,356.1,356.1
2020-03-23,44,1433.733677,480.0,480.0
2020-03-23,45,834.0415233,364.5,364.5
2020-03-23,46,690.5105526,220.2,220.2
2020-03-23,49,762.1995119,218.4,218.4
2020-03-23,5,1013.192805,236.4,236.4
2020-03-23,51,1097.776313,323.7,323.7
2020-03-23,52,578.7209529,198.3,198.3
2020-03-23,55,598.5607112,213.6,213.6
2020-03-23,57,987.8775636,303.0,303.0
2020-03-23,59,1230.037635,418.2,418.2
2020-03-23,61,525.6307658,176.1,176.1
2020-03-23,63,869.4345759,288.3,288.3
2020-03-23,64,271.5094682,170.4,170.4
2020-03-23,66,864.790811,302.4,302.4
2020-03-23,68,1668.617101,409.8,409.8
2020-03-23,69,877.0027944,277.8,277.8
2020-03-23,71,975.2687349,401.7,401.7
2020-03-23,72,602.0549788,289.5,289.5
2020-03-23,73,565.8922604,166.2,166.2
2020-03-23,74,382.1374042,380.7,380.7
2020-03-23,75,788.1753877,252.3,252.3
2020-03-23,77,709.8622479,384.9,384.9
2020-03-23,8,633.599534,200.1,200.1
2020-03-23,80,588.2112871,364.5,364.5
2020-03-23,81,445.7313916,241.5,241.5
2020-03-23,83,485.0112225,360.6,360.6
2020-03-23,84,756.3169995,255.3,255.3
2020-03-23,88,1501.797061,460.5,460.5
2020-03-23,89,1004.746389,333.9,333.9
2020-03-23,90,421.7829386,238.5,238.5
2020-03-23,92,1068.563892,331.8,331.8
2020-03-23,93,427.7814253,207.9,207.9
2020-03-23,95,949.7218678,322.8,322.8
2020-03-23,96,986.4826113,197.1,197.1
2020-03-23,97,1246.184861,439.2,439.2
2020-03-23,98,1075.293673,315.6,315.6
2020-03-24,10,870.582556,250.8,250.8
2020-03-24,103,868.9354396,324.3,324.3
2020-03-24,105,776.9797597,134.1,134.1
2020-03-24,108,382.2192652,132.9,132.9
2020-03-24,11,845.5411406,140.4,140.4
2020-03-24,110,1191.886713,213.3,213.3
2020-03-24,111,454.2508052,134.1,134.1
2020-03-24,115,804.6987531,274.2,274.2
2020-03-24,118,796.6399865,279.0,279.0
2020-03-24,119,598.9594997,183.6,183.6
2020-03-24,120,627.8882472,108.3,108.3
2020-03-24,122,308.9153846,198.0,198.0
2020-03-24,123,199.5530177,97.2,97.2
2020-03-24,125,805.0731691,183.9,183.9
2020-03-24,126,410.7860248,81.3,81.3
2020-03-24,127,866.3615921,264.0,264.0
2020-03-24,128,1003.393652,162.0,162.0
2020-03-24,131,647.3291409,179.4,179.4
2020-03-24,133,463.0117644,252.6,252.6
2020-03-24,135,1020.024696,342.0,342.0
2020-03-24,136,370.4853971,240.6,240.6
2020-03-24,138,1010.052223,320.1,320.1
2020-03-24,139,233.214187,252.3,252.3
2020-03-24,141,902.487997,305.4,305.4
2020-03-24,142,413.8858875,225.0,225.0
2020-03-24,144,1010.24051,322.2,322.2
2020-03-24,145,741.1490488,218.1,218.1
2020-03-24,146,320.8078412,147.3,147.3
2020-03-24,149,440.8370513,118.5,118.5
2020-03-24,15,555.0751687,327.0,327.0
2020-03-24,151,1081.988216,213.9,213.9
2020-03-24,152,443.0214215,136.2,136.2
2020-03-24,155,502.1072512,121.5,121.5
2020-03-24,157,492.7228712,189.6,189.6
2020-03-24,159,1031.851891,271.8,271.8
2020-03-24,161,372.1110215,114.0,114.0
2020-03-24,163,626.5692365,195.0,195.0
2020-03-24,164,229.6053189,98.1,98.1
2020-03-24,166,640.9444786,194.7,194.7
2020-03-24,168,948.7287707,273.6,273.6
2020-03-24,169,605.0694913,165.3,165.3
2020-03-24,171,590.4488442,269.7,269.7
2020-03-24,172,514.3967677,171.9,171.9
2020-03-24,173,605.7416017,343.8,343.8
2020-03-24,174,474.6136478,263.1,263.1
2020-03-24,175,494.7602457,168.3,168.3
2020-03-24,177,545.1895373,251.1,251.1
2020-03-24,18,461.0184059,308.4,308.4
2020-03-24,180,426.5340696,243.6,243.6
2020-03-24,181,389.2393863,140.7,140.7
2020-03-24,183,172.7531134,246.6,246.6
2020-03-24,184,444.5596803,135.6,135.6
2020-03-24,188,979.1751785,304.5,304.5
2020-03-24,189,890.5539841,234.3,234.3
2020-03-24,19,458.330287,210.9,210.9
2020-03-24,190,394.0937158,128.7,128.7
2020-03-24,192,673.092237,207.9,207.9
2020-03-24,193,367.4276544,123.6,123.6
2020-03-24,195,574.3531317,201.6,201.6
2020-03-24,196,685.06993,119.7,119.7
2020-03-24,197,385.1549217,283.5,283.5
2020-03-24,198,572.5164356,216.3,216.3
2020-03-24,20,449.2707563,132.0,132.0
2020-03-24,22,390.5354351,228.6,228.6
2020-03-24,23,204.5603707,129.9,129.9
2020-03-24,25,884.6742395,195.3,195.3
2020-03-24,26,444.1333053,107.4,107.4
2020-03-24,27,232.7245564,292.8,292.8
2020-03-24,28,756.3369279,214.2,214.2
2020-03-24,3,529.5804257,338.1,338.1
2020-03-24,31,670.9140606,208.2,208.2
2020-03-24,33,909.7231256,293.4,293.4
2020-03-24,35,208.5439161,104.1,104.1
2020-03-24,36,384.8529871,272.1,272.1
2020-03-24,38,627.3232575,109.5,109.5
2020-03-24,39,589.2540902,255.9,255.9
2020-03-24,41,390.2377052,83.1,83.1
2020-03-24,42,330.7807492,247.8,247.8
2020-03-24,44,1069.607595,336.3,336.3
2020-03-24,45,659.4330099,245.4,245.4
2020-03-24,46,458.625504,158.1,158.1
2020-03-24,49,552.0199658,169.2,169.2
2020-03-24,5,1017.291376,165.3,165.3
2020-03-24,51,1015.360983,253.2,253.2
2020-03-24,52,551.8596146,167.1,167.1
2020-03-24,55,489.7919274,152.1,152.1
2020-03-24,57,669.8763255,231.6,231.6
2020-03-24,59,1063.472189,311.4,311.4
2020-03-24,61,366.4467174,132.3,132.3
2020-03-24,63,765.1818375,223.5,223.5
2020-03-24,64,239.806466,122.4,122.4
2020-03-24,66,766.9580845,199.8,199.8
2020-03-24,68,1250.999548,281.1,281.1
2020-03-24,69,643.1210406,206.4,206.4
2020-03-24,71,730.406322,293.4,293.4
2020-03-24,72,335.0085654,204.0,204.0
2020-03-24,73,426.5104554,114.0,114.0
2020-03-24,74,556.5049936,270.6,270.6
2020-03-24,75,398.9783164,185.4,185.4
2020-03-24,77,471.7851881,286.2,286.2
2020-03-24,8,515.9483064,160.2,160.2
2020-03-24,80,512.7785918,282.3,282.3
2020-03-24,81,534.567027,169.2,169.2
2020-03-24,83,413.5704681,275.1,275.1
2020-03-24,84,537.6694061,171.0,171.0
2020-03-24,88,1124.794435,327.0,327.0
2020-03-24,89,884.249824,252.6,252.6
2020-03-24,90,508.3805352,150.6,150.6
2020-03-24,92,749.604595,260.4,260.4
2020-03-24,93,513.2674491,149.7,149.7
2020-03-24,95,476.0389518,250.2,250.2
2020-03-24,96,851.7797735,140.7,140.7
2020-03-24,97,517.9948544,309.3,309.3
2020-03-24,98,794.6677294,226.8,226.8
2020-03-25,10,407.1025741,106.8,106.8
2020-03-25,103,483.5993465,121.5,121.5
2020-03-25,105,771.6288598,47.7,47.7
2020-03-25,108,245.1304866,57.3,57.3
2020-03-25,11,752.2502515,53.1,53.1
2020-03-25,110,541.5263808,86.7,86.7
2020-03-25,111,536.0117592,43.8,43.8
2020-03-25,115,411.0186113,115.5,115.5
2020-03-25,118,330.7591384,106.8,106.8
2020-03-25,119,261.598506,77.1,77.1
2020-03-25,120,567.3294722,45.3,45.3
2020-03-25,122,238.1871775,71.4,71.4
2020-03-25,123,137.8488848,50.1,50.1
2020-03-25,125,435.8194119,78.0,78.0
2020-03-25,126,566.1587677,27.9,27.9
2020-03-25,127,128.8905619,99.9,99.9
2020-03-25,128,743.2370186,63.6,63.6
2020-03-25,131,436.4585019,75.0,75.0
2020-03-25,133,296.3290863,110.4,110.4
2020-03-25,135,324.9269872,119.7,119.7
2020-03-25,136,316.9417226,108.3,108.3
2020-03-25,138,565.8585258,114.0,114.0
2020-03-25,139,145.0893491,97.2,97.2
2020-03-25,141,424.5112614,113.4,113.4
2020-03-25,142,201.4655813,88.2,88.2
2020-03-25,144,607.3281411,120.6,120.6
2020-03-25,145,595.7370515,83.7,83.7
2020-03-25,146,212.0247031,65.1,65.1
2020-03-25,149,223.6429461,51.9,51.9
2020-03-25,15,428.4360337,109.2,109.2
2020-03-25,151,452.9803258,95.7,95.7
2020-03-25,152,192.4992561,47.7,47.7
2020-03-25,155,330.8064318,59.4,59.4
2020-03-25,157,281.1178244,84.3,84.3
2020-03-25,159,620.6370781,97.2,97.2
2020-03-25,161,121.0569245,33.3,33.3
2020-03-25,163,458.0344818,67.8,67.8
2020-03-25,164,145.1010782,52.2,52.2
2020-03-25,166,223.1713698,68.1,68.1
2020-03-25,168,1061.371804,95.1,95.1
2020-03-25,169,311.3572702,82.8,82.8
2020-03-25,171,342.7838628,87.9,87.9
2020-03-25,172,197.0275318,56.4,56.4
2020-03-25,173,560.7703209,130.8,130.8
2020-03-25,174,319.503147,115.2,115.2
2020-03-25,175,268.863636,61.5,61.5
2020-03-25,177,309.6770171,110.1,110.1
2020-03-25,18,357.0344491,118.5,118.5
2020-03-25,180,320.7181482,90.3,90.3
2020-03-25,181,318.6224338,57.9,57.9
2020-03-25,183,202.8226373,103.5,103.5
2020-03-25,184,418.8935612,67.2,67.2
2020-03-25,188,653.4400264,128.7,128.7
2020-03-25,189,841.2331012,83.4,83.4
2020-03-25,19,279.456546,84.9,84.9
2020-03-25,190,326.827283,60.9,60.9
2020-03-25,192,538.7735004,77.7,77.7
2020-03-25,193,167.9599139,50.4,50.4
2020-03-25,195,267.25434,72.0,72.0
2020-03-25,196,217.2100617,60.9,60.9
2020-03-25,197,371.5865586,126.3,126.3
2020-03-25,198,380.5297572,70.2,70.2
2020-03-25,20,310.4169007,51.9,51.9
2020-03-25,22,263.9957282,93.9,93.9
2020-03-25,23,141.2027231,57.6,57.6
2020-03-25,25,677.1462832,86.1,86.1
2020-03-25,26,115.2725913,44.4,44.4
2020-03-25,27,126.1219478,129.3,129.3
2020-03-25,28,591.4264896,78.3,78.3
2020-03-25,3,432.2633964,132.3,132.3
2020-03-25,31,568.2592684,78.6,78.6
2020-03-25,33,350.5460616,96.0,96.0
2020-03-25,35,144.8342419,52.5,52.5
2020-03-25,36,305.9046237,94.5,94.5
2020-03-25,38,762.4582032,30.0,30.0
2020-03-25,39,335.7502832,106.5,106.5
2020-03-25,41,378.4793376,33.3,33.3
2020-03-25,42,175.2873056,94.5,94.5
2020-03-25,44,888.8976342,138.0,138.0
2020-03-25,45,598.3616323,107.1,107.1
2020-03-25,46,227.3528603,58.2,58.2
2020-03-25,49,281.9591367,62.7,62.7
2020-03-25,5,264.9413146,56.7,56.7
2020-03-25,51,590.4815513,100.8,100.8
2020-03-25,52,291.8946243,54.9,54.9
2020-03-25,55,390.3455942,44.7,44.7
2020-03-25,57,284.4374973,76.5,76.5
2020-03-25,59,682.6019475,115.2,115.2
2020-03-25,61,215.5373954,52.8,52.8
2020-03-25,63,377.7018773,90.9,90.9
2020-03-25,64,134.682064,64.5,64.5
2020-03-25,66,558.1472979,95.4,95.4
2020-03-25,68,1156.311713,112.5,112.5
2020-03-25,69,432.8541314,94.5,94.5
2020-03-25,71,388.7368224,103.5,103.5
2020-03-25,72,262.975548,93.9,93.9
2020-03-25,73,576.1985183,58.8,58.8
2020-03-25,74,323.6140293,107.4,107.4
2020-03-25,75,316.8092805,66.9,66.9
2020-03-25,77,408.5307233,123.0,123.0
2020-03-25,8,358.967076,70.5,70.5
2020-03-25,80,362.7218231,108.6,108.6
2020-03-25,81,245.2374067,74.1,74.1
2020-03-25,83,178.8576704,111.9,111.9
2020-03-25,84,399.7511666,62.7,62.7
2020-03-25,88,724.081087,135.3,135.3
2020-03-25,89,868.6113187,107.7,107.7
2020-03-25,90,252.472828,63.6,63.6
2020-03-25,92,448.5448597,83.4,83.4
2020-03-25,93,226.6412399,52.2,52.2
2020-03-25,95,302.5576245,93.9,93.9
2020-03-25,96,1098.519319,70.5,70.5
2020-03-25,97,407.9755518,133.2,133.2
2020-03-25,98,512.395706,79.2,79.2
2020-03-26,10,728.2599605,17.1,17.1
2020-03-26,103,176.2870436,15.0,15.0
2020-03-26,105,484.1767641,0.0,0.0
2020-03-26,108,169.9094364,11.1,11.1
2020-03-26,11,741.3126224,0.0,0.0
2020-03-26,110,1227.204475,0.0,0.0
2020-03-26,111,222.9878011,8.7,8.7
2020-03-26,115,270.1428353,0.0,0.0
2020-03-26,118,263.2874792,10.5,10.5
2020-03-26,119,184.5820172,8.1,8.1
2020-03-26,120,105.6150019,4.5,4.5
2020-03-26,122,108.4764783,9.9,9.9
2020-03-26,123,35.99058555,0.0,0.0
2020-03-26,125,615.912536,15.3,15.3
2020-03-26,126,249.6566764,15.3,15.3
2020-03-26,127,104.6977055,0.0,0.0
2020-03-26,128,806.7482384,17.1,17.1
2020-03-26,131,273.3572867,0.0,0.0
2020-03-26,133,60.04352377,0.0,0.0
2020-03-26,135,94.83474536,18.3,18.3
2020-03-26,136,85.64878615,0.0,0.0
2020-03-26,138,94.69696999,0.0,0.0
2020-03-26,139,93.6709296,4.8,4.8
2020-03-26,141,265.9559952,6.0,6.0
2020-03-26,142,69.99111953,0.0,0.0
2020-03-26,144,2.07139956,8.4,8.4
2020-03-26,145,163.5181714,0.0,0.0
2020-03-26,146,71.20060293,0.0,0.0
2020-03-26,149,139.7275958,7.5,7.5
2020-03-26,15,151.0898812,3.0,3.0
2020-03-26,151,856.9931322,4.2,4.2
2020-03-26,152,550.0504957,0.0,0.0
2020-03-26,155,458.5856172,1.8,1.8
2020-03-26,157,227.746533,0.0,0.0
2020-03-26,159,1054.814074,13.2,13.2
2020-03-26,161,58.65534438,0.0,0.0
2020-03-26,163,29.52260705,0.0,0.0
2020-03-26,164,12.25105568,16.8,16.8
2020-03-26,166,289.368661,4.5,4.5
2020-03-26,168,1571.844104,9.9,9.9
2020-03-26,169,576.5723767,3.9,3.9
2020-03-26,171,323.1109792,3.0,3.0
2020-03-26,172,222.4547148,0.0,0.0
2020-03-26,173,539.2415473,12.6,12.6
2020-03-26,174,201.6272505,14.1,14.1
2020-03-26,175,56.84579498,0.0,0.0
2020-03-26,177,282.4663378,9.6,9.6
2020-03-26,18,68.60998373,6.9,6.9
2020-03-26,180,190.0004921,0.0,0.0
2020-03-26,181,376.1567597,15.6,15.6
2020-03-26,183,20.93883821,0.0,0.0
2020-03-26,184,145.1435923,0.0,0.0
2020-03-26,188,526.4506999,0.0,0.0
2020-03-26,189,711.4663515,0.0,0.0
2020-03-26,19,19.98290083,3.6,3.6
2020-03-26,190,78.63381228,12.3,12.3
2020-03-26,192,306.1461533,17.7,17.7
2020-03-26,193,242.0812176,9.3,9.3
2020-03-26,195,222.5521647,1.2,1.2
2020-03-26,196,345.7608532,3.9,3.9
2020-03-26,197,249.9242388,0.0,0.0
2020-03-26,198,235.7635926,6.9,6.9
2020-03-26,20,238.0244513,6.9,6.9
2020-03-26,22,232.6642615,10.8,10.8
2020-03-26,23,97.09141975,1.8,1.8
2020-03-26,25,485.9221625,13.8,13.8
2020-03-26,26,238.2654258,3.0,3.0
2020-03-26,27,72.67846431,8.7,8.7
2020-03-26,28,448.4376302,0.0,0.0
2020-03-26,3,475.8010857,15.3,15.3
2020-03-26,31,478.1371878,0.0,0.0
2020-03-26,33,84.8964592,0.0,0.0
2020-03-26,35,71.70908727,13.8,13.8
2020-03-26,36,177.8754668,0.0,0.0
2020-03-26,38,187.7501521,3.6,3.6
2020-03-26,39,30.79220842,0.9,0.9
2020-03-26,41,238.1730147,0.0,0.0
2020-03-26,42,48.96617076,15.9,15.9
2020-03-26,44,76.31799228,15.9,15.9
2020-03-26,45,60.09507529,0.0,0.0
2020-03-26,46,287.8910272,0.0,0.0
2020-03-26,49,6.691014005,3.9,3.9
2020-03-26,5,630.8515745,0.0,0.0
2020-03-26,51,173.9421218,0.0,0.0
2020-03-26,52,500.4663692,12.3,12.3
2020-03-26,55,97.76198848,15.0,15.0
2020-03-26,57,35.84649158,3.6,3.6
2020-03-26,59,868.1449923,10.2,10.2
2020-03-26,61,29.29490064,0.0,0.0
2020-03-26,63,619.9866429,0.0,0.0
2020-03-26,64,52.76935138,0.3,0.3
2020-03-26,66,281.7546872,0.0,0.0
2020-03-26,68,527.0735332,10.8,10.8
2020-03-26,69,30.69376493,13.2,13.2
2020-03-26,71,338.8945592,0.0,0.0
2020-03-26,72,181.6633448,11.1,11.1
2020-03-26,73,79.19845768,6.3,6.3
2020-03-26,74,228.1284357,13.8,13.8
2020-03-26,75,293.5294529,0.0,0.0
2020-03-26,77,320.449425,18.0,18.0
2020-03-26,8,11.23001104,7.8,7.8
2020-03-26,80,299.0830502,11.7,11.7
2020-03-26,81,285.8236946,7.8,7.8
2020-03-26,83,48.12458062,18.6,18.6
2020-03-26,84,71.79512494,15.9,15.9
2020-03-26,88,177.7925315,9.6,9.6
2020-03-26,89,912.5456094,6.3,6.3
2020-03-26,90,314.1484313,13.8,13.8
2020-03-26,92,344.6593594,3.3,3.3
2020-03-26,93,55.82293312,16.2,16.2
2020-03-26,95,258.7378111,0.0,0.0
2020-03-26,96,679.2482195,0.0,0.0
2020-03-26,97,73.09016999,0.0,0.0
2020-03-26,98,454.7849336,5.7,5.7
2020-03-27,10,1193.383014,45.6,45.6
2020-03-27,103,438.9098558,40.5,40.5
2020-03-27,105,414.4238048,25.2,25.2
2020-03-27,108,336.7173258,19.2,19.2
2020-03-27,11,491.7599229,26.1,26.1
2020-03-27,110,291.0177655,27.0,27.0
2020-03-27,111,140.8498816,15.0,15.0
2020-03-27,115,197.3834006,44.1,44.1
2020-03-27,118,211.4794515,45.3,45.3
2020-03-27,119,166.1036481,34.5,34.5
2020-03-27,120,178.8591989,28.5,28.5
2020-03-27,122,118.7834541,30.6,30.6
2020-03-27,123,113.071278,9.9,9.9
2020-03-27,125,184.6879327,35.1,35.1
2020-03-27,126,63.5773952,10.8,10.8
2020-03-27,127,134.4062423,35.7,35.7
2020-03-27,128,909.4452892,30.3,30.3
2020-03-27,131,412.2378314,39.9,39.9
2020-03-27,133,142.1209297,36.9,36.9
2020-03-27,135,142.2043137,59.1,59.1
2020-03-27,136,295.2755418,38.4,38.4
2020-03-27,138,741.1655079,57.9,57.9
2020-03-27,139,92.44044094,51.3,51.3
2020-03-27,141,165.566657,61.2,61.2
2020-03-27,142,81.62367604,34.8,34.8
2020-03-27,144,755.6925944,59.1,59.1
2020-03-27,145,204.5101962,21.6,21.6
2020-03-27,146,235.8874865,25.8,25.8
2020-03-27,149,168.8191626,13.2,13.2
2020-03-27,15,388.1610789,57.3,57.3
2020-03-27,151,364.0405263,44.4,44.4
2020-03-27,152,106.9008065,17.4,17.4
2020-03-27,155,265.8799457,6.9,6.9
2020-03-27,157,277.4033682,29.4,29.4
2020-03-27,159,790.0322357,57.6,57.6
2020-03-27,161,86.23097118,29.4,29.4
2020-03-27,163,282.237226,23.4,23.4
2020-03-27,164,105.5750178,18.0,18.0
2020-03-27,166,608.1124748,30.6,30.6
2020-03-27,168,1187.271478,41.1,41.1
2020-03-27,169,91.07698665,34.2,34.2
2020-03-27,171,342.5952577,34.2,34.2
2020-03-27,172,202.742541,27.0,27.0
2020-03-27,173,505.9465183,59.7,59.7
2020-03-27,174,304.067517,52.5,52.5
2020-03-27,175,168.9209,24.9,24.9
2020-03-27,177,356.4923566,44.1,44.1
2020-03-27,18,227.8201584,32.4,32.4
2020-03-27,180,186.1369679,39.3,39.3
2020-03-27,181,157.6414717,35.4,35.4
2020-03-27,183,113.8038002,33.6,33.6
2020-03-27,184,334.518361,26.4,26.4
2020-03-27,188,371.9024718,42.6,42.6
2020-03-27,189,406.0901236,42.3,42.3
2020-03-27,19,272.6657096,37.8,37.8
2020-03-27,190,237.4736544,30.6,30.6
2020-03-27,192,488.097333,27.0,27.0
2020-03-27,193,333.4933264,25.5,25.5
2020-03-27,195,143.4608377,45.3,45.3
2020-03-27,196,487.2084669,23.4,23.4
2020-03-27,197,308.5011184,57.3,57.3
2020-03-27,198,174.3866435,28.5,28.5
2020-03-27,20,475.7442906,12.3,12.3
2020-03-27,22,247.9528034,28.8,28.8
2020-03-27,23,99.75459755,28.5,28.5
2020-03-27,25,560.7781311,32.7,32.7
2020-03-27,26,394.9820886,13.2,13.2
2020-03-27,27,116.5685177,47.4,47.4
2020-03-27,28,1046.331049,25.5,25.5
2020-03-27,3,291.0071938,60.3,60.3
2020-03-27,31,659.0915258,36.6,36.6
2020-03-27,33,116.8615485,33.0,33.0
2020-03-27,35,82.08476429,18.6,18.6
2020-03-27,36,116.731255,32.4,32.4
2020-03-27,38,268.3210423,17.7,17.7
2020-03-27,39,94.1949036,54.3,54.3
2020-03-27,41,397.4388327,15.9,15.9
2020-03-27,42,168.5501922,50.4,50.4
2020-03-27,44,749.8825838,39.3,39.3
2020-03-27,45,153.4077767,25.5,25.5
2020-03-27,46,278.0519258,22.5,22.5
2020-03-27,49,246.7280923,35.7,35.7
2020-03-27,5,474.5732672,38.7,38.7
2020-03-27,51,163.2280669,35.7,35.7
2020-03-27,52,161.5677967,27.0,27.0
2020-03-27,55,322.4359211,12.9,12.9
2020-03-27,57,276.1159896,37.5,37.5
2020-03-27,59,381.5396414,44.4,44.4
2020-03-27,61,67.00713719,10.8,10.8
2020-03-27,63,465.352242,29.1,29.1
2020-03-27,64,118.1537593,33.0,33.0
2020-03-27,66,106.3128611,29.1,29.1
2020-03-27,68,466.2022121,44.4,44.4
2020-03-27,69,192.6936438,17.7,17.7
2020-03-27,71,266.7429746,40.5,40.5
2020-03-27,72,83.18690343,44.7,44.7
2020-03-27,73,229.1253835,31.8,31.8
2020-03-27,74,224.2677748,30.0,30.0
2020-03-27,75,139.8327874,38.4,38.4
2020-03-27,77,354.6089751,38.1,38.1
2020-03-27,8,273.0855992,26.4,26.4
2020-03-27,80,216.2074547,46.5,46.5
2020-03-27,81,278.4071919,16.2,16.2
2020-03-27,83,101.3599744,31.5,31.5
2020-03-27,84,240.9626491,25.5,25.5
2020-03-27,88,259.4928354,41.1,41.1
2020-03-27,89,198.7528928,51.6,51.6
2020-03-27,90,121.2948953,15.0,15.0
2020-03-27,92,519.520829,50.7,50.7
2020-03-27,93,225.8092709,11.7,11.7
2020-03-27,95,101.0963104,46.8,46.8
2020-03-27,96,803.9955797,23.4,23.4
2020-03-27,97,319.9118096,51.6,51.6
2020-03-27,98,318.7807041,25.2,25.2
2020-03-28,10,1229.218805,158.1,158.1
2020-03-28,103,537.8300518,209.7,209.7
2020-03-28,105,366.2878206,89.7,89.7
2020-03-28,108,284.8373215,80.1,80.1
2020-03-28,11,513.0593526,93.9,93.9
2020-03-28,110,1060.46534,142.8,142.8
2020-03-28,111,709.0175922,75.3,75.3
2020-03-28,115,541.2844364,195.0,195.0
2020-03-28,118,591.2287256,194.1,194.1
2020-03-28,119,315.2301503,146.7,146.7
2020-03-28,120,218.2551949,59.7,59.7
2020-03-28,122,421.7632443,119.4,119.4
2020-03-28,123,165.0633382,55.2,55.2
2020-03-28,125,853.6735694,124.8,124.8
2020-03-28,126,386.0378438,55.2,55.2
2020-03-28,127,528.8057743,182.7,182.7
2020-03-28,128,641.9986274,120.3,120.3
2020-03-28,131,446.6782888,125.7,125.7
2020-03-28,133,234.9389848,182.4,182.4
2020-03-28,135,768.6375865,222.9,222.9
2020-03-28,136,380.1030863,184.8,184.8
2020-03-28,138,722.5906592,230.4,230.4
2020-03-28,139,187.1888611,179.1,179.1
2020-03-28,141,559.2407617,221.1,221.1
2020-03-28,142,94.02351972,165.6,165.6
2020-03-28,144,826.7397904,227.1,227.1
2020-03-28,145,617.8565702,159.9,159.9
2020-03-28,146,291.4785549,87.9,87.9
2020-03-28,149,332.1886463,99.0,99.0
2020-03-28,15,561.8615604,214.2,214.2
2020-03-28,151,911.7757978,149.1,149.1
2020-03-28,152,458.2107335,77.7,77.7
2020-03-28,155,452.893097,88.5,88.5
2020-03-28,157,368.4829667,138.3,138.3
2020-03-28,159,710.5115724,198.6,198.6
2020-03-28,161,201.4435335,61.2,61.2
2020-03-28,163,592.7226592,142.5,142.5
2020-03-28,164,240.9242101,55.8,55.8
2020-03-28,166,590.0854993,122.1,122.1
2020-03-28,168,1149.76203,178.8,178.8
2020-03-28,169,589.3449814,138.9,138.9
2020-03-28,171,577.1374532,194.4,194.4
2020-03-28,172,316.4041673,129.6,129.6
2020-03-28,173,678.8660185,225.0,225.0
2020-03-28,174,478.4117982,168.6,168.6
2020-03-28,175,403.7140643,130.2,130.2
2020-03-28,177,508.1578005,172.2,172.2
2020-03-28,18,345.1078179,213.0,213.0
2020-03-28,180,489.4666815,157.5,157.5
2020-03-28,181,381.0048222,116.7,116.7
2020-03-28,183,234.1778374,171.0,171.0
2020-03-28,184,360.5031474,107.4,107.4
2020-03-28,188,760.0426852,204.6,204.6
2020-03-28,189,804.6894199,158.1,158.1
2020-03-28,19,296.9804325,144.0,144.0
2020-03-28,190,347.6485917,101.4,101.4
2020-03-28,192,573.7935894,160.8,160.8
2020-03-28,193,327.0840995,92.7,92.7
2020-03-28,195,330.4959582,146.1,146.1
2020-03-28,196,1003.108108,93.9,93.9
2020-03-28,197,666.423367,210.3,210.3
2020-03-28,198,479.8910695,156.6,156.6
2020-03-28,20,400.2410104,94.5,94.5
2020-03-28,22,415.0608534,138.0,138.0
2020-03-28,23,207.0066518,99.0,99.0
2020-03-28,25,960.8979117,135.9,135.9
2020-03-28,26,585.4246659,85.8,85.8
2020-03-28,27,193.3579754,192.3,192.3
2020-03-28,28,641.5970899,131.4,131.4
2020-03-28,3,718.9126432,221.1,221.1
2020-03-28,31,616.1252217,142.8,142.8
2020-03-28,33,332.0585844,206.4,206.4
2020-03-28,35,232.6372459,57.0,57.0
2020-03-28,36,396.734732,176.4,176.4
2020-03-28,38,559.6573766,72.3,72.3
2020-03-28,39,486.7237507,189.9,189.9
2020-03-28,41,352.1311428,76.2,76.2
2020-03-28,42,184.3760392,168.9,168.9
2020-03-28,44,867.930517,240.3,240.3
2020-03-28,45,593.5662627,170.7,170.7
2020-03-28,46,326.992481,106.2,106.2
2020-03-28,49,356.648545,116.7,116.7
2020-03-28,5,1017.420555,108.3,108.3
2020-03-28,51,907.6635115,183.9,183.9
2020-03-28,52,469.9530683,113.7,113.7
2020-03-28,55,483.8049424,108.0,108.0
2020-03-28,57,429.6455834,152.4,152.4
2020-03-28,59,903.9474576,210.6,210.6
2020-03-28,61,111.0394327,97.8,97.8
2020-03-28,63,575.7395132,149.1,149.1
2020-03-28,64,197.4726528,99.6,99.6
2020-03-28,66,555.0421346,149.7,149.7
2020-03-28,68,1476.241065,213.0,213.0
2020-03-28,69,488.5536979,152.7,152.7
2020-03-28,71,685.5914933,209.7,209.7
2020-03-28,72,377.0267379,142.5,142.5
2020-03-28,73,335.360216,81.3,81.3
2020-03-28,74,450.1401583,210.3,210.3
2020-03-28,75,432.1179621,138.6,138.6
2020-03-28,77,584.7724314,199.8,199.8
2020-03-28,8,356.1611346,119.4,119.4
2020-03-28,80,365.8673384,199.2,199.2
2020-03-28,81,436.8666905,116.4,116.4
2020-03-28,83,448.6436567,184.2,184.2
2020-03-28,84,426.6203223,114.3,114.3
2020-03-28,88,782.9547609,233.7,233.7
2020-03-28,89,824.5215987,175.2,175.2
2020-03-28,90,393.7220786,116.7,116.7
2020-03-28,92,637.0246062,177.6,177.6
2020-03-28,93,341.2529442,115.2,115.2
2020-03-28,95,396.3247352,167.1,167.1
2020-03-28,96,1038.151747,93.6,93.6
2020-03-28,97,488.3927486,236.1,236.1
2020-03-28,98,578.5336149,174.6,174.6
2020-03-29,10,1017.151519,302.7,302.7
2020-03-29,103,953.7544263,387.6,387.6
2020-03-29,105,823.8324477,151.2,151.2
2020-03-29,108,561.4486671,149.7,149.7
2020-03-29,11,768.0235989,189.0,189.0
2020-03-29,110,969.9625394,251.7,251.7
2020-03-29,111,859.2648622,150.9,150.9
2020-03-29,115,477.6682005,358.8,358.8
2020-03-29,118,1073.134927,342.6,342.6
2020-03-29,119,280.8442173,227.7,227.7
2020-03-29,120,642.4920726,131.4,131.4
2020-03-29,122,469.6971606,230.7,230.7
2020-03-29,123,172.7681455,113.4,113.4
2020-03-29,125,916.8973693,227.4,227.4
2020-03-29,126,436.9084192,105.3,105.3
2020-03-29,127,909.8425236,318.9,318.9
2020-03-29,128,852.7331368,216.9,216.9
2020-03-29,131,660.9253397,207.3,207.3
2020-03-29,133,634.1236359,295.5,295.5
2020-03-29,135,462.4825537,408.3,408.3
2020-03-29,136,455.8157482,313.8,313.8
2020-03-29,138,873.9326229,399.0,399.0
2020-03-29,139,292.610329,301.2,301.2
2020-03-29,141,790.4838045,392.1,392.1
2020-03-29,142,678.218771,277.8,277.8
2020-03-29,144,1184.100594,391.8,391.8
2020-03-29,145,800.232947,284.4,284.4
2020-03-29,146,471.9209786,156.3,156.3
2020-03-29,149,320.1626511,162.6,162.6
2020-03-29,15,1260.922649,395.7,395.7
2020-03-29,151,944.4518933,272.7,272.7
2020-03-29,152,517.3843285,162.6,162.6
2020-03-29,155,497.0607892,145.5,145.5
2020-03-29,157,387.3353362,263.1,263.1
2020-03-29,159,1129.99269,347.1,347.1
2020-03-29,161,206.0576661,144.3,144.3
2020-03-29,163,789.0811019,223.8,223.8
2020-03-29,164,331.7933488,119.7,119.7
2020-03-29,166,775.2204723,234.6,234.6
2020-03-29,168,1520.568741,319.2,319.2
2020-03-29,169,684.2665671,224.1,224.1
2020-03-29,171,869.3215548,308.1,308.1
2020-03-29,172,501.7345727,223.5,223.5
2020-03-29,173,936.6454669,435.3,435.3
2020-03-29,174,613.1056586,306.6,306.6
2020-03-29,175,486.7129931,215.7,215.7
2020-03-29,177,921.3785278,295.2,295.2
2020-03-29,18,423.1722717,384.3,384.3
2020-03-29,180,575.5016705,298.8,298.8
2020-03-29,181,434.9688873,190.8,190.8
2020-03-29,183,722.1785895,304.5,304.5
2020-03-29,184,558.9139707,177.3,177.3
2020-03-29,188,1103.089651,384.6,384.6
2020-03-29,189,887.918939,272.1,272.1
2020-03-29,19,786.9326042,280.8,280.8
2020-03-29,190,596.0073139,170.7,170.7
2020-03-29,192,820.3691578,266.1,266.1
2020-03-29,193,372.2044999,171.6,171.6
2020-03-29,195,759.3434587,258.3,258.3
2020-03-29,196,480.0472756,141.6,141.6
2020-03-29,197,961.3435819,375.9,375.9
2020-03-29,198,738.7369224,264.9,264.9
2020-03-29,20,674.11908,156.0,156.0
2020-03-29,22,458.0738591,274.2,274.2
2020-03-29,23,472.4737792,141.9,141.9
2020-03-29,25,960.8252448,270.9,270.9
2020-03-29,26,580.9037598,164.1,164.1
2020-03-29,27,1097.721861,363.6,363.6
2020-03-29,28,985.938653,240.3,240.3
2020-03-29,3,989.1155256,430.5,430.5
2020-03-29,31,786.7507271,231.3,231.3
2020-03-29,33,793.607484,348.0,348.0
2020-03-29,35,158.9584625,133.8,133.8
2020-03-29,36,537.6379847,336.6,336.6
2020-03-29,38,551.7254183,133.8,133.8
2020-03-29,39,375.4578922,327.9,327.9
2020-03-29,41,446.0053792,103.5,103.5
2020-03-29,42,762.1969671,336.3,336.3
2020-03-29,44,1366.218845,426.6,426.6
2020-03-29,45,730.6092923,315.0,315.0
2020-03-29,46,432.3170322,205.5,205.5
2020-03-29,49,487.0432985,207.6,207.6
2020-03-29,5,714.4946642,207.3,207.3
2020-03-29,51,995.1661892,303.3,303.3
2020-03-29,52,584.3711473,206.1,206.1
2020-03-29,55,582.4056032,180.3,180.3
2020-03-29,57,403.8976946,292.2,292.2
2020-03-29,59,1302.931097,389.4,389.4
2020-03-29,61,105.1945078,155.7,155.7
2020-03-29,63,862.0910683,261.3,261.3
2020-03-29,64,467.6883068,168.3,168.3
2020-03-29,66,776.1485241,256.5,256.5
2020-03-29,68,1661.962778,365.7,365.7
2020-03-29,69,633.0147683,243.0,243.0
2020-03-29,71,921.6367689,368.1,368.1
2020-03-29,72,527.0836393,257.1,257.1
2020-03-29,73,492.5176239,127.2,127.2
2020-03-29,74,768.5516743,339.9,339.9
2020-03-29,75,673.4083568,236.4,236.4
2020-03-29,77,432.0564264,351.3,351.3
2020-03-29,8,463.0021148,206.1,206.1
2020-03-29,80,485.8095219,344.1,344.1
2020-03-29,81,711.3782153,241.2,241.2
2020-03-29,83,213.5485133,333.3,333.3
2020-03-29,84,684.6608153,209.4,209.4
2020-03-29,88,1381.596611,417.0,417.0
2020-03-29,89,1045.962478,309.9,309.9
2020-03-29,90,651.5952344,193.2,193.2
2020-03-29,92,810.9733995,307.8,307.8
2020-03-29,93,424.3975848,194.7,194.7
2020-03-29,95,476.5730369,310.5,310.5
2020-03-29,96,878.4702165,185.1,185.1
2020-03-29,97,1356.292663,403.2,403.2
2020-03-29,98,797.9438229,290.4,290.4
2020-03-30,10,1179.281568,332.7,332.7
2020-03-30,103,826.9266586,424.2,424.2
2020-03-30,105,659.7494452,197.4,197.4
2020-03-30,108,466.6584929,174.0,174.0
2020-03-30,11,815.5893969,195.0,195.0
2020-03-30,110,1196.143288,295.8,295.8
2020-03-30,111,907.803672,176.7,176.7
2020-03-30,115,887.2900691,399.9,399.9
2020-03-30,118,712.1723451,375.9,375.9
2020-03-30,119,334.3390496,276.0,276.0
2020-03-30,120,618.0125985,135.6,135.6
2020-03-30,122,601.6496222,255.9,255.9
2020-03-30,123,427.5108609,120.3,120.3
2020-03-30,125,878.1079863,257.4,257.4
2020-03-30,126,487.4800643,117.9,117.9
2020-03-30,127,528.0108832,362.7,362.7
2020-03-30,128,941.8782147,250.2,250.2
2020-03-30,131,716.3560981,233.4,233.4
2020-03-30,133,641.5327518,329.7,329.7
2020-03-30,135,867.0943848,447.3,447.3
2020-03-30,136,1088.239864,341.1,341.1
2020-03-30,138,1172.119033,462.6,462.6
2020-03-30,139,393.2544841,313.2,313.2
2020-03-30,141,847.6308735,437.7,437.7
2020-03-30,142,558.2583329,321.3,321.3
2020-03-30,144,1104.18696,431.4,431.4
2020-03-30,145,989.6479946,323.7,323.7
2020-03-30,146,448.8206792,196.5,196.5
2020-03-30,149,328.6438041,190.2,190.2
2020-03-30,15,1186.708248,423.3,423.3
2020-03-30,151,1025.56281,308.7,308.7
2020-03-30,152,558.0357953,181.8,181.8
2020-03-30,155,519.2601301,162.0,162.0
2020-03-30,157,562.1464451,287.7,287.7
2020-03-30,159,1199.712146,389.7,389.7
2020-03-30,161,173.8875585,133.8,133.8
2020-03-30,163,821.5643541,246.3,246.3
2020-03-30,164,188.2155095,143.7,143.7
2020-03-30,166,851.8966885,260.7,260.7
2020-03-30,168,1285.568717,362.1,362.1
2020-03-30,169,655.9758235,259.2,259.2
2020-03-30,171,957.6012607,359.7,359.7
2020-03-30,172,581.0007127,247.2,247.2
2020-03-30,173,596.542542,477.9,477.9
2020-03-30,174,1132.281578,363.3,363.3
2020-03-30,175,634.2783171,230.1,230.1
2020-03-30,177,798.7983203,333.0,333.0
2020-03-30,18,402.0241057,419.1,419.1
2020-03-30,180,939.1024502,339.9,339.9
2020-03-30,181,412.338095,215.7,215.7
2020-03-30,183,973.7606262,324.6,324.6
2020-03-30,184,669.621429,210.3,210.3
2020-03-30,188,1271.966679,434.7,434.7
2020-03-30,189,1047.210605,312.9,312.9
2020-03-30,19,786.24174,295.5,295.5
2020-03-30,190,576.7885752,194.1,194.1
2020-03-30,192,677.5514546,307.2,307.2
2020-03-30,193,505.7536211,171.0,171.0
2020-03-30,195,622.4757775,284.7,284.7
2020-03-30,196,1102.618408,156.9,156.9
2020-03-30,197,972.9650503,411.0,411.0
2020-03-30,198,633.5093761,297.9,297.9
2020-03-30,20,668.3017525,176.7,176.7
2020-03-30,22,419.1017082,305.1,305.1
2020-03-30,23,345.2828516,176.7,176.7
2020-03-30,25,971.0506447,287.1,287.1
2020-03-30,26,598.7168333,168.6,168.6
2020-03-30,27,625.5588343,387.9,387.9
2020-03-30,28,1011.464972,282.6,282.6
2020-03-30,3,1346.088984,474.9,474.9
2020-03-30,31,803.2221338,267.3,267.3
2020-03-30,33,399.8358567,382.5,382.5
2020-03-30,35,165.1728393,155.1,155.1
2020-03-30,36,1226.393371,373.8,373.8
2020-03-30,38,753.0759766,144.3,144.3
2020-03-30,39,662.648288,362.4,362.4
2020-03-30,41,418.9154025,137.4,137.4
2020-03-30,42,191.5670386,343.5,343.5
2020-03-30,44,993.698464,483.9,483.9
2020-03-30,45,986.6084848,361.8,361.8
2020-03-30,46,597.0113677,228.9,228.9
2020-03-30,49,487.0373486,233.1,233.1
2020-03-30,5,1001.045499,231.9,231.9
2020-03-30,51,1154.984145,346.5,346.5
2020-03-30,52,658.5956911,216.6,216.6
2020-03-30,55,569.6288769,216.9,216.9
2020-03-30,57,761.3926821,315.6,315.6
2020-03-30,59,1091.000807,426.3,426.3
2020-03-30,61,366.8940149,191.7,191.7
2020-03-30,63,644.510815,301.8,301.8
2020-03-30,64,467.0736338,169.2,169.2
2020-03-30,66,822.1975607,284.7,284.7
2020-03-30,68,1567.00824,416.4,416.4
2020-03-30,69,941.5247389,294.0,294.0
2020-03-30,71,764.4876934,404.7,404.7
2020-03-30,72,531.6643296,261.6,261.6
2020-03-30,73,554.9788827,159.9,159.9
2020-03-30,74,1241.44067,396.9,396.9
2020-03-30,75,695.2656507,268.5,268.5
2020-03-30,77,506.1157811,367.2,367.2
2020-03-30,8,419.8467781,209.7,209.7
2020-03-30,80,421.7347711,359.1,359.1
2020-03-30,81,488.4222605,242.4,242.4
2020-03-30,83,728.0710443,364.2,364.2
2020-03-30,84,506.3994971,243.3,243.3
2020-03-30,88,1094.025419,478.2,478.2
2020-03-30,89,950.006596,338.4,338.4
2020-03-30,90,547.3979018,227.1,227.1
2020-03-30,92,728.4989068,341.7,341.7
2020-03-30,93,663.2144587,208.8,208.8
2020-03-30,95,528.6387002,340.2,340.2
2020-03-30,96,751.3726502,209.4,209.4
2020-03-30,97,1153.605486,432.9,432.9
2020-03-30,98,656.8598383,333.3,333.3
2020-03-31,10,1100.539691,225.9,225.9
2020-03-31,103,751.01024,323.4,323.4
2020-03-31,105,469.8339708,129.9,129.9
2020-03-31,108,375.1879205,120.0,120.0
2020-03-31,11,613.6116682,158.7,158.7
2020-03-31,110,1344.82634,201.0,201.0
2020-03-31,111,564.9743909,121.8,121.8
2020-03-31,115,456.8554123,272.4,272.4
2020-03-31,118,429.0486048,268.8,268.8
2020-03-31,119,431.877429,184.8,184.8
2020-03-31,120,597.5715279,95.7,95.7
2020-03-31,122,544.3592905,190.2,190.2
2020-03-31,123,158.7518245,99.0,99.0
2020-03-31,125,669.8336775,183.0,183.0
2020-03-31,126,568.8906552,81.6,81.6
2020-03-31,127,138.5031992,270.6,270.6
2020-03-31,128,999.9708486,159.0,159.0
2020-03-31,131,602.6188416,153.9,153.9
2020-03-31,133,712.1345845,252.6,252.6
2020-03-31,135,435.9668082,322.5,322.5
2020-03-31,136,512.8157609,252.3,252.3
2020-03-31,138,1017.041901,315.9,315.9
2020-03-31,139,431.0800277,240.9,240.9
2020-03-31,141,799.0097488,330.3,330.3
2020-03-31,142,293.0929143,227.7,227.7
2020-03-31,144,988.5029602,324.3,324.3
2020-03-31,145,694.4658592,236.4,236.4
2020-03-31,146,351.1126258,138.0,138.0
2020-03-31,149,460.2528554,127.5,127.5
2020-03-31,15,547.2385789,321.6,321.6
2020-03-31,151,921.0362821,203.7,203.7
2020-03-31,152,493.7465405,134.7,134.7
2020-03-31,155,437.6976005,109.2,109.2
2020-03-31,157,620.4286587,191.4,191.4
2020-03-31,159,955.4559089,297.9,297.9
2020-03-31,161,251.7760212,92.4,92.4
2020-03-31,163,630.5599434,174.9,174.9
2020-03-31,164,190.174989,95.4,95.4
2020-03-31,166,678.4722923,180.3,180.3
2020-03-31,168,1702.212076,255.9,255.9
2020-03-31,169,592.8193085,169.5,169.5
2020-03-31,171,389.9041069,251.7,251.7
2020-03-31,172,365.4716594,183.3,183.3
2020-03-31,173,985.564254,341.1,341.1
2020-03-31,174,504.5085311,254.4,254.4
2020-03-31,175,549.3640987,156.0,156.0
2020-03-31,177,754.4092035,255.9,255.9
2020-03-31,18,792.032849,298.8,298.8
2020-03-31,180,384.7644453,230.4,230.4
2020-03-31,181,496.9603052,150.6,150.6
2020-03-31,183,541.3707841,237.3,237.3
2020-03-31,184,470.149857,147.9,147.9
2020-03-31,188,870.9254757,324.0,324.0
2020-03-31,189,860.180071,229.5,229.5
2020-03-31,19,402.2423437,211.8,211.8
2020-03-31,190,402.2121617,142.2,142.2
2020-03-31,192,679.6586377,217.2,217.2
2020-03-31,193,395.2318471,122.4,122.4
2020-03-31,195,642.2368941,212.7,212.7
2020-03-31,196,822.2583724,132.6,132.6
2020-03-31,197,775.5837916,282.0,282.0
2020-03-31,198,570.8904611,201.0,201.0
2020-03-31,20,628.9980103,123.0,123.0
2020-03-31,22,374.1516225,216.0,216.0
2020-03-31,23,239.1116236,139.5,139.5
2020-03-31,25,871.5022576,220.2,220.2
2020-03-31,26,440.2157781,118.5,118.5
2020-03-31,27,520.6617972,292.8,292.8
2020-03-31,28,871.2752665,216.6,216.6
2020-03-31,3,601.0827057,330.0,330.0
2020-03-31,31,644.415706,203.4,203.4
2020-03-31,33,721.7592812,271.5,271.5
2020-03-31,35,128.9557164,91.5,91.5
2020-03-31,36,336.1001575,278.1,278.1
2020-03-31,38,421.2277486,98.1,98.1
2020-03-31,39,238.2783184,280.8,280.8
2020-03-31,41,380.7784275,87.6,87.6
2020-03-31,42,241.4306595,273.3,273.3
2020-03-31,44,1157.51767,331.8,331.8
2020-03-31,45,846.5297308,260.7,260.7
2020-03-31,46,537.8355102,159.6,159.6
2020-03-31,49,414.6149199,161.4,161.4
2020-03-31,5,588.1867311,163.8,163.8
2020-03-31,51,867.2648178,231.6,231.6
2020-03-31,52,531.6054474,148.5,148.5
2020-03-31,55,500.5649836,145.2,145.2
2020-03-31,57,439.6923068,220.5,220.5
2020-03-31,59,1053.291416,298.2,298.2
2020-03-31,61,164.3088451,130.8,130.8
2020-03-31,63,635.0074114,223.5,223.5
2020-03-31,64,374.0060047,115.5,115.5
2020-03-31,66,747.8446145,203.1,203.1
2020-03-31,68,1362.76619,291.6,291.6
2020-03-31,69,597.8710187,205.2,205.2
2020-03-31,71,376.2416296,293.7,293.7
2020-03-31,72,408.6200208,196.2,196.2
2020-03-31,73,352.1520027,123.6,123.6
2020-03-31,74,712.7745981,273.0,273.0
2020-03-31,75,378.3263718,192.3,192.3
2020-03-31,77,786.6024368,272.7,272.7
2020-03-31,8,423.5243895,146.7,146.7
2020-03-31,80,732.7981747,279.0,279.0
2020-03-31,81,564.9449728,170.7,170.7
2020-03-31,83,374.0843582,249.3,249.3
2020-03-31,84,605.6147291,170.1,170.1
2020-03-31,88,1083.803434,354.9,354.9
2020-03-31,89,828.5534219,252.0,252.0
2020-03-31,90,480.1848062,154.5,154.5
2020-03-31,92,667.3332127,250.5,250.5
2020-03-31,93,448.4078817,167.1,167.1
2020-03-31,95,319.6837876,247.5,247.5
2020-03-31,96,565.1326905,148.8,148.8
2020-03-31,97,488.2621382,322.8,322.8
2020-03-31,98,574.9474164,247.8,247.8
2020-04-01,10,895.407275258114,196.96322783393893,0.0
2020-04-01,103,39.13928830683341,0.0,0.0
2020-04-01,105,552.2297791601347,202.12921829314914,0.0
2020-04-01,108,201.52736001731026,202.09102877943985,0.0
2020-04-01,11,449.03199740570807,0.0,0.0
2020-04-01,110,937.7294659776657,205.3197049378043,0.0
2020-04-01,111,531.4385071988485,201.26284422998313,0.0
2020-04-01,115,118.78276862499246,0.0,0.0
2020-04-01,118,326.80522873364214,202.22099163645336,0.0
2020-04-01,119,650.3601382057811,205.5066147886788,195.42261485454853
2020-04-01,120,401.9108890446264,202.33272655725062,0.0
2020-04-01,122,238.72077546212674,206.73112878101375,0.0
2020-04-01,123,83.02620774662279,202.61125318008888,0.0
2020-04-01,125,545.4624240576877,199.51042376778548,0.0
2020-04-01,126,156.64964783818033,0.0,0.0
2020-04-01,127,349.95617007827997,204.44518561139947,0.0
2020-04-01,128,501.6585178866044,202.86872210502207,0.0
2020-04-01,131,523.3800603937129,193.61847791730833,0.0
2020-04-01,133,291.24059704311503,193.5584619126823,0.0
2020-04-01,135,241.89562198163821,201.46357741070926,0.0
2020-04-01,136,308.36921585342554,200.7276059888412,0.0
2020-04-01,138,73.02157998487087,0.0,0.0
2020-04-01,139,297.3251896700726,200.7049134980603,0.0
2020-04-01,141,410.6629248107085,207.94313464021798,0.0
2020-04-01,142,287.07775164430495,203.4770123727515,0.0
2020-04-01,144,88.07294973565331,0.0,0.0
2020-04-01,145,398.73846478130383,199.44245586428528,0.0
2020-04-01,146,602.9705072486823,195.9751675957372,200.63229609530345
2020-04-01,149,631.4201460182555,198.0615004179572,197.4856562316452
2020-04-01,15,434.6468803000372,197.9319216718518,0.0
2020-04-01,151,714.8100994976879,197.61177208697998,0.0
2020-04-01,152,665.1009111752498,193.72432314013304,0.0
2020-04-01,155,396.2767279525033,199.36172659240904,0.0
2020-04-01,157,316.21519482950464,197.19696181576344,0.0
2020-04-01,159,1052.1451255337204,185.35275654998867,0.0
2020-04-01,161,110.40220744105432,210.2648601225083,0.0
2020-04-01,163,451.60658781450036,205.44384827108337,0.0
2020-04-01,164,123.49511627874517,198.11849637537503,0.0
2020-04-01,166,690.2839141386213,200.09409524870298,0.0
2020-04-01,168,580.3444478007791,194.1417282634122,0.0
2020-04-01,169,534.7371483839776,208.47861438905431,0.0
2020-04-01,171,804.3277922389553,209.48644347386556,205.8943296851847
2020-04-01,172,0.0,0.0,0.0
2020-04-01,173,558.5609252397244,205.1176532209267,0.0
2020-04-01,174,0.0,0.0,0.0
2020-04-01,175,346.626105042822,193.31637280562035,0.0
2020-04-01,177,404.54918868118955,197.94088315518172,0.0
2020-04-01,18,797.9815748728677,200.65963983385979,206.5558114830181
2020-04-01,180,336.8715894193839,197.7272614062828,0.0
2020-04-01,181,388.3245777102699,198.9067336128248,0.0
2020-04-01,183,686.5143418566729,199.54300221245444,204.32034991069474
2020-04-01,184,350.42710608692977,199.5956075106727,0.0
2020-04-01,188,535.3214187618253,200.26129245248742,0.0
2020-04-01,189,706.3775941249603,194.696974668017,0.0
2020-04-01,19,302.4992895172725,196.4149192543603,0.0
2020-04-01,190,0.0,0.0,0.0
2020-04-01,192,698.1658084137931,204.889077748431,201.53067276551377
2020-04-01,193,181.8995538472395,189.47176529079837,0.0
2020-04-01,195,294.9159953367001,205.76795171658463,0.0
2020-04-01,196,952.7095185707813,206.9317469863142,0.0
2020-04-01,197,769.5642526671302,198.4890970650869,198.8447023157955
2020-04-01,198,439.3949026664015,186.9843145608635,0.0
2020-04-01,20,567.5519158334579,198.19344719016354,0.0
2020-04-01,22,0.0,0.0,0.0
2020-04-01,23,0.0,0.0,0.0
2020-04-01,25,571.9389216088223,197.42390803095878,0.0
2020-04-01,26,0.0,0.0,0.0
2020-04-01,27,309.4463185492954,203.3246358115087,0.0
2020-04-01,28,562.3066473328926,195.3771794281095,0.0
2020-04-01,3,870.4497116443117,192.01200415202283,194.04062647904374
2020-04-01,31,509.3241758788069,198.36491341195114,0.0
2020-04-01,33,286.0651912327022,198.9327161032478,0.0
2020-04-01,35,137.65508626767726,202.48099593681658,0.0
2020-04-01,36,323.8034272049177,197.3234164371617,0.0
2020-04-01,38,830.9412735255664,202.5574978768093,209.717644405611
2020-04-01,39,293.85361984499065,209.67577020030114,0.0
2020-04-01,41,652.9341944525816,204.0775051122213,196.20163491123722
2020-04-01,42,200.72938947194928,199.75955746334614,0.0
2020-04-01,44,369.95751961900925,0.0,0.0
2020-04-01,45,425.06424846251934,198.21663432910066,0.0
2020-04-01,46,205.055294301515,205.90320456226073,0.0
2020-04-01,49,317.22740004439225,196.8634327702435,0.0
2020-04-01,5,979.8138672909271,200.22611354499992,0.0
2020-04-01,51,1156.5594860344534,200.25598950940542,0.0
2020-04-01,52,636.6078038605526,197.49107903594233,0.0
2020-04-01,55,289.8435186693935,193.1376722605795,0.0
2020-04-01,57,309.90060498440323,201.61487251808833,0.0
2020-04-01,59,467.29320711836215,199.6949801407231,0.0
2020-04-01,61,0.0,0.0,0.0
2020-04-01,63,759.7447370538354,197.33199846780417,203.3182317351642
2020-04-01,64,156.44396310482426,206.10410649406523,0.0
2020-04-01,66,177.48320718750233,0.0,0.0
2020-04-01,68,2224.5103868030837,208.56020142008947,205.297827863117
2020-04-01,69,538.9934647048085,191.2618174508587,0.0
2020-04-01,71,0.0,0.0,0.0
2020-04-01,72,259.67784419651156,202.3771534126331,0.0
2020-04-01,73,306.0436071792082,196.0222146602956,0.0
2020-04-01,74,309.55142585890457,202.12196968930508,0.0
2020-04-01,75,344.3655571437608,206.3975933488008,0.0
2020-04-01,77,414.96245280000926,188.9159058032297,0.0
2020-04-01,8,0.0,0.0,0.0
2020-04-01,80,356.88690459496587,187.53364589834962,0.0
2020-04-01,81,387.82243120703276,195.17167598238396,0.0
2020-04-01,83,123.39559418505412,208.14583182450474,0.0
2020-04-01,84,289.1396375035813,197.09108983303972,0.0
2020-04-01,88,663.6594018559131,194.13060017795513,0.0
2020-04-01,89,1254.9337767520997,199.0103113550766,197.22359751547336
2020-04-01,90,304.99550579597604,210.33953169081775,0.0
2020-04-01,92,743.4543134269227,190.84158876396987,205.1900626365798
2020-04-01,93,244.72927510661464,194.74345044180328,0.0
2020-04-01,95,273.39443834249124,207.48715841589814,0.0
2020-04-01,96,928.9362602432877,209.28851171768866,0.0
2020-04-01,97,430.2409879661024,199.48284387854858,0.0
2020-04-01,98,450.6844772518364,193.8047364873668,0.0
2020-04-02,10,597.2228295616362,210.47921750904578,0.0
2020-04-02,103,0.0,0.0,0.0
2020-04-02,105,40.76112689848841,203.39473493881115,0.0
2020-04-02,108,47.00756029989969,195.9379882553129,0.0
2020-04-02,11,167.25918862368673,0.0,0.0
2020-04-02,110,1156.3780373815684,199.19819959477584,0.0
2020-04-02,111,206.2855432646233,201.6542565230779,0.0
2020-04-02,115,0.0,0.0,0.0
2020-04-02,118,130.0504370816076,204.397085205687,0.0
2020-04-02,119,605.1894229399063,194.61311961507622,203.8210660166943
2020-04-02,120,347.1085953801271,206.8824822500977,0.0
2020-04-02,122,178.6630331457389,201.56566070006576,0.0
2020-04-02,123,115.76217416315856,203.43532897929458,0.0
2020-04-02,125,46.99196770932281,207.33270429639302,0.0
2020-04-02,126,0.0,0.0,0.0
2020-04-02,127,78.18744509420407,199.82087210646768,0.0
2020-04-02,128,760.406853087432,197.3427272432039,0.0
2020-04-02,131,612.3670151952573,192.1607028731727,0.0
2020-04-02,133,84.71041802656805,201.7335498880246,0.0
2020-04-02,135,104.73884534485036,212.55778275792213,0.0
2020-04-02,136,103.4866797455816,190.79961127747123,0.0
2020-04-02,138,322.23408721654783,0.0,0.0
2020-04-02,139,45.02828011839879,203.20271467537387,0.0
2020-04-02,141,321.7992021864956,200.6153910082809,0.0
2020-04-02,142,97.25831821726199,199.4343597374213,0.0
2020-04-02,144,0.0,0.0,0.0
2020-04-02,145,478.11267606159646,201.16393371470082,0.0
2020-04-02,146,476.0033293029374,196.21618011492038,208.63981917690882
2020-04-02,149,554.0838121033703,189.05039147510723,197.65326766786643
2020-04-02,15,201.5923483506359,205.97296110256866,0.0
2020-04-02,151,87.20491904082081,204.79192909921022,0.0
2020-04-02,152,408.41698462019804,200.2583048842554,0.0
2020-04-02,155,56.58991945517839,201.1453734410285,0.0
2020-04-02,157,317.41471133444855,205.3715900635778,0.0
2020-04-02,159,1010.4098794861538,201.12169828389042,0.0
2020-04-02,161,50.52318303147811,204.52008777380658,0.0
2020-04-02,163,329.16673592853573,198.51258899563075,0.0
2020-04-02,164,107.22124038249454,206.55991869286973,0.0
2020-04-02,166,322.9035542941602,201.60392862966341,0.0
2020-04-02,168,1827.2715575298914,200.97025971802938,0.0
2020-04-02,169,535.5166074613816,193.64969455643984,0.0
2020-04-02,171,736.950593640846,201.43477927150855,193.57067991360142
2020-04-02,172,0.0,0.0,0.0
2020-04-02,173,27.91118238810372,196.80858636735752,0.0
2020-04-02,174,0.0,0.0,0.0
2020-04-02,175,319.85564828986384,194.66882534050387,0.0
2020-04-02,177,215.5732394688498,210.6238570150848,0.0
2020-04-02,18,534.0148039919418,206.65669530994202,197.47255122277744
2020-04-02,180,126.16740221621671,209.6018375107213,0.0
2020-04-02,181,35.06984146186358,193.8855249022222,0.0
2020-04-02,183,503.52653261867624,200.35626874955446,201.04426771267165
2020-04-02,184,15.251440121722343,193.5324618739795,0.0
2020-04-02,188,350.0177927619014,196.52152561401468,0.0
2020-04-02,189,475.19268067522654,195.40936508291713,0.0
2020-04-02,19,105.18915883631037,206.1979200322078,0.0
2020-04-02,190,0.0,0.0,0.0
2020-04-02,192,604.5044074635414,205.34189666847007,200.29106363542527
2020-04-02,193,218.49759431838288,203.0206044479426,0.0
2020-04-02,195,182.254265542588,211.51819376052396,0.0
2020-04-02,196,349.14139501808353,192.6027788843014,0.0
2020-04-02,197,650.7445564037882,206.296166198934,198.03281051862726
2020-04-02,198,98.21903249535765,205.73220435200363,0.0
2020-04-02,20,530.7063109787438,195.13310580986482,0.0
2020-04-02,22,0.0,0.0,0.0
2020-04-02,23,0.0,0.0,0.0
2020-04-02,25,933.8133358314553,198.86261870023296,0.0
2020-04-02,26,0.0,0.0,0.0
2020-04-02,27,62.9939427466354,196.40445274275407,0.0
2020-04-02,28,458.12410222507333,210.24906047892964,0.0
2020-04-02,3,509.4067939715408,200.00341409478742,190.4540127051138
2020-04-02,31,218.91396425058875,203.9106500076573,0.0
2020-04-02,33,96.16471154341014,196.04550309166223,0.0
2020-04-02,35,114.34321017776244,196.1007352688918,0.0
2020-04-02,36,143.1664384810907,205.4099240462497,0.0
2020-04-02,38,1119.3033022986851,193.25211894224233,202.35241498064553
2020-04-02,39,80.58842465327466,197.92393116047364,0.0
2020-04-02,41,640.9653990877682,200.17013705536115,209.861722395411
2020-04-02,42,51.29876695425534,200.55686300920027,0.0
2020-04-02,44,0.0,0.0,0.0
2020-04-02,45,417.4778035065784,201.97909890547962,0.0
2020-04-02,46,157.13816347786488,203.46427877908906,0.0
2020-04-02,49,210.18658359052142,203.67318772729664,0.0
2020-04-02,5,458.2952244349554,195.07098095666086,0.0
2020-04-02,51,475.6569070470563,198.57922451035603,0.0
2020-04-02,52,435.76654495884884,205.9738143093847,0.0
2020-04-02,55,269.33209306600565,204.47323593786936,0.0
2020-04-02,57,127.84726897710294,193.13570274259467,0.0
2020-04-02,59,473.516372260634,201.757399501761,0.0
2020-04-02,61,0.0,0.0,0.0
2020-04-02,63,599.3124397900039,200.23467451030186,202.32125619061503
2020-04-02,64,75.3931822612516,209.4888350837299,0.0
2020-04-02,66,0.0,0.0,0.0
2020-04-02,68,1681.3546162950013,195.82838477254208,203.04567759526756
2020-04-02,69,302.2708668341643,203.8201489078643,0.0
2020-04-02,71,0.0,0.0,0.0
2020-04-02,72,170.3764480623683,196.8362248505748,0.0
2020-04-02,73,386.1201024693234,202.98220568790876,0.0
2020-04-02,74,265.6200337897164,196.82857076155298,0.0
2020-04-02,75,193.91948192376168,198.82015006394514,0.0
2020-04-02,77,352.307159464127,203.72092855157518,0.0
2020-04-02,8,0.0,0.0,0.0
2020-04-02,80,111.16007413254482,201.334091981477,0.0
2020-04-02,81,148.88953792129854,198.3043886036498,0.0
2020-04-02,83,106.81867637267571,201.85030557634477,0.0
2020-04-02,84,382.58766187389574,199.38133659950122,0.0
2020-04-02,88,728.9915661376077,202.2890280496289,0.0
2020-04-02,89,1074.8340796502166,197.5153398744101,202.8622265307755
2020-04-02,90,150.86707080259117,199.0871551281023,0.0
2020-04-02,92,1013.0905744083848,195.05021103723993,201.985233349412
2020-04-02,93,109.80235903443722,199.8249619499688,0.0
2020-04-02,95,78.41779571050202,195.94499568185577,0.0
2020-04-02,96,615.0062211158045,194.42976774919003,0.0
2020-04-02,97,276.33120039035316,201.29330573927695,0.0
2020-04-02,98,526.1773016237458,201.0636988792883,0.0
2020-04-03,10,300.262617771062,203.91436867474286,0.0
2020-04-03,103,44.79285104209606,0.0,0.0
2020-04-03,105,197.20684373935023,202.04026423418378,0.0
2020-04-03,108,94.57121609708362,202.75398786136833,0.0
2020-04-03,11,0.0,0.0,0.0
2020-04-03,110,137.7206244679924,195.8717315859893,0.0
2020-04-03,111,526.4445398012617,200.74681741135595,0.0
2020-04-03,115,89.11798768603268,0.0,0.0
2020-04-03,118,253.60116607907563,200.0358923345397,0.0
2020-04-03,119,556.163495425551,189.56761170814457,204.65832983434046
2020-04-03,120,177.8927869399191,200.8024481198674,0.0
2020-04-03,122,111.1086239736227,211.0626551969862,0.0
2020-04-03,123,130.65212950426826,198.1998036562151,0.0
2020-04-03,125,142.5211891704001,196.3596145107234,0.0
2020-04-03,126,0.0,0.0,0.0
2020-04-03,127,124.61834227561242,201.56189105233287,0.0
2020-04-03,128,1065.986496918103,205.96367582708208,0.0
2020-04-03,131,408.6215866205731,193.71065922045557,0.0
2020-04-03,133,132.38639101203202,203.65690126287495,0.0
2020-04-03,135,111.69674822027191,202.9521103062573,0.0
2020-04-03,136,199.89200388632602,199.28926731529728,0.0
2020-04-03,138,0.0,0.0,0.0
2020-04-03,139,120.38438189716328,205.1472874079918,0.0
2020-04-03,141,260.4956179513876,204.36157690014224,0.0
2020-04-03,142,157.83769580901634,194.28490343963136,0.0
2020-04-03,144,0.0,0.0,0.0
2020-04-03,145,512.9495355420548,199.6765569748374,0.0
2020-04-03,146,730.0943030611238,200.3643704900776,201.97686840592834
2020-04-03,149,667.137382326959,200.36598495500849,198.4366141517336
2020-04-03,15,254.56900191680037,199.2487850560087,0.0
2020-04-03,151,200.00010845033256,205.95853748553532,0.0
2020-04-03,152,677.7372806785945,199.58141020075394,0.0
2020-04-03,155,268.91362352897517,194.40226935808417,0.0
2020-04-03,157,200.005386628285,198.03235072015136,0.0
2020-04-03,159,747.6687794481934,200.89347358405237,0.0
2020-04-03,161,81.58501370409911,206.14607392148525,0.0
2020-04-03,163,53.85619147886633,203.01547342474416,0.0
2020-04-03,164,113.7120044956702,195.74732360626479,0.0
2020-04-03,166,376.0723352331807,212.42594958339447,0.0
2020-04-03,168,220.95433995001116,201.3238765548899,0.0
2020-04-03,169,157.9340392139375,206.37695368999508,0.0
2020-04-03,171,632.7418393283594,199.24142783211386,196.02005544995623
2020-04-03,172,0.0,0.0,0.0
2020-04-03,173,327.9829302150899,204.197342522592,0.0
2020-04-03,174,0.0,0.0,0.0
2020-04-03,175,184.9333666753049,205.28684152689112,0.0
2020-04-03,177,133.00436811718214,204.36098500036488,0.0
2020-04-03,18,654.7385630159615,198.42456634402944,198.75513172359663
2020-04-03,180,243.20092628968413,197.1412697902197,0.0
2020-04-03,181,231.58052612250535,201.663037551621,0.0
2020-04-03,183,525.7292198494391,204.66564036170536,201.57064748225332
2020-04-03,184,56.61110822019797,198.88639649611696,0.0
2020-04-03,188,520.8401187581412,205.32585982857194,0.0
2020-04-03,189,285.51578068526044,207.2630837274309,0.0
2020-04-03,19,131.0774652092434,195.4183954046329,0.0
2020-04-03,190,0.0,0.0,0.0
2020-04-03,192,799.7919414005011,199.29812470547333,198.41958519438512
2020-04-03,193,141.02654881364097,201.538063340946,0.0
2020-04-03,195,124.83153758180299,197.37716493116474,0.0
2020-04-03,196,899.48563896817,206.76101339433572,0.0
2020-04-03,197,750.4575492181709,202.12033430759226,201.57169341565717
2020-04-03,198,340.49752118581165,200.19723524120369,0.0
2020-04-03,20,565.5638193198107,192.82045238065737,0.0
2020-04-03,22,0.0,0.0,0.0
2020-04-03,23,0.0,0.0,0.0
2020-04-03,25,604.1643529301324,189.33702186922582,0.0
2020-04-03,26,0.0,0.0,0.0
2020-04-03,27,106.655981151717,199.2092307781384,0.0
2020-04-03,28,1083.590175686852,216.21546484797366,0.0
2020-04-03,3,622.6630272585837,211.53958125308054,202.1957506685021
2020-04-03,31,656.5371937390437,199.09275465376243,0.0
2020-04-03,33,134.8549813350581,199.46831498734343,0.0
2020-04-03,35,22.599286326771114,204.97790757001016,0.0
2020-04-03,36,171.46562133682332,208.5158630495902,0.0
2020-04-03,38,820.5615160084394,191.8098547128199,204.16589715635092
2020-04-03,39,142.99353092079858,191.06812267322655,0.0
2020-04-03,41,768.3218168006906,196.8898259722281,206.4139748441949
2020-04-03,42,147.02060047082847,202.91368791586933,0.0
2020-04-03,44,393.21239139948216,0.0,0.0
2020-04-03,45,437.506313371199,205.34885727491925,0.0
2020-04-03,46,282.57234413568705,194.00151235817347,0.0
2020-04-03,49,255.1602099917452,188.41928068515563,0.0
2020-04-03,5,342.32746843422257,204.29007097651072,0.0
2020-04-03,51,668.927003661601,195.85901863517384,0.0
2020-04-03,52,518.3001393733845,189.90756067805683,0.0
2020-04-03,55,358.3197683401293,200.7253187297969,0.0
2020-04-03,57,208.10038349383046,203.9658784410934,0.0
2020-04-03,59,163.31585040095214,199.3897143393936,0.0
2020-04-03,61,0.0,0.0,0.0
2020-04-03,63,743.0933315920201,199.20318883927047,200.3900370923943
2020-04-03,64,124.71906037076043,198.14708618799608,0.0
2020-04-03,66,243.65297709617676,0.0,0.0
2020-04-03,68,1001.6749235282994,196.42659661504783,193.4611171742617
2020-04-03,69,136.91981385221405,202.60639952506907,0.0
2020-04-03,71,0.0,0.0,0.0
2020-04-03,72,209.63555064488287,200.8402990298341,0.0
2020-04-03,73,264.0108340425725,195.0242575907331,0.0
2020-04-03,74,151.95655343264085,199.09248418932165,0.0
2020-04-03,75,166.67122817865356,189.11467476778571,0.0
2020-04-03,77,358.3151790918893,200.89238331942695,0.0
2020-04-03,8,0.0,0.0,0.0
2020-04-03,80,257.10456157506735,192.62933933978948,0.0
2020-04-03,81,263.8513786124241,197.0703616334112,0.0
2020-04-03,83,104.70959273665146,201.64553389355063,0.0
2020-04-03,84,298.10826202889524,206.26421317213743,0.0
2020-04-03,88,763.066643608355,197.75887691849925,0.0
2020-04-03,89,1032.6485918785506,196.5387483536705,198.27447951590406
2020-04-03,90,209.66340267100674,190.1553842879196,0.0
2020-04-03,92,627.7684115975512,200.51719064654054,200.220312837033
2020-04-03,93,96.1003623927692,210.21038020071873,0.0
2020-04-03,95,211.54075427361798,201.3867923098234,0.0
2020-04-03,96,1025.214232946657,199.88860510408142,0.0
2020-04-03,97,283.39583257984935,201.61041155383492,0.0
2020-04-03,98,155.3281812523936,199.944539980257,0.0
2020-04-04,10,871.2131171895114,195.93492813869935,0.0
2020-04-04,103,293.55590855175456,0.0,0.0
2020-04-04,105,437.28839121808835,201.12880761555877,0.0
2020-04-04,108,339.24491969025706,200.0880662596683,0.0
2020-04-04,11,295.0090139016157,0.0,0.0
2020-04-04,110,872.927308933797,206.5175396596738,0.0
2020-04-04,111,365.44904654984856,203.32351372666554,0.0
2020-04-04,115,175.59124268916423,0.0,0.0
2020-04-04,118,673.6002866109171,205.0091242684097,0.0
2020-04-04,119,738.9885169749427,197.51214580807397,190.82115621911456
2020-04-04,120,491.6939560423334,196.08998253744483,0.0
2020-04-04,122,310.1949213421057,196.20148441259857,0.0
2020-04-04,123,246.07358110206954,191.14465723455953,0.0
2020-04-04,125,633.6382406945743,202.35771190209104,0.0
2020-04-04,126,8.086507463781516,0.0,0.0
2020-04-04,127,179.84658483889936,193.85778084367118,0.0
2020-04-04,128,929.5688715918495,189.62205995460732,0.0
2020-04-04,131,519.7597281923778,199.56965153604554,0.0
2020-04-04,133,393.64310755015543,199.24839769864064,0.0
2020-04-04,135,673.758238147334,198.36651893406818,0.0
2020-04-04,136,552.021615171395,194.78711152664712,0.0
2020-04-04,138,337.0455597292981,0.0,0.0
2020-04-04,139,357.6310135185829,202.32184931773287,0.0
2020-04-04,141,708.0310322403108,197.24724034145757,0.0
2020-04-04,142,521.5155571881755,201.5817916076807,0.0
2020-04-04,144,369.7651461760322,0.0,0.0
2020-04-04,145,530.0055224970276,200.9053137138554,0.0
2020-04-04,146,691.509183387595,206.5163901865803,206.9433226005124
2020-04-04,149,712.102837691523,202.93082900196393,200.71188956255233
2020-04-04,15,563.9590614248699,197.9379309089176,0.0
2020-04-04,151,526.4782821313672,201.28599485177963,0.0
2020-04-04,152,570.9866625845467,198.79667412734892,0.0
2020-04-04,155,426.00713771232824,200.03940092347364,0.0
2020-04-04,157,349.7642082232152,198.3719447392575,0.0
2020-04-04,159,1071.5016225778961,199.17832397057305,0.0
2020-04-04,161,253.95431079560734,201.06046676537088,0.0
2020-04-04,163,504.9838815173037,195.03320650209025,0.0
2020-04-04,164,143.78896013077556,194.9206058650501,0.0
2020-04-04,166,579.9516069140261,193.05728723084394,0.0
2020-04-04,168,1411.455679141542,191.99864447748146,0.0
2020-04-04,169,375.4636079725138,193.9135865388976,0.0
2020-04-04,171,862.6232669161043,200.79731253402065,201.90676417290143
2020-04-04,172,0.0,0.0,0.0
2020-04-04,173,640.9241176827114,202.56807232115548,0.0
2020-04-04,174,0.0,0.0,0.0
2020-04-04,175,378.90365523621983,190.15747893280974,0.0
2020-04-04,177,533.459551258189,203.27487792110844,0.0
2020-04-04,18,786.4800241235566,204.05399322795856,206.82763231263132
2020-04-04,180,487.2948784601366,195.03068662582572,0.0
2020-04-04,181,371.50702123103025,202.10095771447496,0.0
2020-04-04,183,865.6996734649649,195.717508812954,196.84928584928826
2020-04-04,184,418.09580372335574,200.48835188374167,0.0
2020-04-04,188,808.8738651778206,193.67750796522517,0.0
2020-04-04,189,586.9125282905668,191.0344677373271,0.0
2020-04-04,19,282.9211772455025,198.08591405193516,0.0
2020-04-04,190,0.0,0.0,0.0
2020-04-04,192,1026.555825792393,198.01160153192697,202.87020965442014
2020-04-04,193,344.4607605352247,194.0798472088872,0.0
2020-04-04,195,286.9562129922744,198.00050468934433,0.0
2020-04-04,196,477.5808374570553,201.34647376290366,0.0
2020-04-04,197,780.3709680549641,199.77553484938733,199.45067938449031
2020-04-04,198,456.6761719637347,200.91250515299606,0.0
2020-04-04,20,671.7109007751161,196.64942399772883,0.0
2020-04-04,22,13.59894543434649,0.0,0.0
2020-04-04,23,0.0,0.0,0.0
2020-04-04,25,596.9858285390508,202.4378014854336,0.0
2020-04-04,26,0.0,0.0,0.0
2020-04-04,27,371.9723691382828,202.40454046374447,0.0
2020-04-04,28,788.0246063849459,198.98737886467586,0.0
2020-04-04,3,1079.7116351205689,197.35851476668512,199.0795656649204
2020-04-04,31,415.35839188711344,205.18043825523128,0.0
2020-04-04,33,267.94097596118905,192.88512537369164,0.0
2020-04-04,35,250.87926419194014,195.14937869810177,0.0
2020-04-04,36,609.8929035586993,198.01221117254138,0.0
2020-04-04,38,623.7821289909423,206.18826878756,196.1390380609781
2020-04-04,39,135.85497509743615,201.89883818020448,0.0
2020-04-04,41,861.442561232737,195.15977120744878,208.32801606843265
2020-04-04,42,379.8134224635218,198.44846147307547,0.0
2020-04-04,44,456.8835047044588,0.0,0.0
2020-04-04,45,583.353509694674,196.45105503883232,0.0
2020-04-04,46,363.3293851091192,204.8944477927839,0.0
2020-04-04,49,362.40312873396465,193.14128435368247,0.0
2020-04-04,5,1042.7415841597144,208.04390427867187,0.0
2020-04-04,51,1034.7075394090275,204.1411484509231,0.0
2020-04-04,52,408.82054053253717,205.4543083530185,0.0
2020-04-04,55,421.4126659833541,197.6853024398737,0.0
2020-04-04,57,369.2935319734084,199.25029640460446,0.0
2020-04-04,59,727.4464502762386,192.83424092737644,0.0
2020-04-04,61,0.0,0.0,0.0
2020-04-04,63,857.9411531312392,202.46827423821574,198.12249979962215
2020-04-04,64,143.30805394801132,206.480315308907,0.0
2020-04-04,66,354.64631832976016,0.0,0.0
2020-04-04,68,2066.457503200515,198.17247031507367,203.4973212344785
2020-04-04,69,542.4657096319279,199.2435038988374,0.0
2020-04-04,71,137.01560289725552,0.0,0.0
2020-04-04,72,366.6172738015549,202.956746208792,0.0
2020-04-04,73,257.2621030806773,196.38004834128697,0.0
2020-04-04,74,615.0281612028406,199.02304824411488,0.0
2020-04-04,75,391.36449424945647,197.74025314044061,0.0
2020-04-04,77,616.3055945630433,196.05330747140164,0.0
2020-04-04,8,0.0,0.0,0.0
2020-04-04,80,501.58552950314134,198.92195210715988,0.0
2020-04-04,81,382.22084934953364,198.14071058860668,0.0
2020-04-04,83,320.96811518560577,196.35769189159828,0.0
2020-04-04,84,433.8119311848781,201.59762335391477,0.0
2020-04-04,88,761.5128031912126,208.26808634246143,0.0
2020-04-04,89,1211.3949699449774,200.69943616419565,190.62496306264032
2020-04-04,90,315.91277028844945,204.98059107455563,0.0
2020-04-04,92,1044.4755284326852,193.04889037423268,205.89994264844893
2020-04-04,93,372.1863298261085,200.78880719646884,0.0
2020-04-04,95,432.11745653833646,194.51315840514468,0.0
2020-04-04,96,552.593631418712,192.6153753623405,0.0
2020-04-04,97,689.7881776168036,196.3031429627048,0.0
2020-04-04,98,621.4739719111661,205.95949667206787,0.0
2020-04-05,10,1054.366563538718,204.75007914334822,0.0
2020-04-05,103,351.63037520375434,0.0,0.0
2020-04-05,105,630.2303163332512,192.33649720055035,0.0
2020-04-05,108,366.0855573915323,199.01859674306033,0.0
2020-04-05,11,254.42375339278777,0.0,0.0
2020-04-05,110,1056.7855380851408,200.877681147893,0.0
2020-04-05,111,662.6315378382461,190.78103208259628,0.0
2020-04-05,115,204.4053417132106,0.0,0.0
2020-04-05,118,523.4938669153405,199.67961117925643,0.0
2020-04-05,119,723.6736982077218,202.68145454758596,205.2610557797853
2020-04-05,120,532.6011158694989,189.01936089450027,0.0
2020-04-05,122,458.72949221943327,199.1893801226007,0.0
2020-04-05,123,338.4100530849294,200.71524384939477,0.0
2020-04-05,125,810.1298307846463,204.24805994258105,0.0
2020-04-05,126,96.87908096040894,0.0,0.0
2020-04-05,127,299.9889018927038,202.91285659404403,0.0
2020-04-05,128,886.1767051368205,196.00029746649034,0.0
2020-04-05,131,702.9637819676525,190.45998931438345,0.0
2020-04-05,133,287.85324797649395,198.034736214693,0.0
2020-04-05,135,199.822102590737,205.0081591260428,0.0
2020-04-05,136,302.1474511143046,206.96727263762216,0.0
2020-04-05,138,702.4923814947291,0.0,0.0
2020-04-05,139,863.1668808435985,202.14670411400868,0.0
2020-04-05,141,1224.0056772773135,201.89819824192983,0.0
2020-04-05,142,312.31306117127957,197.2194062661961,0.0
2020-04-05,144,716.549555746077,0.0,0.0
2020-04-05,145,577.9529798650011,208.34534762913165,0.0
2020-04-05,146,845.2335448978151,195.28720997104062,200.4871705514865
2020-04-05,149,725.8108091697222,208.07389395354926,198.8652876693104
2020-04-05,15,555.6016407388781,198.38985922753972,0.0
2020-04-05,151,1008.3577181817326,206.6271605454754,0.0
2020-04-05,152,659.3667960922818,192.9659249525123,0.0
2020-04-05,155,479.3483268732377,202.92952100582323,0.0
2020-04-05,157,461.16891867841923,196.3161493202619,0.0
2020-04-05,159,1176.7580287890353,192.92366404037907,0.0
2020-04-05,161,292.11021643255555,201.09267021205474,0.0
2020-04-05,163,507.5048549581624,205.04735894297986,0.0
2020-04-05,164,148.14333425690478,195.7752928070325,0.0
2020-04-05,166,774.0785522162157,192.504920197708,0.0
2020-04-05,168,1825.4215485743573,199.54077617832522,0.0
2020-04-05,169,679.5854405242511,199.5628233561141,0.0
2020-04-05,171,1452.680710673305,202.74159813777248,202.00000002806783
2020-04-05,172,66.24452947472747,0.0,0.0
2020-04-05,173,924.0996287952064,199.70292409363753,0.0
2020-04-05,174,0.0,0.0,0.0
2020-04-05,175,441.3900099726144,201.12117372267645,0.0
2020-04-05,177,428.6000103492541,198.2678674699655,0.0
2020-04-05,18,713.7098158829458,191.94216320448587,211.44395330440145
2020-04-05,180,579.4035281451585,198.68670239841916,0.0
2020-04-05,181,544.206120371951,198.31806527294432,0.0
2020-04-05,183,869.7711270907087,204.80152398140734,191.18381650548258
2020-04-05,184,552.711412647829,202.31241812033426,0.0
2020-04-05,188,810.1011964202874,194.1031543918369,0.0
2020-04-05,189,902.0713667087878,200.8612719320552,0.0
2020-04-05,19,543.3233738163775,203.35765585864527,0.0
2020-04-05,190,74.93979958583122,0.0,0.0
2020-04-05,192,1234.9825629949764,204.43751983707028,203.91013693787065
2020-04-05,193,357.3802093149521,203.8042332715574,0.0
2020-04-05,195,784.1157073979196,200.3004299730758,0.0
2020-04-05,196,718.2050041206363,201.94156002711725,0.0
2020-04-05,197,1589.1012928049954,206.2475245035308,195.4419134892305
2020-04-05,198,802.231345609114,193.33611301260174,0.0
2020-04-05,20,565.3780321925963,198.25280336391523,0.0
2020-04-05,22,267.4243830274183,0.0,0.0
2020-04-05,23,22.87620458423345,0.0,0.0
2020-04-05,25,969.088329070295,206.15111087825395,0.0
2020-04-05,26,185.528134638136,0.0,0.0
2020-04-05,27,615.0615975331191,188.0484781626528,0.0
2020-04-05,28,963.4056209161312,197.93889627487766,0.0
2020-04-05,3,1725.9796154759692,204.56736866008703,199.90040801850134
2020-04-05,31,799.7212309884405,202.6881495147494,0.0
2020-04-05,33,300.46375969737534,202.1409312390529,0.0
2020-04-05,35,378.4699301118353,198.6000334906276,0.0
2020-04-05,36,606.1845632909052,193.60484631890108,0.0
2020-04-05,38,1023.811951060457,202.57647160812235,198.7605994046067
2020-04-05,39,675.1833141441638,195.8285909498269,0.0
2020-04-05,41,795.393592292322,210.92048366690227,197.8584087110112
2020-04-05,42,747.3926584242402,202.85253604177257,0.0
2020-04-05,44,909.4223890090909,0.0,0.0
2020-04-05,45,971.4520029274156,196.94307376305687,0.0
2020-04-05,46,591.9522526592799,199.53527896693205,0.0
2020-04-05,49,666.8173855881824,198.80249038989126,0.0
2020-04-05,5,851.9722768358679,205.58416887764977,0.0
2020-04-05,51,995.469503053358,200.93208084872023,0.0
2020-04-05,52,661.0177043686311,196.34184130545736,0.0
2020-04-05,55,535.5947733155074,209.45220342577892,0.0
2020-04-05,57,503.4697553896027,200.2465416576011,0.0
2020-04-05,59,1214.380480830153,203.84419837984447,0.0
2020-04-05,61,0.0,0.0,0.0
2020-04-05,63,957.785185300464,201.81557813872263,199.94767435473636
2020-04-05,64,369.28562268107834,201.55554995571597,0.0
2020-04-05,66,428.98681824766373,0.0,0.0
2020-04-05,68,1860.3954105205723,210.0763755523032,194.32914427361104
2020-04-05,69,812.9201189576501,206.45322230461272,0.0
2020-04-05,71,779.6057177860439,0.0,0.0
2020-04-05,72,460.60460879726867,194.48865129772074,0.0
2020-04-05,73,559.2055113309415,201.73780806901777,0.0
2020-04-05,74,485.0962812061997,200.43348849707198,0.0
2020-04-05,75,805.363717579253,201.77834474281616,0.0
2020-04-05,77,601.4509828944543,200.95788698097044,0.0
2020-04-05,8,5.263520880743272,0.0,0.0
2020-04-05,80,634.4785001335576,207.23652849695904,0.0
2020-04-05,81,684.4997265514071,202.84051602564324,0.0
2020-04-05,83,159.97274154412872,194.7517225054503,0.0
2020-04-05,84,628.6301406597133,206.81281426356227,0.0
2020-04-05,88,885.3198210329112,208.20307281744144,0.0
2020-04-05,89,1334.0696741620736,215.76028367256043,205.14590218063984
2020-04-05,90,357.15678326479025,194.382529833802,0.0
2020-04-05,92,1150.1291854431165,201.21441006575137,191.029282444007
2020-04-05,93,322.72611701265157,189.58950648405505,0.0
2020-04-05,95,924.7647687428926,202.76574578189604,0.0
2020-04-05,96,739.985059384127,197.25899850916613,0.0
2020-04-05,97,1252.6886016160615,209.61722897412477,0.0
2020-04-05,98,840.7798713595498,196.1269251499071,0.0
2020-04-06,10,1159.4319230196052,191.5540848101637,0.0
2020-04-06,103,573.6948506978895,0.0,0.0
2020-04-06,105,817.164823600454,190.1225611439143,0.0
2020-04-06,108,556.509214221578,203.75549727253656,0.0
2020-04-06,11,367.50656058428865,0.0,0.0
2020-04-06,110,989.5531992298991,200.1422879059158,0.0
2020-04-06,111,550.2506340770675,189.61094090071902,0.0
2020-04-06,115,626.0969992626591,0.0,0.0
2020-04-06,118,733.938455820426,208.21689077902266,0.0
2020-04-06,119,923.9809396348676,201.80323945717896,202.69882256414172
2020-04-06,120,537.0674389630773,195.68253197517532,0.0
2020-04-06,122,365.3307009121854,199.8439825553046,0.0
2020-04-06,123,447.2573345513558,200.09008436022222,0.0
2020-04-06,125,931.6937887304315,202.36315172921704,0.0
2020-04-06,126,117.42734820564073,0.0,0.0
2020-04-06,127,1166.3612942924624,202.96283636923664,0.0
2020-04-06,128,807.3559901505126,186.4780418419861,0.0
2020-04-06,131,680.6320607494554,196.85057723818096,0.0
2020-04-06,133,942.5825859261258,197.5586307877423,0.0
2020-04-06,135,1307.7836804549547,203.1666341303562,0.0
2020-04-06,136,488.08892665363646,200.11315426338436,0.0
2020-04-06,138,790.2286474512118,0.0,0.0
2020-04-06,139,820.0740494894843,195.07503437091492,0.0
2020-04-06,141,1466.824881725271,200.99340004773703,0.0
2020-04-06,142,553.3049346628578,199.60466329067722,0.0
2020-04-06,144,789.6227863389313,0.0,0.0
2020-04-06,145,744.230524441277,197.5958310524401,0.0
2020-04-06,146,772.8532352229415,203.48083998579645,198.36732073732713
2020-04-06,149,752.7318730424574,197.41153713565393,194.14537553096272
2020-04-06,15,1108.2169158782524,199.55954377985464,0.0
2020-04-06,151,1012.9155319376148,210.84968294040272,0.0
2020-04-06,152,581.1418064463863,192.8815868155804,0.0
2020-04-06,155,527.515024539071,190.7407863421267,0.0
2020-04-06,157,553.1573927783139,203.91794832399304,0.0
2020-04-06,159,1197.889331072293,196.60678469352948,0.0
2020-04-06,161,498.25096866229126,198.4088123612869,0.0
2020-04-06,163,703.6335768126382,196.09421810934444,0.0
2020-04-06,164,170.57574038398315,198.70099929616245,0.0
2020-04-06,166,802.5269650579756,207.99269056048172,0.0
2020-04-06,168,1616.9016075996024,204.0106422930906,0.0
2020-04-06,169,854.4770301145961,204.31111755943488,0.0
2020-04-06,171,885.2071504148848,192.91886472103678,201.01191685299347
2020-04-06,172,0.8966716890331554,0.0,0.0
2020-04-06,173,735.3766345342507,185.80460670257287,0.0
2020-04-06,174,314.03354628505247,0.0,0.0
2020-04-06,175,741.6438226617362,204.7835159319283,0.0
2020-04-06,177,884.6000198909034,202.58473257874186,0.0
2020-04-06,18,1024.2919282577664,198.89243368523938,192.21524456646762
2020-04-06,180,767.108530048114,199.88849858140972,0.0
2020-04-06,181,624.7187362726736,196.55557228712297,0.0
2020-04-06,183,833.7158687028405,201.02379441200893,200.19856910859818
2020-04-06,184,627.3805097252242,203.82939139740307,0.0
2020-04-06,188,943.3020947536187,191.92056606294764,0.0
2020-04-06,189,1029.0681984952337,201.49823843918674,0.0
2020-04-06,19,999.3349886257957,204.66217435477333,0.0
2020-04-06,190,0.0,0.0,0.0
2020-04-06,192,1366.2629726755385,203.50350306060292,192.88561546094223
2020-04-06,193,581.7612410733949,214.07327222236276,0.0
2020-04-06,195,579.9715264635511,199.47828603506554,0.0
2020-04-06,196,723.4464983433174,201.96653525002662,0.0
2020-04-06,197,775.5798455136933,196.30971458169304,202.30636042158915
2020-04-06,198,751.6229091772797,200.90625581301026,0.0
2020-04-06,20,577.7343362676768,202.30135812491153,0.0
2020-04-06,22,0.0,0.0,0.0
2020-04-06,23,191.69066249468057,0.0,0.0
2020-04-06,25,956.51740597539,201.03180885662726,0.0
2020-04-06,26,211.13452146394792,0.0,0.0
2020-04-06,27,698.7458006829378,202.24317882257265,0.0
2020-04-06,28,1001.9361426239182,204.8099359453592,0.0
2020-04-06,3,1621.4118703060403,198.81494014993686,195.37821333184812
2020-04-06,31,679.1382849418147,203.74950119711855,0.0
2020-04-06,33,426.9310735828144,201.39633919108263,0.0
2020-04-06,35,279.44104751528903,195.24544635156383,0.0
2020-04-06,36,647.2773801722797,201.59260502399437,0.0
2020-04-06,38,1067.5033964605816,195.04151668279846,197.74502991485346
2020-04-06,39,1035.3470571864991,196.83559862557604,0.0
2020-04-06,41,800.5750851403751,200.94664153646187,201.4697469397158
2020-04-06,42,427.4788079453825,201.48622136690062,0.0
2020-04-06,44,492.28923270486405,0.0,0.0
2020-04-06,45,819.653764958568,205.26992885591437,0.0
2020-04-06,46,641.5439554199586,202.86003139150236,0.0
2020-04-06,49,347.0543146269696,196.47635782194558,0.0
2020-04-06,5,1022.0465575817819,192.31207601775412,0.0
2020-04-06,51,1106.5341711044632,199.27547710459285,0.0
2020-04-06,52,711.2750350644635,197.7702814306942,0.0
2020-04-06,55,495.13732381273263,200.5657022852651,0.0
2020-04-06,57,1035.316947373751,198.18441669422216,0.0
2020-04-06,59,1440.5209859132258,189.96271569627496,0.0
2020-04-06,61,195.29075769867592,0.0,0.0
2020-04-06,63,1292.2934891449088,198.47190444465843,196.13728944078883
2020-04-06,64,387.2240150903208,203.16830512387028,0.0
2020-04-06,66,572.5303038746727,0.0,0.0
2020-04-06,68,1982.9145455139728,208.39337336686282,199.7101800016585
2020-04-06,69,938.8646990513492,190.4417972467412,0.0
2020-04-06,71,739.5935672985795,0.0,0.0
2020-04-06,72,508.29748831728625,198.87840514560946,0.0
2020-04-06,73,492.1235708108993,204.29792436171778,0.0
2020-04-06,74,839.3936660994945,200.39900742029366,0.0
2020-04-06,75,510.7283941146281,205.69777768012736,0.0
2020-04-06,77,702.9241699266134,198.06319017723595,0.0
2020-04-06,8,89.32867738855401,0.0,0.0
2020-04-06,80,496.4856052671186,207.10252143635532,0.0
2020-04-06,81,721.602126384366,199.4325967705893,0.0
2020-04-06,83,1072.3549291687482,201.10779236812104,0.0
2020-04-06,84,655.7500445871781,206.17375957022398,0.0
2020-04-06,88,1478.3104702839519,194.8402237895278,0.0
2020-04-06,89,1425.869339199537,202.9774544881963,192.43084749377573
2020-04-06,90,495.98884722254263,197.05052621768556,0.0
2020-04-06,92,1356.2957088785543,199.33915322177813,203.15437801798078
2020-04-06,93,504.2174896316617,200.36139482692144,0.0
2020-04-06,95,306.73316206508343,192.49889069276531,0.0
2020-04-06,96,877.4809979231063,196.10581478589782,0.0
2020-04-06,97,373.7202494422789,206.7553644620657,0.0
2020-04-06,98,677.5540891313625,204.430955942924,0.0
2020-04-07,10,1079.9359265815292,199.68680211336383,0.0
2020-04-07,103,231.9792470087079,0.0,0.0
2020-04-07,105,1054.263001169612,198.5287874718177,0.0
2020-04-07,108,421.1267864185769,206.7829169291399,0.0
2020-04-07,11,506.52576261166257,0.0,0.0
2020-04-07,110,938.3172445857449,201.15921046067425,0.0
2020-04-07,111,802.1047092631716,205.73015072071033,0.0
2020-04-07,115,564.3373415013697,0.0,0.0
2020-04-07,118,614.7098975550153,207.79394592248448,0.0
2020-04-07,119,701.3448723182078,192.3476929512831,208.82456902775385
2020-04-07,120,627.7307071436443,208.148210655564,0.0
2020-04-07,122,399.61698637045674,198.13662208024013,0.0
2020-04-07,123,286.63257502056615,198.78650626087358,0.0
2020-04-07,125,981.002413451411,190.54994914408528,0.0
2020-04-07,126,165.0448445463661,0.0,0.0
2020-04-07,127,335.02771709650983,194.80096734486557,0.0
2020-04-07,128,634.0177117113581,196.96176827313263,0.0
2020-04-07,131,586.145453883147,199.3134451710556,0.0
2020-04-07,133,580.8473162156099,204.78895807236452,0.0
2020-04-07,135,877.416709906036,201.03801675700313,0.0
2020-04-07,136,507.80776850196065,201.53838326700557,0.0
2020-04-07,138,673.0355698711079,0.0,0.0
2020-04-07,139,602.6010021296626,195.59622955198634,0.0
2020-04-07,141,589.9841654287075,208.99362509175657,0.0
2020-04-07,142,443.41555579673167,196.32399482618376,0.0
2020-04-07,144,557.9691582827802,0.0,0.0
2020-04-07,145,761.9275041138714,198.78469400559567,0.0
2020-04-07,146,818.7226233081125,200.01143968071753,213.9610443395498
2020-04-07,149,712.3945135566676,205.35182580114966,200.4558407333322
2020-04-07,15,767.7780495340484,206.35946210969328,0.0
2020-04-07,151,967.4558694039007,199.44593719860455,0.0
2020-04-07,152,661.6423495406858,198.0587847323923,0.0
2020-04-07,155,416.283432834093,199.72039775738892,0.0
2020-04-07,157,478.23646344585114,201.6897876411606,0.0
2020-04-07,159,1149.2786286291105,204.45651843434877,0.0
2020-04-07,161,238.0198570135622,200.02114929497077,0.0
2020-04-07,163,516.0012915847667,203.09443149011577,0.0
2020-04-07,164,129.5234757447335,208.1917986613547,0.0
2020-04-07,166,728.8241411959501,201.90654806132392,0.0
2020-04-07,168,1140.4882417104216,201.55826428002388,0.0
2020-04-07,169,625.9810103611221,192.40544587454966,0.0
2020-04-07,171,779.1703714008518,186.8463493158547,203.94102070398594
2020-04-07,172,0.0,0.0,0.0
2020-04-07,173,991.6957315854418,199.52587884359565,0.0
2020-04-07,174,255.3024363376719,0.0,0.0
2020-04-07,175,459.67173949424927,201.21765102093173,0.0
2020-04-07,177,515.7005706644815,199.69798135401547,0.0
2020-04-07,18,1227.1314022505633,205.63890125316948,191.09687163546255
2020-04-07,180,457.46474693137327,200.43055434129488,0.0
2020-04-07,181,498.22219794103376,196.26538357464915,0.0
2020-04-07,183,862.8863459021356,204.95083119479645,207.51367163152793
2020-04-07,184,491.08507650076666,198.914344625269,0.0
2020-04-07,188,1013.5088489879477,202.63268341836152,0.0
2020-04-07,189,843.7846657745921,197.612946469036,0.0
2020-04-07,19,473.3144500421231,196.75086557251282,0.0
2020-04-07,190,16.237438324201435,0.0,0.0
2020-04-07,192,1056.6082707136566,200.06414321771842,203.88114252362053
2020-04-07,193,353.24511200271496,202.39913517683416,0.0
2020-04-07,195,685.047665304375,198.65677123345128,0.0
2020-04-07,196,905.7321422516218,190.818201081148,0.0
2020-04-07,197,1348.4489824479535,197.83613058205805,197.58033277524385
2020-04-07,198,680.663580262767,203.96909233571907,0.0
2020-04-07,20,566.3232164755756,198.51311960378447,0.0
2020-04-07,22,0.0,0.0,0.0
2020-04-07,23,0.0,0.0,0.0
2020-04-07,25,821.3614324997341,196.4401338637054,0.0
2020-04-07,26,102.96800696513822,0.0,0.0
2020-04-07,27,320.49832858731816,199.19684440237253,0.0
2020-04-07,28,807.4692081821481,197.5791302437563,0.0
2020-04-07,3,1226.1375509004588,195.16876840123373,206.18590400144504
2020-04-07,31,651.0868604520182,199.12310772050654,0.0
2020-04-07,33,331.61431554067434,202.4575282362339,0.0
2020-04-07,35,250.23787801752263,199.95355719216093,0.0
2020-04-07,36,611.3181238624313,201.5349053634312,0.0
2020-04-07,38,1038.7743223535454,209.06703849257713,198.7276196167733
2020-04-07,39,827.6088308380016,198.2856056922122,0.0
2020-04-07,41,806.9635007464354,201.39174317322335,197.7098740849272
2020-04-07,42,844.3522007970125,197.45393318700434,0.0
2020-04-07,44,556.3648930199881,0.0,0.0
2020-04-07,45,735.1108077827022,197.07546173291115,0.0
2020-04-07,46,475.3711825254979,197.60620714239155,0.0
2020-04-07,49,356.58650540077645,201.79737898773564,0.0
2020-04-07,5,837.9900809804853,211.7453789335038,0.0
2020-04-07,51,1075.4212706739404,196.4197828186208,0.0
2020-04-07,52,560.500833351445,197.91687347192268,0.0
2020-04-07,55,515.2882852369621,199.68438493444376,0.0
2020-04-07,57,572.0651400799541,201.97899424354873,0.0
2020-04-07,59,1130.2235185649047,201.31775405977393,0.0
2020-04-07,61,6.972285907390415,0.0,0.0
2020-04-07,63,990.7671526431728,187.86803964732397,202.37667462713745
2020-04-07,64,181.360012354606,188.06535064902164,0.0
2020-04-07,66,280.48845925354425,0.0,0.0
2020-04-07,68,2001.457726509506,205.48650093771855,194.6832275008484
2020-04-07,69,641.3527173490489,192.171759841972,0.0
2020-04-07,71,272.28866277789587,0.0,0.0
2020-04-07,72,433.3912241408953,202.85589703109605,0.0
2020-04-07,73,580.7412681841786,201.21828611851356,0.0
2020-04-07,74,879.8353795913982,194.54895796600286,0.0
2020-04-07,75,536.2739276639628,195.07230199639534,0.0
2020-04-07,77,503.0961615739155,195.15128140182662,0.0
2020-04-07,8,117.41631258949803,0.0,0.0
2020-04-07,80,640.2094837124075,196.86842361908498,0.0
2020-04-07,81,587.8376309855814,202.4703195948776,0.0
2020-04-07,83,457.08833027194504,185.72686668547806,0.0
2020-04-07,84,435.5900219725167,195.715740674361,0.0
2020-04-07,88,1012.0805696961681,194.36973019544476,0.0
2020-04-07,89,1300.8879513220659,198.71829660813754,205.10812382199975
2020-04-07,90,431.0628549947328,197.30976120754931,0.0
2020-04-07,92,1079.6074671972278,203.98921889947883,194.72005094036578
2020-04-07,93,396.7209723176875,190.7033161416997,0.0
2020-04-07,95,788.4179883015908,200.22745738165375,0.0
2020-04-07,96,903.2421532554125,202.79168211605852,0.0
2020-04-07,97,449.49443624041345,209.28323718280978,0.0
2020-04-07,98,678.2550697145757,197.5911701445326,0.0
2020-04-08,10,836.0003106309073,201.62229302176257,0.0
2020-04-08,103,51.098128801427265,0.0,0.0
2020-04-08,105,806.4541990352842,188.0402189784349,0.0
2020-04-08,108,275.269489306211,204.2238718789085,0.0
2020-04-08,11,358.76012950361564,0.0,0.0
2020-04-08,110,940.6114548592042,205.89256344899212,0.0
2020-04-08,111,314.27925117426963,193.13298555515127,0.0
2020-04-08,115,84.67760099498071,0.0,0.0
2020-04-08,118,316.17652270984047,209.34408920271926,0.0
2020-04-08,119,654.4517311626113,202.09852804178632,194.74972605088408
2020-04-08,120,471.2991641322089,201.38290752795524,0.0
2020-04-08,122,276.6411892023608,200.04278040412174,0.0
2020-04-08,123,123.5021660010757,192.14559271437045,0.0
2020-04-08,125,957.7445679027046,206.77786467855174,0.0
2020-04-08,126,0.0,0.0,0.0
2020-04-08,127,238.47399975338016,202.52241628191507,0.0
2020-04-08,128,819.2057740241336,192.18482846714375,0.0
2020-04-08,131,592.5492923818687,194.10270167746108,0.0
2020-04-08,133,143.56324312253832,207.1754369961112,0.0
2020-04-08,135,395.4157827255114,198.26348855521078,0.0
2020-04-08,136,300.20471743165723,207.26637738021273,0.0
2020-04-08,138,268.68858488949957,0.0,0.0
2020-04-08,139,196.71988965999898,190.79051113521072,0.0
2020-04-08,141,425.61478374215915,204.46033799865862,0.0
2020-04-08,142,179.27181374069426,197.05053841122196,0.0
2020-04-08,144,250.61464312307243,0.0,0.0
2020-04-08,145,401.8096791129058,200.12605433770042,0.0
2020-04-08,146,627.7399426899285,192.28440886028565,195.45155105795834
2020-04-08,149,692.6078906044878,200.82147382685284,203.79750018758062
2020-04-08,15,495.5870877124102,210.981115710764,0.0
2020-04-08,151,888.1491443888378,202.46493229257229,0.0
2020-04-08,152,442.98228371980275,199.71241123497268,0.0
2020-04-08,155,169.91433093637716,205.3767170097845,0.0
2020-04-08,157,285.713516423783,201.05334232601555,0.0
2020-04-08,159,971.8346477130779,201.04767115131398,0.0
2020-04-08,161,108.21558066893695,194.54187413920448,0.0
2020-04-08,163,367.5709940118884,201.169240128948,0.0
2020-04-08,164,140.48194127563616,205.17721708208472,0.0
2020-04-08,166,460.89281616934227,195.81968923949987,0.0
2020-04-08,168,1661.737986730379,207.12247910623475,0.0
2020-04-08,169,345.5026938421783,199.54146987927436,0.0
2020-04-08,171,772.7166445481944,195.5611524423073,196.91612319240147
2020-04-08,172,0.0,0.0,0.0
2020-04-08,173,460.09587577576764,198.56602882130866,0.0
2020-04-08,174,0.0,0.0,0.0
2020-04-08,175,305.24400975158756,198.54120683870732,0.0
2020-04-08,177,293.0713909935473,199.70086928235048,0.0
2020-04-08,18,735.3386905866981,202.46780102167145,193.26002107816416
2020-04-08,180,336.2110449523564,201.45448528795004,0.0
2020-04-08,181,322.396950928134,190.0223410977413,0.0
2020-04-08,183,630.2126829372845,194.39378129952803,196.97160000032102
2020-04-08,184,219.2436768942478,204.64704992395409,0.0
2020-04-08,188,480.9856509573155,199.33931705549227,0.0
2020-04-08,189,362.6365644151901,197.3813434861429,0.0
2020-04-08,19,281.74873383385517,193.2071299237126,0.0
2020-04-08,190,0.0,0.0,0.0
2020-04-08,192,820.6982885791083,189.89100680019027,199.83978814659756
2020-04-08,193,168.36662701903143,199.49359640649234,0.0
2020-04-08,195,278.09689383364616,197.00781209709476,0.0
2020-04-08,196,886.5942387004269,195.1670605450734,0.0
2020-04-08,197,732.8318646179264,199.65938287416023,194.09513758167807
2020-04-08,198,279.2443100786741,201.81985315426368,0.0
2020-04-08,20,262.29772816035535,210.46598966104972,0.0
2020-04-08,22,0.0,0.0,0.0
2020-04-08,23,0.0,0.0,0.0
2020-04-08,25,378.29897712830217,204.86550780507537,0.0
2020-04-08,26,0.0,0.0,0.0
2020-04-08,27,123.70689928050747,201.01617977293014,0.0
2020-04-08,28,666.2008561242396,197.71183375331194,0.0
2020-04-08,3,864.1712673143544,200.9284429020937,194.2415944548283
2020-04-08,31,576.8140139308773,207.54565506702275,0.0
2020-04-08,33,307.34856063524916,203.02803116315656,0.0
2020-04-08,35,111.61661296806643,202.54304186616721,0.0
2020-04-08,36,275.7854529213715,197.8484534002268,0.0
2020-04-08,38,933.8969812313651,192.57971667537834,210.55648167049793
2020-04-08,39,163.24733100900562,198.95765894729797,0.0
2020-04-08,41,545.3912612589086,206.03304077431957,195.69717298093056
2020-04-08,42,301.0350048574479,192.36416071705176,0.0
2020-04-08,44,410.8048512827091,0.0,0.0
2020-04-08,45,414.1826473179337,200.63133868117035,0.0
2020-04-08,46,355.27188802807717,195.0767260757637,0.0
2020-04-08,49,299.0591584031601,196.03738276442394,0.0
2020-04-08,5,772.3780953582515,197.88200709135913,0.0
2020-04-08,51,615.4888522614318,193.17191297904924,0.0
2020-04-08,52,610.8272092710898,195.12939076891817,0.0
2020-04-08,55,419.73144985219886,203.51713958393654,0.0
2020-04-08,57,340.8626553196841,193.46315108884517,0.0
2020-04-08,59,551.5610046209671,192.0106393275258,0.0
2020-04-08,61,0.0,0.0,0.0
2020-04-08,63,757.4480419535373,203.65977751254923,198.38478815613496
2020-04-08,64,161.44970426416788,199.01539096001557,0.0
2020-04-08,66,456.6201301033722,0.0,0.0
2020-04-08,68,1340.65827982593,200.22179398757802,198.16381499600357
2020-04-08,69,449.8294599846121,191.27146283570175,0.0
2020-04-08,71,6.16592073247898,0.0,0.0
2020-04-08,72,308.2144474779508,201.91717515701822,0.0
2020-04-08,73,510.886559157501,197.95345762952138,0.0
2020-04-08,74,289.3020413249294,205.02962255898208,0.0
2020-04-08,75,331.597402664487,194.36251950523481,0.0
2020-04-08,77,431.278286699905,205.63954496626783,0.0
2020-04-08,8,0.0,0.0,0.0
2020-04-08,80,343.66533788716225,198.31723705060912,0.0
2020-04-08,81,371.336275797141,199.90063182315845,0.0
2020-04-08,83,189.4176684360179,199.4636761709453,0.0
2020-04-08,84,380.89401928362975,206.1014144820886,0.0
2020-04-08,88,527.8402550928934,194.61660436264492,0.0
2020-04-08,89,1279.9767057630204,196.187403804267,197.8932159611478
2020-04-08,90,291.6687490643003,205.1815144603624,0.0
2020-04-08,92,990.7717266407656,197.0223253240807,203.1067336998455
2020-04-08,93,295.5459831626114,204.50266538665795,0.0
2020-04-08,95,306.8660013175434,208.49717991504355,0.0
2020-04-08,96,430.0569433142398,197.99102486529182,0.0
2020-04-08,97,368.8374489166957,203.40681163287653,0.0
2020-04-08,98,583.6470947300079,194.2315385933007,0.0
2020-04-09,10,591.1155765379808,203.77366649033905,0.0
2020-04-09,103,0.0,0.0,0.0
2020-04-09,105,248.16796815439346,202.3651914108011,0.0
2020-04-09,108,104.51613253744615,196.77213963982302,0.0
2020-04-09,11,370.37887948115724,0.0,0.0
2020-04-09,110,1146.629741691906,202.51626032374753,0.0
2020-04-09,111,159.60876320353833,189.68298423760274,0.0
2020-04-09,115,0.0,0.0,0.0
2020-04-09,118,102.07959621533091,204.70590933209985,0.0
2020-04-09,119,592.3660283871245,200.9594886793652,204.74071475236025
2020-04-09,120,617.8672030579058,209.74171322394906,0.0
2020-04-09,122,256.3380867628852,205.12554576290887,0.0
2020-04-09,123,123.33640762373209,196.73050805837212,0.0
2020-04-09,125,732.2911721243894,200.1365668992572,0.0
2020-04-09,126,0.0,0.0,0.0
2020-04-09,127,101.34922035990375,192.08911618326937,0.0
2020-04-09,128,923.6079124815141,195.29800541757822,0.0
2020-04-09,131,663.316106031591,197.1961954651007,0.0
2020-04-09,133,43.65016672591656,189.81889748572033,0.0
2020-04-09,135,134.2826575181675,200.23746734125822,0.0
2020-04-09,136,204.83245150684664,198.7546407767348,0.0
2020-04-09,138,0.0,0.0,0.0
2020-04-09,139,42.80389732902275,202.02106432638666,0.0
2020-04-09,141,71.3206961547085,203.5793637234548,0.0
2020-04-09,142,71.58639713392618,201.13517239432446,0.0
2020-04-09,144,129.64313695199291,0.0,0.0
2020-04-09,145,255.67174582555924,202.9572107587593,0.0
2020-04-09,146,463.49385901796836,203.40110180238347,198.47022784234204
2020-04-09,149,500.6965809430858,201.53701784859845,193.81760856703826
2020-04-09,15,151.23577734081368,195.8769387478262,0.0
2020-04-09,151,890.347902442825,201.3830038275559,0.0
2020-04-09,152,108.08697771191723,205.97740325412738,0.0
2020-04-09,155,255.57163945241757,197.01685470694136,0.0
2020-04-09,157,54.19893433873186,210.48969669566216,0.0
2020-04-09,159,734.8657477465242,197.37184533007309,0.0
2020-04-09,161,94.20995408516684,200.16203506670067,0.0
2020-04-09,163,275.3551411325909,196.63757201996833,0.0
2020-04-09,164,58.34893332395222,201.1163541796013,0.0
2020-04-09,166,107.31248226975445,191.28889153682363,0.0
2020-04-09,168,1128.4357149622194,197.2697910059164,0.0
2020-04-09,169,0.0,194.53939399825717,0.0
2020-04-09,171,535.5991051782564,200.67669173946146,206.3722011392445
2020-04-09,172,0.0,0.0,0.0
2020-04-09,173,102.82332087806856,203.23003093557276,0.0
2020-04-09,174,0.0,0.0,0.0
2020-04-09,175,141.89275952981026,210.2103482646394,0.0
2020-04-09,177,16.6331475247377,201.47639970310433,0.0
2020-04-09,18,553.0738634424712,196.117504297535,199.52329454401658
2020-04-09,180,336.13955266046247,200.78563959495472,0.0
2020-04-09,181,104.66675101528763,200.88094911251346,0.0
2020-04-09,183,519.5010308102981,196.66575641524219,208.65160907428583
2020-04-09,184,176.15470420850133,200.98958333671038,0.0
2020-04-09,188,509.69390591232207,196.96263856189847,0.0
2020-04-09,189,357.7621859828909,197.97819003654988,0.0
2020-04-09,19,104.8999195650928,196.56860432122457,0.0
2020-04-09,190,0.0,0.0,0.0
2020-04-09,192,427.01393562771284,200.72918235107693,188.7720705121742
2020-04-09,193,278.34107947930016,202.9264971825817,0.0
2020-04-09,195,250.23861854643502,202.57441798038187,0.0
2020-04-09,196,234.25799367232068,204.09962626317616,0.0
2020-04-09,197,768.6336651076151,201.62170105007434,200.9770161064166
2020-04-09,198,299.41635093640224,197.33637250891547,0.0
2020-04-09,20,604.1433536231121,204.19831932215595,0.0
2020-04-09,22,0.0,0.0,0.0
2020-04-09,23,0.0,0.0,0.0
2020-04-09,25,945.3063734228509,195.17899964288378,0.0
2020-04-09,26,0.0,0.0,0.0
2020-04-09,27,76.60154834237164,204.71394257070037,0.0
2020-04-09,28,235.3907937441837,202.43652618522498,0.0
2020-04-09,3,710.8691337658631,205.35964932605899,209.59303166938105
2020-04-09,31,163.82836947084817,195.60358608794007,0.0
2020-04-09,33,10.016777993042412,201.7429755993049,0.0
2020-04-09,35,84.54978994041467,199.37412785808417,0.0
2020-04-09,36,198.28428623494983,204.23441051942456,0.0
2020-04-09,38,1139.7807770300703,199.42387883723902,198.2336793228092
2020-04-09,39,40.231394696005225,198.0752855579496,0.0
2020-04-09,41,788.6464417988122,202.70454259280496,198.8725328833268
2020-04-09,42,59.57613404614073,204.38084583595617,0.0
2020-04-09,44,0.0,0.0,0.0
2020-04-09,45,288.39305178331637,199.69462164323812,0.0
2020-04-09,46,161.63210072196011,194.70779683179174,0.0
2020-04-09,49,203.12888440965273,187.5096949125353,0.0
2020-04-09,5,278.61840363418054,201.00229815706865,0.0
2020-04-09,51,89.96677876133171,203.04452678127316,0.0
2020-04-09,52,118.30646666668918,201.31033404543362,0.0
2020-04-09,55,422.157155989311,190.25219141122815,0.0
2020-04-09,57,150.91307153274903,198.24575284961762,0.0
2020-04-09,59,779.2419362259416,188.9082611997446,0.0
2020-04-09,61,0.0,0.0,0.0
2020-04-09,63,789.455486971056,194.56972708940958,201.4775584579517
2020-04-09,64,72.73072110536764,206.2770180472995,0.0
2020-04-09,66,400.30497343553435,0.0,0.0
2020-04-09,68,859.6120254601503,195.4970482373197,197.2060209055752
2020-04-09,69,66.08049509817235,194.33607524366127,0.0
2020-04-09,71,0.0,0.0,0.0
2020-04-09,72,295.08278021183907,195.77837981408464,0.0
2020-04-09,73,287.6350870003093,200.51242321079104,0.0
2020-04-09,74,124.01251571924689,197.5858620459654,0.0
2020-04-09,75,254.34573345842222,191.09420792767185,0.0
2020-04-09,77,213.54069520481522,188.8476599043777,0.0
2020-04-09,8,0.0,0.0,0.0
2020-04-09,80,37.259394023641754,197.19221126834688,0.0
2020-04-09,81,289.310116482655,197.23455091542934,0.0
2020-04-09,83,45.516290260151855,203.47931919546892,0.0
2020-04-09,84,335.64244614397194,205.8672113831622,0.0
2020-04-09,88,50.132567198037556,198.63727639319094,0.0
2020-04-09,89,956.5789765271729,198.2970064654507,198.43964033973634
2020-04-09,90,298.9006908038907,202.50071516556943,0.0
2020-04-09,92,751.1685460536148,193.21532215150214,198.31092452904298
2020-04-09,93,67.61318033400408,201.11576527373848,0.0
2020-04-09,95,251.2782537650763,202.75942985911078,0.0
2020-04-09,96,576.9070857095187,203.40115104208815,0.0
2020-04-09,97,128.6448048519981,190.31623648748769,0.0
2020-04-09,98,543.8594344812966,196.1932236509553,0.0
2020-04-10,10,1229.235364139934,195.60868373588266,0.0
2020-04-10,103,41.48043294622204,0.0,0.0
2020-04-10,105,438.3963481915948,202.40372289883993,0.0
2020-04-10,108,271.13283597165304,207.4835520372299,0.0
2020-04-10,11,0.0,0.0,0.0
2020-04-10,110,245.5616469165535,197.51213750845392,0.0
2020-04-10,111,76.99182844212415,205.74836009439375,0.0
2020-04-10,115,0.0,0.0,0.0
2020-04-10,118,183.39884598714477,206.33825755593986,0.0
2020-04-10,119,620.8757161742319,201.44364001504917,196.86289632786813
2020-04-10,120,553.9385231682544,194.21441690643366,0.0
2020-04-10,122,229.7029987029584,193.33435822611096,0.0
2020-04-10,123,121.9533535745657,192.24243875470535,0.0
2020-04-10,125,796.1861553084401,203.31025917379236,0.0
2020-04-10,126,0.0,0.0,0.0
2020-04-10,127,123.1410972984725,209.2468107069319,0.0
2020-04-10,128,293.45832752739597,204.2155266616162,0.0
2020-04-10,131,415.6311341886519,205.81419288767492,0.0
2020-04-10,133,90.92476781579525,197.09991833673158,0.0
2020-04-10,135,161.46861726948737,194.21792091628072,0.0
2020-04-10,136,245.21437094919102,204.25039666208778,0.0
2020-04-10,138,0.0,0.0,0.0
2020-04-10,139,141.80314265797023,200.53722187170447,0.0
2020-04-10,141,316.73415524349895,201.93685740316494,0.0
2020-04-10,142,106.11392037234882,201.61592741229103,0.0
2020-04-10,144,127.5473345305744,0.0,0.0
2020-04-10,145,413.73726706269605,206.47492792408477,0.0
2020-04-10,146,667.3047304247832,202.72110176170173,206.1442827510028
2020-04-10,149,516.2551147475766,204.22901436281464,202.30539016148217
2020-04-10,15,446.513685669134,202.57031276212388,0.0
2020-04-10,151,404.9126007995294,197.6941513398269,0.0
2020-04-10,152,587.5501405501788,203.7828233745657,0.0
2020-04-10,155,464.87573986279153,193.0275246557037,0.0
2020-04-10,157,109.90739894083235,205.26945776147943,0.0
2020-04-10,159,275.03943383061176,194.02738530116983,0.0
2020-04-10,161,62.73737037582162,201.42901643397366,0.0
2020-04-10,163,194.3748775036898,195.7742302078692,0.0
2020-04-10,164,45.70240178770003,202.76694491537214,0.0
2020-04-10,166,343.77925033861646,199.83037387036046,0.0
2020-04-10,168,998.5459426199948,192.02622020918335,0.0
2020-04-10,169,388.95698714614434,202.10349815509238,0.0
2020-04-10,171,794.9781626550063,197.11039611583644,201.25314116051652
2020-04-10,172,0.0,0.0,0.0
2020-04-10,173,544.090187365272,200.00662844367204,0.0
2020-04-10,174,0.0,0.0,0.0
2020-04-10,175,159.32495099456966,195.21215522492395,0.0
2020-04-10,177,292.15259236471684,197.05333884286318,0.0
2020-04-10,18,659.5908394993498,197.70680681949457,204.04285503445058
2020-04-10,180,368.2407730579975,204.2835124012128,0.0
2020-04-10,181,129.15140761323661,208.38688543902745,0.0
2020-04-10,183,513.4609270532651,195.97414124128562,198.67822083398266
2020-04-10,184,321.16636046447815,205.3842407232884,0.0
2020-04-10,188,824.7293542824239,189.1516129113715,0.0
2020-04-10,189,655.1777527048067,194.02905299453855,0.0
2020-04-10,19,197.0154342009685,195.20610771906613,0.0
2020-04-10,190,0.0,0.0,0.0
2020-04-10,192,977.4000833460415,192.0820580510621,196.1289809082355
2020-04-10,193,173.36744700137442,202.064994560689,0.0
2020-04-10,195,281.8630788342978,198.9296615113607,0.0
2020-04-10,196,792.1581896343467,201.89702698802554,0.0
2020-04-10,197,701.5387621971463,203.45236343060756,196.98687847692722
2020-04-10,198,187.7416681565866,201.32808496586267,0.0
2020-04-10,20,392.98066469767025,203.28881588075186,0.0
2020-04-10,22,0.0,0.0,0.0
2020-04-10,23,0.0,0.0,0.0
2020-04-10,25,137.3592180754377,205.289070904104,0.0
2020-04-10,26,90.90276558327042,0.0,0.0
2020-04-10,27,160.8864723328306,195.32201850618787,0.0
2020-04-10,28,195.05857820611476,199.110410620978,0.0
2020-04-10,3,644.993095920094,195.43594540351742,200.00891520552304
2020-04-10,31,263.6835246285979,197.91284809005285,0.0
2020-04-10,33,104.61367471057716,201.72026960781733,0.0
2020-04-10,35,94.68515660505685,201.74170869623063,0.0
2020-04-10,36,254.96527580572445,195.51084966787187,0.0
2020-04-10,38,519.1554994208211,197.56147313525628,194.7039414581355
2020-04-10,39,81.66429802968966,205.37166502385122,0.0
2020-04-10,41,814.5165706239877,202.4820005886697,197.49869491706662
2020-04-10,42,113.24933777374635,210.37532519674272,0.0
2020-04-10,44,0.0,0.0,0.0
2020-04-10,45,184.33522038042827,205.7214653427997,0.0
2020-04-10,46,143.8596971827663,193.060657247721,0.0
2020-04-10,49,158.1351490778996,203.81930175816711,0.0
2020-04-10,5,1005.7202529805121,199.73446599151544,0.0
2020-04-10,51,398.760011267877,197.24509098230874,0.0
2020-04-10,52,362.91040269261816,200.84007670266266,0.0
2020-04-10,55,187.20937279746875,204.72605767305743,0.0
2020-04-10,57,294.8646671298436,202.50415795502107,0.0
2020-04-10,59,1042.9263351765603,195.6076309932897,0.0
2020-04-10,61,0.0,0.0,0.0
2020-04-10,63,776.5397403426114,196.81206228962017,197.41941679064283
2020-04-10,64,130.02710831065778,201.08341559482142,0.0
2020-04-10,66,16.90849900659748,0.0,0.0
2020-04-10,68,1654.1216486803917,198.90566874132188,210.62278114914506
2020-04-10,69,276.81869713292497,203.83121487520253,0.0
2020-04-10,71,0.0,0.0,0.0
2020-04-10,72,183.25500726076694,209.72597537138466,0.0
2020-04-10,73,322.2149866200686,190.89456965352753,0.0
2020-04-10,74,263.06415580639765,197.01166158372573,0.0
2020-04-10,75,147.61814845080193,201.8510594497087,0.0
2020-04-10,77,222.89290427678648,202.92157083217654,0.0
2020-04-10,8,0.0,0.0,0.0
2020-04-10,80,168.98848403020023,199.71304648499228,0.0
2020-04-10,81,323.7451625875773,202.05275042663808,0.0
2020-04-10,83,129.25380032362804,198.8446526127116,0.0
2020-04-10,84,377.44464477341194,206.96590628967454,0.0
2020-04-10,88,346.2005985376399,204.196745571158,0.0
2020-04-10,89,1057.2691095423008,204.36412175502818,186.1309253003304
2020-04-10,90,200.36910788406885,195.16921638314793,0.0
2020-04-10,92,746.6276916374286,199.60305787797148,199.10190139297183
2020-04-10,93,279.5304091617083,198.49767025639647,0.0
2020-04-10,95,157.86897115623137,194.97199312155266,0.0
2020-04-10,96,167.4275540382689,201.80082091972884,0.0
2020-04-10,97,344.527691604581,197.3117712111009,0.0
2020-04-10,98,618.3079098424963,203.27701914925117,0.0
2020-04-11,10,1232.9772487888877,194.64904218552834,0.0
2020-04-11,103,239.13920143344865,0.0,0.0
2020-04-11,105,1067.4626051352886,195.51833670703968,0.0
2020-04-11,108,328.5760112892959,201.09651168600217,0.0
2020-04-11,11,411.865081831624,0.0,0.0
2020-04-11,110,1131.868670653578,197.14679784899943,0.0
2020-04-11,111,419.2272176843738,204.26234321716476,0.0
2020-04-11,115,237.08746513923182,0.0,0.0
2020-04-11,118,668.3283790023962,207.2605884959128,0.0
2020-04-11,119,751.8803424337109,200.0707463248288,208.62846896407385
2020-04-11,120,258.47158918406814,197.0179429601556,0.0
2020-04-11,122,421.1124293403957,198.50409113786282,0.0
2020-04-11,123,190.0607200036268,204.0445963469636,0.0
2020-04-11,125,473.37708549312185,197.0777235407478,0.0
2020-04-11,126,0.0,0.0,0.0
2020-04-11,127,264.80781250781195,198.89231701208132,0.0
2020-04-11,128,772.9534176148618,194.11518943615016,0.0
2020-04-11,131,604.6653338370479,209.10271953970908,0.0
2020-04-11,133,478.0213173134829,197.16802704392637,0.0
2020-04-11,135,245.18909392492768,204.15808393090202,0.0
2020-04-11,136,444.79704332595975,201.04735041823886,0.0
2020-04-11,138,381.0428370450477,0.0,0.0
2020-04-11,139,465.69055792681036,199.97022645393636,0.0
2020-04-11,141,668.266010529986,203.92001389655374,0.0
2020-04-11,142,317.9148033759686,199.05869332456848,0.0
2020-04-11,144,403.6180552804563,0.0,0.0
2020-04-11,145,552.6963021993355,205.1075769639093,0.0
2020-04-11,146,782.7930051515434,204.59457427329164,200.60922232066227
2020-04-11,149,740.2796311194224,197.70171613863502,203.76708736710546
2020-04-11,15,631.2835059466502,194.60078776109256,0.0
2020-04-11,151,733.0118264145273,196.93206197318602,0.0
2020-04-11,152,298.54920627541634,200.9812047033336,0.0
2020-04-11,155,318.0654326849769,202.72893356766178,0.0
2020-04-11,157,377.7353242375982,189.14214297619776,0.0
2020-04-11,159,787.4317012232191,199.95943399194124,0.0
2020-04-11,161,122.20880891495892,200.79044612661593,0.0
2020-04-11,163,449.5435460686145,198.61227871842223,0.0
2020-04-11,164,149.00761660229134,206.4563691950794,0.0
2020-04-11,166,569.0660122141978,202.10890037125435,0.0
2020-04-11,168,1121.7212897888992,206.55095954040448,0.0
2020-04-11,169,507.93188849655405,198.92019739824883,0.0
2020-04-11,171,870.2129966370785,204.68738746253462,200.49913157549884
2020-04-11,172,0.0,0.0,0.0
2020-04-11,173,654.3927073146299,206.5584672463633,0.0
2020-04-11,174,141.28159343414978,0.0,0.0
2020-04-11,175,388.0107115522545,198.73161961228809,0.0
2020-04-11,177,497.1055841865207,198.274176472751,0.0
2020-04-11,18,740.3939308639985,202.44627267538164,196.6633330939176
2020-04-11,180,438.1838575306638,203.43176777507267,0.0
2020-04-11,181,398.0545290317169,195.8055366298713,0.0
2020-04-11,183,868.1325595233069,200.3391925695847,188.79042032745542
2020-04-11,184,374.729341648929,189.90036333921933,0.0
2020-04-11,188,748.940767180087,207.20972502900946,0.0
2020-04-11,189,878.3610159843437,197.43812879661652,0.0
2020-04-11,19,455.3535799523269,200.2793196992225,0.0
2020-04-11,190,0.0,0.0,0.0
2020-04-11,192,951.207931518004,205.73013787506707,201.0272784351815
2020-04-11,193,301.96363043287965,185.8124677930131,0.0
2020-04-11,195,332.9083076512873,199.91694828837046,0.0
2020-04-11,196,424.81902975076724,199.47090621251152,0.0
2020-04-11,197,950.2684899497195,197.73181806204158,196.12196697698803
2020-04-11,198,442.58397783222347,208.63113272817816,0.0
2020-04-11,20,543.1974594267618,195.56335270572114,0.0
2020-04-11,22,0.0,0.0,0.0
2020-04-11,23,0.0,0.0,0.0
2020-04-11,25,657.4351209527297,206.30759626267758,0.0
2020-04-11,26,0.0,0.0,0.0
2020-04-11,27,282.0460595902979,196.3351555043812,0.0
2020-04-11,28,974.6615326832093,205.48034953738699,0.0
2020-04-11,3,912.3765255838016,202.12660654165055,195.99832296917347
2020-04-11,31,589.1366421929713,192.2753132666162,0.0
2020-04-11,33,269.2205192295766,197.30347492768365,0.0
2020-04-11,35,113.42551692209139,201.9319132692403,0.0
2020-04-11,36,598.1203857645427,204.18882110773293,0.0
2020-04-11,38,676.3864312524021,196.60384673403522,197.50506372010443
2020-04-11,39,391.4865994266124,185.4287200509153,0.0
2020-04-11,41,635.054456733901,202.61611592868516,208.72430703311747
2020-04-11,42,453.9759573497131,193.89839655028013,0.0
2020-04-11,44,472.3216209943421,0.0,0.0
2020-04-11,45,609.5509838751437,185.8383703750793,0.0
2020-04-11,46,376.18852646297876,204.0699043009887,0.0
2020-04-11,49,350.16598032830484,200.64308725202483,0.0
2020-04-11,5,1034.2069500160871,198.87171809643874,0.0
2020-04-11,51,728.2735496231873,206.9451218148138,0.0
2020-04-11,52,580.7859990983104,203.18662341511535,0.0
2020-04-11,55,435.12565042053967,208.0815002136096,0.0
2020-04-11,57,458.99420604161514,193.036322639165,0.0
2020-04-11,59,766.6428159294212,199.82724688023018,0.0
2020-04-11,61,0.0,0.0,0.0
2020-04-11,63,974.3883326605045,198.85308834072265,212.02418771126986
2020-04-11,64,195.07645671286318,198.75692073116662,0.0
2020-04-11,66,270.9760906437179,0.0,0.0
2020-04-11,68,2152.6584028054417,200.22781940570948,201.086039687642
2020-04-11,69,593.6292344225482,203.11703569139956,0.0
2020-04-11,71,194.94879370110624,0.0,0.0
2020-04-11,72,336.7849240775859,210.7746433869157,0.0
2020-04-11,73,332.1071504017807,198.42351672356938,0.0
2020-04-11,74,485.5246993559436,195.2948864966681,0.0
2020-04-11,75,475.3256976322467,201.23041807658205,0.0
2020-04-11,77,562.9560549531453,195.98859986430227,0.0
2020-04-11,8,0.0,0.0,0.0
2020-04-11,80,383.72310591123073,198.58390980527383,0.0
2020-04-11,81,377.9380940510609,197.17211816063005,0.0
2020-04-11,83,416.20831624956037,197.6434213942444,0.0
2020-04-11,84,398.07987874799363,203.5920871173582,0.0
2020-04-11,88,773.8610843581151,199.21126508384256,0.0
2020-04-11,89,1070.5286474102159,196.7916658993481,197.67616388044135
2020-04-11,90,320.40947148402677,208.32675958811765,0.0
2020-04-11,92,1003.967376337567,195.71915079669125,194.11386791274396
2020-04-11,93,364.0334910903583,200.17783037016497,0.0
2020-04-11,95,367.76214988770954,203.26153075805115,0.0
2020-04-11,96,428.3249275096317,191.84332444791463,0.0
2020-04-11,97,500.27781298969376,202.4013025070296,0.0
2020-04-11,98,597.2183938177443,194.72446162259774,0.0
2020-04-12,10,1237.2094790439123,204.11391390417,0.0
2020-04-12,103,573.3201817647686,0.0,0.0
2020-04-12,105,1054.6408638542314,203.4638451592443,0.0
2020-04-12,108,522.827238072442,205.52916533147356,0.0
2020-04-12,11,305.2472498384838,0.0,0.0
2020-04-12,110,1135.570213780611,201.25658324119053,0.0
2020-04-12,111,819.3022995388866,198.8434952853515,0.0
2020-04-12,115,735.4329876205728,0.0,0.0
2020-04-12,118,316.5405967449398,207.35517345408553,0.0
2020-04-12,119,662.476240674325,196.5025238991618,202.34270080773035
2020-04-12,120,611.8975697858598,194.81466963215001,0.0
2020-04-12,122,521.4050522560735,203.32684467516415,0.0
2020-04-12,123,211.53105951483445,196.01931598406753,0.0
2020-04-12,125,846.5451644127924,195.24968251266935,0.0
2020-04-12,126,87.9593828021695,0.0,0.0
2020-04-12,127,152.5265238522615,197.5854508026974,0.0
2020-04-12,128,823.2047756819599,199.58642488051754,0.0
2020-04-12,131,662.613597958407,201.2154586383035,0.0
2020-04-12,133,346.1300303599732,204.75653122149743,0.0
2020-04-12,135,694.1940534951609,202.63448961832896,0.0
2020-04-12,136,709.821562975437,199.0456389022341,0.0
2020-04-12,138,491.89519567335674,0.0,0.0
2020-04-12,139,519.8098149857901,202.55078734457592,0.0
2020-04-12,141,1096.958646827304,206.36285081464285,0.0
2020-04-12,142,772.4886444740844,200.631570997416,0.0
2020-04-12,144,622.3645022508072,0.0,0.0
2020-04-12,145,590.5476030815339,195.03566999457226,0.0
2020-04-12,146,892.7554546193912,192.77397367793887,208.91452800032573
2020-04-12,149,918.4069436924441,203.33134836021762,198.76329806487422
2020-04-12,15,1048.8537338814772,202.8898926181978,0.0
2020-04-12,151,1038.5291001428313,202.8868176255333,0.0
2020-04-12,152,583.3835794991362,199.35670276823973,0.0
2020-04-12,155,467.4739790259904,207.03467372945875,0.0
2020-04-12,157,711.4377119193257,197.57940752707592,0.0
2020-04-12,159,1170.181938126013,204.77634618603602,0.0
2020-04-12,161,209.4935483331613,199.8062855250523,0.0
2020-04-12,163,662.893701776366,196.95824617660332,0.0
2020-04-12,164,306.6722109003652,202.9626515365888,0.0
2020-04-12,166,723.7636849944206,202.04818059341997,0.0
2020-04-12,168,1351.4006443577373,201.78486379633463,0.0
2020-04-12,169,620.0468463465033,200.406392110281,0.0
2020-04-12,171,803.0565070916821,199.81053459141586,188.10501979623388
2020-04-12,172,0.0,0.0,0.0
2020-04-12,173,858.1725838946737,205.92128322598086,0.0
2020-04-12,174,629.0099179536144,0.0,0.0
2020-04-12,175,561.0719657748061,200.55899579101694,0.0
2020-04-12,177,938.685071598727,205.03578600298334,0.0
2020-04-12,18,1742.0795633630664,202.58997388195726,203.35024835907763
2020-04-12,180,846.3065143528084,200.1310237638702,0.0
2020-04-12,181,438.92012914170107,198.48217837367042,0.0
2020-04-12,183,845.7628595462782,199.59541331168657,204.92699855725024
2020-04-12,184,427.4878930857544,184.1478713206097,0.0
2020-04-12,188,1035.4731236552489,201.05300419648822,0.0
2020-04-12,189,921.6455039549365,197.5576195994482,0.0
2020-04-12,19,787.664208749593,207.96334999141442,0.0
2020-04-12,190,0.0,0.0,0.0
2020-04-12,192,1207.2418765864732,194.05518290232519,192.07077179807075
2020-04-12,193,533.9849632377664,199.7505992293594,0.0
2020-04-12,195,373.523217699347,194.76939457468748,0.0
2020-04-12,196,906.786997334388,202.36703707856233,0.0
2020-04-12,197,986.5541495628373,201.45473682169742,200.88242091831475
2020-04-12,198,743.682248917594,204.78919815554133,0.0
2020-04-12,20,585.4498267096831,196.04559104152716,0.0
2020-04-12,22,148.32095356047427,0.0,0.0
2020-04-12,23,110.30681184008932,0.0,0.0
2020-04-12,25,947.7982438284128,203.50747390962357,0.0
2020-04-12,26,148.28780667733798,0.0,0.0
2020-04-12,27,784.4888497870361,202.47902510513785,0.0
2020-04-12,28,988.6512037850147,200.00809515678472,0.0
2020-04-12,3,1121.6169816135805,202.07386445394394,202.2561300806805
2020-04-12,31,695.1393880705473,208.02169554154298,0.0
2020-04-12,33,878.6158368266921,198.57452871478992,0.0
2020-04-12,35,150.79688202324144,200.6932259185504,0.0
2020-04-12,36,864.9161412494817,194.56936850409295,0.0
2020-04-12,38,1117.6934300738922,195.65869519200834,199.6344634899553
2020-04-12,39,184.26498997263556,200.48906646546655,0.0
2020-04-12,41,776.4964053838426,205.51966773350955,196.04614540457322
2020-04-12,42,1014.3921556818188,198.71859587874215,0.0
2020-04-12,44,612.3615951644144,0.0,0.0
2020-04-12,45,725.2036731872635,197.9655737774781,0.0
2020-04-12,46,497.78613585027273,197.32621664577837,0.0
2020-04-12,49,473.2198292153376,201.4748572785441,0.0
2020-04-12,5,868.699343219298,192.51371177410678,0.0
2020-04-12,51,1139.734984427344,206.40469788333363,0.0
2020-04-12,52,633.8439028740826,196.6728885093527,0.0
2020-04-12,55,467.61216623552025,203.6095174271907,0.0
2020-04-12,57,610.9874063210265,193.65000701303063,0.0
2020-04-12,59,1225.6583733971995,203.3442006527311,0.0
2020-04-12,61,0.0,0.0,0.0
2020-04-12,63,1210.1724000282845,201.92101036002947,205.07968611781777
2020-04-12,64,328.52038931648787,195.02785739100105,0.0
2020-04-12,66,431.78526510441503,0.0,0.0
2020-04-12,68,2224.707017096379,194.08471907632804,197.9831012701566
2020-04-12,69,787.808377406182,198.73618372451907,0.0
2020-04-12,71,75.39516516565192,0.0,0.0
2020-04-12,72,554.9709330931362,203.9835096353537,0.0
2020-04-12,73,532.9882202326107,200.07591471270217,0.0
2020-04-12,74,805.7042275438434,195.12596712038578,0.0
2020-04-12,75,795.4441401139997,203.22793856087097,0.0
2020-04-12,77,594.9596994162235,200.09690618849012,0.0
2020-04-12,8,113.5512993582704,0.0,0.0
2020-04-12,80,921.2485535237496,203.9131491315826,0.0
2020-04-12,81,500.46857033605806,199.87883583065155,0.0
2020-04-12,83,161.73135073622706,206.01225623991536,0.0
2020-04-12,84,429.52582309186647,194.52364740578597,0.0
2020-04-12,88,1392.58752292794,184.11648093402,0.0
2020-04-12,89,1268.5828637414563,201.39541929172591,192.57406918650034
2020-04-12,90,483.9065954455303,201.45781838340986,0.0
2020-04-12,92,1186.109022602544,191.54664186196774,189.7526275716516
2020-04-12,93,370.2040125181785,195.10750227066697,0.0
2020-04-12,95,567.2961277795922,213.7760887185995,0.0
2020-04-12,96,794.7807620343314,198.471946929231,0.0
2020-04-12,97,579.7983065250789,203.6547948818811,0.0
2020-04-12,98,820.0438721302462,196.74670086315808,0.0
2020-04-13,10,1132.662511843419,189.54848550573422,0.0
2020-04-13,103,389.30074970039544,0.0,0.0
2020-04-13,105,1087.734892824786,198.67197719856946,0.0
2020-04-13,108,550.1335076900295,198.00060880665814,0.0
2020-04-13,11,367.3373491616053,0.0,0.0
2020-04-13,110,1057.6879731777926,201.32134135822818,0.0
2020-04-13,111,655.1586253028416,199.24941524373097,0.0
2020-04-13,115,536.5297162885857,0.0,0.0
2020-04-13,118,930.7715566569644,202.43092395780968,0.0
2020-04-13,119,1224.6603517247358,190.25314122338787,206.30424759999656
2020-04-13,120,531.6036520817655,189.748212713579,0.0
2020-04-13,122,556.2798692249569,203.69590247350783,0.0
2020-04-13,123,216.7058992296453,202.53510136067678,0.0
2020-04-13,125,967.7904713886866,199.71302317462983,0.0
2020-04-13,126,67.91073072970607,0.0,0.0
2020-04-13,127,621.2379065768914,196.46044529662962,0.0
2020-04-13,128,799.5967971519323,198.68626626156748,0.0
2020-04-13,131,672.2877161487211,192.02053015712943,0.0
2020-04-13,133,490.05766426296776,196.30485670988384,0.0
2020-04-13,135,1103.4276590248567,203.2616516908834,0.0
2020-04-13,136,681.5263993766706,207.13652682144607,0.0
2020-04-13,138,688.849569879527,0.0,0.0
2020-04-13,139,615.559380932819,203.7824417715805,0.0
2020-04-13,141,491.1097346334305,190.42969964706268,0.0
2020-04-13,142,146.16830976785243,203.29725620556806,0.0
2020-04-13,144,680.9735741195482,0.0,0.0
2020-04-13,145,657.195616419951,201.53672808353986,0.0
2020-04-13,146,786.1905479541224,198.76123790880146,203.0833198823556
2020-04-13,149,829.3011153835682,206.60207004891916,200.43986773564583
2020-04-13,15,983.2797537538158,195.6278217583004,0.0
2020-04-13,151,1041.7129040161806,203.13803148780914,0.0
2020-04-13,152,595.471360867064,198.60246268351733,0.0
2020-04-13,155,491.77016593592106,199.20847260995168,0.0
2020-04-13,157,712.5281337634293,199.08073053420395,0.0
2020-04-13,159,1282.958839898204,195.77163447752943,0.0
2020-04-13,161,339.8920930096035,199.92950517046665,0.0
2020-04-13,163,778.5378564569595,199.6867588893909,0.0
2020-04-13,164,209.03360845747082,201.20620124203364,0.0
2020-04-13,166,838.9361756422245,200.4225257284643,0.0
2020-04-13,168,1329.2569664201476,203.98997274806118,0.0
2020-04-13,169,774.7557028351529,204.61754308023686,0.0
2020-04-13,171,831.4799426439138,194.746883390861,197.798626815746
2020-04-13,172,175.77566960373537,0.0,0.0
2020-04-13,173,1209.65263400695,194.06831786445073,0.0
2020-04-13,174,125.31318763469568,0.0,0.0
2020-04-13,175,566.404746459585,203.09869392351433,0.0
2020-04-13,177,954.4880341323146,190.44341554168747,0.0
2020-04-13,18,912.7468650812572,200.46489623264705,197.35500792898438
2020-04-13,180,990.4155208974406,197.65751943319842,0.0
2020-04-13,181,623.9717962001872,196.20617371032313,0.0
2020-04-13,183,866.6713164134519,206.75426165349504,194.62131675779193
2020-04-13,184,602.8511404314933,196.73160429681292,0.0
2020-04-13,188,1305.4110953331347,195.96811535440975,0.0
2020-04-13,189,997.7736102854261,200.37847470002546,0.0
2020-04-13,19,791.1198878926788,203.42794873149208,0.0
2020-04-13,190,88.04494952375,0.0,0.0
2020-04-13,192,1264.9953868781768,205.83185272834626,197.84272177720058
2020-04-13,193,408.871710121822,202.65487830982045,0.0
2020-04-13,195,473.987704863091,189.10894340134286,0.0
2020-04-13,196,713.3308767927007,197.35266518246496,0.0
2020-04-13,197,711.8170197655638,197.19078950324152,189.39956392439913
2020-04-13,198,650.1513814577672,202.3968047671471,0.0
2020-04-13,20,604.9132388073057,186.87591471812945,0.0
2020-04-13,22,461.1370778808433,0.0,0.0
2020-04-13,23,117.52178041646533,0.0,0.0
2020-04-13,25,986.9405901096117,200.74438401958847,0.0
2020-04-13,26,94.18154178193004,0.0,0.0
2020-04-13,27,1116.2180196864047,211.71827026406314,0.0
2020-04-13,28,1002.7703369726146,204.35373322294203,0.0
2020-04-13,3,1370.875930085894,204.7440654823581,196.31968173265744
2020-04-13,31,743.4575898000847,200.6534501223219,0.0
2020-04-13,33,942.6204287387892,199.29237123316526,0.0
2020-04-13,35,330.11406691120413,197.6210227799755,0.0
2020-04-13,36,829.3654291394679,195.86944004142728,0.0
2020-04-13,38,1135.9223280639385,196.56492950150252,198.44531241824453
2020-04-13,39,192.983204429393,193.2472201782851,0.0
2020-04-13,41,865.5369666732952,199.62064274657487,203.0494002359521
2020-04-13,42,1085.2047572970257,191.57666211386805,0.0
2020-04-13,44,1045.8360409550492,0.0,0.0
2020-04-13,45,1065.4887043508652,199.8183469597883,0.0
2020-04-13,46,693.9087254422033,200.73467649193344,0.0
2020-04-13,49,566.6820278956454,197.38934214990005,0.0
2020-04-13,5,788.920044749021,215.38430185090252,0.0
2020-04-13,51,1126.6594615973913,206.80057950090156,0.0
2020-04-13,52,672.9969556189176,193.77728749957637,0.0
2020-04-13,55,620.6622379803998,201.16434043713448,0.0
2020-04-13,57,388.19739617508174,196.95996928531338,0.0
2020-04-13,59,1330.3530864704876,194.92760136646294,0.0
2020-04-13,61,19.56362599490052,0.0,0.0
2020-04-13,63,1397.5924594376997,202.16108345379627,199.80036768313317
2020-04-13,64,383.62804246677433,196.59309882465212,0.0
2020-04-13,66,620.5065403076858,0.0,0.0
2020-04-13,68,1997.9182450104815,204.9689110726522,203.9746155693778
2020-04-13,69,866.2501872122136,206.86957192605723,0.0
2020-04-13,71,918.1436233546547,0.0,0.0
2020-04-13,72,585.0523119408014,202.37682805346006,0.0
2020-04-13,73,570.5871041028776,203.1622710832115,0.0
2020-04-13,74,330.7483731461446,197.62910912448018,0.0
2020-04-13,75,634.8152627401328,196.1411402130356,0.0
2020-04-13,77,1274.9039402175167,208.04760332887986,0.0
2020-04-13,8,189.28622613880702,0.0,0.0
2020-04-13,80,473.805430087978,203.1798387535587,0.0
2020-04-13,81,467.8513447507892,195.88961994086037,0.0
2020-04-13,83,720.8212576150041,193.90357766738904,0.0
2020-04-13,84,575.7347871629071,197.15275112753946,0.0
2020-04-13,88,1002.3370272241942,199.37989306305002,0.0
2020-04-13,89,1330.2891748976863,194.67889996591325,206.74567552556715
2020-04-13,90,472.69718825196554,199.9507759567481,0.0
2020-04-13,92,1487.8498363479557,191.5574740596575,205.2908504691205
2020-04-13,93,666.3611890220561,194.39976288765064,0.0
2020-04-13,95,283.0020464256595,203.3545562413844,0.0
2020-04-13,96,982.2817548412435,203.01895260138946,0.0
2020-04-13,97,570.1206486328136,198.04061617306567,0.0
2020-04-13,98,729.5749908240692,194.91117845461523,0.0
2020-04-14,10,1239.501412758026,194.86298224236995,0.0
2020-04-14,103,109.92478311304075,0.0,0.0
2020-04-14,105,513.627770324699,203.22259245822644,0.0
2020-04-14,108,404.7870793469574,204.64122845672162,0.0
2020-04-14,11,388.3759651005763,0.0,0.0
2020-04-14,110,1142.4512383263552,194.23253787007607,0.0
2020-04-14,111,863.0604402819506,201.33921818933166,0.0
2020-04-14,115,345.35475236854626,0.0,0.0
2020-04-14,118,338.5779885869712,197.408736805694,0.0
2020-04-14,119,997.4143979090866,206.62638045218517,202.35254923689277
2020-04-14,120,394.5976264338436,204.13557714282885,0.0
2020-04-14,122,519.3940901571615,200.78987156125726,0.0
2020-04-14,123,214.21279255918998,193.64040499443638,0.0
2020-04-14,125,614.7420095402349,201.0569828373533,0.0
2020-04-14,126,1.6382865583455555,0.0,0.0
2020-04-14,127,826.8273515872489,198.12183167117232,0.0
2020-04-14,128,1051.2664962806682,206.75557044993357,0.0
2020-04-14,131,632.1058270363861,206.46372644759103,0.0
2020-04-14,133,700.0248597114286,208.31866416071736,0.0
2020-04-14,135,618.1647411347546,201.52621563265677,0.0
2020-04-14,136,604.239538217867,202.93695849903006,0.0
2020-04-14,138,550.2183253166709,0.0,0.0
2020-04-14,139,327.86723493212764,202.2369696853449,0.0
2020-04-14,141,878.6696053328046,197.49382946104893,0.0
2020-04-14,142,742.3406664806513,197.7572858173607,0.0
2020-04-14,144,558.6359309825899,0.0,0.0
2020-04-14,145,560.7444289648964,193.54719289026892,0.0
2020-04-14,146,836.7570346486891,199.28370542317904,200.05931339590393
2020-04-14,149,721.8100867987569,205.48273559115125,195.0960599579322
2020-04-14,15,709.3876621157556,189.0437307441736,0.0
2020-04-14,151,920.3657064621482,207.67241050897258,0.0
2020-04-14,152,419.0811599475307,205.6118710935158,0.0
2020-04-14,155,408.5201225437749,197.70117692084762,0.0
2020-04-14,157,360.1792778089197,202.71695413935905,0.0
2020-04-14,159,1100.0859054490986,200.01573863453163,0.0
2020-04-14,161,307.3350036767947,206.14995184219342,0.0
2020-04-14,163,588.1214056412113,204.9134157138497,0.0
2020-04-14,164,297.80303542707486,192.99964638408494,0.0
2020-04-14,166,791.5435890020874,202.93631206732087,0.0
2020-04-14,168,936.6011378100719,198.97186073178375,0.0
2020-04-14,169,599.5770699825893,200.4141628525905,0.0
2020-04-14,171,945.6942142601615,196.3591404951509,203.69972025689657
2020-04-14,172,116.14241199690127,0.0,0.0
2020-04-14,173,969.8277214868051,205.20030909951288,0.0
2020-04-14,174,277.9367977149657,0.0,0.0
2020-04-14,175,451.10341290612416,193.32694696544883,0.0
2020-04-14,177,555.0468064905926,198.07163684511076,0.0
2020-04-14,18,1349.5415492644402,202.17251323045653,208.39873691110765
2020-04-14,180,628.9679278929913,201.2010292197311,0.0
2020-04-14,181,400.68610126650344,206.26566412384122,0.0
2020-04-14,183,772.2190191297968,203.94959861090427,201.7105301982521
2020-04-14,184,415.20812146965727,204.84784512876453,0.0
2020-04-14,188,926.9789097222308,201.63427700305218,0.0
2020-04-14,189,780.7807445931438,193.05350634894504,0.0
2020-04-14,19,547.6236896400957,199.0215073442655,0.0
2020-04-14,190,0.0,0.0,0.0
2020-04-14,192,1043.5803670751004,199.74238535737678,209.5862957421306
2020-04-14,193,416.24730269693276,202.51545184311874,0.0
2020-04-14,195,534.8730594297547,198.40625842376934,0.0
2020-04-14,196,715.2968547821564,194.85094075729077,0.0
2020-04-14,197,963.6539495787722,199.38327967976946,192.37214145969457
2020-04-14,198,637.3862391692982,201.54523721516327,0.0
2020-04-14,20,478.3286957695755,196.72156140269277,0.0
2020-04-14,22,253.6544992414273,0.0,0.0
2020-04-14,23,0.0,0.0,0.0
2020-04-14,25,784.4418340045892,205.59622458782047,0.0
2020-04-14,26,24.075715214607783,0.0,0.0
2020-04-14,27,518.0997504702093,207.26377772563092,0.0
2020-04-14,28,776.510970718112,207.64373925270453,0.0
2020-04-14,3,1167.1142511794947,199.59477017639128,194.2291830761023
2020-04-14,31,650.6693457321404,194.95775633726325,0.0
2020-04-14,33,519.6201020674714,189.5705106113333,0.0
2020-04-14,35,126.58215550363686,192.63981463486604,0.0
2020-04-14,36,847.0686382186016,193.1308258755067,0.0
2020-04-14,38,803.6545395745743,206.89234813730752,204.2760075387413
2020-04-14,39,508.08897964909346,200.57912293613472,0.0
2020-04-14,41,801.2362863853659,201.94802262045994,201.32145105076626
2020-04-14,42,712.122463025553,188.89789495532438,0.0
2020-04-14,44,597.4868213184101,0.0,0.0
2020-04-14,45,743.4472505419047,204.43539888223142,0.0
2020-04-14,46,463.60607535576946,201.43387056191293,0.0
2020-04-14,49,391.6383030753985,199.26397360657202,0.0
2020-04-14,5,567.0174626822352,202.82421179300061,0.0
2020-04-14,51,1161.4227657652261,208.17898903067908,0.0
2020-04-14,52,542.7386852828431,198.89478768231476,0.0
2020-04-14,55,445.7345069920481,200.34684901329035,0.0
2020-04-14,57,441.61382207460804,200.96298459365653,0.0
2020-04-14,59,1168.9241104828575,211.96054817636997,0.0
2020-04-14,61,0.0,0.0,0.0
2020-04-14,63,1085.6129219711152,203.41611507394404,206.56891088285903
2020-04-14,64,345.97618451915,199.42598875620467,0.0
2020-04-14,66,421.38349207305333,0.0,0.0
2020-04-14,68,2220.836583560372,196.71313723002638,199.9226417963663
2020-04-14,69,672.6910079638726,199.75517484570776,0.0
2020-04-14,71,11.792179677829552,0.0,0.0
2020-04-14,72,364.71991030553727,215.56455100521922,0.0
2020-04-14,73,493.0791838076108,204.04018094701036,0.0
2020-04-14,74,574.045733531073,195.75967200984746,0.0
2020-04-14,75,437.0885666098203,197.88120158988647,0.0
2020-04-14,77,499.43938846296305,197.73292945808072,0.0
2020-04-14,8,0.0,0.0,0.0
2020-04-14,80,780.9284736633687,198.34954904149282,0.0
2020-04-14,81,425.41214647983793,203.66414540910873,0.0
2020-04-14,83,603.0862566898862,193.62883940461603,0.0
2020-04-14,84,597.8129991156861,205.24241325525296,0.0
2020-04-14,88,1065.298913044641,202.4388741054217,0.0
2020-04-14,89,1246.870201070929,196.3288333901448,195.66012288735834
2020-04-14,90,419.7231299257659,199.29235181331077,0.0
2020-04-14,92,1214.4620941783414,207.99160903820516,198.9320337889748
2020-04-14,93,336.0715979098058,203.66773906752934,0.0
2020-04-14,95,763.2878258050097,200.04391827449075,0.0
2020-04-14,96,852.2241768474012,198.8115834151951,0.0
2020-04-14,97,929.3572667959538,200.3830453522583,0.0
2020-04-14,98,774.7760435690441,197.44118221028847,0.0
2020-04-15,10,851.6936079519454,189.47625247140493,0.0
2020-04-15,103,44.411064725285144,0.0,0.0
2020-04-15,105,192.88910176364175,200.776624995997,0.0
2020-04-15,108,352.2752476344807,201.9907363256127,0.0
2020-04-15,11,0.0,0.0,0.0
2020-04-15,110,1092.7745022717247,196.32441599637707,0.0
2020-04-15,111,320.86092351204496,199.07037759525613,0.0
2020-04-15,115,0.0,0.0,0.0
2020-04-15,118,382.8437099331205,211.3854324902665,0.0
2020-04-15,119,633.31479866684,193.82744000788801,192.33658014538133
2020-04-15,120,587.1348383915007,194.8401685807641,0.0
2020-04-15,122,272.702608664484,197.798703978068,0.0
2020-04-15,123,133.9631044007865,206.44037862426188,0.0
2020-04-15,125,714.654616452175,200.07254499631327,0.0
2020-04-15,126,184.51408573599485,0.0,0.0
2020-04-15,127,236.69434367880012,206.2716918037867,0.0
2020-04-15,128,813.4118497898156,203.6550031339274,0.0
2020-04-15,131,661.2429431872984,202.69217478608226,0.0
2020-04-15,133,171.24639456494486,203.5786712058542,0.0
2020-04-15,135,323.5206127909894,211.97180950291227,0.0
2020-04-15,136,301.0476951044619,210.92547447518055,0.0
2020-04-15,138,179.67264768281217,0.0,0.0
2020-04-15,139,180.75081776539463,208.11942496405575,0.0
2020-04-15,141,438.0882140597873,201.9158409487945,0.0
2020-04-15,142,228.1805994922792,202.49547908068874,0.0
2020-04-15,144,312.521182793211,0.0,0.0
2020-04-15,145,414.1333049508054,199.148071173059,0.0
2020-04-15,146,538.1181180469462,195.93588204831718,194.35704663451483
2020-04-15,149,744.204553174925,204.14029407446654,204.86221998959005
2020-04-15,15,534.2995773076418,205.35540250201402,0.0
2020-04-15,151,988.5879796390008,189.62756824491845,0.0
2020-04-15,152,566.3018044271839,199.88982567997866,0.0
2020-04-15,155,426.6352831758131,205.60930752397127,0.0
2020-04-15,157,250.7947118414757,199.0666051884328,0.0
2020-04-15,159,1065.3773920515246,203.64531822501183,0.0
2020-04-15,161,147.07780178364894,201.75582733813542,0.0
2020-04-15,163,327.61461744905586,201.70830115976312,0.0
2020-04-15,164,157.65257112560937,198.64342510965852,0.0
2020-04-15,166,643.461230649267,193.91709597932146,0.0
2020-04-15,168,1347.0391000563075,194.39234926287486,0.0
2020-04-15,169,374.0656869321939,203.54676257227658,0.0
2020-04-15,171,765.9131691424438,200.09729127759442,204.36393707234805
2020-04-15,172,0.0,0.0,0.0
2020-04-15,173,472.2864998711892,197.88054978838824,0.0
2020-04-15,174,0.0,0.0,0.0
2020-04-15,175,324.59192742151345,205.2345589724407,0.0
2020-04-15,177,401.2123585687479,198.32377959065985,0.0
2020-04-15,18,818.98759681813,193.29467643349216,201.8150214240304
2020-04-15,180,293.7821638391661,203.71825887770086,0.0
2020-04-15,181,307.0161482970704,198.9756166806764,0.0
2020-04-15,183,587.7087060304738,200.1569793276639,191.39461239519764
2020-04-15,184,391.71219036370434,208.03789153199756,0.0
2020-04-15,188,682.6295348867293,199.89719721324747,0.0
2020-04-15,189,760.725544746699,201.44591836559363,0.0
2020-04-15,19,283.66510883763897,194.10538254350837,0.0
2020-04-15,190,0.0,0.0,0.0
2020-04-15,192,812.4617622224539,203.047630226043,198.20798212243557
2020-04-15,193,158.24314982934382,192.2231313307938,0.0
2020-04-15,195,285.9474966848975,201.00422546557854,0.0
2020-04-15,196,240.66432089601997,200.50395536322404,0.0
2020-04-15,197,725.187692648097,200.2064372779372,193.87500055669975
2020-04-15,198,542.6497507972725,205.1857944932912,0.0
2020-04-15,20,622.8569785074501,201.67219257424262,0.0
2020-04-15,22,0.0,0.0,0.0
2020-04-15,23,0.0,0.0,0.0
2020-04-15,25,403.57619226755844,200.67962283609174,0.0
2020-04-15,26,104.147038415834,0.0,0.0
2020-04-15,27,160.5514099597607,194.6537275312246,0.0
2020-04-15,28,946.0200705488276,204.78147501045675,0.0
2020-04-15,3,894.5747123894337,211.6233665292641,205.88266626893883
2020-04-15,31,457.38836868918395,199.91496962758083,0.0
2020-04-15,33,181.38231081871047,202.52510544136882,0.0
2020-04-15,35,129.19525193381546,200.42259237907663,0.0
2020-04-15,36,309.6103018375633,196.43207665046413,0.0
2020-04-15,38,919.5178224131529,190.89619861098993,197.081389332187
2020-04-15,39,331.331762385544,196.47113258452316,0.0
2020-04-15,41,724.7505345064919,193.04020809524135,194.57126144609225
2020-04-15,42,252.8990206107917,208.52051039029558,0.0
2020-04-15,44,450.3170194054725,0.0,0.0
2020-04-15,45,392.7771697279476,198.27040335476414,0.0
2020-04-15,46,326.1062110123498,204.44576912393904,0.0
2020-04-15,49,311.8985907973534,194.39124448572056,0.0
2020-04-15,5,637.0598891445613,196.16567980997723,0.0
2020-04-15,51,874.4574415406731,200.3403613462431,0.0
2020-04-15,52,331.4214041873386,205.1438449571174,0.0
2020-04-15,55,277.90141537795466,202.50842522584395,0.0
2020-04-15,57,298.17282428451364,201.2416257125794,0.0
2020-04-15,59,497.7880383855186,200.39058867618007,0.0
2020-04-15,61,0.0,0.0,0.0
2020-04-15,63,763.3191616700966,201.00826452564627,200.1489808256071
2020-04-15,64,160.52754920722472,194.85013862611532,0.0
2020-04-15,66,221.44914541697352,0.0,0.0
2020-04-15,68,1910.1043527583172,194.63155670541124,196.79922771582693
2020-04-15,69,584.175392338669,200.4054127145041,0.0
2020-04-15,71,0.0,0.0,0.0
2020-04-15,72,296.86821067064704,212.6969081139143,0.0
2020-04-15,73,165.30122057134975,199.80052808124145,0.0
2020-04-15,74,289.1857022437527,192.97880216869206,0.0
2020-04-15,75,341.61711713502257,199.32909894661537,0.0
2020-04-15,77,373.32829565194544,202.59679372818945,0.0
2020-04-15,8,0.0,0.0,0.0
2020-04-15,80,338.4960340980622,197.05273800030642,0.0
2020-04-15,81,308.47421364997257,192.0878601298818,0.0
2020-04-15,83,224.37268357804555,204.0841850571549,0.0
2020-04-15,84,401.06191040255516,193.09700647050175,0.0
2020-04-15,88,824.5981486512477,197.81922279246257,0.0
2020-04-15,89,1178.5795032970257,198.71189757244503,207.41871955101854
2020-04-15,90,260.48694365304914,199.65183273349945,0.0
2020-04-15,92,877.6597758753542,203.4458222853717,196.32594551232904
2020-04-15,93,291.5691318199117,196.58182858856807,0.0
2020-04-15,95,308.4139669296132,198.6313537391662,0.0
2020-04-15,96,887.3697576359099,199.92864823525306,0.0
2020-04-15,97,376.12570649140633,200.74798978759395,0.0
2020-04-15,98,424.593249590211,200.48913587353962,0.0
2020-04-16,10,700.7298485423145,202.18002887611289,0.0
2020-04-16,103,25.48727973595578,0.0,0.0
2020-04-16,105,789.5218033798441,201.96317057825485,0.0
2020-04-16,108,254.049055845764,202.2679276175461,0.0
2020-04-16,11,0.0,0.0,0.0
2020-04-16,110,591.1881954730944,200.2511384958284,0.0
2020-04-16,111,373.1326865753182,202.39753774000803,0.0
2020-04-16,115,55.243688792339015,0.0,0.0
2020-04-16,118,186.07898286001335,196.53824612883102,0.0
2020-04-16,119,584.792134988384,196.70480362555676,193.00385870387686
2020-04-16,120,359.4065494178524,197.129496623582,0.0
2020-04-16,122,235.12194130876162,202.68206949945673,0.0
2020-04-16,123,59.085770181033986,205.16940527462106,0.0
2020-04-16,125,210.1037919979419,197.96269946354198,0.0
2020-04-16,126,0.0,0.0,0.0
2020-04-16,127,30.56229460062773,200.61739904582296,0.0
2020-04-16,128,728.6565979609167,199.37857111418782,0.0
2020-04-16,131,460.3127248858146,198.94307885091015,0.0
2020-04-16,133,72.80908484176622,203.7330568230108,0.0
2020-04-16,135,79.08527576489102,201.62788908393534,0.0
2020-04-16,136,258.93253095885433,211.37912713823818,0.0
2020-04-16,138,236.92589830066925,0.0,0.0
2020-04-16,139,4.139759366211723,202.59050851014987,0.0
2020-04-16,141,333.5002890809281,197.35399495094242,0.0
2020-04-16,142,74.29254246017625,195.65356506505677,0.0
2020-04-16,144,0.0,0.0,0.0
2020-04-16,145,188.96606247540169,200.68676239703518,0.0
2020-04-16,146,708.2402612082485,214.59086777530047,189.2354324212124
2020-04-16,149,640.4695751910525,199.079270921584,199.8460674879329
2020-04-16,15,59.41330741923181,194.34910635257657,0.0
2020-04-16,151,667.7992224545003,201.36505358747192,0.0
2020-04-16,152,314.02676283571026,189.62679981226816,0.0
2020-04-16,155,42.44349981504905,199.54021608697866,0.0
2020-04-16,157,274.7280308390288,200.0801264114758,0.0
2020-04-16,159,573.0941086393171,203.97300191472607,0.0
2020-04-16,161,115.72412563575627,204.86811124713924,0.0
2020-04-16,163,482.04891221015674,197.48215190546142,0.0
2020-04-16,164,79.65085838983944,199.24692992685033,0.0
2020-04-16,166,570.5579402290392,196.16939584694666,0.0
2020-04-16,168,280.8663739061971,194.35968722596152,0.0
2020-04-16,169,14.049138479819685,201.54947389690318,0.0
2020-04-16,171,620.5539258886913,193.632072257017,197.19034943071037
2020-04-16,172,0.0,0.0,0.0
2020-04-16,173,288.7296571527352,195.0241302005038,0.0
2020-04-16,174,0.0,0.0,0.0
2020-04-16,175,372.2360189896436,209.00715049633243,0.0
2020-04-16,177,258.6826178812028,193.49206008598335,0.0
2020-04-16,18,493.23221971141686,190.73490758551216,192.85547696744138
2020-04-16,180,32.89940823855905,199.37556557324967,0.0
2020-04-16,181,132.34211014599123,200.0784889797888,0.0
2020-04-16,183,482.0569286292257,201.09329653378649,205.9461323062789
2020-04-16,184,401.62465705403275,197.76839742382828,0.0
2020-04-16,188,627.42724001036,198.99680350587283,0.0
2020-04-16,189,220.39528916806032,201.83755205270302,0.0
2020-04-16,19,171.02392218671477,205.2021544632242,0.0
2020-04-16,190,0.0,0.0,0.0
2020-04-16,192,707.628555740382,198.15530280484268,203.3362257371462
2020-04-16,193,143.85681218466905,201.06904396970532,0.0
2020-04-16,195,42.75964258417203,195.4101194769463,0.0
2020-04-16,196,329.68330825001624,208.6558481588365,0.0
2020-04-16,197,469.64208464494857,196.82295059885632,199.85891060531384
2020-04-16,198,583.5115386187115,199.79353656496357,0.0
2020-04-16,20,210.63091688489905,202.78011048421146,0.0
2020-04-16,22,0.0,0.0,0.0
2020-04-16,23,0.0,0.0,0.0
2020-04-16,25,164.82024552098707,197.85672736541733,0.0
2020-04-16,26,92.76925389033761,0.0,0.0
2020-04-16,27,17.103458886614384,198.3155243660743,0.0
2020-04-16,28,1028.3781199900159,195.76782849270512,0.0
2020-04-16,3,830.5275090864783,204.6283610475136,206.82163122085433
2020-04-16,31,490.8645304520766,198.34612551988474,0.0
2020-04-16,33,105.51088362811343,197.4491959317489,0.0
2020-04-16,35,40.579283285259585,200.74728044831656,0.0
2020-04-16,36,135.17961496985552,203.85375104809393,0.0
2020-04-16,38,1006.4241309647446,211.90856765866272,203.31268016699306
2020-04-16,39,46.750268097251315,204.1361805382871,0.0
2020-04-16,41,713.2901180226227,205.79919983194173,195.88572049240784
2020-04-16,42,3.3171034137449,197.4701690050607,0.0
2020-04-16,44,0.0,0.0,0.0
2020-04-16,45,442.16982168112514,200.3116567480956,0.0
2020-04-16,46,282.9781969897608,200.53584957629798,0.0
2020-04-16,49,153.75498652387893,194.60743629317702,0.0
2020-04-16,5,731.0742461743577,199.12352735047995,0.0
2020-04-16,51,259.3090688737075,201.99658800859567,0.0
2020-04-16,52,130.46784436775675,201.8019669750904,0.0
2020-04-16,55,236.06024306501925,202.52143926692136,0.0
2020-04-16,57,313.37564788341183,201.45482365068722,0.0
2020-04-16,59,1118.672482791528,197.46495670364973,0.0
2020-04-16,61,0.0,0.0,0.0
2020-04-16,63,777.3782914055987,194.00524301003063,194.80389918004616
2020-04-16,64,55.07515855587036,208.92387519592546,0.0
2020-04-16,66,0.0,0.0,0.0
2020-04-16,68,983.80662433369,198.87573472102574,204.08990772226932
2020-04-16,69,512.8899159106664,195.35603959273772,0.0
2020-04-16,71,0.0,0.0,0.0
2020-04-16,72,233.82523494317155,194.63335983888553,0.0
2020-04-16,73,374.33664391895064,197.85576037196964,0.0
2020-04-16,74,259.51467528252607,202.0791841814303,0.0
2020-04-16,75,334.76379322764956,203.00106482872138,0.0
2020-04-16,77,103.72734357988863,204.78966027607842,0.0
2020-04-16,8,0.0,0.0,0.0
2020-04-16,80,257.1094965965843,202.53078827730357,0.0
2020-04-16,81,146.0623266347851,194.71984600016665,0.0
2020-04-16,83,45.41646850959311,198.7152743743911,0.0
2020-04-16,84,187.30760760907117,201.53916186256942,0.0
2020-04-16,88,231.47987956103665,210.34113020752912,0.0
2020-04-16,89,1004.6783348372289,193.0109726078785,201.98183478233676
2020-04-16,90,74.99028712663372,206.01288252612613,0.0
2020-04-16,92,803.2607656897112,200.8995718477321,200.8487388398533
2020-04-16,93,183.18736274948895,204.18915267614742,0.0
2020-04-16,95,221.26331513561905,199.49002641682034,0.0
2020-04-16,96,293.51103164479815,195.78783684936838,0.0
2020-04-16,97,219.80423602245799,203.75436389700667,0.0
2020-04-16,98,436.126078788387,203.2721551355281,0.0
2020-04-17,10,327.76251839426277,204.8602848286986,0.0
2020-04-17,103,5.689536194438745,0.0,0.0
2020-04-17,105,570.7257052911137,197.00088988340076,0.0
2020-04-17,108,103.38461669184275,192.2060650248808,0.0
2020-04-17,11,0.0,0.0,0.0
2020-04-17,110,823.761598272807,202.11944741221993,0.0
2020-04-17,111,260.0322214813954,195.1710868356802,0.0
2020-04-17,115,66.28040429267315,0.0,0.0
2020-04-17,118,246.0152218971841,197.6662059402428,0.0
2020-04-17,119,558.8692321592367,192.5850778400879,195.76751098565546
2020-04-17,120,669.3793346824245,195.91158801697432,0.0
2020-04-17,122,107.5240032305789,194.33084821596822,0.0
2020-04-17,123,116.61305640893002,197.9376049405603,0.0
2020-04-17,125,813.6554785996453,196.3065125083522,0.0
2020-04-17,126,0.0,0.0,0.0
2020-04-17,127,152.86629907537417,210.11295115284742,0.0
2020-04-17,128,767.829497435264,206.26270365514614,0.0
2020-04-17,131,634.0644015896779,196.10490289240008,0.0
2020-04-17,133,132.22009882675798,201.36210698326806,0.0
2020-04-17,135,205.98861179135736,202.0873254491065,0.0
2020-04-17,136,269.9553864536831,205.9554292738674,0.0
2020-04-17,138,0.0,0.0,0.0
2020-04-17,139,124.65321258194955,205.46053391991214,0.0
2020-04-17,141,414.95238607012914,197.26047347896534,0.0
2020-04-17,142,136.38875551007885,193.32068797915693,0.0
2020-04-17,144,100.25838709312961,0.0,0.0
2020-04-17,145,391.19071862339257,206.45379212061215,0.0
2020-04-17,146,650.2893062916394,212.9395448676534,203.03973783502877
2020-04-17,149,501.34733459261605,194.00137367454894,196.22250558433026
2020-04-17,15,455.66825808931776,203.49459842540395,0.0
2020-04-17,151,1170.639753514402,197.95099378103234,0.0
2020-04-17,152,115.46752062421716,203.91679355262016,0.0
2020-04-17,155,232.3835760957655,192.64755224384373,0.0
2020-04-17,157,155.25187395967936,193.68615112150718,0.0
2020-04-17,159,1039.6752891194385,196.1206258841676,0.0
2020-04-17,161,108.85887174562411,200.39482022834042,0.0
2020-04-17,163,239.1661726175651,196.79459366730822,0.0
2020-04-17,164,34.68262856870478,203.2952717195671,0.0
2020-04-17,166,643.341963755671,205.13447309128958,0.0
2020-04-17,168,1478.0113932835563,202.99788770622678,0.0
2020-04-17,169,602.4837317607937,208.09393819830433,0.0
2020-04-17,171,602.6503968544151,202.0791331472767,199.4900667270316
2020-04-17,172,0.0,0.0,0.0
2020-04-17,173,568.0188074193428,206.8168825676917,0.0
2020-04-17,174,0.0,0.0,0.0
2020-04-17,175,196.4767696813361,204.55209249842784,0.0
2020-04-17,177,261.8136600475314,207.86867108277553,0.0
2020-04-17,18,623.4450594149945,202.283440053652,207.23472073193489
2020-04-17,180,295.33360921701126,192.51920593417674,0.0
2020-04-17,181,318.79567391803545,195.40893916745105,0.0
2020-04-17,183,556.662454059064,206.6137223344257,196.69582882094926
2020-04-17,184,252.03777854966933,199.15438657178592,0.0
2020-04-17,188,287.7590983661333,200.39786767471082,0.0
2020-04-17,189,160.53201715819395,203.79412208081806,0.0
2020-04-17,19,162.01694712997954,203.48161431040162,0.0
2020-04-17,190,0.0,0.0,0.0
2020-04-17,192,942.1702770044068,198.95665814389767,192.1350537146357
2020-04-17,193,247.766355716083,198.43665777133822,0.0
2020-04-17,195,210.17133357176664,204.2894941264567,0.0
2020-04-17,196,173.0788718420308,202.76784765533895,0.0
2020-04-17,197,542.3122128756933,198.71349999691105,194.73726404064945
2020-04-17,198,228.20448672986544,205.4105615649657,0.0
2020-04-17,20,92.953439077443,199.3548294243511,0.0
2020-04-17,22,0.0,0.0,0.0
2020-04-17,23,0.0,0.0,0.0
2020-04-17,25,567.2074577367339,195.10629581845117,0.0
2020-04-17,26,121.81142525249066,0.0,0.0
2020-04-17,27,118.15201114436454,206.16862139168097,0.0
2020-04-17,28,662.2236137124961,195.97452409484745,0.0
2020-04-17,3,722.0286655217315,200.94237880509053,204.9714941334381
2020-04-17,31,159.51950377050147,196.71655327186292,0.0
2020-04-17,33,137.22785222398696,198.6984547936428,0.0
2020-04-17,35,115.70654592825514,192.44979394007373,0.0
2020-04-17,36,234.09669210849728,198.8973088542173,0.0
2020-04-17,38,980.6777363061626,199.03147310097518,201.27365568690104
2020-04-17,39,164.03450829133294,202.70143972017848,0.0
2020-04-17,41,532.2951342619536,201.11640456627686,199.35561310655623
2020-04-17,42,139.35350708453646,194.00803937523978,0.0
2020-04-17,44,370.69079310208474,0.0,0.0
2020-04-17,45,381.8483356549828,201.05151520110996,0.0
2020-04-17,46,119.88050011384045,200.99196758588744,0.0
2020-04-17,49,168.64874495703998,199.95408823307432,0.0
2020-04-17,5,134.71087595924195,197.4112127638889,0.0
2020-04-17,51,487.7185643379539,201.08901169874363,0.0
2020-04-17,52,414.6473541372788,202.3779421796429,0.0
2020-04-17,55,205.9476241691398,191.26552154327223,0.0
2020-04-17,57,318.50890073943907,197.3061958132695,0.0
2020-04-17,59,965.6124679920184,198.72526514798204,0.0
2020-04-17,61,0.0,0.0,0.0
2020-04-17,63,904.5771835608587,205.96655502963563,197.45453097344216
2020-04-17,64,45.67088322342116,196.14129592701607,0.0
2020-04-17,66,0.0,0.0,0.0
2020-04-17,68,1327.1814422304633,197.43732944676725,202.42679953776596
2020-04-17,69,206.56754795246292,195.9923620494773,0.0
2020-04-17,71,0.0,0.0,0.0
2020-04-17,72,155.47074080054725,203.85401109993987,0.0
2020-04-17,73,303.61243946878085,194.73082252317826,0.0
2020-04-17,74,187.04364536098097,202.13907197576452,0.0
2020-04-17,75,293.3952633474201,191.49048884990833,0.0
2020-04-17,77,311.4239941901931,197.19331001778897,0.0
2020-04-17,8,0.0,0.0,0.0
2020-04-17,80,158.45050655635126,208.37429836457034,0.0
2020-04-17,81,188.59037530721434,198.62598847623656,0.0
2020-04-17,83,135.07380387497884,188.99378263274542,0.0
2020-04-17,84,298.0722890669422,190.00555546569376,0.0
2020-04-17,88,600.3030981986767,200.1701479317334,0.0
2020-04-17,89,953.9165086827487,203.06885427894954,195.7544757450489
2020-04-17,90,190.71317073472215,201.87727928813626,0.0
2020-04-17,92,974.0860981739888,200.83785052900495,201.528327843213
2020-04-17,93,196.8923887291164,205.81129798752835,0.0
2020-04-17,95,267.93162687799366,197.30204389631433,0.0
2020-04-17,96,1076.44479517907,204.47455278013413,0.0
2020-04-17,97,171.28183170047453,191.83992557486792,0.0
2020-04-17,98,246.49907868796876,195.47526083530965,0.0
2020-04-18,10,1063.607629686244,190.96479302534092,0.0
2020-04-18,103,157.22752602740826,0.0,0.0
2020-04-18,105,877.8665635584846,199.7686939136683,0.0
2020-04-18,108,352.01167901557676,200.5705074611326,0.0
2020-04-18,11,31.029986604741055,0.0,0.0
2020-04-18,110,1058.5854762009048,195.36223334594135,0.0
2020-04-18,111,730.4970025727442,199.04879577793392,0.0
2020-04-18,115,150.626868390972,0.0,0.0
2020-04-18,118,563.1104934505552,206.81614487566125,0.0
2020-04-18,119,688.202075760826,198.48186963551,196.34372715593523
2020-04-18,120,486.3745801510796,197.55556940478155,0.0
2020-04-18,122,309.1184721013917,207.94470164222042,0.0
2020-04-18,123,213.97134065145354,193.78876733225385,0.0
2020-04-18,125,783.7047761986613,194.37206442984015,0.0
2020-04-18,126,52.87113995337046,0.0,0.0
2020-04-18,127,123.67291063893059,199.66064309150258,0.0
2020-04-18,128,515.9946410111074,202.158158148188,0.0
2020-04-18,131,644.2729213227008,203.69837734058916,0.0
2020-04-18,133,426.7680091907105,212.85997658747485,0.0
2020-04-18,135,281.66753556956365,188.75283772899618,0.0
2020-04-18,136,534.2431958225881,203.04367794562208,0.0
2020-04-18,138,377.2409356807889,0.0,0.0
2020-04-18,139,376.078151102799,197.06792425555614,0.0
2020-04-18,141,669.4561443213619,196.9011393587306,0.0
2020-04-18,142,113.05829784010072,195.45615164596012,0.0
2020-04-18,144,393.7822062487406,0.0,0.0
2020-04-18,145,523.0709948688097,204.21148663506952,0.0
2020-04-18,146,760.4900679683747,200.11597989278687,195.51170307362474
2020-04-18,149,709.6015795871172,206.755078762435,196.81256282587495
2020-04-18,15,536.0461676059795,192.43735517350564,0.0
2020-04-18,151,648.2283026526441,193.34647434334536,0.0
2020-04-18,152,640.1351203849241,189.11016133902655,0.0
2020-04-18,155,399.9217171965725,196.50292729938357,0.0
2020-04-18,157,421.6426137331212,200.80849263352377,0.0
2020-04-18,159,777.1100716613856,200.51429288966168,0.0
2020-04-18,161,207.84598756407712,200.7467095552994,0.0
2020-04-18,163,520.1187712943643,192.9447158446696,0.0
2020-04-18,164,154.84541294600024,204.0157737130701,0.0
2020-04-18,166,475.2975684333014,201.19813759119498,0.0
2020-04-18,168,733.533209903794,203.66527140732998,0.0
2020-04-18,169,586.5345957343469,190.53618911204973,0.0
2020-04-18,171,871.6867608918728,201.55745429398894,198.1229627675802
2020-04-18,172,0.0,0.0,0.0
2020-04-18,173,659.7038543806107,198.0133837372432,0.0
2020-04-18,174,26.19084500828893,0.0,0.0
2020-04-18,175,404.6196145066841,200.45546803127957,0.0
2020-04-18,177,466.9355997091784,195.7423001011034,0.0
2020-04-18,18,1103.5577204025642,200.0313657809221,199.7558508203315
2020-04-18,180,428.04001189168116,192.34232342378178,0.0
2020-04-18,181,368.9769913649368,205.75133697949147,0.0
2020-04-18,183,564.400335332732,198.97357990251874,201.17727897555557
2020-04-18,184,353.9920618136024,205.59274972127662,0.0
2020-04-18,188,797.0020221067289,197.3673415645198,0.0
2020-04-18,189,891.2826521185591,197.3821200579671,0.0
2020-04-18,19,368.69116404659223,196.17906606681078,0.0
2020-04-18,190,0.0,0.0,0.0
2020-04-18,192,957.7890152577639,196.45284421335762,181.5581735428578
2020-04-18,193,319.5510136132648,203.2229771620759,0.0
2020-04-18,195,336.87298073720734,198.08773801165356,0.0
2020-04-18,196,953.6552797547452,190.1201835005419,0.0
2020-04-18,197,763.7447834706063,197.14842966106767,195.96174721126619
2020-04-18,198,471.968954622685,194.10445892818575,0.0
2020-04-18,20,544.7931211997594,200.16951361841168,0.0
2020-04-18,22,105.23691603495809,0.0,0.0
2020-04-18,23,0.0,0.0,0.0
2020-04-18,25,927.8296613816495,199.54462069823487,0.0
2020-04-18,26,0.0,0.0,0.0
2020-04-18,27,607.7827540015398,203.27946068893792,0.0
2020-04-18,28,715.809541945275,204.8195346703793,0.0
2020-04-18,3,943.2782058703435,199.89950624115176,198.0421501132198
2020-04-18,31,536.9880691007105,196.14399850225354,0.0
2020-04-18,33,332.3906320030871,191.13015191943936,0.0
2020-04-18,35,204.87076738284952,196.5697512148241,0.0
2020-04-18,36,560.5296870275488,196.9139387667602,0.0
2020-04-18,38,987.9384943676571,200.53528726496148,207.52531019304166
2020-04-18,39,487.02658173197415,198.27426559430987,0.0
2020-04-18,41,788.4050504787365,203.43966486025715,194.59998695808935
2020-04-18,42,364.28760520970354,196.93508364364655,0.0
2020-04-18,44,504.41244069697734,0.0,0.0
2020-04-18,45,548.1285166381164,205.91993721598445,0.0
2020-04-18,46,417.0620426970911,201.70912606977484,0.0
2020-04-18,49,339.85472868780954,199.69981229155718,0.0
2020-04-18,5,691.7497685641983,196.99027779032411,0.0
2020-04-18,51,641.7146856143878,196.8338430164251,0.0
2020-04-18,52,433.58004171262274,195.74693373524025,0.0
2020-04-18,55,372.55807971737886,197.2949656710855,0.0
2020-04-18,57,340.971234484224,203.77832919372156,0.0
2020-04-18,59,861.7400843076526,198.89055864353867,0.0
2020-04-18,61,0.0,0.0,0.0
2020-04-18,63,926.1606595990847,208.8408464652989,200.81398309049956
2020-04-18,64,246.94342138094305,201.5998259557258,0.0
2020-04-18,66,56.91169846740905,0.0,0.0
2020-04-18,68,1872.8547030242312,197.79075536379588,207.47515154867918
2020-04-18,69,594.6187705726868,200.5544319141421,0.0
2020-04-18,71,246.519493056373,0.0,0.0
2020-04-18,72,368.9717433693481,194.45943770870565,0.0
2020-04-18,73,355.8262315499599,204.88020359677972,0.0
2020-04-18,74,716.1580319823238,206.99743213486173,0.0
2020-04-18,75,403.9381171137716,196.85672847462715,0.0
2020-04-18,77,447.2805008957121,198.61243190569883,0.0
2020-04-18,8,0.0,0.0,0.0
2020-04-18,80,466.49176226258754,198.98269429459847,0.0
2020-04-18,81,380.1145009685216,199.81705012828533,0.0
2020-04-18,83,471.3801318534534,203.29824999041185,0.0
2020-04-18,84,387.87033541573345,205.45091735510223,0.0
2020-04-18,88,812.2794486960782,196.25951967689176,0.0
2020-04-18,89,1156.019622557944,190.16337467887,193.43515735026364
2020-04-18,90,400.228040966484,199.8937761036188,0.0
2020-04-18,92,1001.4202905745085,201.4676876498432,201.96987612932202
2020-04-18,93,323.5009448791589,201.2470884384252,0.0
2020-04-18,95,384.2494429975952,198.36663376245477,0.0
2020-04-18,96,788.6104332629417,200.62376049831968,0.0
2020-04-18,97,620.0461973985464,207.57722404176124,0.0
2020-04-18,98,551.9434687597972,201.90867084481255,0.0
2020-04-19,10,1216.8064258787783,198.1331578749846,0.0
2020-04-19,103,291.7165233539298,0.0,0.0
2020-04-19,105,896.467244095832,199.15073821161135,0.0
2020-04-19,108,521.7136254269197,208.1836998091532,0.0
2020-04-19,11,305.91652220296425,0.0,0.0
2020-04-19,110,1124.3027193447451,199.90102827739645,0.0
2020-04-19,111,672.2417421782757,197.58843214531848,0.0
2020-04-19,115,525.5593745429449,0.0,0.0
2020-04-19,118,729.4096271743493,209.79918627372336,0.0
2020-04-19,119,1084.9561961846234,202.25306524715694,195.9886408303274
2020-04-19,120,510.7081652902707,200.41386451892714,0.0
2020-04-19,122,708.6889824162739,200.1839141658712,0.0
2020-04-19,123,174.68756364055437,188.07846605607128,0.0
2020-04-19,125,730.9171286760746,203.7257543214241,0.0
2020-04-19,126,55.98892349602954,0.0,0.0
2020-04-19,127,827.7726849526924,202.14171025330361,0.0
2020-04-19,128,1023.2003687839626,196.4426890295815,0.0
2020-04-19,131,687.7189280837031,198.07771560511455,0.0
2020-04-19,133,661.8850499692982,197.94487531748413,0.0
2020-04-19,135,779.4442778309342,205.10811492036518,0.0
2020-04-19,136,574.9209305611666,198.10620081698454,0.0
2020-04-19,138,704.6019761635432,0.0,0.0
2020-04-19,139,446.9862235704307,202.1543120950752,0.0
2020-04-19,141,901.278441231188,193.62158670002134,0.0
2020-04-19,142,238.12307536504798,199.3572685337402,0.0
2020-04-19,144,803.7106015774845,0.0,0.0
2020-04-19,145,811.1789111065254,189.0280876508999,0.0
2020-04-19,146,909.6779848595486,207.99735470056893,197.47683128855383
2020-04-19,149,788.1957519087454,203.5157127111,195.98444583023343
2020-04-19,15,999.7455396165648,202.66603658949657,0.0
2020-04-19,151,1018.8509802134754,200.82701830149853,0.0
2020-04-19,152,576.1657865645375,193.08991215653782,0.0
2020-04-19,155,447.4533446128152,197.58191430222283,0.0
2020-04-19,157,676.9578756549441,204.20890387392006,0.0
2020-04-19,159,1180.173986825878,194.7438998510875,0.0
2020-04-19,161,356.7919022657733,187.34115341874593,0.0
2020-04-19,163,554.9403325105894,198.86446996109538,0.0
2020-04-19,164,211.06485866747778,199.2912122298623,0.0
2020-04-19,166,806.4165171534784,200.67781708207355,0.0
2020-04-19,168,1835.2132190808943,203.64259321757268,0.0
2020-04-19,169,621.2134139010685,203.18802906115604,0.0
2020-04-19,171,1066.976062426933,201.29384902621962,196.34071345792057
2020-04-19,172,0.0,0.0,0.0
2020-04-19,173,590.8788432433245,192.40515109593343,0.0
2020-04-19,174,486.15801451480667,0.0,0.0
2020-04-19,175,425.5705523236747,203.1326918166847,0.0
2020-04-19,177,542.8012844493555,193.8021885695988,0.0
2020-04-19,18,1114.5676586349023,192.48564695658806,213.60956073953247
2020-04-19,180,795.9795384856717,196.27028936762198,0.0
2020-04-19,181,533.1772941960875,196.69229278742355,0.0
2020-04-19,183,670.1607732523578,203.76709731751217,204.22227936035833
2020-04-19,184,542.3948943160282,196.92730608154451,0.0
2020-04-19,188,919.0882197722522,195.71825740859398,0.0
2020-04-19,189,940.7184459091516,196.9418313165272,0.0
2020-04-19,19,268.62501441698424,205.59316167077105,0.0
2020-04-19,190,41.55645710743704,0.0,0.0
2020-04-19,192,1045.8527707398875,199.10374487321545,205.50868930893105
2020-04-19,193,378.8473427411844,199.44997250649473,0.0
2020-04-19,195,432.51827213924383,206.4603016716326,0.0
2020-04-19,196,801.6414095836095,196.2541413669838,0.0
2020-04-19,197,1619.8244851113627,206.5775414547005,202.4599674341825
2020-04-19,198,732.2172633788074,201.05248149460752,0.0
2020-04-19,20,571.4521994662922,199.19790309012325,0.0
2020-04-19,22,0.0,0.0,0.0
2020-04-19,23,0.0,0.0,0.0
2020-04-19,25,856.1622098884935,198.23157120216496,0.0
2020-04-19,26,54.4111918178408,0.0,0.0
2020-04-19,27,203.33836493172026,204.76230985268086,0.0
2020-04-19,28,929.0519001622993,208.4459446682584,0.0
2020-04-19,3,1635.9692029329965,208.34961390702318,191.9687160579902
2020-04-19,31,713.9747976821744,206.11974376573002,0.0
2020-04-19,33,835.9008025677342,199.01189766102019,0.0
2020-04-19,35,220.6283997528976,198.17379511255078,0.0
2020-04-19,36,1068.125496964431,191.64415113752966,0.0
2020-04-19,38,839.1434571109955,210.17936767590896,201.97478985161655
2020-04-19,39,150.57651117616467,202.34489039074234,0.0
2020-04-19,41,840.1863108940368,197.5402154756526,205.36464807253674
2020-04-19,42,1040.322539454464,206.64028444493485,0.0
2020-04-19,44,550.3794729259414,0.0,0.0
2020-04-19,45,818.5075419008228,202.03311017111338,0.0
2020-04-19,46,460.79454112782514,199.13685432854584,0.0
2020-04-19,49,509.63194665185745,203.19338569940152,0.0
2020-04-19,5,972.7721207472314,199.6821323040694,0.0
2020-04-19,51,1123.4905638818493,192.74536054444388,0.0
2020-04-19,52,623.075193940244,200.37788186335018,0.0
2020-04-19,55,489.61769848038034,205.2443207093768,0.0
2020-04-19,57,748.8564678586719,199.85391797073007,0.0
2020-04-19,59,1153.8939096748786,203.87557560794542,0.0
2020-04-19,61,0.0,0.0,0.0
2020-04-19,63,1272.3696534884652,199.86869603365074,195.73300262980445
2020-04-19,64,242.60319772283805,196.8774477245571,0.0
2020-04-19,66,420.1869987558448,0.0,0.0
2020-04-19,68,1774.4826915075494,200.15745781130997,204.82663333580564
2020-04-19,69,731.5107856171007,203.45036838168306,0.0
2020-04-19,71,643.0834666532835,0.0,0.0
2020-04-19,72,560.8999872901815,203.45809287560695,0.0
2020-04-19,73,533.2651018378936,201.36559217146822,0.0
2020-04-19,74,361.5963912591338,195.00893870744298,0.0
2020-04-19,75,717.6729665607216,199.98606944666548,0.0
2020-04-19,77,721.074383193963,197.33454798992082,0.0
2020-04-19,8,47.176573638119294,0.0,0.0
2020-04-19,80,802.0308799130652,198.12732924624873,0.0
2020-04-19,81,520.5338727751624,195.10037212608879,0.0
2020-04-19,83,1094.7783614019618,190.21330705433004,0.0
2020-04-19,84,568.1745378364785,196.65928475836117,0.0
2020-04-19,88,1052.3332247794674,200.9668972596208,0.0
2020-04-19,89,1468.4819628350635,193.25911477286255,203.5216810492704
2020-04-19,90,444.82484994172904,200.0784111823581,0.0
2020-04-19,92,1044.2959863689605,209.5013421215548,209.26020022406834
2020-04-19,93,576.9892570039448,205.1152827762612,0.0
2020-04-19,95,314.74598561555064,208.21770754560265,0.0
2020-04-19,96,1004.5625577750294,201.95563938466364,0.0
2020-04-19,97,1128.691035690789,205.83754911493224,0.0
2020-04-19,98,647.5435795115039,196.38017634766106,0.0
2020-04-20,10,1217.6427357355772,196.7782986648901,0.0
2020-04-20,103,988.267406212381,0.0,0.0
2020-04-20,105,1023.3560744561532,205.93072737021149,0.0
2020-04-20,108,417.1966659535592,207.70161989909943,0.0
2020-04-20,11,359.456027677391,0.0,0.0
2020-04-20,110,1057.004942930012,198.73024146801382,0.0
2020-04-20,111,805.2361313222559,196.2306894315452,0.0
2020-04-20,115,280.8455348924998,0.0,0.0
2020-04-20,118,1017.2489068593381,205.6246627265162,0.0
2020-04-20,119,1059.3007789470494,191.2861401305948,197.9110849374319
2020-04-20,120,479.9306684958326,202.04719265321125,0.0
2020-04-20,122,585.6904108263885,198.61664114140427,0.0
2020-04-20,123,363.95333565159075,200.56697195983344,0.0
2020-04-20,125,898.6785509819027,202.29497000837145,0.0
2020-04-20,126,100.05483722070937,0.0,0.0
2020-04-20,127,295.3469791743994,199.4820657329711,0.0
2020-04-20,128,835.0053245549277,198.9306241622268,0.0
2020-04-20,131,666.0464229322846,204.8515810089414,0.0
2020-04-20,133,1090.5239863722343,202.09379980063747,0.0
2020-04-20,135,849.6752429453701,201.1029176886868,0.0
2020-04-20,136,881.088761873998,193.64524139453857,0.0
2020-04-20,138,1032.0214006966578,0.0,0.0
2020-04-20,139,797.259340839735,204.49334580169588,0.0
2020-04-20,141,508.12473592842775,200.18848286561962,0.0
2020-04-20,142,883.753382786846,203.2976573479457,0.0
2020-04-20,144,949.9229440138545,0.0,0.0
2020-04-20,145,999.656107035784,205.19303034604408,0.0
2020-04-20,146,820.240267366843,200.4657916884987,194.51194508862136
2020-04-20,149,848.1354990621978,197.44505414902136,198.19185945313728
2020-04-20,15,1130.5902293843135,187.2322520197205,0.0
2020-04-20,151,1125.4176770962554,199.15807538763573,0.0
2020-04-20,152,590.4597296309605,198.36993752091576,0.0
2020-04-20,155,482.25627153912825,201.95183097197688,0.0
2020-04-20,157,396.6546213403288,199.23047386512656,0.0
2020-04-20,159,1204.6116124550092,198.39807470281602,0.0
2020-04-20,161,473.61917915667595,191.1030053474639,0.0
2020-04-20,163,550.8326016835058,195.30016085424967,0.0
2020-04-20,164,268.1857724467321,202.38325520400278,0.0
2020-04-20,166,834.2257497852934,208.57953815566347,0.0
2020-04-20,168,1385.0338609576631,199.51237308127187,0.0
2020-04-20,169,732.830483066207,201.6390553678706,0.0
2020-04-20,171,1224.5018925929471,204.76239078476402,207.1778549658181
2020-04-20,172,178.14855166585988,0.0,0.0
2020-04-20,173,1093.457300947852,201.83407021642722,0.0
2020-04-20,174,690.7288479082426,0.0,0.0
2020-04-20,175,642.6281009587452,204.32412219245506,0.0
2020-04-20,177,484.5497742578389,200.75701523975866,0.0
2020-04-20,18,849.1716727314173,201.4922590699072,190.8579705957902
2020-04-20,180,807.6002340341947,196.08700701290707,0.0
2020-04-20,181,650.9893890805773,203.53516179805393,0.0
2020-04-20,183,544.8913433718592,210.42356460615508,189.65812142284483
2020-04-20,184,431.0741178626781,194.96044152285896,0.0
2020-04-20,188,1156.5282707493773,198.30120496176238,0.0
2020-04-20,189,934.7477285714848,201.15803737084045,0.0
2020-04-20,19,903.6591879230944,203.9320310599791,0.0
2020-04-20,190,33.546506379785285,0.0,0.0
2020-04-20,192,1293.2649279743218,185.8348485492863,200.44697639465807
2020-04-20,193,558.2537416673368,206.79594747082012,0.0
2020-04-20,195,825.8502533922622,203.8025305979207,0.0
2020-04-20,196,615.9619771575088,191.2852623475667,0.0
2020-04-20,197,1300.6497386659669,196.96215604110222,197.7870535361292
2020-04-20,198,802.7967343910108,207.84091214763663,0.0
2020-04-20,20,667.4518954769081,207.23898209228932,0.0
2020-04-20,22,443.26185299100933,0.0,0.0
2020-04-20,23,138.84173491008204,0.0,0.0
2020-04-20,25,968.6553234041103,200.41493709406254,0.0
2020-04-20,26,172.3424565136492,0.0,0.0
2020-04-20,27,751.9971624103127,205.6411989163442,0.0
2020-04-20,28,1011.0119951557378,195.62078796752445,0.0
2020-04-20,3,1727.839788616626,195.971001725579,200.03863946587842
2020-04-20,31,869.8551531562849,205.05137293418008,0.0
2020-04-20,33,1012.8034832308973,199.77819272244218,0.0
2020-04-20,35,336.0658658140661,206.89233677726904,0.0
2020-04-20,36,734.6670128996286,196.64243896509728,0.0
2020-04-20,38,1056.8012348700615,199.72610819830587,204.72655885617934
2020-04-20,39,376.5894369632222,195.38793507578023,0.0
2020-04-20,41,893.3468296592707,200.03681340711785,197.23715326940572
2020-04-20,42,277.6211183507639,192.607265315006,0.0
2020-04-20,44,606.8732541581762,0.0,0.0
2020-04-20,45,675.0368293045799,192.8187306753594,0.0
2020-04-20,46,554.8786277137152,203.4696161659563,0.0
2020-04-20,49,574.5529954730415,203.58294669879825,0.0
2020-04-20,5,894.5915404126233,191.34868634757828,0.0
2020-04-20,51,1151.1150912383546,206.66942872750286,0.0
2020-04-20,52,663.7694589763196,212.48707563209928,0.0
2020-04-20,55,518.8680262902093,200.23003193368172,0.0
2020-04-20,57,571.4018204095104,196.79442869887677,0.0
2020-04-20,59,1342.1518479077204,214.12165295501524,0.0
2020-04-20,61,37.806834221556585,0.0,0.0
2020-04-20,63,961.3055447889742,200.1005323343455,190.63497084534688
2020-04-20,64,231.697014748518,200.89811136315961,0.0
2020-04-20,66,474.0685333069486,0.0,0.0
2020-04-20,68,2148.183542964892,201.79869487563394,210.22240778599974
2020-04-20,69,895.9947670202672,197.50683052105774,0.0
2020-04-20,71,694.9022194619538,0.0,0.0
2020-04-20,72,622.5299629254736,198.29089089876933,0.0
2020-04-20,73,568.4807218475954,194.96536319527428,0.0
2020-04-20,74,619.6372016513559,200.2391265989234,0.0
2020-04-20,75,830.2975469201199,197.17901910069756,0.0
2020-04-20,77,1203.4574791184405,192.52981103355125,0.0
2020-04-20,8,114.0884956878769,0.0,0.0
2020-04-20,80,1222.821899668368,197.51163738285481,0.0
2020-04-20,81,450.61540907834,193.65931597512343,0.0
2020-04-20,83,294.36443490770444,199.1587043275623,0.0
2020-04-20,84,521.6863866776981,200.3418578298383,0.0
2020-04-20,88,885.8621729838919,191.26766637210483,0.0
2020-04-20,89,1390.793701529867,201.65823833562882,195.01385856280612
2020-04-20,90,525.3745718571512,194.76421215654867,0.0
2020-04-20,92,1009.6664804990521,208.55514404595394,194.70481438993951
2020-04-20,93,340.6218956184425,202.61980256038368,0.0
2020-04-20,95,315.95210616255105,198.00050004945342,0.0
2020-04-20,96,883.4280443580585,196.27416114841324,0.0
2020-04-20,97,1026.7349498146348,199.4751614621819,0.0
2020-04-20,98,1093.991913831516,203.06395370791645,0.0
2020-04-21,10,986.3671019096423,199.872529357074,0.0
2020-04-21,103,324.2801923870636,0.0,0.0
2020-04-21,105,880.3046177664238,200.29185145408948,0.0
2020-04-21,108,368.7089872866258,196.98070534381523,0.0
2020-04-21,11,426.7011383557012,0.0,0.0
2020-04-21,110,1113.117484292655,189.571037805475,0.0
2020-04-21,111,785.6062440803466,204.86863115426183,0.0
2020-04-21,115,129.5802434121619,0.0,0.0
2020-04-21,118,704.8621815949696,196.13272077983285,0.0
2020-04-21,119,801.2068273111145,209.4936749067762,205.51860006861298
2020-04-21,120,411.47150615624537,200.43508240196192,0.0
2020-04-21,122,453.7325211134189,194.81928214012402,0.0
2020-04-21,123,232.81784224725888,204.28368710735228,0.0
2020-04-21,125,950.8681183763708,201.9902410825463,0.0
2020-04-21,126,114.21959173617313,0.0,0.0
2020-04-21,127,144.2005580078488,197.87122197674205,0.0
2020-04-21,128,900.6128094431136,202.25247861889017,0.0
2020-04-21,131,650.0895166605959,198.69120854889454,0.0
2020-04-21,133,738.8178226580875,202.77970725822922,0.0
2020-04-21,135,912.847087790163,190.4752777299468,0.0
2020-04-21,136,618.4308683442734,197.83063268510406,0.0
2020-04-21,138,514.4627806888548,0.0,0.0
2020-04-21,139,755.3764461406021,196.1646627229985,0.0
2020-04-21,141,925.0929327189334,196.98080851253405,0.0
2020-04-21,142,623.9903786655944,197.76019330775011,0.0
2020-04-21,144,594.2976898213643,0.0,0.0
2020-04-21,145,702.783860858991,188.95859611885874,0.0
2020-04-21,146,778.225110095119,198.84706800738195,198.0775543947924
2020-04-21,149,737.7888102167099,200.67929712040828,199.68305073982594
2020-04-21,15,691.8196513046269,199.73747465730673,0.0
2020-04-21,151,1151.026172583228,199.27560719026056,0.0
2020-04-21,152,580.5546185388555,200.21520435425194,0.0
2020-04-21,155,427.4407002805691,205.11420735775383,0.0
2020-04-21,157,444.02046621870437,199.04776907035392,0.0
2020-04-21,159,1015.9526329102381,197.12958711456366,0.0
2020-04-21,161,238.38208571390282,198.59437257555956,0.0
2020-04-21,163,583.294022038258,202.89673379878388,0.0
2020-04-21,164,159.9882678468425,207.06013439271624,0.0
2020-04-21,166,633.8717898017834,196.8592813041541,0.0
2020-04-21,168,1242.3844906872869,200.49466893514443,0.0
2020-04-21,169,611.5256738438957,201.6917872096798,0.0
2020-04-21,171,922.4424622025522,195.0371099663559,202.4139506203016
2020-04-21,172,0.0,0.0,0.0
2020-04-21,173,928.4737632444455,192.67163071328952,0.0
2020-04-21,174,170.02611327921397,0.0,0.0
2020-04-21,175,434.1549286391243,201.8337320394613,0.0
2020-04-21,177,469.6908903550019,198.08062629334609,0.0
2020-04-21,18,1203.9217128912521,201.0114020381061,205.41791551554996
2020-04-21,180,448.3374219291119,199.91052511495826,0.0
2020-04-21,181,426.46624459841604,195.117999756681,0.0
2020-04-21,183,553.4792211100068,199.7737284901783,198.33269653409113
2020-04-21,184,461.32936409882007,193.83449347492572,0.0
2020-04-21,188,849.3490075900386,206.95486179000702,0.0
2020-04-21,189,796.8487457471219,193.22014827570018,0.0
2020-04-21,19,500.94689038017833,199.0210736451571,0.0
2020-04-21,190,57.657585652179705,0.0,0.0
2020-04-21,192,1089.9879816372231,202.85210586680398,207.59976002957148
2020-04-21,193,332.35583955828446,198.3428431435925,0.0
2020-04-21,195,513.1572358790954,197.40666640189394,0.0
2020-04-21,196,572.791025601774,204.26600772525777,0.0
2020-04-21,197,1271.9260079238143,200.14715295838775,189.321000756326
2020-04-21,198,671.214643053419,202.58322222967985,0.0
2020-04-21,20,658.4092452682788,195.09337031741268,0.0
2020-04-21,22,113.59783016905669,0.0,0.0
2020-04-21,23,0.0,0.0,0.0
2020-04-21,25,874.9864276796964,198.40576822252635,0.0
2020-04-21,26,31.60212190132654,0.0,0.0
2020-04-21,27,544.2845018011493,199.60045773668725,0.0
2020-04-21,28,992.2749151364325,201.02537669617314,0.0
2020-04-21,3,1177.2000495380835,191.88308735029378,203.79893618476538
2020-04-21,31,653.641121816426,209.4421846980713,0.0
2020-04-21,33,856.7467755707103,199.17879007483984,0.0
2020-04-21,35,179.00307154401335,203.487934851696,0.0
2020-04-21,36,812.9686836163182,195.81954164890186,0.0
2020-04-21,38,720.216008632693,201.5400495110867,195.8023622099117
2020-04-21,39,115.91644618414259,193.48577618237627,0.0
2020-04-21,41,841.03058531998,202.26033919129836,206.86135658303996
2020-04-21,42,752.9773708820519,198.22012957807084,0.0
2020-04-21,44,654.7791603724013,0.0,0.0
2020-04-21,45,597.5306372587007,203.4898701506505,0.0
2020-04-21,46,368.42665366532464,193.8372984438986,0.0
2020-04-21,49,352.221172307223,196.57754134693602,0.0
2020-04-21,5,826.119522535715,202.28662140543383,0.0
2020-04-21,51,972.1435807554215,210.49110737273372,0.0
2020-04-21,52,618.6798630012875,199.3095883266926,0.0
2020-04-21,55,519.2722359703341,202.95568058961967,0.0
2020-04-21,57,431.7243684938647,199.4651426507076,0.0
2020-04-21,59,1096.4795581377575,209.7112279737815,0.0
2020-04-21,61,0.0,0.0,0.0
2020-04-21,63,929.0409511042129,200.47310522334678,200.71022239415274
2020-04-21,64,247.63329653993094,191.8722798321897,0.0
2020-04-21,66,400.68128987270927,0.0,0.0
2020-04-21,68,1595.1162530872955,201.4873102655891,196.635473339953
2020-04-21,69,620.4766024474338,200.6974889807373,0.0
2020-04-21,71,336.5608207816623,0.0,0.0
2020-04-21,72,347.9676225451868,199.46902954980123,0.0
2020-04-21,73,424.2802861765307,215.4914971703563,0.0
2020-04-21,74,546.6675409135238,198.70912430984282,0.0
2020-04-21,75,505.0678132688896,202.55062180625038,0.0
2020-04-21,77,873.8824607908347,196.7531759019306,0.0
2020-04-21,8,57.266225575746205,0.0,0.0
2020-04-21,80,365.508590048523,198.8088316247219,0.0
2020-04-21,81,631.5580331655143,197.94740758635135,0.0
2020-04-21,83,263.4333678291009,209.09449266100162,0.0
2020-04-21,84,581.081431230545,205.8859248159217,0.0
2020-04-21,88,896.9803077813046,200.68373323699615,0.0
2020-04-21,89,1232.996387390906,188.47894032028017,203.31420546510816
2020-04-21,90,553.256418525226,198.19495388373716,0.0
2020-04-21,92,1117.6693414197116,213.51513782202542,204.46594173603626
2020-04-21,93,482.417943073997,198.84669166680146,0.0
2020-04-21,95,778.306819909598,205.5160878602683,0.0
2020-04-21,96,931.4937340281999,207.209712009763,0.0
2020-04-21,97,814.2613891441553,201.09481957927989,0.0
2020-04-21,98,719.2920636046103,195.79089184065924,0.0
2020-04-22,10,1164.6288336787895,187.82343834108556,0.0
2020-04-22,103,35.52215953358103,0.0,0.0
2020-04-22,105,518.6480182569848,195.92621998588226,0.0
2020-04-22,108,257.9771148798317,200.88075225943845,0.0
2020-04-22,11,328.6075594737286,0.0,0.0
2020-04-22,110,407.92595643418036,198.673812297649,0.0
2020-04-22,111,230.73994247167465,200.16859527450526,0.0
2020-04-22,115,64.79356646684545,0.0,0.0
2020-04-22,118,360.4631100505202,194.42588906323792,0.0
2020-04-22,119,661.2905148121929,205.98455474380677,203.2094706142932
2020-04-22,120,370.4836246877974,197.01552607634014,0.0
2020-04-22,122,257.5827986111702,191.62765269773377,0.0
2020-04-22,123,114.55369662739884,199.45488290018267,0.0
2020-04-22,125,561.6939469440966,200.1718765451323,0.0
2020-04-22,126,0.0,0.0,0.0
2020-04-22,127,229.63489832861887,206.8106620184254,0.0
2020-04-22,128,746.6996533713882,198.8177558163207,0.0
2020-04-22,131,395.96590856781,199.40190187815614,0.0
2020-04-22,133,151.84376650096058,194.48407809383454,0.0
2020-04-22,135,202.17282807150627,204.10276751443948,0.0
2020-04-22,136,294.23559408995055,200.92154532039052,0.0
2020-04-22,138,338.6713894334526,0.0,0.0
2020-04-22,139,154.30283774402812,190.4766265326727,0.0
2020-04-22,141,382.14098214299315,207.22206097527544,0.0
2020-04-22,142,147.51024202980753,193.8616001777197,0.0
2020-04-22,144,120.71422531324981,0.0,0.0
2020-04-22,145,366.8669266289072,201.79172255538,0.0
2020-04-22,146,688.3282744791438,194.01721035691656,194.8515188018347
2020-04-22,149,591.7987499000849,192.53245110873428,197.57991438188958
2020-04-22,15,487.39274720959537,189.38026208649669,0.0
2020-04-22,151,401.07392258219335,203.60498476452818,0.0
2020-04-22,152,446.7319700035292,197.27406877636838,0.0
2020-04-22,155,262.92636043841543,214.63635046236664,0.0
2020-04-22,157,368.30957811573126,195.02822467184563,0.0
2020-04-22,159,1052.8753723406787,195.3927448828554,0.0
2020-04-22,161,94.3179186879997,197.17303514857298,0.0
2020-04-22,163,474.33385934537705,201.21567327569244,0.0
2020-04-22,164,104.30053461032799,197.64898330607343,0.0
2020-04-22,166,536.9965893305235,203.06166107001255,0.0
2020-04-22,168,1461.714618504916,195.10705805005674,0.0
2020-04-22,169,534.7021857912667,193.0920414076821,0.0
2020-04-22,171,753.4029432277267,191.00892630295445,199.97963581439282
2020-04-22,172,0.0,0.0,0.0
2020-04-22,173,446.8283907045116,197.4096549026247,0.0
2020-04-22,174,0.0,0.0,0.0
2020-04-22,175,269.6400581845805,196.84281486258408,0.0
2020-04-22,177,401.91612095533,206.2170289859358,0.0
2020-04-22,18,820.0372245989508,206.14015104804068,199.7937017367497
2020-04-22,180,337.3648978996821,198.32598506277748,0.0
2020-04-22,181,387.8781447066374,191.03039443404018,0.0
2020-04-22,183,567.7734246515637,197.16647445972472,203.74872737719173
2020-04-22,184,321.87056316778535,197.0008930304147,0.0
2020-04-22,188,614.6580564872403,196.7143251886097,0.0
2020-04-22,189,729.8561902185561,196.51140548050878,0.0
2020-04-22,19,256.46127701844364,196.73268552137597,0.0
2020-04-22,190,0.0,0.0,0.0
2020-04-22,192,781.4600894471437,196.82229450592223,189.92549383746695
2020-04-22,193,187.57331030444846,201.04161254312797,0.0
2020-04-22,195,288.2063878161957,201.8018435795243,0.0
2020-04-22,196,1085.2283898185244,195.44677456408755,0.0
2020-04-22,197,815.2591543165831,206.35532663003517,201.6716352727675
2020-04-22,198,563.2784318128049,195.09968849079692,0.0
2020-04-22,20,435.8265558491912,191.91099693092332,0.0
2020-04-22,22,0.0,0.0,0.0
2020-04-22,23,0.0,0.0,0.0
2020-04-22,25,498.37964681105024,201.60645735378694,0.0
2020-04-22,26,0.0,0.0,0.0
2020-04-22,27,322.96765255460383,206.96227970741535,0.0
2020-04-22,28,466.5790442114988,203.361467040202,0.0
2020-04-22,3,851.71664399503,192.497617254185,198.5500932278168
2020-04-22,31,556.9988940499529,192.60611438076856,0.0
2020-04-22,33,246.21607177870155,208.36132952048763,0.0
2020-04-22,35,119.0851985040679,196.3131004825102,0.0
2020-04-22,36,296.4209855469837,195.8290757563369,0.0
2020-04-22,38,1124.1143396208406,188.66973952925358,195.80749691808023
2020-04-22,39,130.88824765916922,198.24610897199224,0.0
2020-04-22,41,759.4487261485785,198.86140192582124,196.287566111152
2020-04-22,42,124.1776249625834,203.57746548384742,0.0
2020-04-22,44,485.7621476861319,0.0,0.0
2020-04-22,45,387.5451014873594,192.39856603879696,0.0
2020-04-22,46,358.93635220812246,202.25481317388238,0.0
2020-04-22,49,276.66175293821397,205.03365035613533,0.0
2020-04-22,5,586.9056307690296,192.1442382444106,0.0
2020-04-22,51,627.2246987538755,205.4075704314987,0.0
2020-04-22,52,427.646379190787,200.1877092074341,0.0
2020-04-22,55,412.9468958737398,205.45902669537324,0.0
2020-04-22,57,340.17808252585894,199.6488981924119,0.0
2020-04-22,59,777.0241043838583,187.38861041256024,0.0
2020-04-22,61,0.0,0.0,0.0
2020-04-22,63,874.2050294043415,205.30071909335635,198.9273116774102
2020-04-22,64,139.29356189262208,195.53126990458142,0.0
2020-04-22,66,219.39789705504666,0.0,0.0
2020-04-22,68,890.0425436932794,199.1193324822451,181.9945744777024
2020-04-22,69,558.5671414950494,185.5024306006576,0.0
2020-04-22,71,0.0,0.0,0.0
2020-04-22,72,285.41506968893503,195.49312160051412,0.0
2020-04-22,73,415.53926509771594,202.528677162364,0.0
2020-04-22,74,328.8804305135401,199.56649431925896,0.0
2020-04-22,75,363.62076012504383,206.2880952817968,0.0
2020-04-22,77,448.4178728024366,202.03028061214042,0.0
2020-04-22,8,0.0,0.0,0.0
2020-04-22,80,372.5085303239313,195.53242453740359,0.0
2020-04-22,81,291.1619331852712,203.9892535069107,0.0
2020-04-22,83,305.5107370061546,190.63279348022692,0.0
2020-04-22,84,394.0224976668057,203.22945210137945,0.0
2020-04-22,88,831.885800708092,194.50477624222563,0.0
2020-04-22,89,1173.6424592357887,206.2614183097832,196.49355214604225
2020-04-22,90,322.34405742174806,200.80649771331346,0.0
2020-04-22,92,941.0432968156829,203.22061883925053,195.62092587676852
2020-04-22,93,288.6343217513477,200.40994406912358,0.0
2020-04-22,95,307.75504531316415,191.238114524295,0.0
2020-04-22,96,841.5134490511632,195.69635418302332,0.0
2020-04-22,97,381.4756568439113,203.36194668805692,0.0
2020-04-22,98,551.0211236367821,200.83327908679922,0.0
2020-04-23,10,917.0827991149444,205.90494952652836,0.0
2020-04-23,103,0.0,0.0,0.0
2020-04-23,105,721.1004679347268,195.1664905464867,0.0
2020-04-23,108,340.92813810683043,196.01967931139683,0.0
2020-04-23,11,83.85353834299275,0.0,0.0
2020-04-23,110,755.4138745496161,188.42977966999948,0.0
2020-04-23,111,237.1922668728844,208.36720942811493,0.0
2020-04-23,115,0.0,0.0,0.0
2020-04-23,118,232.9680041259327,206.13517298524437,0.0
2020-04-23,119,426.89200674043775,192.09698029595415,202.6639160466131
2020-04-23,120,478.3298567366393,206.22282580177628,0.0
2020-04-23,122,51.48413588870949,211.15749455513875,0.0
2020-04-23,123,79.95306659634934,193.3956082231134,0.0
2020-04-23,125,850.2865334507991,203.85700897451883,0.0
2020-04-23,126,0.0,0.0,0.0
2020-04-23,127,107.8614242082377,192.27783075875877,0.0
2020-04-23,128,284.469270269464,202.46441985925935,0.0
2020-04-23,131,72.5402134413186,204.16801602418676,0.0
2020-04-23,133,49.282109523559754,196.99436723665576,0.0
2020-04-23,135,38.56313156775596,205.82958260127612,0.0
2020-04-23,136,282.3295516380565,191.666182966054,0.0
2020-04-23,138,171.86841285329922,0.0,0.0
2020-04-23,139,55.646302108504074,200.68298697794376,0.0
2020-04-23,141,173.98544027917487,200.12692638986135,0.0
2020-04-23,142,68.14780581553642,196.41713255787948,0.0
2020-04-23,144,442.4163451030765,0.0,0.0
2020-04-23,145,333.91041694543327,202.65447157107974,0.0
2020-04-23,146,510.09911415099646,204.29069535467008,195.9723665874474
2020-04-23,149,475.07993635626565,199.38431782323866,198.92443099914755
2020-04-23,15,500.5763653449947,203.0129013398917,0.0
2020-04-23,151,324.5965863440008,197.77174848485004,0.0
2020-04-23,152,83.42243689657928,210.269093450433,0.0
2020-04-23,155,44.399916249061796,195.93727114939009,0.0
2020-04-23,157,327.07187176111864,210.52648714729156,0.0
2020-04-23,159,253.35415905484942,200.17443973544704,0.0
2020-04-23,161,52.76261772137154,193.12244555215628,0.0
2020-04-23,163,544.0194732043634,206.840396752443,0.0
2020-04-23,164,131.80138833356924,200.6295069419748,0.0
2020-04-23,166,81.82250597677582,204.2556204919012,0.0
2020-04-23,168,813.594090113973,206.11927959271296,0.0
2020-04-23,169,269.66332872098513,201.68977777072513,0.0
2020-04-23,171,702.338970391583,197.03879577593594,207.7113831383065
2020-04-23,172,0.0,0.0,0.0
2020-04-23,173,373.34416677413014,200.00377753727298,0.0
2020-04-23,174,0.0,0.0,0.0
2020-04-23,175,106.7267095817296,189.2313471310427,0.0
2020-04-23,177,258.53575773062084,202.23490858504925,0.0
2020-04-23,18,539.3429244408676,196.80707087427484,204.9717575990771
2020-04-23,180,319.44967175995555,208.26654818589265,0.0
2020-04-23,181,171.02205562294273,203.11543673944547,0.0
2020-04-23,183,531.1500983592113,201.1992887292465,204.51135699971726
2020-04-23,184,317.78235861590235,202.4315499667511,0.0
2020-04-23,188,505.75369342958714,195.0077957356164,0.0
2020-04-23,189,147.55579525637893,208.11628345264026,0.0
2020-04-23,19,143.15803587931018,209.95685209208452,0.0
2020-04-23,190,0.0,0.0,0.0
2020-04-23,192,448.2356370642689,207.9520178428682,197.50063784794574
2020-04-23,193,316.3618644059501,197.15425900663732,0.0
2020-04-23,195,171.36839815132288,196.0144321688751,0.0
2020-04-23,196,302.98852985337845,200.20462374364462,0.0
2020-04-23,197,496.4957727019694,202.1747051918395,202.71516139644825
2020-04-23,198,346.5162125205763,198.0300665937844,0.0
2020-04-23,20,368.67583718915506,202.68884095184242,0.0
2020-04-23,22,0.0,0.0,0.0
2020-04-23,23,0.0,0.0,0.0
2020-04-23,25,314.3895460135458,202.5939650872586,0.0
2020-04-23,26,0.0,0.0,0.0
2020-04-23,27,90.01967175107568,200.85734658795195,0.0
2020-04-23,28,161.15589097133164,205.76324051630846,0.0
2020-04-23,3,702.5166933921984,193.91298103251523,198.83051099773203
2020-04-23,31,296.91550051575797,202.33975211065925,0.0
2020-04-23,33,74.70248649921842,194.14859646801614,0.0
2020-04-23,35,78.79393728069928,194.42959320883458,0.0
2020-04-23,36,206.82307872600725,196.84534583131105,0.0
2020-04-23,38,886.5469684209528,195.28969908212878,199.0195339466153
2020-04-23,39,77.96832716975837,197.2600209062943,0.0
2020-04-23,41,691.1682839562154,198.92924844644406,202.04842671873274
2020-04-23,42,48.657879780635,204.18577243165691,0.0
2020-04-23,44,0.0,0.0,0.0
2020-04-23,45,492.82232903877133,192.07187146615203,0.0
2020-04-23,46,351.740529798878,205.7003392324758,0.0
2020-04-23,49,97.94853134351848,195.8145493319248,0.0
2020-04-23,5,605.0160154829035,199.70639786447686,0.0
2020-04-23,51,1194.121640759433,202.23268253470357,0.0
2020-04-23,52,222.4436832002145,200.99805209201392,0.0
2020-04-23,55,113.73164996675604,205.47089773760737,0.0
2020-04-23,57,317.5377285424168,202.3950157169638,0.0
2020-04-23,59,326.3405040626575,195.69345210151445,0.0
2020-04-23,61,0.0,0.0,0.0
2020-04-23,63,584.6840274377739,200.97166731669117,197.01503205789533
2020-04-23,64,23.31879839404222,199.26329886689246,0.0
2020-04-23,66,24.354373896124628,0.0,0.0
2020-04-23,68,1506.8529563398474,201.24725472965036,207.46501552221602
2020-04-23,69,58.09197074068656,201.99614096469662,0.0
2020-04-23,71,0.0,0.0,0.0
2020-04-23,72,264.1425725283183,198.62439285872478,0.0
2020-04-23,73,123.33980851566166,198.41119552991302,0.0
2020-04-23,74,248.0146029168616,200.5828925600623,0.0
2020-04-23,75,321.767635449001,205.3575796779052,0.0
2020-04-23,77,329.69284151058815,192.467329849048,0.0
2020-04-23,8,0.0,0.0,0.0
2020-04-23,80,190.26516161476627,197.06442364689926,0.0
2020-04-23,81,100.4399504576377,191.83038520470356,0.0
2020-04-23,83,36.779982717806476,197.8758432623718,0.0
2020-04-23,84,226.44472237780275,202.51249848064646,0.0
2020-04-23,88,99.07194421900402,195.5462556822387,0.0
2020-04-23,89,1025.0524719520156,192.86586711609328,199.19934930201032
2020-04-23,90,220.0130351579135,200.34668580857675,0.0
2020-04-23,92,626.2900922147895,204.31271742307584,203.09180283129834
2020-04-23,93,29.252434304503993,191.52513280741692,0.0
2020-04-23,95,98.53510938764035,204.10116199152992,0.0
2020-04-23,96,660.0679098207567,204.08653101869163,0.0
2020-04-23,97,211.21476449854632,204.77042551078313,0.0
2020-04-23,98,223.55646566954067,206.09240107435843,0.0
2020-04-24,10,359.4439292395303,211.01006962329808,0.0
2020-04-24,103,93.86977424952437,0.0,0.0
2020-04-24,105,986.5950889703479,200.5478579003893,0.0
2020-04-24,108,239.68957139979318,197.91780783375987,0.0
2020-04-24,11,0.0,0.0,0.0
2020-04-24,110,690.992096625743,207.66436677818155,0.0
2020-04-24,111,561.6526746948288,193.27492758034666,0.0
2020-04-24,115,117.27108494700701,0.0,0.0
2020-04-24,118,303.2255231035048,206.8859046825228,0.0
2020-04-24,119,611.9090251874104,205.10018253451045,207.2780023962865
2020-04-24,120,505.73085905988097,198.1843417659146,0.0
2020-04-24,122,120.83772014205985,204.2720100056036,0.0
2020-04-24,123,105.00384654751444,201.70607921246017,0.0
2020-04-24,125,659.8939306083197,207.50137304500493,0.0
2020-04-24,126,166.39375521510658,0.0,0.0
2020-04-24,127,164.32036999420967,205.1281605693629,0.0
2020-04-24,128,1037.5379012088586,213.2100595524631,0.0
2020-04-24,131,173.16174744420715,202.99049577523732,0.0
2020-04-24,133,162.97289560901154,200.24664082897422,0.0
2020-04-24,135,120.14934664328948,203.6122349261049,0.0
2020-04-24,136,191.98356118485586,198.17359570898057,0.0
2020-04-24,138,0.0,0.0,0.0
2020-04-24,139,135.81552055047678,200.90035518847992,0.0
2020-04-24,141,312.357532713222,198.63533339887243,0.0
2020-04-24,142,88.55683246970231,195.8215549748998,0.0
2020-04-24,144,0.0,0.0,0.0
2020-04-24,145,103.55602494435273,204.3359370641387,0.0
2020-04-24,146,541.6141293648323,197.51322814292953,205.15826887287588
2020-04-24,149,638.0218571693549,202.8822567256121,192.95540448654737
2020-04-24,15,344.6114993710088,192.4572201589357,0.0
2020-04-24,151,687.8373546701332,200.9248528753658,0.0
2020-04-24,152,461.9286689459996,202.26378176038347,0.0
2020-04-24,155,215.19052099756038,208.53664904779612,0.0
2020-04-24,157,156.75081801185127,196.14590598635655,0.0
2020-04-24,159,376.50577681400466,193.60823685598837,0.0
2020-04-24,161,108.55265870486323,195.5228601953748,0.0
2020-04-24,163,211.01289388246502,193.3171574984254,0.0
2020-04-24,164,141.25124040066706,206.6832867887949,0.0
2020-04-24,166,175.10179432833385,207.7431964751202,0.0
2020-04-24,168,1687.1088905139707,201.60108288974413,0.0
2020-04-24,169,235.2545389021844,206.10647472842575,0.0
2020-04-24,171,643.5555263414453,200.66979190290118,202.22447947504943
2020-04-24,172,0.0,0.0,0.0
2020-04-24,173,330.1734995389769,198.3348119047312,0.0
2020-04-24,174,0.0,0.0,0.0
2020-04-24,175,291.0463297607099,192.26099221845485,0.0
2020-04-24,177,191.09004065826696,201.3212738180367,0.0
2020-04-24,18,632.0167985399105,199.7983304489298,204.25359697230323
2020-04-24,180,256.3635656510687,203.72680362038938,0.0
2020-04-24,181,351.37357462431476,200.46761748219305,0.0
2020-04-24,183,565.1209324198413,199.18648149215454,204.45931511080374
2020-04-24,184,195.06340303209342,195.64403484996186,0.0
2020-04-24,188,368.2229840398668,200.3607661841088,0.0
2020-04-24,189,177.40758816360216,203.6911861540808,0.0
2020-04-24,19,259.4436702694466,194.2833050445807,0.0
2020-04-24,190,0.0,0.0,0.0
2020-04-24,192,877.731044579944,201.16521475764742,194.43352582942686
2020-04-24,193,82.74071168746244,196.40967608190869,0.0
2020-04-24,195,250.15819477382232,197.06071847546,0.0
2020-04-24,196,446.24207122202006,201.15305424383106,0.0
2020-04-24,197,621.7078954600131,194.33289490853687,196.7148238149134
2020-04-24,198,532.102046989741,201.74961857624697,0.0
2020-04-24,20,491.3883463679385,195.523228131704,0.0
2020-04-24,22,0.0,0.0,0.0
2020-04-24,23,0.0,0.0,0.0
2020-04-24,25,890.5059862290552,195.6962159914909,0.0
2020-04-24,26,188.663523473978,0.0,0.0
2020-04-24,27,103.72779261960673,196.3662904755899,0.0
2020-04-24,28,780.6262557739478,205.20477086898896,0.0
2020-04-24,3,659.1923759180177,193.67370795457393,204.97279117870812
2020-04-24,31,259.8442097866208,202.40293379213855,0.0
2020-04-24,33,128.6222468359056,195.63505516555324,0.0
2020-04-24,35,96.2773542094171,198.96507705450816,0.0
2020-04-24,36,240.9018653994507,194.84487362426347,0.0
2020-04-24,38,1220.3859415033096,204.11175235447877,196.19119814658677
2020-04-24,39,132.2097185874162,195.81509822780205,0.0
2020-04-24,41,819.3104706918363,202.75982129665914,198.50151971667842
2020-04-24,42,148.79778631713646,198.27950985868833,0.0
2020-04-24,44,40.9467735118252,0.0,0.0
2020-04-24,45,486.06170730897645,200.73877953700065,0.0
2020-04-24,46,341.7007093286262,196.19087664170576,0.0
2020-04-24,49,193.75060563252438,201.05183556770444,0.0
2020-04-24,5,362.92155732836994,207.65167282177205,0.0
2020-04-24,51,1130.428978982774,196.10952607083644,0.0
2020-04-24,52,232.93608775058317,205.8590507163692,0.0
2020-04-24,55,143.98311466713324,207.4904881674389,0.0
2020-04-24,57,291.6566486069932,195.9192250548598,0.0
2020-04-24,59,903.0094400589039,192.72472697454725,0.0
2020-04-24,61,0.0,0.0,0.0
2020-04-24,63,806.4007759327861,197.26296238616564,207.87937904750984
2020-04-24,64,142.29641102074652,209.34301609581502,0.0
2020-04-24,66,378.6605802473917,0.0,0.0
2020-04-24,68,2201.9800487994735,195.9890029598241,199.76100374807606
2020-04-24,69,215.14958092557688,194.26420244494145,0.0
2020-04-24,71,0.0,0.0,0.0
2020-04-24,72,279.5716956463812,197.14408012957907,0.0
2020-04-24,73,337.1274440702798,200.21914399730215,0.0
2020-04-24,74,124.10353767348695,204.7790137255624,0.0
2020-04-24,75,131.18025181259083,197.57870824034586,0.0
2020-04-24,77,373.66911253987917,199.7703558562992,0.0
2020-04-24,8,0.0,0.0,0.0
2020-04-24,80,324.98447512311924,203.41662255758047,0.0
2020-04-24,81,279.86172526277,202.95372167755164,0.0
2020-04-24,83,134.84109628896962,198.89943134372587,0.0
2020-04-24,84,265.75537028778234,200.31824530748258,0.0
2020-04-24,88,242.83807793839384,198.14110494238255,0.0
2020-04-24,89,1261.081319883201,192.61193796540277,196.3661293108308
2020-04-24,90,282.93273696857227,201.28800428699066,0.0
2020-04-24,92,836.8581205802393,209.46095880416533,195.61191321568546
2020-04-24,93,132.2843439621724,195.5814042965447,0.0
2020-04-24,95,245.34971988739838,196.1348514519865,0.0
2020-04-24,96,624.1648611786029,195.64636114178128,0.0
2020-04-24,97,319.1768947664076,203.62295889361562,0.0
2020-04-24,98,522.3982317086711,202.2424272709822,0.0
2020-04-25,10,535.3741564607066,199.20731153791772,0.0
2020-04-25,103,143.9937526420586,0.0,0.0
2020-04-25,105,991.0283345776551,200.46188395819962,0.0
2020-04-25,108,372.1437100104024,192.17688936332098,0.0
2020-04-25,11,102.69664505467136,0.0,0.0
2020-04-25,110,804.7747531503298,204.35762193043968,0.0
2020-04-25,111,600.8273969740414,193.74400431683162,0.0
2020-04-25,115,192.38233473797152,0.0,0.0
2020-04-25,118,567.4410273178786,207.8971894584743,0.0
2020-04-25,119,706.0946149721012,196.94120180247708,201.66359664792594
2020-04-25,120,405.3608012772798,205.6797392297191,0.0
2020-04-25,122,263.25653519391204,199.23001167401085,0.0
2020-04-25,123,218.00786244383167,199.19022591529335,0.0
2020-04-25,125,650.5974721070053,202.19206349748322,0.0
2020-04-25,126,110.48200661787303,0.0,0.0
2020-04-25,127,167.39485006822017,200.66248571747823,0.0
2020-04-25,128,1000.5564288734901,198.09255292587955,0.0
2020-04-25,131,427.3772428928216,193.39753278297485,0.0
2020-04-25,133,449.9053390921145,201.687410373632,0.0
2020-04-25,135,729.3889767119409,198.6834609656104,0.0
2020-04-25,136,332.2485791527931,199.21487585777646,0.0
2020-04-25,138,364.1971699382321,0.0,0.0
2020-04-25,139,242.1834822246012,207.95700183881402,0.0
2020-04-25,141,565.2478101788791,204.3835709319306,0.0
2020-04-25,142,401.68254190026084,204.82077942085988,0.0
2020-04-25,144,445.0723528238276,0.0,0.0
2020-04-25,145,506.96473594781156,191.3540855524829,0.0
2020-04-25,146,757.0693818043114,209.76458691244756,193.33425995761397
2020-04-25,149,708.687484167297,199.69451245997067,198.76332018051792
2020-04-25,15,678.4313264096189,196.25600101989974,0.0
2020-04-25,151,1040.0677636713697,202.08400787241558,0.0
2020-04-25,152,627.8411811083319,205.83560394001648,0.0
2020-04-25,155,322.2001744621585,199.88474721957266,0.0
2020-04-25,157,399.1820204755591,206.39287583969687,0.0
2020-04-25,159,866.2350135464906,205.41499969258433,0.0
2020-04-25,161,140.21030506395118,194.6180940629897,0.0
2020-04-25,163,489.2330291717934,196.63104947170262,0.0
2020-04-25,164,229.27678109107032,204.78768581639883,0.0
2020-04-25,166,706.8012024905846,186.4369371809478,0.0
2020-04-25,168,1062.648444253244,199.25272153417507,0.0
2020-04-25,169,488.3845037647517,192.84584399187665,0.0
2020-04-25,171,814.029229772372,197.6172309928324,201.6661526749501
2020-04-25,172,0.0,0.0,0.0
2020-04-25,173,697.5968049784033,198.20877811046245,0.0
2020-04-25,174,22.675544269780858,0.0,0.0
2020-04-25,175,390.2374162759555,194.51428175185592,0.0
2020-04-25,177,491.32710456062296,211.45955633409343,0.0
2020-04-25,18,1105.3786751447024,209.33731002080674,206.49574910273833
2020-04-25,180,547.4343078379208,194.1896708987186,0.0
2020-04-25,181,377.1506283526964,207.91058375651784,0.0
2020-04-25,183,851.528736024062,198.00267254763574,203.33774040184997
2020-04-25,184,334.5787550143207,200.64593736665856,0.0
2020-04-25,188,821.1605351241807,199.6836302005154,0.0
2020-04-25,189,579.5642057379437,196.70125679373018,0.0
2020-04-25,19,534.6060078856233,204.91926171803073,0.0
2020-04-25,190,0.0,0.0,0.0
2020-04-25,192,922.5895426421127,197.6172428839038,196.4296744100891
2020-04-25,193,278.453898441833,193.47705278099764,0.0
2020-04-25,195,374.99802298809345,195.5320249314044,0.0
2020-04-25,196,659.7644737057492,191.79309942198952,0.0
2020-04-25,197,955.3276457824984,200.06111774207585,205.8920965878186
2020-04-25,198,596.2862146552903,194.016672038578,0.0
2020-04-25,20,486.69757150223245,198.6721974374073,0.0
2020-04-25,22,83.62515582410106,0.0,0.0
2020-04-25,23,0.0,0.0,0.0
2020-04-25,25,913.2256681301354,199.8386155294869,0.0
2020-04-25,26,0.0,0.0,0.0
2020-04-25,27,666.5847734890368,209.39937274710505,0.0
2020-04-25,28,908.7420571832071,202.60378060179355,0.0
2020-04-25,3,949.514768989525,198.36096770061738,198.5024248122626
2020-04-25,31,512.8554010908751,192.86990941439774,0.0
2020-04-25,33,350.42382496102624,201.9693660908237,0.0
2020-04-25,35,144.34887743317677,204.14661886291432,0.0
2020-04-25,36,282.92080221509093,196.84174237743179,0.0
2020-04-25,38,1132.9431269672923,201.45601377569017,193.82148488975295
2020-04-25,39,580.1516066696062,198.18213352542486,0.0
2020-04-25,41,675.2566569473111,199.07983800400498,199.13979320367264
2020-04-25,42,526.7748143248859,187.56088971218836,0.0
2020-04-25,44,457.4475650736919,0.0,0.0
2020-04-25,45,567.1635959046677,204.84684651204026,0.0
2020-04-25,46,387.3528313411251,196.8429872221672,0.0
2020-04-25,49,306.59916060283444,200.26263184107657,0.0
2020-04-25,5,442.5339889735281,196.2202464665404,0.0
2020-04-25,51,574.4305091109615,201.80220838146386,0.0
2020-04-25,52,513.9931398446993,198.91738401231913,0.0
2020-04-25,55,444.3933692583179,195.30379229658996,0.0
2020-04-25,57,493.9085997583127,206.66275733832563,0.0
2020-04-25,59,1086.4680214714829,204.64466006766108,0.0
2020-04-25,61,0.0,0.0,0.0
2020-04-25,63,970.3493430117835,202.4889415470889,207.1908460057285
2020-04-25,64,322.30393615730895,202.68706001410192,0.0
2020-04-25,66,157.4505785088097,0.0,0.0
2020-04-25,68,1736.8438513180977,191.52872052002462,200.82620025032463
2020-04-25,69,568.1434667038246,205.03303270516315,0.0
2020-04-25,71,0.0,0.0,0.0
2020-04-25,72,413.3018418652407,198.21086033279366,0.0
2020-04-25,73,353.7333062539128,213.189408761301,0.0
2020-04-25,74,344.4112881138265,201.50936690360507,0.0
2020-04-25,75,452.6471623219014,198.06838762276413,0.0
2020-04-25,77,501.81365321934857,188.97352813622047,0.0
2020-04-25,8,0.0,0.0,0.0
2020-04-25,80,543.8339450265863,193.273951645957,0.0
2020-04-25,81,418.10370224507017,194.98280548250247,0.0
2020-04-25,83,287.00167255758424,198.34323850456076,0.0
2020-04-25,84,404.8555487662662,207.08205895850148,0.0
2020-04-25,88,762.0763101253114,203.8661999333288,0.0
2020-04-25,89,1266.594987751334,199.2108124507987,200.06260932164892
2020-04-25,90,345.0101554621933,201.5414603181941,0.0
2020-04-25,92,1031.9220866855674,196.99807153564447,208.18605822351427
2020-04-25,93,345.67873265816144,200.69826844782676,0.0
2020-04-25,95,364.4921025849545,200.36668372389067,0.0
2020-04-25,96,1055.1966619838042,204.84384947840675,0.0
2020-04-25,97,412.97505882887117,204.83589061219476,0.0
2020-04-25,98,542.1451914543472,202.46988691102823,0.0
2020-04-26,10,1021.8522447227775,198.18826221226948,0.0
2020-04-26,103,93.93229378446773,0.0,0.0
2020-04-26,105,876.6976360798054,199.54015766898476,0.0
2020-04-26,108,404.1428148159711,194.59042815643434,0.0
2020-04-26,11,405.8304834242295,0.0,0.0
2020-04-26,110,1036.126049837997,200.42263491892163,0.0
2020-04-26,111,748.9178580522298,204.55107891832373,0.0
2020-04-26,115,520.5585884135161,0.0,0.0
2020-04-26,118,1204.2244029724545,193.95400644380197,0.0
2020-04-26,119,766.5168600961742,200.2837084164841,192.84322576472786
2020-04-26,120,524.0259186109644,200.56728020028277,0.0
2020-04-26,122,702.7185804512469,200.92918814451377,0.0
2020-04-26,123,406.2085024679936,204.59935757977215,0.0
2020-04-26,125,897.7113180614646,205.09461620044948,0.0
2020-04-26,126,172.33696522660767,0.0,0.0
2020-04-26,127,678.1585599602178,196.9192827097553,0.0
2020-04-26,128,767.794469459338,194.79900644522263,0.0
2020-04-26,131,642.4865235257638,203.49407835140238,0.0
2020-04-26,133,435.5178372025536,207.24410054168857,0.0
2020-04-26,135,978.2003477751392,198.42459036045537,0.0
2020-04-26,136,286.08894044049504,198.79284717637503,0.0
2020-04-26,138,858.5675441686728,0.0,0.0
2020-04-26,139,400.9053375135186,202.52778926607505,0.0
2020-04-26,141,1122.6261434682558,202.18117852400528,0.0
2020-04-26,142,597.0891645385634,194.04541747013135,0.0
2020-04-26,144,791.0777308575398,0.0,0.0
2020-04-26,145,685.1704132913042,195.35431829745121,0.0
2020-04-26,146,943.954121909042,194.3298990703252,193.57200442973613
2020-04-26,149,717.3183985441588,198.26614211616644,191.92076764516582
2020-04-26,15,1107.1492659504045,197.07103638275655,0.0
2020-04-26,151,988.6852093396521,198.89200152807481,0.0
2020-04-26,152,527.660575868432,192.79509182737542,0.0
2020-04-26,155,467.95703850498256,204.79408153233837,0.0
2020-04-26,157,561.0906042271608,205.63843147258214,0.0
2020-04-26,159,1133.6710264463802,190.26328762929592,0.0
2020-04-26,161,241.3292397724273,204.89228902833275,0.0
2020-04-26,163,784.705537359527,195.94735685089188,0.0
2020-04-26,164,173.39437950421635,204.28487768491394,0.0
2020-04-26,166,785.3967053657022,199.65776753666793,0.0
2020-04-26,168,1204.6461111971853,200.14387782040498,0.0
2020-04-26,169,667.8804005681652,199.0745117528939,0.0
2020-04-26,171,1268.643250742809,206.06064602116743,201.8632409324003
2020-04-26,172,180.82036179522635,0.0,0.0
2020-04-26,173,707.5419743657955,203.03920169367504,0.0
2020-04-26,174,531.201325061546,0.0,0.0
2020-04-26,175,636.9551334434311,203.58170040270204,0.0
2020-04-26,177,685.6466703155147,211.62349457161707,0.0
2020-04-26,18,763.4630900518398,197.3552661863765,200.83246563557563
2020-04-26,180,442.2473804793647,204.78652411296767,0.0
2020-04-26,181,542.6088775045083,199.4695468232929,0.0
2020-04-26,183,1201.61715815941,206.16703038176334,207.71368183639888
2020-04-26,184,590.1630981935364,199.96155502139314,0.0
2020-04-26,188,929.9805295330546,198.06062109068765,0.0
2020-04-26,189,906.3152571699611,206.53036101935814,0.0
2020-04-26,19,755.5229700194704,197.54219030490535,0.0
2020-04-26,190,3.4182847741586215,0.0,0.0
2020-04-26,192,1120.934345433549,197.41576558413087,201.21737538568385
2020-04-26,193,356.6187577978371,203.09516473294266,0.0
2020-04-26,195,431.53225315487026,206.96019375793546,0.0
2020-04-26,196,928.417293880095,200.55564687648257,0.0
2020-04-26,197,1450.9952687587702,206.59098533617012,197.9792142026035
2020-04-26,198,715.6548755137577,193.20912539261204,0.0
2020-04-26,20,647.7359426304467,197.78368267591048,0.0
2020-04-26,22,207.10542262451713,0.0,0.0
2020-04-26,23,0.0,0.0,0.0
2020-04-26,25,905.9994835556251,200.42047194125098,0.0
2020-04-26,26,147.6966473482653,0.0,0.0
2020-04-26,27,1105.397480617957,197.77596580914755,0.0
2020-04-26,28,833.3399607473989,200.69514343476564,0.0
2020-04-26,3,1471.54861530412,199.77438554837974,200.00897436439053
2020-04-26,31,758.8990547142154,195.37055048054424,0.0
2020-04-26,33,588.8664036917015,199.43166655459282,0.0
2020-04-26,35,433.1817588132923,199.28170235051442,0.0
2020-04-26,36,780.4065370409631,199.17459717498477,0.0
2020-04-26,38,1034.581743069744,200.15879728290724,200.5885370923048
2020-04-26,39,571.5726527701946,200.37836770306694,0.0
2020-04-26,41,803.328745072777,197.83852410446335,191.64119363335917
2020-04-26,42,741.0697887139746,206.36357366985632,0.0
2020-04-26,44,688.830989689593,0.0,0.0
2020-04-26,45,739.4471847889927,196.39514945765052,0.0
2020-04-26,46,683.6976284340956,213.8998181211178,0.0
2020-04-26,49,349.3396214928904,194.81004322505385,0.0
2020-04-26,5,873.6742208931365,193.23122662645122,0.0
2020-04-26,51,1063.87772956749,203.67238372500609,0.0
2020-04-26,52,625.2355551322432,189.61440073113062,0.0
2020-04-26,55,488.61896852684345,198.8236304501378,0.0
2020-04-26,57,606.7938088570546,210.72912462538244,0.0
2020-04-26,59,1254.8934304539907,192.275320389233,0.0
2020-04-26,61,0.0,0.0,0.0
2020-04-26,63,1353.5658511141985,192.50409399021152,213.55165822167447
2020-04-26,64,174.94032890963643,204.49179784173492,0.0
2020-04-26,66,520.7713390407769,0.0,0.0
2020-04-26,68,1973.9986454822645,197.43705601510746,202.59935509050956
2020-04-26,69,623.3869564543282,203.41606202000534,0.0
2020-04-26,71,280.41797334171554,0.0,0.0
2020-04-26,72,680.4479961798277,208.93673207214914,0.0
2020-04-26,73,447.5021969900963,198.76832359410076,0.0
2020-04-26,74,1044.500873107446,188.49264141165006,0.0
2020-04-26,75,798.5106373668908,195.89560538795158,0.0
2020-04-26,77,964.2140429181043,197.86597902532372,0.0
2020-04-26,8,163.66265836621517,0.0,0.0
2020-04-26,80,581.7277221216206,199.06070299495642,0.0
2020-04-26,81,475.1709931927255,205.59447298965335,0.0
2020-04-26,83,668.6412020893586,206.3721421334379,0.0
2020-04-26,84,373.4949424075406,199.14163173037608,0.0
2020-04-26,88,1188.7174764611914,205.49242438025908,0.0
2020-04-26,89,1300.6543701729308,201.78830683315545,201.05004154011294
2020-04-26,90,350.3101190206812,200.32252986431286,0.0
2020-04-26,92,1358.0407075242126,204.53272078554983,203.0758199213929
2020-04-26,93,496.8752824941202,200.36126024118957,0.0
2020-04-26,95,716.8377747777621,210.2890558854888,0.0
2020-04-26,96,1014.2670059957716,192.8079441660272,0.0
2020-04-26,97,905.3015659855519,197.42414550453992,0.0
2020-04-26,98,756.9720584490302,199.36740551523025,0.0
2020-04-27,10,1174.0304060103538,202.19726345228995,0.0
2020-04-27,103,630.6765428573528,0.0,0.0
2020-04-27,105,785.7429572060541,199.8780071638192,0.0
2020-04-27,108,389.8309544569818,192.88885175246895,0.0
2020-04-27,11,419.1326227146036,0.0,0.0
2020-04-27,110,1029.5127686718597,203.77479383070983,0.0
2020-04-27,111,746.2569831487391,190.29070670310296,0.0
2020-04-27,115,328.7270978678745,0.0,0.0
2020-04-27,118,573.4457582765426,192.04929084659852,0.0
2020-04-27,119,1189.6432222058388,196.67674451248968,203.547054902933
2020-04-27,120,609.7976788997361,195.485955365186,0.0
2020-04-27,122,512.0747874315335,204.04632349120993,0.0
2020-04-27,123,399.55321570420944,200.58415087086092,0.0
2020-04-27,125,913.0467222379468,193.57204499621986,0.0
2020-04-27,126,87.0760022625218,0.0,0.0
2020-04-27,127,323.56597275748413,192.83097088035794,0.0
2020-04-27,128,802.003594489847,201.65056895235472,0.0
2020-04-27,131,749.616032385011,195.92994665354223,0.0
2020-04-27,133,272.85043510349794,198.1716145873474,0.0
2020-04-27,135,1104.610874987605,202.52135374019193,0.0
2020-04-27,136,1085.923864697088,202.60724699529766,0.0
2020-04-27,138,647.6618836850821,0.0,0.0
2020-04-27,139,1042.9873634496446,199.58873150164274,0.0
2020-04-27,141,870.3186150598839,201.5322543148167,0.0
2020-04-27,142,884.3212811227341,197.81131338797837,0.0
2020-04-27,144,674.9728222420924,0.0,0.0
2020-04-27,145,1005.0772097770273,202.19743024004256,0.0
2020-04-27,146,785.9068195381171,199.50845076272813,199.29723257248784
2020-04-27,149,827.3261529753129,190.98124757953752,196.84379431879648
2020-04-27,15,1011.5874266453882,201.65735448165447,0.0
2020-04-27,151,1121.1434175795748,201.8228073867773,0.0
2020-04-27,152,620.2474723973174,196.59913261826026,0.0
2020-04-27,155,480.3380953870947,193.57806481963743,0.0
2020-04-27,157,823.8912537696528,207.37939575251983,0.0
2020-04-27,159,1316.176454351112,202.457227554472,0.0
2020-04-27,161,127.7722681768141,198.85459484539146,0.0
2020-04-27,163,814.8126537943762,194.31483558426257,0.0
2020-04-27,164,476.4232038812732,195.89092585789328,0.0
2020-04-27,166,824.648119806936,206.51295198393115,0.0
2020-04-27,168,1374.192728626718,200.68830970434024,0.0
2020-04-27,169,708.8622079615127,197.24706466499646,0.0
2020-04-27,171,934.5388169232726,202.54844615612328,202.99725343160853
2020-04-27,172,317.5030151437738,0.0,0.0
2020-04-27,173,1361.4215721133087,207.5042151514019,0.0
2020-04-27,174,87.62359317715573,0.0,0.0
2020-04-27,175,408.6476191993723,197.66712964398613,0.0
2020-04-27,177,619.5165714799891,196.8566487648457,0.0
2020-04-27,18,757.0939469271354,186.9093340065386,201.92855420265727
2020-04-27,180,396.2050117079347,192.59209614224315,0.0
2020-04-27,181,531.7986072057008,193.3026511252112,0.0
2020-04-27,183,1050.5268665902295,200.67595170493692,195.95054950455295
2020-04-27,184,398.93713593159805,198.3688314777932,0.0
2020-04-27,188,846.7598896659244,193.2733225629238,0.0
2020-04-27,189,900.3557403593506,198.5941797876772,0.0
2020-04-27,19,516.4421668280482,202.52668573823675,0.0
2020-04-27,190,0.0,0.0,0.0
2020-04-27,192,1092.0573034417057,190.5016485957056,207.09517805683632
2020-04-27,193,409.49320546742103,199.35868259758084,0.0
2020-04-27,195,682.5984145734907,193.08329611514193,0.0
2020-04-27,196,988.3160816153862,204.50864348570138,0.0
2020-04-27,197,957.8352766401758,203.92073208176748,201.46676018161492
2020-04-27,198,645.7951117075216,195.50986386837772,0.0
2020-04-27,20,620.286352869179,196.169773987998,0.0
2020-04-27,22,524.9041779431393,0.0,0.0
2020-04-27,23,91.29054894298918,0.0,0.0
2020-04-27,25,993.616855727903,201.67984086720287,0.0
2020-04-27,26,151.51999739290494,0.0,0.0
2020-04-27,27,247.42234624936384,204.8508754128393,0.0
2020-04-27,28,919.6696820328591,194.50795391018724,0.0
2020-04-27,3,1540.4655227251337,196.90438525875035,203.64909681133815
2020-04-27,31,917.2360312997608,192.46737370980443,0.0
2020-04-27,33,582.2455252664171,194.97854718252873,0.0
2020-04-27,35,405.1135039042639,194.0900900196589,0.0
2020-04-27,36,770.8457191182574,204.97986839423223,0.0
2020-04-27,38,938.7810701758402,196.50869075624303,206.9596044383996
2020-04-27,39,199.7283755288865,200.62087842372307,0.0
2020-04-27,41,806.3906465457042,198.09618298069097,200.10944410582417
2020-04-27,42,659.7972946463569,193.65267366993592,0.0
2020-04-27,44,672.8436501738308,0.0,0.0
2020-04-27,45,692.0625886621849,202.99551665931799,0.0
2020-04-27,46,391.81227143494203,193.96120303728324,0.0
2020-04-27,49,433.83785129296604,204.04556395365688,0.0
2020-04-27,5,964.8233846967016,195.75139539261153,0.0
2020-04-27,51,1142.4939087707382,197.5850803696358,0.0
2020-04-27,52,658.3007678006278,202.65341561505025,0.0
2020-04-27,55,551.2197828122693,196.68281921390255,0.0
2020-04-27,57,684.53274755387,200.18787429667933,0.0
2020-04-27,59,1410.372575417083,198.42654585605953,0.0
2020-04-27,61,0.0,0.0,0.0
2020-04-27,63,1033.8434899099464,188.0963044723825,201.58476003492058
2020-04-27,64,279.92243244510036,190.85159092395958,0.0
2020-04-27,66,422.5423097999856,0.0,0.0
2020-04-27,68,2114.7858591352306,205.18590702824525,204.05013619253057
2020-04-27,69,866.2997641096521,195.44756648234238,0.0
2020-04-27,71,0.0,0.0,0.0
2020-04-27,72,781.8441516012895,201.4735962645115,0.0
2020-04-27,73,577.3599005013496,203.46608800829353,0.0
2020-04-27,74,978.7451795399776,189.86161364164576,0.0
2020-04-27,75,630.7430298648763,195.56979876510812,0.0
2020-04-27,77,845.1520185615013,198.33710310075062,0.0
2020-04-27,8,105.7872673618125,0.0,0.0
2020-04-27,80,593.9497636056278,212.49215241860747,0.0
2020-04-27,81,401.5385228746938,198.85997136595142,0.0
2020-04-27,83,697.0879302492618,192.96511268948007,0.0
2020-04-27,84,602.5842460954598,202.01134038600648,0.0
2020-04-27,88,1365.156627274821,206.60497894770356,0.0
2020-04-27,89,1474.6108378829176,200.5400706048975,196.37569458099975
2020-04-27,90,353.7854242833348,195.46675727422854,0.0
2020-04-27,92,1063.2711634083134,204.7899697074001,200.27025831423
2020-04-27,93,414.47343230102626,203.3177280924922,0.0
2020-04-27,95,701.5296433770951,194.8695957790219,0.0
2020-04-27,96,1054.9833088822454,201.9071280876717,0.0
2020-04-27,97,1233.6767893328738,204.98632783829436,0.0
2020-04-27,98,660.8703756432061,205.90945021279447,0.0
2020-04-28,10,1195.2077893647363,199.6677551234527,0.0
2020-04-28,103,450.8596789497441,0.0,0.0
2020-04-28,105,778.7138372767467,206.13636911040632,0.0
2020-04-28,108,384.64826913823623,193.94919748509557,0.0
2020-04-28,11,282.4697310978431,0.0,0.0
2020-04-28,110,970.7588330372656,193.14986686317786,0.0
2020-04-28,111,865.8466574950543,205.326881361298,0.0
2020-04-28,115,410.1145817909011,0.0,0.0
2020-04-28,118,473.51771608124045,206.34291617823735,0.0
2020-04-28,119,764.3798234592321,202.45706378177763,200.62774293325575
2020-04-28,120,580.2000465723504,193.88389884969035,0.0
2020-04-28,122,455.8955590392708,207.12313866038622,0.0
2020-04-28,123,164.09558273292507,207.75622633213865,0.0
2020-04-28,125,769.5895880910942,204.4114324629961,0.0
2020-04-28,126,130.9007225781785,0.0,0.0
2020-04-28,127,230.33427986930155,198.46993022821295,0.0
2020-04-28,128,1002.0858720689016,200.7271360870288,0.0
2020-04-28,131,662.4199034962631,196.48144800334282,0.0
2020-04-28,133,498.23192945455475,208.461732862316,0.0
2020-04-28,135,131.3990850756509,200.7216323586302,0.0
2020-04-28,136,645.6416571519266,186.4832597644632,0.0
2020-04-28,138,669.1728123960809,0.0,0.0
2020-04-28,139,187.16897175227402,198.25921301591345,0.0
2020-04-28,141,1053.2208578117716,199.62536721940776,0.0
2020-04-28,142,304.9067641385189,198.1569031710715,0.0
2020-04-28,144,594.6399270918471,0.0,0.0
2020-04-28,145,615.2018875967569,205.5984388927669,0.0
2020-04-28,146,792.1137747683665,201.41526581129327,195.21970724158302
2020-04-28,149,704.0214792494999,198.30344406430922,211.5881839433694
2020-04-28,15,579.6648069888746,199.79331397595413,0.0
2020-04-28,151,946.0315441419779,200.09799808288815,0.0
2020-04-28,152,511.57360839091484,195.9878498006758,0.0
2020-04-28,155,367.31081607613925,202.89464324285618,0.0
2020-04-28,157,505.41782456219744,202.30021161930233,0.0
2020-04-28,159,966.6408441780185,207.70220619888337,0.0
2020-04-28,161,109.25451118853809,206.27674890144237,0.0
2020-04-28,163,583.468398847184,196.57162541204934,0.0
2020-04-28,164,255.2265206463035,204.1014918725448,0.0
2020-04-28,166,664.3025542690227,195.24523308452765,0.0
2020-04-28,168,1736.865049415321,203.47966050470424,0.0
2020-04-28,169,617.1403697639067,197.41692900619947,0.0
2020-04-28,171,780.3089479391126,194.8837338831221,192.96353278253798
2020-04-28,172,141.3852454707495,0.0,0.0
2020-04-28,173,590.3314092456895,186.62716435922928,0.0
2020-04-28,174,184.45506751377843,0.0,0.0
2020-04-28,175,516.1257334604901,199.11254058112857,0.0
2020-04-28,177,777.6526591130194,200.41220883317422,0.0
2020-04-28,18,1383.7940456512474,198.15340614920905,193.5094804815642
2020-04-28,180,570.9172879913307,192.102818506412,0.0
2020-04-28,181,440.58134978936204,195.91054078930748,0.0
2020-04-28,183,710.6195347614132,201.95604663618698,206.5711328785179
2020-04-28,184,470.22471874302283,202.9089088531418,0.0
2020-04-28,188,952.5404553230409,199.9188844120203,0.0
2020-04-28,189,726.2324247244335,205.78416890518494,0.0
2020-04-28,19,429.8409916622981,201.98698511729617,0.0
2020-04-28,190,95.9251820452318,0.0,0.0
2020-04-28,192,1076.0971166449733,198.5974897329419,203.56633125398272
2020-04-28,193,345.4257290460561,192.98566921396073,0.0
2020-04-28,195,487.5099132807335,199.45930504804292,0.0
2020-04-28,196,441.78011276093207,205.5605030961067,0.0
2020-04-28,197,1301.7125049064978,203.42645042355483,194.8701759125961
2020-04-28,198,681.9901626630964,207.01004662959562,0.0
2020-04-28,20,525.6845938036132,198.48557378100503,0.0
2020-04-28,22,57.509754450732146,0.0,0.0
2020-04-28,23,0.0,0.0,0.0
2020-04-28,25,865.3756562614656,207.35792541284948,0.0
2020-04-28,26,112.7493047397299,0.0,0.0
2020-04-28,27,638.4744086719381,203.5361568690214,0.0
2020-04-28,28,949.8089984321053,207.37556182154927,0.0
2020-04-28,3,1053.9321372575105,199.03286185709396,203.03644507550845
2020-04-28,31,653.5155762413607,201.09194493772088,0.0
2020-04-28,33,201.26460331384177,206.4443171260315,0.0
2020-04-28,35,179.23317150904845,199.3349841803497,0.0
2020-04-28,36,550.8315130239855,193.3955385874692,0.0
2020-04-28,38,925.955658138513,210.71503527292455,207.33925222498655
2020-04-28,39,550.0272179790736,197.65117767831433,0.0
2020-04-28,41,841.6271055604993,200.7937802546877,199.84868471201506
2020-04-28,42,519.0137205379036,205.78003334725562,0.0
2020-04-28,44,618.9552859136147,0.0,0.0
2020-04-28,45,589.0202073424153,194.96066043388936,0.0
2020-04-28,46,429.5103293314691,201.26868648387418,0.0
2020-04-28,49,434.50051842425705,191.03461801043807,0.0
2020-04-28,5,817.7431272486928,198.5604696156604,0.0
2020-04-28,51,1096.490354983546,201.22519332157702,0.0
2020-04-28,52,543.3559174422907,198.65024051587417,0.0
2020-04-28,55,528.5514710426902,192.28274528407127,0.0
2020-04-28,57,682.0091895439904,207.97088978102005,0.0
2020-04-28,59,1091.900964677252,200.51769076974588,0.0
2020-04-28,61,0.0,0.0,0.0
2020-04-28,63,1157.1018800895688,198.69981874909777,212.99411450037292
2020-04-28,64,377.17387647844373,195.5999400915462,0.0
2020-04-28,66,342.29496537046776,0.0,0.0
2020-04-28,68,2016.3692323417417,198.9210643683589,191.37969094565983
2020-04-28,69,645.7873481988494,194.1111927100432,0.0
2020-04-28,71,231.95364195475406,0.0,0.0
2020-04-28,72,524.7907251935874,196.88864888553002,0.0
2020-04-28,73,432.40274179407146,190.79866807602215,0.0
2020-04-28,74,494.63474791462056,206.64083026978668,0.0
2020-04-28,75,385.68633127922965,197.4785099209369,0.0
2020-04-28,77,807.5173615810866,196.96088053692188,0.0
2020-04-28,8,38.4922000456566,0.0,0.0
2020-04-28,80,374.6131503280723,208.70470743298495,0.0
2020-04-28,81,534.2640125097839,193.55259706395157,0.0
2020-04-28,83,694.5122045250914,200.29224740352825,0.0
2020-04-28,84,519.5567259426705,204.5631016127022,0.0
2020-04-28,88,841.7418930710295,202.10858466501548,0.0
2020-04-28,89,1248.0231947754442,199.70172844003903,203.4691172692955
2020-04-28,90,557.6578645538069,191.4916707085629,0.0
2020-04-28,92,1030.270518773331,195.9513758211636,205.83264168110503
2020-04-28,93,369.30483795303957,200.93900169021262,0.0
2020-04-28,95,558.0967571588147,196.064129650065,0.0
2020-04-28,96,1026.9634479281833,201.01679729999384,0.0
2020-04-28,97,453.49068573184377,203.4087170440757,0.0
2020-04-28,98,679.2611272010828,204.81251442900052,0.0
2020-04-29,10,477.37238018388007,193.86910321093657,0.0
2020-04-29,103,10.199525583548734,0.0,0.0
2020-04-29,105,954.8375460227278,203.83739672277065,0.0
2020-04-29,108,224.14498905443673,199.99142923165468,0.0
2020-04-29,11,427.8813496426892,0.0,0.0
2020-04-29,110,382.53861908140715,211.82703885999987,0.0
2020-04-29,111,762.0054389668908,192.80639949471566,0.0
2020-04-29,115,48.423444964914836,0.0,0.0
2020-04-29,118,339.04050269023753,188.10784170063334,0.0
2020-04-29,119,648.4981282812461,200.9632576632401,204.45671950802623
2020-04-29,120,366.1735596831445,201.8269712096257,0.0
2020-04-29,122,220.16991220048465,199.8041894227862,0.0
2020-04-29,123,141.93072684774836,196.72733214500846,0.0
2020-04-29,125,736.4562323225484,189.75242741905836,0.0
2020-04-29,126,0.0,0.0,0.0
2020-04-29,127,206.873765215739,207.27717241957663,0.0
2020-04-29,128,769.4339210088998,197.04490772133283,0.0
2020-04-29,131,473.6371825892113,202.20029964511573,0.0
2020-04-29,133,264.5594770255099,192.15927843289975,0.0
2020-04-29,135,121.51548649130112,202.28606531846256,0.0
2020-04-29,136,300.95147864843346,198.0330885112767,0.0
2020-04-29,138,327.1759884433947,0.0,0.0
2020-04-29,139,239.4609187850869,196.19818179391936,0.0
2020-04-29,141,452.34862989301877,198.03194208983496,0.0
2020-04-29,142,283.2274366775569,201.9121665784627,0.0
2020-04-29,144,436.82274256091205,0.0,0.0
2020-04-29,145,446.81486840399,198.01442334216074,0.0
2020-04-29,146,668.082425850347,199.79264111000427,198.97822136677175
2020-04-29,149,597.2020468874508,194.5048038773407,198.54779258994427
2020-04-29,15,437.21931857221796,208.9833260083751,0.0
2020-04-29,151,811.4867215345115,195.73252259969328,0.0
2020-04-29,152,582.6333861532479,196.65281543183255,0.0
2020-04-29,155,317.06511945422153,195.1084602508875,0.0
2020-04-29,157,316.75410073276146,208.9924004356906,0.0
2020-04-29,159,417.79789533586495,202.7645261429974,0.0
2020-04-29,161,116.95338922739285,195.31703996878178,0.0
2020-04-29,163,308.1039382350026,205.53115779429984,0.0
2020-04-29,164,136.63004456057652,201.0034934714444,0.0
2020-04-29,166,272.97039528538727,201.2862671055575,0.0
2020-04-29,168,363.7213177945009,198.27761395623773,0.0
2020-04-29,169,503.68060380551333,196.25292006521514,0.0
2020-04-29,171,774.6093125302866,201.688830495273,202.22072585543629
2020-04-29,172,0.0,0.0,0.0
2020-04-29,173,540.6983996468607,209.08377814787553,0.0
2020-04-29,174,0.0,0.0,0.0
2020-04-29,175,278.0838921581481,207.68078386427473,0.0
2020-04-29,177,445.75826890061904,199.443405756011,0.0
2020-04-29,18,740.3297701501468,201.49542867010553,204.07877243326035
2020-04-29,180,364.5229389708366,204.16578883314716,0.0
2020-04-29,181,338.69327306884304,196.8487535249778,0.0
2020-04-29,183,635.254963948809,204.32124192349318,203.0123671814118
2020-04-29,184,379.9341047042528,186.46228072309412,0.0
2020-04-29,188,539.4904215970205,196.4000523338903,0.0
2020-04-29,189,605.3509087625263,195.37968596329466,0.0
2020-04-29,19,301.3960403540946,193.73246993814118,0.0
2020-04-29,190,0.0,0.0,0.0
2020-04-29,192,991.0204118666948,201.92874984090847,205.20028945396695
2020-04-29,193,293.7052948044293,203.51329999249654,0.0
2020-04-29,195,268.23897339986974,201.20438378600204,0.0
2020-04-29,196,972.9827598817919,196.67153267553226,0.0
2020-04-29,197,788.1982829783649,201.84508218912583,194.9056502146663
2020-04-29,198,400.09889139915526,200.62142847425426,0.0
2020-04-29,20,662.6254327292054,204.68028083968008,0.0
2020-04-29,22,0.0,0.0,0.0
2020-04-29,23,0.0,0.0,0.0
2020-04-29,25,678.5838656588453,195.5137349691937,0.0
2020-04-29,26,0.0,0.0,0.0
2020-04-29,27,142.83099341628918,197.25105320180984,0.0
2020-04-29,28,608.7627994340409,198.42366833041874,0.0
2020-04-29,3,809.8899815590541,201.34025213794877,198.86114510438182
2020-04-29,31,375.7142933028527,203.5758719506403,0.0
2020-04-29,33,333.85665214736855,199.74440653492312,0.0
2020-04-29,35,144.77840322931178,200.08062393950237,0.0
2020-04-29,36,347.28722349978347,200.71653152500002,0.0
2020-04-29,38,927.5438571314696,197.4204734343383,195.29992033938123
2020-04-29,39,148.4857737456219,195.37303871178523,0.0
2020-04-29,41,710.0220498988133,191.22281051344646,198.0694361195693
2020-04-29,42,131.96452095215312,196.52425320961564,0.0
2020-04-29,44,498.0466867191767,0.0,0.0
2020-04-29,45,461.57341114171356,196.48544280980215,0.0
2020-04-29,46,229.0790352571077,198.8109648128703,0.0
2020-04-29,49,300.2818876018876,202.3321564370616,0.0
2020-04-29,5,309.9282133265823,202.60344748211335,0.0
2020-04-29,51,314.6971134294018,194.6023357391698,0.0
2020-04-29,52,532.3066661073465,204.98529678226822,0.0
2020-04-29,55,395.9265601844104,205.63675044677743,0.0
2020-04-29,57,322.1342037066454,194.3507507139072,0.0
2020-04-29,59,434.9769097628461,195.88081565179422,0.0
2020-04-29,61,0.0,0.0,0.0
2020-04-29,63,787.2959981696099,199.26573239372348,205.07610445907153
2020-04-29,64,181.41473807286977,188.90111026274076,0.0
2020-04-29,66,416.4029616597357,0.0,0.0
2020-04-29,68,826.2449123136219,198.7531518741376,200.53991960362615
2020-04-29,69,568.7821443956134,194.18478674857698,0.0
2020-04-29,71,25.02244689970911,0.0,0.0
2020-04-29,72,282.99517267067773,200.1619810684179,0.0
2020-04-29,73,417.4684391608893,207.31127302017364,0.0
2020-04-29,74,392.2764517309163,198.54773041886105,0.0
2020-04-29,75,393.8814785366307,205.3627089978638,0.0
2020-04-29,77,375.4213055364322,207.14380081018385,0.0
2020-04-29,8,6.0366260426885106,0.0,0.0
2020-04-29,80,348.4886019894197,201.42377296692783,0.0
2020-04-29,81,315.9585597327549,190.18355426080512,0.0
2020-04-29,83,158.92228784888584,202.30412432701934,0.0
2020-04-29,84,364.42589976477535,205.2419994390677,0.0
2020-04-29,88,630.448772111472,199.59466447282293,0.0
2020-04-29,89,1250.6386819508348,208.72291935037623,213.03429581574886
2020-04-29,90,312.9747293682501,204.29916780733728,0.0
2020-04-29,92,860.5819308724716,202.84136688576393,200.96703183594857
2020-04-29,93,275.3686324326169,205.4319035560292,0.0
2020-04-29,95,298.700065486562,201.6668492563044,0.0
2020-04-29,96,672.0583522511995,187.53594750302324,0.0
2020-04-29,97,387.36797390675866,197.50430524264817,0.0
2020-04-29,98,480.62232848536235,205.98584013623926,0.0
2020-04-30,10,1004.8766450636398,195.9620432995085,0.0
2020-04-30,103,87.92942001958681,0.0,0.0
2020-04-30,105,232.2573572080509,194.77581843048463,0.0
2020-04-30,108,106.96610793575329,208.91961297600884,0.0
2020-04-30,11,0.0,0.0,0.0
2020-04-30,110,1236.3265932742906,195.58065552429636,0.0
2020-04-30,111,834.5854159259611,200.7364900019454,0.0
2020-04-30,115,0.0,0.0,0.0
2020-04-30,118,104.67292837839771,203.07472319515688,0.0
2020-04-30,119,515.797350259241,202.54841538621164,200.2984594028987
2020-04-30,120,512.4830555310464,204.05852785806633,0.0
2020-04-30,122,157.5411032529856,201.65959223853943,0.0
2020-04-30,123,10.940033130363894,214.67703103194233,0.0
2020-04-30,125,369.14111834922375,194.8603811749463,0.0
2020-04-30,126,0.0,0.0,0.0
2020-04-30,127,42.81931607879704,198.0345489964927,0.0
2020-04-30,128,98.23299154975999,192.16005867219866,0.0
2020-04-30,131,277.317829027068,192.53768864997005,0.0
2020-04-30,133,14.145940808840443,194.99342672901017,0.0
2020-04-30,135,101.16313102589646,195.38905547284187,0.0
2020-04-30,136,102.66975126230989,195.2269094902497,0.0
2020-04-30,138,0.0,0.0,0.0
2020-04-30,139,31.726733388950336,197.46905469457332,0.0
2020-04-30,141,393.84660343867324,199.1024271256376,0.0
2020-04-30,142,79.87626177321727,204.47116387250466,0.0
2020-04-30,144,107.42866567675338,0.0,0.0
2020-04-30,145,350.84535239945023,198.6772705064764,0.0
2020-04-30,146,725.25497265797,201.82879993046458,200.53091459720108
2020-04-30,149,554.4886112487136,190.2921609968989,196.8109565357003
2020-04-30,15,129.56786194372484,188.07547245524708,0.0
2020-04-30,151,217.17128492142396,201.7305866439886,0.0
2020-04-30,152,109.25519113081133,202.4600714028345,0.0
2020-04-30,155,270.5788744216844,210.32110067426206,0.0
2020-04-30,157,146.17671596926965,200.79047437933406,0.0
2020-04-30,159,337.60848229572235,204.09869858629048,0.0
2020-04-30,161,59.0359521592072,199.02263678207012,0.0
2020-04-30,163,511.81774036024643,201.48613610792543,0.0
2020-04-30,164,98.65130545913571,208.33628420874766,0.0
2020-04-30,166,110.63694989427516,189.38003590937183,0.0
2020-04-30,168,1523.820565449547,202.0680812878584,0.0
2020-04-30,169,437.3967442902617,210.67793365038682,0.0
2020-04-30,171,789.364294919643,201.41017109604672,199.71081693811203
2020-04-30,172,0.0,0.0,0.0
2020-04-30,173,357.505901505077,196.8539392523528,0.0
2020-04-30,174,0.0,0.0,0.0
2020-04-30,175,77.9784169088759,200.16762351194294,0.0
2020-04-30,177,323.5876410098235,188.91204460320614,0.0
2020-04-30,18,688.4782687247546,194.159110860749,205.63894013555824
2020-04-30,180,45.665553509030524,194.51562460308006,0.0
2020-04-30,181,181.784629227378,204.11033039016263,0.0
2020-04-30,183,506.6826087449507,204.36076552842027,200.56985334063887
2020-04-30,184,83.34171732792635,201.62018221353267,0.0
2020-04-30,188,453.48285946191135,204.12051448427852,0.0
2020-04-30,189,412.0774358837184,199.17925293639112,0.0
2020-04-30,19,159.06586268839956,206.00965834769772,0.0
2020-04-30,190,0.0,0.0,0.0
2020-04-30,192,945.3273503249359,200.28932023713378,196.03270135058264
2020-04-30,193,293.1955538548578,198.67203683368794,0.0
2020-04-30,195,272.35229291257775,203.42225238818213,0.0
2020-04-30,196,945.3096557220074,197.89400591693544,0.0
2020-04-30,197,625.4827736082758,204.88215688599036,195.37457689760683
2020-04-30,198,220.77953077318216,194.33925429641997,0.0
2020-04-30,20,529.0710129784103,194.50541872635904,0.0
2020-04-30,22,0.0,0.0,0.0
2020-04-30,23,0.0,0.0,0.0
2020-04-30,25,821.0256292470663,197.73054291923435,0.0
2020-04-30,26,9.830164704502522,0.0,0.0
2020-04-30,27,100.35991308231475,196.9636929295696,0.0
2020-04-30,28,347.0387645979532,198.99899372849816,0.0
2020-04-30,3,427.9883755116219,206.9961397503558,197.7489905416708
2020-04-30,31,511.66515895988096,207.69571172905324,0.0
2020-04-30,33,8.76528268547649,207.86199105135162,0.0
2020-04-30,35,113.58269561053035,198.58937111533044,0.0
2020-04-30,36,247.5853597190359,206.15351452492234,0.0
2020-04-30,38,826.8052082142297,195.25523586115662,200.3693171720544
2020-04-30,39,100.15174209224793,195.4654856263897,0.0
2020-04-30,41,686.0522669678251,188.2477207368782,205.9679326773813
2020-04-30,42,91.92526399469445,208.36434100949265,0.0
2020-04-30,44,194.23865552158315,0.0,0.0
2020-04-30,45,545.3929836202157,199.3673371012647,0.0
2020-04-30,46,30.76483633776656,195.4483782903586,0.0
2020-04-30,49,254.57872823048473,203.4758262416507,0.0
2020-04-30,5,325.46106104589916,198.1218316964133,0.0
2020-04-30,51,1003.9125009909949,193.47591554783526,0.0
2020-04-30,52,227.43387024565308,202.2083128209303,0.0
2020-04-30,55,8.251595816849129,192.83134987594886,0.0
2020-04-30,57,87.35785885234706,195.81297137342256,0.0
2020-04-30,59,527.2329990153868,189.4655544268696,0.0
2020-04-30,61,0.0,0.0,0.0
2020-04-30,63,743.1400689899975,200.8926458486024,193.29755679316781
2020-04-30,64,86.3606192934846,190.17731980948537,0.0
2020-04-30,66,122.98262774622185,0.0,0.0
2020-04-30,68,1565.9696899407572,199.98815541933595,198.40086861055622
2020-04-30,69,162.83039965872885,197.28196551953474,0.0
2020-04-30,71,0.0,0.0,0.0
2020-04-30,72,86.76194846231677,209.16948273012187,0.0
2020-04-30,73,475.10169786336337,195.66038768624423,0.0
2020-04-30,74,279.0702906971366,202.7856880920174,0.0
2020-04-30,75,235.82682212581787,203.74641278439725,0.0
2020-04-30,77,277.60178340525573,197.012605709878,0.0
2020-04-30,8,0.0,0.0,0.0
2020-04-30,80,333.8703496144267,199.9385077534597,0.0
2020-04-30,81,113.55519220895978,199.13577162592944,0.0
2020-04-30,83,92.57987125438854,197.8211775151469,0.0
2020-04-30,84,123.70159130569135,202.2115843408224,0.0
2020-04-30,88,609.5214506679014,196.246351964972,0.0
2020-04-30,89,666.3643214115082,194.24001226210427,200.7215500971754
2020-04-30,90,244.34108387801635,200.54541485174917,0.0
2020-04-30,92,857.4458057314085,201.92985046284437,190.83147116185282
2020-04-30,93,297.44166027290674,194.11677528049972,0.0
2020-04-30,95,293.3875414907514,204.6404530549554,0.0
2020-04-30,96,871.8626708488766,191.1475943111196,0.0
2020-04-30,97,299.3350798196325,197.10943270642179,0.0
2020-04-30,98,594.9753433414688,198.70995731901195,0.0