date,location,conversions,spend
2020-01-01,10,12171.86754,13.961282
2020-01-01,103,4787.548505,5.360182842
2020-01-01,105,10776.86355,11.0703539
2020-01-01,108,3475.165323,4.956830216
2020-01-01,11,9148.362022,10.87281349
2020-01-01,110,12214.15655,13.961282
2020-01-01,111,9124.994569,10.87281349
2020-01-01,115,5392.484315,5.949981521
2020-01-01,118,2857.799835,3.054599366
2020-01-01,119,2664.801479,2.859278474
2020-01-01,120,7085.858145,8.932934988
2020-01-01,122,2633.32883,3.631729955
2020-01-01,123,1464.565041,1.844583045
2020-01-01,125,9909.383459,12.64519217
2020-01-01,126,6122.417494,6.839509355
2020-01-01,127,1116.118869,1.284362522
2020-01-01,128,11262.56667,12.95504201
2020-01-01,131,6512.610426,7.813847131
2020-01-01,133,1277.834485,1.947226341
2020-01-01,135,1175.498421,1.194753863
2020-01-01,136,2644.995048,3.421256163
2020-01-01,138,7341.846821,9.866778177
2020-01-01,139,1168.18775,1.682987262
2020-01-01,141,4443.842694,5.288502415
2020-01-01,142,1032.452497,2.058825834
2020-01-01,144,8901.47785,10.76820115
2020-01-01,145,5282.642858,6.55121343
2020-01-01,146,3900.416076,4.240116168
2020-01-01,149,3192.333964,3.705726087
2020-01-01,15,5377.475627,5.949981521
2020-01-01,151,12339.38441,13.67503799
2020-01-01,152,6824.295582,8.163252537
2020-01-01,155,4804.902782,5.486657863
2020-01-01,157,3412.440728,4.34802846
2020-01-01,159,11906.19312,13.82887629
2020-01-01,161,1056.923248,1.460290222
2020-01-01,163,4901.277451,6.18081217
2020-01-01,164,1329.990187,1.64328401
2020-01-01,166,8169.737468,9.440370413
2020-01-01,168,19341.3371,20.46197918
2020-01-01,169,6211.456701,7.599849137
2020-01-01,171,3840.012373,4.653659726
2020-01-01,172,3039.92396,3.77417399
2020-01-01,173,6116.577103,6.467089194
2020-01-01,174,2692.963195,3.181697872
2020-01-01,175,3817.901749,4.78629761
2020-01-01,177,4319.525411,5.046338463
2020-01-01,18,2853.782915,3.054599366
2020-01-01,180,3606.548166,4.523824539
2020-01-01,181,4414.373813,4.710384373
2020-01-01,183,1305.206535,1.771423866
2020-01-01,184,4210.855669,5.175764786
2020-01-01,188,8163.660648,9.828182856
2020-01-01,189,8575.118343,10.57917461
2020-01-01,19,2671.15942,2.859278474
2020-01-01,190,3033.771082,4.033299782
2020-01-01,192,6605.692215,6.910295865
2020-01-01,193,3111.332464,3.656194961
2020-01-01,195,2928.436681,4.190815909
2020-01-01,196,10617.3584,12.42604947
2020-01-01,197,3508.228246,3.817834953
2020-01-01,198,6397.496582,7.146736294
2020-01-01,20,7010.324424,8.932934988
2020-01-01,22,2682.219332,3.631729955
2020-01-01,23,1474.959498,1.844583045
2020-01-01,25,9966.282252,12.64519217
2020-01-01,26,6099.46293,6.839509355
2020-01-01,27,1125.373462,1.284362522
2020-01-01,28,11154.99353,12.95504201
2020-01-01,3,4715.556012,5.360182842
2020-01-01,31,6457.825202,7.813847131
2020-01-01,33,1276.893471,1.947226341
2020-01-01,35,1180.849093,1.194753863
2020-01-01,36,2632.107908,3.421256163
2020-01-01,38,7369.584971,9.866778177
2020-01-01,39,1147.789348,1.682987262
2020-01-01,41,4492.338352,5.288502415
2020-01-01,42,1023.960286,2.058825834
2020-01-01,44,9106.949897,10.76820115
2020-01-01,45,5370.974185,6.55121343
2020-01-01,46,3928.818515,4.240116168
2020-01-01,49,3167.26325,3.705726087
2020-01-01,5,10658.29407,11.0703539
2020-01-01,51,12221.83649,13.67503799
2020-01-01,52,6791.744787,8.163252537
2020-01-01,55,4785.011465,5.486657863
2020-01-01,57,3392.291808,4.34802846
2020-01-01,59,11858.99854,13.82887629
2020-01-01,61,1057.093797,1.460290222
2020-01-01,63,4908.966075,6.18081217
2020-01-01,64,1331.541159,1.64328401
2020-01-01,66,8322.136149,9.440370413
2020-01-01,68,19835.39011,20.46197918
2020-01-01,69,6187.443128,7.599849137
2020-01-01,71,3838.905278,4.653659726
2020-01-01,72,3064.535033,3.77417399
2020-01-01,73,6130.493196,6.467089194
2020-01-01,74,2647.638115,3.181697872
2020-01-01,75,3826.8499,4.78629761
2020-01-01,77,4292.041191,5.046338463
2020-01-01,8,3477.615361,4.956830216
2020-01-01,80,3585.023503,4.523824539
2020-01-01,81,4439.187988,4.710384373
2020-01-01,83,1306.916251,1.771423866
2020-01-01,84,4208.329083,5.175764786
2020-01-01,88,8192.160944,9.828182856
2020-01-01,89,8637.080555,10.57917461
2020-01-01,90,3047.897072,4.033299782
2020-01-01,92,6561.802166,6.910295865
2020-01-01,93,3164.339691,3.656194961
2020-01-01,95,2921.57355,4.190815909
2020-01-01,96,10758.30323,12.42604947
2020-01-01,97,3593.722813,3.817834953
2020-01-01,98,6389.463666,7.146736294
2020-01-02,10,12360.99407,15.10631294
2020-01-02,103,4840.656831,5.822785147
2020-01-02,105,10670.83612,10.78218648
2020-01-02,108,3473.084693,4.556771395
2020-01-02,11,9291.30587,10.83947026
2020-01-02,110,12219.88377,15.10631294
2020-01-02,111,9349.222478,10.83947026
2020-01-02,115,5392.567033,7.164716116
2020-01-02,118,2889.118686,3.206235943
2020-01-02,119,2720.022489,3.126549498
2020-01-02,120,7127.404587,8.617155125
2020-01-02,122,2749.373612,3.096689729
2020-01-02,123,1475.969141,1.594874652
2020-01-02,125,10082.91498,12.19160722
2020-01-02,126,5967.427795,6.477278677
2020-01-02,127,1128.627093,1.953793925
2020-01-02,128,11603.09632,11.79497171
2020-01-02,131,6743.696552,7.162212348
2020-01-02,133,1293.816427,2.315881056
2020-01-02,135,1158.39359,1.286842281
2020-01-02,136,2714.968139,3.165297121
2020-01-02,138,7403.797054,8.680700371
2020-01-02,139,1166.98059,1.591156949
2020-01-02,141,4491.558882,5.931873966
2020-01-02,142,1041.494315,2.108283073
2020-01-02,144,8922.626265,9.447363077
2020-01-02,145,5429.021586,7.022130765
2020-01-02,146,3943.854952,4.259049905
2020-01-02,149,3147.638732,3.888116917
2020-01-02,15,5414.769041,7.164716116
2020-01-02,151,12429.02289,13.50994798
2020-01-02,152,6671.026178,7.344784736
2020-01-02,155,4775.035511,4.930098731
2020-01-02,157,3457.48366,4.016457303
2020-01-02,159,12213.92049,14.08717601
2020-01-02,161,1065.468268,1.253761849
2020-01-02,163,5042.836674,6.30161842
2020-01-02,164,1354.762533,1.458406711
2020-01-02,166,8501.267076,9.352724029
2020-01-02,168,19714.71063,21.60621408
2020-01-02,169,6064.25508,7.095380076
2020-01-02,171,3864.286423,4.606076001
2020-01-02,172,3104.963916,4.101157257
2020-01-02,173,6224.02087,6.621539685
2020-01-02,174,2752.280687,3.478132123
2020-01-02,175,3796.434073,4.382373828
2020-01-02,177,4398.285299,4.563447706
2020-01-02,18,2870.442933,3.206235943
2020-01-02,180,3634.457811,4.893611033
2020-01-02,181,4513.091875,4.842011779
2020-01-02,183,1295.485012,1.436353437
2020-01-02,184,4199.605366,5.13758365
2020-01-02,188,8270.816141,8.886407698
2020-01-02,189,8831.055637,9.116104829
2020-01-02,19,2704.76759,3.126549498
2020-01-02,190,3065.729736,3.881687519
2020-01-02,192,6449.067187,7.443388134
2020-01-02,193,3210.208519,3.44996588
2020-01-02,195,2840.455014,3.255940265
2020-01-02,196,10698.12514,11.30123476
2020-01-02,197,3541.020707,4.021672845
2020-01-02,198,6391.924598,7.105769198
2020-01-02,20,7074.802046,8.617155125
2020-01-02,22,2709.915993,3.096689729
2020-01-02,23,1482.480562,1.594874652
2020-01-02,25,10118.61123,12.19160722
2020-01-02,26,6118.029287,6.477278677
2020-01-02,27,1115.652261,1.953793925
2020-01-02,28,11335.16121,11.79497171
2020-01-02,3,4748.83631,5.822785147
2020-01-02,31,6703.5472,7.162212348
2020-01-02,33,1295.091592,2.315881056
2020-01-02,35,1191.279744,1.286842281
2020-01-02,36,2675.066107,3.165297121
2020-01-02,38,7466.639871,8.680700371
2020-01-02,39,1169.339143,1.591156949
2020-01-02,41,4524.047848,5.931873966
2020-01-02,42,1039.673202,2.108283073
2020-01-02,44,8997.782597,9.447363077
2020-01-02,45,5401.342307,7.022130765
2020-01-02,46,3846.867628,4.259049905
2020-01-02,49,3218.432954,3.888116917
2020-01-02,5,10587.37128,10.78218648
2020-01-02,51,12220.41474,13.50994798
2020-01-02,52,6747.049923,7.344784736
2020-01-02,55,4762.183672,4.930098731
2020-01-02,57,3457.567363,4.016457303
2020-01-02,59,11943.38626,14.08717601
2020-01-02,61,1053.817385,1.253761849
2020-01-02,63,4993.46624,6.30161842
2020-01-02,64,1363.15531,1.458406711
2020-01-02,66,8412.045075,9.352724029
2020-01-02,68,19749.54526,21.60621408
2020-01-02,69,6125.136485,7.095380076
2020-01-02,71,3826.29035,4.606076001
2020-01-02,72,3066.790126,4.101157257
2020-01-02,73,6117.862822,6.621539685
2020-01-02,74,2728.083316,3.478132123
2020-01-02,75,3901.774994,4.382373828
2020-01-02,77,4339.720731,4.563447706
2020-01-02,8,3506.730291,4.556771395
2020-01-02,80,3611.185218,4.893611033
2020-01-02,81,4488.862162,4.842011779
2020-01-02,83,1298.768472,1.436353437
2020-01-02,84,4243.892413,5.13758365
2020-01-02,88,8263.201395,8.886407698
2020-01-02,89,8852.327372,9.116104829
2020-01-02,90,3091.808663,3.881687519
2020-01-02,92,6591.492229,7.443388134
2020-01-02,93,3205.219414,3.44996588
2020-01-02,95,2906.799168,3.255940265
2020-01-02,96,10806.39309,11.30123476
2020-01-02,97,3582.754297,4.021672845
2020-01-02,98,6403.435918,7.105769198
2020-01-03,10,12303.50099,13.28965729
2020-01-03,103,4866.032984,5.79013566
2020-01-03,105,10721.30562,11.1180756
2020-01-03,108,3557.916928,3.559413945
2020-01-03,11,9228.488239,10.68056864
2020-01-03,110,12251.31692,13.28965729
2020-01-03,111,9390.45797,10.68056864
2020-01-03,115,5572.543072,7.062456329
2020-01-03,118,2909.831059,3.397085569
2020-01-03,119,2682.014927,3.64799084
2020-01-03,120,7180.81579,9.277332095
2020-01-03,122,2753.928549,3.175652854
2020-01-03,123,1423.438382,1.61122517
2020-01-03,125,9975.067075,12.53385394
2020-01-03,126,6150.224265,7.05535326
2020-01-03,127,1124.683033,1.185693735
2020-01-03,128,11145.06828,12.05205734
2020-01-03,131,6759.376224,7.795426161
2020-01-03,133,1276.484255,1.477848686
2020-01-03,135,1176.148678,1.264807659
2020-01-03,136,2654.202731,3.096766995
2020-01-03,138,7374.874171,9.450426159
2020-01-03,139,1167.087506,1.433845436
2020-01-03,141,4472.657925,5.359638158
2020-01-03,142,1038.928585,1.461572552
2020-01-03,144,9023.097254,9.299820982
2020-01-03,145,5450.854417,6.111291774
2020-01-03,146,3774.612169,4.691001941
2020-01-03,149,3267.678883,4.005111009
2020-01-03,15,5461.152283,7.062456329
2020-01-03,151,12123.44707,12.77687956
2020-01-03,152,6975.801279,7.613582191
2020-01-03,155,4652.172702,5.399777308
2020-01-03,157,3493.547222,3.684609208
2020-01-03,159,11907.033,12.94182665
2020-01-03,161,1059.781183,1.569974101
2020-01-03,163,4931.865657,5.840803692
2020-01-03,164,1416.340348,1.704612199
2020-01-03,166,8236.055433,10.15778379
2020-01-03,168,19493.32352,20.99150123
2020-01-03,169,6095.723449,6.491732277
2020-01-03,171,3796.87938,5.471182787
2020-01-03,172,3016.58987,4.821306088
2020-01-03,173,6013.765655,7.197157381
2020-01-03,174,2751.473987,3.579741295
2020-01-03,175,3890.139052,4.681065206
2020-01-03,177,4416.982177,4.623001438
2020-01-03,18,2908.841426,3.397085569
2020-01-03,180,3627.021943,4.183003817
2020-01-03,181,4469.81539,5.426185901
2020-01-03,183,1291.462531,1.951655505
2020-01-03,184,4185.765493,4.588302475
2020-01-03,188,8232.456447,9.459282324
2020-01-03,189,9053.093357,11.75340576
2020-01-03,19,2665.613259,3.64799084
2020-01-03,190,3164.66939,3.905731361
2020-01-03,192,6540.642381,7.647606494
2020-01-03,193,3324.848235,3.86385992
2020-01-03,195,2915.309441,3.92441187
2020-01-03,196,10855.45347,11.78760746
2020-01-03,197,3591.959393,4.281795809
2020-01-03,198,6289.914655,7.483454552
2020-01-03,20,7106.146671,9.277332095
2020-01-03,22,2723.214778,3.175652854
2020-01-03,23,1451.321615,1.61122517
2020-01-03,25,10079.87981,12.53385394
2020-01-03,26,6126.009326,7.05535326
2020-01-03,27,1141.378434,1.185693735
2020-01-03,28,11243.99478,12.05205734
2020-01-03,3,4840.861108,5.79013566
2020-01-03,31,6763.342151,7.795426161
2020-01-03,33,1280.933546,1.477848686
2020-01-03,35,1189.880189,1.264807659
2020-01-03,36,2616.133939,3.096766995
2020-01-03,38,7428.358955,9.450426159
2020-01-03,39,1165.440912,1.433845436
2020-01-03,41,4527.586855,5.359638158
2020-01-03,42,1029.658541,1.461572552
2020-01-03,44,9005.696032,9.299820982
2020-01-03,45,5371.389185,6.111291774
2020-01-03,46,3838.646369,4.691001941
2020-01-03,49,3253.795299,4.005111009
2020-01-03,5,10415.53968,11.1180756
2020-01-03,51,12097.80317,12.77687956
2020-01-03,52,6815.422691,7.613582191
2020-01-03,55,4760.018892,5.399777308
2020-01-03,57,3477.773862,3.684609208
2020-01-03,59,11971.04392,12.94182665
2020-01-03,61,1084.400967,1.569974101
2020-01-03,63,4969.142305,5.840803692
2020-01-03,64,1387.345426,1.704612199
2020-01-03,66,8340.144956,10.15778379
2020-01-03,68,19449.75837,20.99150123
2020-01-03,69,6080.354437,6.491732277
2020-01-03,71,3800.431096,5.471182787
2020-01-03,72,3054.882821,4.821306088
2020-01-03,73,6035.998328,7.197157381
2020-01-03,74,2752.874747,3.579741295
2020-01-03,75,3854.647639,4.681065206
2020-01-03,77,4370.511637,4.623001438
2020-01-03,8,3511.108036,3.559413945
2020-01-03,80,3638.299139,4.183003817
2020-01-03,81,4433.701604,5.426185901
2020-01-03,83,1294.935444,1.951655505
2020-01-03,84,4219.097268,4.588302475
2020-01-03,88,8233.566898,9.459282324
2020-01-03,89,8955.744799,11.75340576
2020-01-03,90,3159.401775,3.905731361
2020-01-03,92,6560.97535,7.647606494
2020-01-03,93,3283.284024,3.86385992
2020-01-03,95,2910.096988,3.92441187
2020-01-03,96,10900.21131,11.78760746
2020-01-03,97,3542.955712,4.281795809
2020-01-03,98,6356.584113,7.483454552
2020-01-04,10,12302.99028,13.25606103
2020-01-04,103,4736.388772,5.004523924
2020-01-04,105,10606.14984,11.13618526
2020-01-04,108,3504.101465,4.096317321
2020-01-04,11,8990.747332,11.60044977
2020-01-04,110,12343.77657,13.25606103
2020-01-04,111,8831.96577,11.60044977
2020-01-04,115,5356.909068,6.57920116
2020-01-04,118,2831.448383,3.527293321
2020-01-04,119,2591.457282,3.032598336
2020-01-04,120,7151.732447,7.977817988
2020-01-04,122,2691.556755,3.060863296
2020-01-04,123,1469.110929,1.911863761
2020-01-04,125,9980.896239,11.48054405
2020-01-04,126,6029.54449,6.93991683
2020-01-04,127,1150.110434,1.432166026
2020-01-04,128,10951.218,12.3376075
2020-01-04,131,6709.689496,7.8898879
2020-01-04,133,1280.742375,1.902938228
2020-01-04,135,1191.46615,1.35146682
2020-01-04,136,2604.538785,3.118430482
2020-01-04,138,7326.423561,8.907795276
2020-01-04,139,1176.312845,1.708993238
2020-01-04,141,4492.545966,6.203110046
2020-01-04,142,1033.723229,1.272974688
2020-01-04,144,8698.614104,9.69198207
2020-01-04,145,5304.763243,6.010603411
2020-01-04,146,3742.884807,4.965930952
2020-01-04,149,3230.568383,3.833077166
2020-01-04,15,5430.181143,6.57920116
2020-01-04,151,12082.35314,13.17887194
2020-01-04,152,6628.23464,8.083924499
2020-01-04,155,4752.555994,5.646344432
2020-01-04,157,3435.55458,3.691556141
2020-01-04,159,12103.19968,12.34954404
2020-01-04,161,1060.353271,1.526113083
2020-01-04,163,4983.636108,5.530026537
2020-01-04,164,1474.367754,1.719979965
2020-01-04,166,8120.612396,9.028529813
2020-01-04,168,19012.61676,20.27164214
2020-01-04,169,5891.246889,7.716059422
2020-01-04,171,3672.42436,3.988741038
2020-01-04,172,2961.402225,3.411652333
2020-01-04,173,6087.643078,6.29463581
2020-01-04,174,2732.453144,3.347203274
2020-01-04,175,3942.192214,4.385986527
2020-01-04,177,4255.671056,4.543909628
2020-01-04,18,2851.790269,3.527293321
2020-01-04,180,3575.196989,4.739834126
2020-01-04,181,4332.078178,5.82438614
2020-01-04,183,1262.814853,2.509378888
2020-01-04,184,4116.2353,5.373588928
2020-01-04,188,8091.317527,10.07578891
2020-01-04,189,9019.416874,10.84447922
2020-01-04,19,2633.828983,3.032598336
2020-01-04,190,3086.768407,3.272962917
2020-01-04,192,6531.830902,7.306547456
2020-01-04,193,3269.738535,3.302254357
2020-01-04,195,2875.135244,3.567986011
2020-01-04,196,10690.22439,12.12333161
2020-01-04,197,3577.168877,3.575108585
2020-01-04,198,6269.839191,8.386500291
2020-01-04,20,7060.759689,7.977817988
2020-01-04,22,2693.212119,3.060863296
2020-01-04,23,1472.680235,1.911863761
2020-01-04,25,10073.39424,11.48054405
2020-01-04,26,6050.973763,6.93991683
2020-01-04,27,1116.792486,1.432166026
2020-01-04,28,11135.76397,12.3376075
2020-01-04,3,4790.852426,5.004523924
2020-01-04,31,6692.247452,7.8898879
2020-01-04,33,1286.261203,1.902938228
2020-01-04,35,1191.316329,1.35146682
2020-01-04,36,2600.214699,3.118430482
2020-01-04,38,7358.545518,8.907795276
2020-01-04,39,1182.620391,1.708993238
2020-01-04,41,4500.245248,6.203110046
2020-01-04,42,1037.547073,1.272974688
2020-01-04,44,8909.850479,9.69198207
2020-01-04,45,5352.939379,6.010603411
2020-01-04,46,3752.493002,4.965930952
2020-01-04,49,3226.286014,3.833077166
2020-01-04,5,10638.16095,11.13618526
2020-01-04,51,11968.4291,13.17887194
2020-01-04,52,6761.648042,8.083924499
2020-01-04,55,4729.03126,5.646344432
2020-01-04,57,3436.126773,3.691556141
2020-01-04,59,12032.21465,12.34954404
2020-01-04,61,1072.615634,1.526113083
2020-01-04,63,4938.888209,5.530026537
2020-01-04,64,1420.119083,1.719979965
2020-01-04,66,8194.26963,9.028529813
2020-01-04,68,19042.16151,20.27164214
2020-01-04,69,5941.659934,7.716059422
2020-01-04,71,3744.718445,3.988741038
2020-01-04,72,2983.563027,3.411652333
2020-01-04,73,6108.492746,6.29463581
2020-01-04,74,2709.445414,3.347203274
2020-01-04,75,3856.880474,4.385986527
2020-01-04,77,4256.806515,4.543909628
2020-01-04,8,3522.542598,4.096317321
2020-01-04,80,3575.83495,4.739834126
2020-01-04,81,4398.891337,5.82438614
2020-01-04,83,1270.737807,2.509378888
2020-01-04,84,4147.557807,5.373588928
2020-01-04,88,8187.477887,10.07578891
2020-01-04,89,8868.820758,10.84447922
2020-01-04,90,3116.597358,3.272962917
2020-01-04,92,6499.911275,7.306547456
2020-01-04,93,3237.679757,3.302254357
2020-01-04,95,2885.586321,3.567986011
2020-01-04,96,10609.52733,12.12333161
2020-01-04,97,3554.162587,3.575108585
2020-01-04,98,6301.830404,8.386500291
2020-01-05,10,12124.94786,13.40411663
2020-01-05,103,4634.196047,4.826274396
2020-01-05,105,10624.03406,11.10386785
2020-01-05,108,3505.791412,3.679205144
2020-01-05,11,8934.617999,9.964720719
2020-01-05,110,12190.36424,13.40411663
2020-01-05,111,8999.768925,9.964720719
2020-01-05,115,5325.787564,6.390862468
2020-01-05,118,2928.986744,3.564607116
2020-01-05,119,2639.068456,4.104659189
2020-01-05,120,7025.657624,9.240202807
2020-01-05,122,2728.524296,2.950507677
2020-01-05,123,1442.892071,1.772362077
2020-01-05,125,10037.82212,11.72011448
2020-01-05,126,5968.731874,7.019669925
2020-01-05,127,1114.273633,1.425840423
2020-01-05,128,10951.6836,12.2975919
2020-01-05,131,6629.887094,7.869239959
2020-01-05,133,1309.531839,1.357662307
2020-01-05,135,1181.520862,2.073694445
2020-01-05,136,2644.609919,3.830028534
2020-01-05,138,7414.669923,7.951307052
2020-01-05,139,1188.831184,1.350125034
2020-01-05,141,4503.225969,5.041754157
2020-01-05,142,1043.187731,1.39450567
2020-01-05,144,8848.78361,9.357068521
2020-01-05,145,5376.798626,6.029393474
2020-01-05,146,3730.923416,4.363988844
2020-01-05,149,3116.148834,3.937418636
2020-01-05,15,5421.306979,6.390862468
2020-01-05,151,11639.68088,13.48726728
2020-01-05,152,6814.031711,7.125701905
2020-01-05,155,4661.759197,5.404370411
2020-01-05,157,3445.728493,4.841435313
2020-01-05,159,12015.61992,13.23639202
2020-01-05,161,1079.074811,1.394452828
2020-01-05,163,4982.593762,5.772483582
2020-01-05,164,1387.897393,1.521410319
2020-01-05,166,8118.492505,10.23298055
2020-01-05,168,18728.74034,20.33792646
2020-01-05,169,6114.749703,8.152346774
2020-01-05,171,3697.027318,4.185122396
2020-01-05,172,3005.200397,3.745193366
2020-01-05,173,6041.668766,6.546304821
2020-01-05,174,2745.433624,3.312938902
2020-01-05,175,3898.201417,4.317451104
2020-01-05,177,4180.064187,4.776380615
2020-01-05,18,2875.030984,3.564607116
2020-01-05,180,3543.475277,3.548949231
2020-01-05,181,4299.385572,4.953864667
2020-01-05,183,1240.796496,1.909683601
2020-01-05,184,4096.068077,4.997175566
2020-01-05,188,8075.119937,9.915454569
2020-01-05,189,8918.905353,10.48773398
2020-01-05,19,2630.290398,4.104659189
2020-01-05,190,3150.353946,3.799289802
2020-01-05,192,6429.433557,7.407717436
2020-01-05,193,3310.195462,5.026520708
2020-01-05,195,2923.775951,4.267513033
2020-01-05,196,10368.76362,11.40805085
2020-01-05,197,3599.926607,3.635007573
2020-01-05,198,6325.059291,7.795758115
2020-01-05,20,7081.929391,9.240202807
2020-01-05,22,2698.454795,2.950507677
2020-01-05,23,1459.003432,1.772362077
2020-01-05,25,10027.41864,11.72011448
2020-01-05,26,5982.578677,7.019669925
2020-01-05,27,1103.682928,1.425840423
2020-01-05,28,11013.73906,12.2975919
2020-01-05,3,4746.744692,4.826274396
2020-01-05,31,6628.282505,7.869239959
2020-01-05,33,1299.451833,1.357662307
2020-01-05,35,1171.172737,2.073694445
2020-01-05,36,2626.481469,3.830028534
2020-01-05,38,7390.554165,7.951307052
2020-01-05,39,1162.051927,1.350125034
2020-01-05,41,4478.488415,5.041754157
2020-01-05,42,1034.044083,1.39450567
2020-01-05,44,8853.308036,9.357068521
2020-01-05,45,5399.256803,6.029393474
2020-01-05,46,3716.863521,4.363988844
2020-01-05,49,3179.064221,3.937418636
2020-01-05,5,10606.41178,11.10386785
2020-01-05,51,11724.21919,13.48726728
2020-01-05,52,6691.697506,7.125701905
2020-01-05,55,4706.861783,5.404370411
2020-01-05,57,3394.427187,4.841435313
2020-01-05,59,11878.00108,13.23639202
2020-01-05,61,1064.142871,1.394452828
2020-01-05,63,4950.732078,5.772483582
2020-01-05,64,1411.802877,1.521410319
2020-01-05,66,8173.218227,10.23298055
2020-01-05,68,18658.74936,20.33792646
2020-01-05,69,5970.30488,8.152346774
2020-01-05,71,3677.695773,4.185122396
2020-01-05,72,2957.117664,3.745193366
2020-01-05,73,6085.418417,6.546304821
2020-01-05,74,2701.457887,3.312938902
2020-01-05,75,3890.362757,4.317451104
2020-01-05,77,4219.259908,4.776380615
2020-01-05,8,3509.767487,3.679205144
2020-01-05,80,3509.940408,3.548949231
2020-01-05,81,4283.73672,4.953864667
2020-01-05,83,1243.470506,1.909683601
2020-01-05,84,4083.483583,4.997175566
2020-01-05,88,8145.110542,9.915454569
2020-01-05,89,8931.745321,10.48773398
2020-01-05,90,3141.995797,3.799289802
2020-01-05,92,6472.420888,7.407717436
2020-01-05,93,3251.31033,5.026520708
2020-01-05,95,2894.059305,4.267513033
2020-01-05,96,10341.38331,11.40805085
2020-01-05,97,3584.216364,3.635007573
2020-01-05,98,6239.3458,7.795758115
2020-01-06,10,12116.877,15.1060521
2020-01-06,103,4601.656065,5.052686626
2020-01-06,105,10816.96474,11.27689949
2020-01-06,108,3547.905809,4.253998569
2020-01-06,11,8997.480166,11.39776046
2020-01-06,110,12146.94234,15.1060521
2020-01-06,111,9048.325114,11.39776046
2020-01-06,115,5449.117365,6.034061421
2020-01-06,118,2843.793294,4.698638753
2020-01-06,119,2647.400234,3.041700012
2020-01-06,120,6997.556067,8.696285396
2020-01-06,122,2685.043535,3.33589245
2020-01-06,123,1470.235332,1.600745079
2020-01-06,125,10218.66121,11.39224617
2020-01-06,126,6023.274761,6.848769013
2020-01-06,127,1072.801743,1.285798931
2020-01-06,128,10886.46677,11.40091108
2020-01-06,131,6550.888887,8.558181348
2020-01-06,133,1264.220534,1.663305095
2020-01-06,135,1197.862785,1.444155934
2020-01-06,136,2652.190174,3.026744919
2020-01-06,138,7550.660577,8.545537566
2020-01-06,139,1201.691394,1.989749278
2020-01-06,141,4555.242628,6.350814688
2020-01-06,142,1018.767041,1.303723666
2020-01-06,144,8874.031542,9.91658685
2020-01-06,145,5365.652003,6.255019727
2020-01-06,146,3743.316692,4.029947653
2020-01-06,149,3135.906788,4.171095802
2020-01-06,15,5374.10616,6.034061421
2020-01-06,151,11704.95923,14.3422878
2020-01-06,152,6681.408159,7.388216875
2020-01-06,155,4717.539058,5.365533384
2020-01-06,157,3361.715392,4.483158598
2020-01-06,159,11765.01073,12.85568157
2020-01-06,161,1074.269594,2.017707141
2020-01-06,163,4852.652171,5.265038566
2020-01-06,164,1452.949846,1.782916096
2020-01-06,166,8224.510836,9.759666501
2020-01-06,168,18221.7614,20.13231105
2020-01-06,169,6016.518349,6.923322879
2020-01-06,171,3692.698798,4.489852246
2020-01-06,172,2966.120786,3.395646352
2020-01-06,173,5930.371794,6.727363033
2020-01-06,174,2730.023253,3.692024721
2020-01-06,175,3905.860727,5.356085066
2020-01-06,177,4289.962744,4.964123489
2020-01-06,18,2888.396682,4.698638753
2020-01-06,180,3551.903723,4.276758843
2020-01-06,181,4257.44489,5.650550719
2020-01-06,183,1263.497575,1.366795018
2020-01-06,184,4155.357608,4.595887282
2020-01-06,188,8061.764897,11.03726436
2020-01-06,189,8910.410918,10.48776162
2020-01-06,19,2635.650545,3.041700012
2020-01-06,190,3170.612155,3.475289967
2020-01-06,192,6538.813793,7.238375292
2020-01-06,193,3180.872092,3.202706741
2020-01-06,195,2933.332084,3.787690819
2020-01-06,196,10378.96773,11.27448652
2020-01-06,197,3547.006254,3.947783021
2020-01-06,198,6184.027335,7.757283928
2020-01-06,20,7027.488751,8.696285396
2020-01-06,22,2688.500863,3.33589245
2020-01-06,23,1446.55414,1.600745079
2020-01-06,25,10103.25399,11.39224617
2020-01-06,26,5935.072101,6.848769013
2020-01-06,27,1078.76909,1.285798931
2020-01-06,28,10843.3904,11.40091108
2020-01-06,3,4661.407738,5.052686626
2020-01-06,31,6585.554982,8.558181348
2020-01-06,33,1270.457207,1.663305095
2020-01-06,35,1188.633547,1.444155934
2020-01-06,36,2628.714635,3.026744919
2020-01-06,38,7489.586796,8.545537566
2020-01-06,39,1180.732917,1.989749278
2020-01-06,41,4469.776617,6.350814688
2020-01-06,42,1025.158342,1.303723666
2020-01-06,44,8839.221359,9.91658685
2020-01-06,45,5346.809489,6.255019727
2020-01-06,46,3712.607363,4.029947653
2020-01-06,49,3185.281275,4.171095802
2020-01-06,5,10895.24712,11.27689949
2020-01-06,51,11765.94409,14.3422878
2020-01-06,52,6621.312589,7.388216875
2020-01-06,55,4695.38694,5.365533384
2020-01-06,57,3424.450657,4.483158598
2020-01-06,59,11797.1786,12.85568157
2020-01-06,61,1061.41198,2.017707141
2020-01-06,63,4926.698448,5.265038566
2020-01-06,64,1441.415848,1.782916096
2020-01-06,66,8197.419882,9.759666501
2020-01-06,68,18695.68346,20.13231105
2020-01-06,69,6010.682888,6.923322879
2020-01-06,71,3704.742627,4.489852246
2020-01-06,72,2986.462711,3.395646352
2020-01-06,73,5953.039595,6.727363033
2020-01-06,74,2698.193277,3.692024721
2020-01-06,75,3939.97985,5.356085066
2020-01-06,77,4270.078649,4.964123489
2020-01-06,8,3520.929861,4.253998569
2020-01-06,80,3555.592942,4.276758843
2020-01-06,81,4223.795592,5.650550719
2020-01-06,83,1248.312187,1.366795018
2020-01-06,84,4079.027503,4.595887282
2020-01-06,88,8137.060127,11.03726436
2020-01-06,89,8882.859925,10.48776162
2020-01-06,90,3199.379617,3.475289967
2020-01-06,92,6487.660581,7.238375292
2020-01-06,93,3200.086505,3.202706741
2020-01-06,95,2905.779481,3.787690819
2020-01-06,96,10298.29526,11.27448652
2020-01-06,97,3517.556819,3.947783021
2020-01-06,98,6240.049156,7.757283928
2020-01-07,10,12209.73563,14.46325581
2020-01-07,103,4605.549118,5.145455415
2020-01-07,105,11040.96728,11.11309937
2020-01-07,108,3527.857603,4.364359919
2020-01-07,11,8990.494637,10.6866157
2020-01-07,110,12348.27205,14.46325581
2020-01-07,111,8875.644462,10.6866157
2020-01-07,115,5346.133341,6.465876385
2020-01-07,118,2816.411699,3.884187958
2020-01-07,119,2668.080402,3.553732052
2020-01-07,120,7020.784428,9.652214008
2020-01-07,122,2663.455804,4.157782948
2020-01-07,123,1493.577049,1.606208964
2020-01-07,125,10204.88803,12.48609391
2020-01-07,126,6108.109674,6.656999488
2020-01-07,127,1099.080261,1.43427327
2020-01-07,128,10687.65765,11.95503467
2020-01-07,131,6630.520556,7.984425593
2020-01-07,133,1249.249614,1.724463887
2020-01-07,135,1207.443433,1.792234816
2020-01-07,136,2637.224456,3.979626532
2020-01-07,138,7585.80295,9.098354896
2020-01-07,139,1187.063523,1.541648466
2020-01-07,141,4613.797379,5.582977432
2020-01-07,142,1004.450901,1.61336628
2020-01-07,144,9102.15478,9.577877936
2020-01-07,145,5318.425962,6.404012692
2020-01-07,146,3751.357842,3.951646154
2020-01-07,149,3199.563936,3.780662787
2020-01-07,15,5376.904357,6.465876385
2020-01-07,151,11784.93123,14.00359316
2020-01-07,152,6682.864675,7.40462628
2020-01-07,155,4694.029407,4.837331663
2020-01-07,157,3467.807786,4.541943546
2020-01-07,159,12191.31923,13.50035147
2020-01-07,161,1068.73263,1.73016544
2020-01-07,163,4913.904655,5.753592329
2020-01-07,164,1406.726911,1.671695586
2020-01-07,166,8361.254283,9.819059254
2020-01-07,168,18711.70837,20.85771255
2020-01-07,169,6253.715258,7.227170585
2020-01-07,171,3775.728325,4.544611234
2020-01-07,172,3101.402448,3.7553746
2020-01-07,173,5918.900123,7.111927404
2020-01-07,174,2795.081592,4.240450463
2020-01-07,175,4033.660855,4.349961015
2020-01-07,177,4324.96804,5.476579062
2020-01-07,18,2858.08432,3.884187958
2020-01-07,180,3628.76737,3.922891262
2020-01-07,181,4245.597651,4.942002931
2020-01-07,183,1308.710206,1.681310525
2020-01-07,184,4078.803424,4.709096072
2020-01-07,188,8472.565662,9.891472955
2020-01-07,189,8978.675243,11.07911107
2020-01-07,19,2636.767166,3.553732052
2020-01-07,190,3190.364666,3.548010667
2020-01-07,192,6434.09518,8.229007784
2020-01-07,193,3152.816217,3.208806014
2020-01-07,195,2999.177915,3.925988663
2020-01-07,196,10296.86657,11.19603221
2020-01-07,197,3512.950223,4.650166949
2020-01-07,198,6201.366554,7.293909057
2020-01-07,20,7043.86623,9.652214008
2020-01-07,22,2692.926379,4.157782948
2020-01-07,23,1448.303181,1.606208964
2020-01-07,25,10161.63539,12.48609391
2020-01-07,26,5994.024993,6.656999488
2020-01-07,27,1100.847018,1.43427327
2020-01-07,28,10773.37811,11.95503467
2020-01-07,3,4636.33709,5.145455415
2020-01-07,31,6661.762888,7.984425593
2020-01-07,33,1256.314015,1.724463887
2020-01-07,35,1195.276473,1.792234816
2020-01-07,36,2643.809019,3.979626532
2020-01-07,38,7600.011167,9.098354896
2020-01-07,39,1186.106242,1.541648466
2020-01-07,41,4568.718584,5.582977432
2020-01-07,42,999.6347349,1.61336628
2020-01-07,44,9081.195916,9.577877936
2020-01-07,45,5345.382199,6.404012692
2020-01-07,46,3713.104422,3.951646154
2020-01-07,49,3178.645687,3.780662787
2020-01-07,5,11013.08319,11.11309937
2020-01-07,51,11957.87224,14.00359316
2020-01-07,52,6684.674748,7.40462628
2020-01-07,55,4682.465097,4.837331663
2020-01-07,57,3434.717227,4.541943546
2020-01-07,59,11955.53253,13.50035147
2020-01-07,61,1082.144356,1.73016544
2020-01-07,63,5013.081886,5.753592329
2020-01-07,64,1428.94741,1.671695586
2020-01-07,66,8322.501671,9.819059254
2020-01-07,68,19050.75649,20.85771255
2020-01-07,69,6184.400561,7.227170585
2020-01-07,71,3750.502054,4.544611234
2020-01-07,72,3074.614648,3.7553746
2020-01-07,73,5927.691604,7.111927404
2020-01-07,74,2791.910255,4.240450463
2020-01-07,75,4001.857558,4.349961015
2020-01-07,77,4270.969217,5.476579062
2020-01-07,8,3573.433339,4.364359919
2020-01-07,80,3610.537109,3.922891262
2020-01-07,81,4208.713797,4.942002931
2020-01-07,83,1304.668322,1.681310525
2020-01-07,84,4140.550084,4.709096072
2020-01-07,88,8320.552,9.891472955
2020-01-07,89,9024.371502,11.07911107
2020-01-07,90,3195.038659,3.548010667
2020-01-07,92,6524.170066,8.229007784
2020-01-07,93,3206.274785,3.208806014
2020-01-07,95,2925.595289,3.925988663
2020-01-07,96,10327.44769,11.19603221
2020-01-07,97,3526.375218,4.650166949
2020-01-07,98,6236.495642,7.293909057
2020-01-08,10,12327.80612,13.94149866
2020-01-08,103,4574.91461,5.757503899
2020-01-08,105,11094.80937,11.29885585
2020-01-08,108,3671.240416,4.473412578
2020-01-08,11,9028.971274,9.641082973
2020-01-08,110,12217.79159,13.94149866
2020-01-08,111,8997.628878,9.641082973
2020-01-08,115,5431.300412,6.419567739
2020-01-08,118,2901.319196,3.175631848
2020-01-08,119,2649.768064,3.227368651
2020-01-08,120,7149.616459,7.750399408
2020-01-08,122,2857.249252,3.045399818
2020-01-08,123,1453.377334,2.114493822
2020-01-08,125,10178.41192,11.53811408
2020-01-08,126,5897.970115,6.42992981
2020-01-08,127,1121.979246,1.465966398
2020-01-08,128,10717.55456,12.306106
2020-01-08,131,6621.803266,8.31724818
2020-01-08,133,1297.984888,1.409004608
2020-01-08,135,1147.312246,1.529805742
2020-01-08,136,2686.132639,3.368065622
2020-01-08,138,7694.15037,9.365974857
2020-01-08,139,1145.76218,1.406556827
2020-01-08,141,4438.002221,5.328647285
2020-01-08,142,980.8894857,1.076086682
2020-01-08,144,8865.522335,9.365876085
2020-01-08,145,5522.471892,6.537823587
2020-01-08,146,3659.927973,5.138271753
2020-01-08,149,3251.151445,4.531969635
2020-01-08,15,5397.94538,6.419567739
2020-01-08,151,12078.60648,14.94235897
2020-01-08,152,6693.650498,7.096616593
2020-01-08,155,4712.412673,5.771649359
2020-01-08,157,3470.869446,4.672010304
2020-01-08,159,12066.50202,13.46941328
2020-01-08,161,1054.69862,1.286131307
2020-01-08,163,4978.930251,5.995994536
2020-01-08,164,1456.861374,1.650854389
2020-01-08,166,8408.887304,10.50751924
2020-01-08,168,19318.90885,20.31151837
2020-01-08,169,6148.499086,7.369469851
2020-01-08,171,3739.351023,4.504371926
2020-01-08,172,3045.776392,3.8210265
2020-01-08,173,6037.434942,6.61181537
2020-01-08,174,2814.648147,3.383149196
2020-01-08,175,3963.125148,4.824671376
2020-01-08,177,4249.961051,5.350883293
2020-01-08,18,2890.146229,3.175631848
2020-01-08,180,3619.467545,4.550235008
2020-01-08,181,4244.268247,4.44049016
2020-01-08,183,1309.186499,1.327451932
2020-01-08,184,4024.583912,5.827467813
2020-01-08,188,8302.726475,9.926037499
2020-01-08,189,9082.382298,11.11052112
2020-01-08,19,2637.615639,3.227368651
2020-01-08,190,3202.307521,3.41137487
2020-01-08,192,6287.58268,7.897217356
2020-01-08,193,3132.746438,3.241332651
2020-01-08,195,2914.706741,3.726053448
2020-01-08,196,10337.58842,11.39242285
2020-01-08,197,3439.344999,4.298790221
2020-01-08,198,6170.159846,7.298291785
2020-01-08,20,7065.891614,7.750399408
2020-01-08,22,2796.03973,3.045399818
2020-01-08,23,1432.007016,2.114493822
2020-01-08,25,10081.1851,11.53811408
2020-01-08,26,5971.705814,6.42992981
2020-01-08,27,1114.224567,1.465966398
2020-01-08,28,10711.18956,12.306106
2020-01-08,3,4515.597666,5.757503899
2020-01-08,31,6641.363041,8.31724818
2020-01-08,33,1280.072521,1.409004608
2020-01-08,35,1172.214729,1.529805742
2020-01-08,36,2688.431837,3.368065622
2020-01-08,38,7653.353845,9.365974857
2020-01-08,39,1152.433871,1.406556827
2020-01-08,41,4511.785432,5.328647285
2020-01-08,42,984.2161364,1.076086682
2020-01-08,44,9058.261677,9.365876085
2020-01-08,45,5419.357037,6.537823587
2020-01-08,46,3702.719882,5.138271753
2020-01-08,49,3199.489919,4.531969635
2020-01-08,5,11038.70284,11.29885585
2020-01-08,51,11972.4657,14.94235897
2020-01-08,52,6733.437372,7.096616593
2020-01-08,55,4688.628474,5.771649359
2020-01-08,57,3445.4815,4.672010304
2020-01-08,59,11944.41817,13.46941328
2020-01-08,61,1082.092936,1.286131307
2020-01-08,63,4999.68913,5.995994536
2020-01-08,64,1405.234612,1.650854389
2020-01-08,66,8444.004106,10.50751924
2020-01-08,68,19118.98911,20.31151837
2020-01-08,69,6113.30259,7.369469851
2020-01-08,71,3741.457029,4.504371926
2020-01-08,72,3044.213947,3.8210265
2020-01-08,73,6021.351659,6.61181537
2020-01-08,74,2786.744626,3.383149196
2020-01-08,75,3949.264524,4.824671376
2020-01-08,77,4316.415186,5.350883293
2020-01-08,8,3638.647713,4.473412578
2020-01-08,80,3587.276449,4.550235008
2020-01-08,81,4242.878662,4.44049016
2020-01-08,83,1297.046434,1.327451932
2020-01-08,84,4035.638616,5.827467813
2020-01-08,88,8347.956967,9.926037499
2020-01-08,89,9006.744591,11.11052112
2020-01-08,90,3168.227559,3.41137487
2020-01-08,92,6286.00345,7.897217356
2020-01-08,93,3184.383139,3.241332651
2020-01-08,95,2916.551178,3.726053448
2020-01-08,96,10299.78466,11.39242285
2020-01-08,97,3522.786172,4.298790221
2020-01-08,98,6209.015077,7.298291785
2020-01-09,10,12528.58039,13.50729547
2020-01-09,103,4771.120394,5.372442569
2020-01-09,105,11334.34219,11.4607826
2020-01-09,108,3750.680714,4.765219144
2020-01-09,11,9074.761659,11.40619406
2020-01-09,110,12449.53976,13.50729547
2020-01-09,111,8984.721658,11.40619406
2020-01-09,115,5400.426716,6.596114744
2020-01-09,118,2919.384116,3.592397284
2020-01-09,119,2714.852834,3.72992162
2020-01-09,120,7182.218757,8.298754432
2020-01-09,122,2878.862711,3.437209586
2020-01-09,123,1426.941314,1.574618492
2020-01-09,125,10157.93284,12.64920454
2020-01-09,126,6163.85934,6.617439592
2020-01-09,127,1112.187812,1.369171781
2020-01-09,128,10610.21097,12.56748475
2020-01-09,131,6674.843701,7.16210427
2020-01-09,133,1254.705555,1.624362229
2020-01-09,135,1167.868746,1.289809842
2020-01-09,136,2658.641122,3.773282966
2020-01-09,138,7707.118724,8.851008903
2020-01-09,139,1163.266816,1.580479034
2020-01-09,141,4502.723849,5.82292955
2020-01-09,142,973.7264175,1.90823558
2020-01-09,144,9170.233008,9.989080175
2020-01-09,145,5296.98838,5.896944251
2020-01-09,146,3805.792587,5.039315502
2020-01-09,149,3261.183796,4.307174926
2020-01-09,15,5414.453191,6.596114744
2020-01-09,151,11991.90479,13.81799058
2020-01-09,152,6811.315747,7.73873317
2020-01-09,155,4599.769949,5.392023108
2020-01-09,157,3535.01057,3.90911462
2020-01-09,159,12015.47544,13.39145063
2020-01-09,161,1083.421967,1.152930191
2020-01-09,163,5085.551372,5.448537059
2020-01-09,164,1412.784722,1.875419024
2020-01-09,166,8508.606251,10.66265615
2020-01-09,168,19213.43925,20.88521772
2020-01-09,169,6208.259886,7.349870892
2020-01-09,171,3745.790612,4.351329799
2020-01-09,172,3057.288949,3.555294684
2020-01-09,173,6106.363002,6.685927044
2020-01-09,174,2851.269523,3.384027313
2020-01-09,175,3892.637376,4.208523708
2020-01-09,177,4332.756304,4.706226087
2020-01-09,18,2897.253954,3.592397284
2020-01-09,180,3623.522156,4.006251776
2020-01-09,181,4158.514073,4.739336158
2020-01-09,183,1333.658648,1.549680117
2020-01-09,184,4018.660181,5.188148161
2020-01-09,188,8490.403952,10.01480074
2020-01-09,189,9062.425161,10.61730414
2020-01-09,19,2689.402642,3.72992162
2020-01-09,190,3177.474113,3.718045984
2020-01-09,192,6364.38115,7.127797209
2020-01-09,193,3223.826347,3.519563844
2020-01-09,195,2980.813114,3.452952312
2020-01-09,196,10362.01612,10.98937175
2020-01-09,197,3587.957732,3.578678482
2020-01-09,198,6305.775467,7.213920541
2020-01-09,20,7153.185838,8.298754432
2020-01-09,22,2858.127829,3.437209586
2020-01-09,23,1479.742071,1.574618492
2020-01-09,25,10164.40009,12.64920454
2020-01-09,26,6028.787412,6.617439592
2020-01-09,27,1133.675798,1.369171781
2020-01-09,28,10756.03965,12.56748475
2020-01-09,3,4630.125667,5.372442569
2020-01-09,31,6576.181978,7.16210427
2020-01-09,33,1281.397652,1.624362229
2020-01-09,35,1196.662541,1.289809842
2020-01-09,36,2658.161607,3.773282966
2020-01-09,38,7623.202294,8.851008903
2020-01-09,39,1145.398262,1.580479034
2020-01-09,41,4490.690298,5.82292955
2020-01-09,42,997.3269961,1.90823558
2020-01-09,44,9197.99471,9.989080175
2020-01-09,45,5333.290961,5.896944251
2020-01-09,46,3753.70591,5.039315502
2020-01-09,49,3201.517493,4.307174926
2020-01-09,5,11286.17579,11.4607826
2020-01-09,51,12019.05141,13.81799058
2020-01-09,52,6801.735559,7.73873317
2020-01-09,55,4645.294471,5.392023108
2020-01-09,57,3477.411212,3.90911462
2020-01-09,59,12107.7972,13.39145063
2020-01-09,61,1094.131404,1.152930191
2020-01-09,63,5114.644632,5.448537059
2020-01-09,64,1436.887209,1.875419024
2020-01-09,66,8440.040717,10.66265615
2020-01-09,68,19236.34022,20.88521772
2020-01-09,69,6146.324044,7.349870892
2020-01-09,71,3740.158533,4.351329799
2020-01-09,72,3105.200841,3.555294684
2020-01-09,73,6160.85285,6.685927044
2020-01-09,74,2809.332919,3.384027313
2020-01-09,75,3982.009148,4.208523708
2020-01-09,77,4322.886335,4.706226087
2020-01-09,8,3715.276504,4.765219144
2020-01-09,80,3613.185104,4.006251776
2020-01-09,81,4275.39576,4.739336158
2020-01-09,83,1306.319823,1.549680117
2020-01-09,84,4075.048609,5.188148161
2020-01-09,88,8513.467647,10.01480074
2020-01-09,89,9082.0405,10.61730414
2020-01-09,90,3207.365702,3.718045984
2020-01-09,92,6389.710076,7.127797209
2020-01-09,93,3279.356842,3.519563844
2020-01-09,95,2948.894909,3.452952312
2020-01-09,96,10341.39765,10.98937175
2020-01-09,97,3566.160378,3.578678482
2020-01-09,98,6283.795903,7.213920541
2020-01-10,10,12436.06284,14.78520008
2020-01-10,103,4593.978511,5.333019276
2020-01-10,105,11385.11878,11.44651511
2020-01-10,108,3810.054682,5.109974222
2020-01-10,11,9054.893276,10.96659321
2020-01-10,110,12512.18202,14.78520008
2020-01-10,111,8938.655987,10.96659321
2020-01-10,115,5456.555376,6.28320378
2020-01-10,118,2910.32232,3.531337637
2020-01-10,119,2648.613572,2.895295494
2020-01-10,120,7088.194273,8.773459822
2020-01-10,122,2884.64063,4.238407158
2020-01-10,123,1490.400123,1.541416969
2020-01-10,125,10011.7523,10.8497129
2020-01-10,126,5842.267721,6.391853583
2020-01-10,127,1134.829,1.30099046
2020-01-10,128,10720.45807,11.69996995
2020-01-10,131,6581.960491,8.441660683
2020-01-10,133,1262.698972,1.300126683
2020-01-10,135,1168.947956,1.694470135
2020-01-10,136,2588.324538,4.3081358
2020-01-10,138,7667.413016,10.62135989
2020-01-10,139,1174.621244,2.182621185
2020-01-10,141,4492.261971,5.031404968
2020-01-10,142,1018.293011,1.675211712
2020-01-10,144,9219.243965,9.841934637
2020-01-10,145,5270.68933,5.638600997
2020-01-10,146,3716.50192,4.41487043
2020-01-10,149,3151.057604,3.547730009
2020-01-10,15,5375.933183,6.28320378
2020-01-10,151,11844.45388,15.44388418
2020-01-10,152,6803.014456,8.23276463
2020-01-10,155,4646.696709,5.914673421
2020-01-10,157,3426.84317,4.095949306
2020-01-10,159,12138.4389,13.90086631
2020-01-10,161,1107.047898,1.226968564
2020-01-10,163,4996.364498,6.227551532
2020-01-10,164,1453.615173,1.608330645
2020-01-10,166,8636.037271,10.021098
2020-01-10,168,19669.76804,20.71088626
2020-01-10,169,6051.675453,6.955978461
2020-01-10,171,3741.168205,4.994279809
2020-01-10,172,3079.282383,3.923768101
2020-01-10,173,6165.872235,6.603961983
2020-01-10,174,2840.988834,3.020529041
2020-01-10,175,4026.115229,4.837045076
2020-01-10,177,4368.807122,5.323163247
2020-01-10,18,2910.752343,3.531337637
2020-01-10,180,3666.363071,4.262765641
2020-01-10,181,4147.901577,5.342631919
2020-01-10,183,1377.664216,1.71527676
2020-01-10,184,4098.021932,4.800312996
2020-01-10,188,8265.936699,9.190154306
2020-01-10,189,8930.116734,10.67510965
2020-01-10,19,2663.4436,2.895295494
2020-01-10,190,3168.35334,4.302638099
2020-01-10,192,6422.798743,6.57356607
2020-01-10,193,3254.836775,3.456079631
2020-01-10,195,2963.152928,3.516177595
2020-01-10,196,10310.32863,10.94226766
2020-01-10,197,3477.876505,3.649566389
2020-01-10,198,6308.049475,7.706714802
2020-01-10,20,7133.242867,8.773459822
2020-01-10,22,2863.395028,4.238407158
2020-01-10,23,1484.073103,1.541416969
2020-01-10,25,10014.68159,10.8497129
2020-01-10,26,5886.849039,6.391853583
2020-01-10,27,1140.924547,1.30099046
2020-01-10,28,10696.68084,11.69996995
2020-01-10,3,4594.856316,5.333019276
2020-01-10,31,6629.405376,8.441660683
2020-01-10,33,1261.792929,1.300126683
2020-01-10,35,1170.028577,1.694470135
2020-01-10,36,2600.809015,4.3081358
2020-01-10,38,7671.104044,10.62135989
2020-01-10,39,1149.832252,2.182621185
2020-01-10,41,4479.637576,5.031404968
2020-01-10,42,1001.649159,1.675211712
2020-01-10,44,9138.935028,9.841934637
2020-01-10,45,5390.310607,5.638600997
2020-01-10,46,3751.489483,4.41487043
2020-01-10,49,3187.414183,3.547730009
2020-01-10,5,11422.97731,11.44651511
2020-01-10,51,11934.16482,15.44388418
2020-01-10,52,6945.821946,8.23276463
2020-01-10,55,4687.385403,5.914673421
2020-01-10,57,3449.904744,4.095949306
2020-01-10,59,12099.80697,13.90086631
2020-01-10,61,1093.99114,1.226968564
2020-01-10,63,5074.179526,6.227551532
2020-01-10,64,1458.746076,1.608330645
2020-01-10,66,8544.719257,10.021098
2020-01-10,68,19484.10434,20.71088626
2020-01-10,69,6129.93591,6.955978461
2020-01-10,71,3755.02372,4.994279809
2020-01-10,72,3090.534027,3.923768101
2020-01-10,73,6200.73558,6.603961983
2020-01-10,74,2858.546346,3.020529041
2020-01-10,75,3995.110373,4.837045076
2020-01-10,77,4367.214361,5.323163247
2020-01-10,8,3782.406397,5.109974222
2020-01-10,80,3587.372795,4.262765641
2020-01-10,81,4163.692404,5.342631919
2020-01-10,83,1353.339567,1.71527676
2020-01-10,84,4095.021329,4.800312996
2020-01-10,88,8379.335759,9.190154306
2020-01-10,89,9029.713407,10.67510965
2020-01-10,90,3193.375941,4.302638099
2020-01-10,92,6352.343032,6.57356607
2020-01-10,93,3246.860519,3.456079631
2020-01-10,95,2951.389766,3.516177595
2020-01-10,96,10261.4411,10.94226766
2020-01-10,97,3476.069929,3.649566389
2020-01-10,98,6223.378565,7.706714802
2020-01-11,10,12368.7664,13.55139337
2020-01-11,103,4474.327555,5.120673669
2020-01-11,105,11245.11475,11.28381201
2020-01-11,108,3763.883414,4.356853231
2020-01-11,11,8931.998465,10.23746956
2020-01-11,110,12424.90591,13.55139337
2020-01-11,111,8957.150349,10.23746956
2020-01-11,115,5304.827136,6.080773861
2020-01-11,118,2939.920138,3.680955327
2020-01-11,119,2648.421652,3.966009912
2020-01-11,120,7090.630132,8.208197982
2020-01-11,122,2869.447417,4.402730542
2020-01-11,123,1461.769677,1.75920262
2020-01-11,125,9761.948299,10.78305427
2020-01-11,126,5929.124822,6.366379271
2020-01-11,127,1163.637643,1.255679554
2020-01-11,128,10497.38254,10.9623356
2020-01-11,131,6533.392918,8.410804436
2020-01-11,133,1222.346273,2.127444016
2020-01-11,135,1189.265553,1.247422989
2020-01-11,136,2590.779552,2.783888499
2020-01-11,138,7798.435565,8.775877205
2020-01-11,139,1136.117767,1.42487439
2020-01-11,141,4536.0536,6.546821214
2020-01-11,142,957.565622,1.657774528
2020-01-11,144,9025.022945,10.04647585
2020-01-11,145,5446.412534,7.423910132
2020-01-11,146,3704.822381,4.208135648
2020-01-11,149,3161.542147,3.55020519
2020-01-11,15,5336.133621,6.080773861
2020-01-11,151,11810.76921,12.53585454
2020-01-11,152,6682.000482,7.872550616
2020-01-11,155,4416.615473,5.567062488
2020-01-11,157,3366.482817,3.650484475
2020-01-11,159,12223.20603,13.56169837
2020-01-11,161,1098.578982,1.710476356
2020-01-11,163,5108.433875,5.644201402
2020-01-11,164,1410.67694,1.88594646
2020-01-11,166,8339.806501,9.982679722
2020-01-11,168,19296.79133,20.58794613
2020-01-11,169,6131.413844,8.564624985
2020-01-11,171,3749.141493,4.176299166
2020-01-11,172,3204.105845,3.276790768
2020-01-11,173,6183.796504,6.815548599
2020-01-11,174,2792.152632,3.284412095
2020-01-11,175,3876.803845,4.550304581
2020-01-11,177,4370.177786,5.843272847
2020-01-11,18,2935.656609,3.680955327
2020-01-11,180,3629.076997,4.555978494
2020-01-11,181,4130.117038,5.519239968
2020-01-11,183,1335.556529,1.510569713
2020-01-11,184,4091.070261,4.390335729
2020-01-11,188,8309.961998,9.987250887
2020-01-11,189,9020.85988,10.20350946
2020-01-11,19,2647.541057,3.966009912
2020-01-11,190,3178.128294,3.759329593
2020-01-11,192,6346.183399,7.772048599
2020-01-11,193,3105.507132,3.844471974
2020-01-11,195,2949.248625,4.348601384
2020-01-11,196,10226.78962,11.50718789
2020-01-11,197,3408.668876,4.129151566
2020-01-11,198,6157.874695,8.244891503
2020-01-11,20,7041.39624,8.208197982
2020-01-11,22,2824.321842,4.402730542
2020-01-11,23,1484.602217,1.75920262
2020-01-11,25,9821.220808,10.78305427
2020-01-11,26,5911.926125,6.366379271
2020-01-11,27,1142.167202,1.255679554
2020-01-11,28,10684.29396,10.9623356
2020-01-11,3,4592.680035,5.120673669
2020-01-11,31,6548.368973,8.410804436
2020-01-11,33,1222.31877,2.127444016
2020-01-11,35,1174.929964,1.247422989
2020-01-11,36,2566.642701,2.783888499
2020-01-11,38,7780.816831,8.775877205
2020-01-11,39,1123.778709,1.42487439
2020-01-11,41,4468.755046,6.546821214
2020-01-11,42,972.410674,1.657774528
2020-01-11,44,9143.085974,10.04647585
2020-01-11,45,5440.021607,7.423910132
2020-01-11,46,3711.330279,4.208135648
2020-01-11,49,3169.508487,3.55020519
2020-01-11,5,11224.42951,11.28381201
2020-01-11,51,11827.2577,12.53585454
2020-01-11,52,6797.732095,7.872550616
2020-01-11,55,4506.42773,5.567062488
2020-01-11,57,3397.207072,3.650484475
2020-01-11,59,12111.0058,13.56169837
2020-01-11,61,1118.786485,1.710476356
2020-01-11,63,5077.498042,5.644201402
2020-01-11,64,1455.988725,1.88594646
2020-01-11,66,8371.677474,9.982679722
2020-01-11,68,19244.81599,20.58794613
2020-01-11,69,6097.015621,8.564624985
2020-01-11,71,3747.857889,4.176299166
2020-01-11,72,3115.437529,3.276790768
2020-01-11,73,6027.354052,6.815548599
2020-01-11,74,2815.209317,3.284412095
2020-01-11,75,3915.507391,4.550304581
2020-01-11,77,4365.299295,5.843272847
2020-01-11,8,3782.917365,4.356853231
2020-01-11,80,3546.127659,4.555978494
2020-01-11,81,4119.819525,5.519239968
2020-01-11,83,1333.864652,1.510569713
2020-01-11,84,4127.919154,4.390335729
2020-01-11,88,8361.529109,9.987250887
2020-01-11,89,9005.313032,10.20350946
2020-01-11,90,3140.612232,3.759329593
2020-01-11,92,6340.441357,7.772048599
2020-01-11,93,3216.421321,3.844471974
2020-01-11,95,2929.465491,4.348601384
2020-01-11,96,10173.5599,11.50718789
2020-01-11,97,3432.480331,4.129151566
2020-01-11,98,6158.999967,8.244891503
2020-01-12,10,12409.15976,13.65862699
2020-01-12,103,4527.317118,5.424690101
2020-01-12,105,11442.46506,11.34785854
2020-01-12,108,3659.902873,4.506062508
2020-01-12,11,8837.707118,11.77618266
2020-01-12,110,12407.72109,13.65862699
2020-01-12,111,8935.024084,11.77618266
2020-01-12,115,5177.355273,6.094923406
2020-01-12,118,2941.493837,3.578380844
2020-01-12,119,2603.980539,3.384999307
2020-01-12,120,7036.970008,8.928474032
2020-01-12,122,2802.571139,3.350376392
2020-01-12,123,1463.766767,1.847039796
2020-01-12,125,9779.540145,11.26434488
2020-01-12,126,5878.250736,6.490155836
2020-01-12,127,1144.59659,1.833718941
2020-01-12,128,10571.85893,11.46629605
2020-01-12,131,6368.097916,7.478198396
2020-01-12,133,1199.234687,1.45045318
2020-01-12,135,1168.409254,1.361081347
2020-01-12,136,2573.771853,2.962855464
2020-01-12,138,8064.610512,8.508151738
2020-01-12,139,1108.720747,1.58427448
2020-01-12,141,4402.091393,6.362733191
2020-01-12,142,969.4974052,1.360017097
2020-01-12,144,9271.822862,9.3895495
2020-01-12,145,5313.865764,6.357960152
2020-01-12,146,3713.564369,4.244612792
2020-01-12,149,3079.276125,4.121003177
2020-01-12,15,5219.343546,6.094923406
2020-01-12,151,11930.81747,13.65949354
2020-01-12,152,6687.821962,7.391877253
2020-01-12,155,4433.300235,5.261714851
2020-01-12,157,3399.175226,4.328917503
2020-01-12,159,11833.13782,13.73288672
2020-01-12,161,1088.181218,1.653070791
2020-01-12,163,5020.622565,5.296291084
2020-01-12,164,1423.730947,2.301418654
2020-01-12,166,8364.234403,9.896070323
2020-01-12,168,18305.55454,20.73717796
2020-01-12,169,6085.76662,7.783386582
2020-01-12,171,3687.900011,4.712275519
2020-01-12,172,3165.479953,4.581806247
2020-01-12,173,6002.508572,6.183624833
2020-01-12,174,2807.892637,3.233439449
2020-01-12,175,3750.503323,4.740630079
2020-01-12,177,4320.507418,5.106734851
2020-01-12,18,2955.347994,3.578380844
2020-01-12,180,3491.344828,4.891710365
2020-01-12,181,4016.872239,4.53654965
2020-01-12,183,1315.26253,1.773231385
2020-01-12,184,4099.541726,4.728347744
2020-01-12,188,8470.593638,9.177845256
2020-01-12,189,8770.386684,10.74484131
2020-01-12,19,2596.603466,3.384999307
2020-01-12,190,3157.231827,3.739779734
2020-01-12,192,6282.511185,7.464095893
2020-01-12,193,3188.531948,3.783832549
2020-01-12,195,2876.172443,4.362391049
2020-01-12,196,10465.51192,11.32556953
2020-01-12,197,3282.818132,3.382395911
2020-01-12,198,6130.630207,6.958086548
2020-01-12,20,7035.116722,8.928474032
2020-01-12,22,2808.506209,3.350376392
2020-01-12,23,1453.776244,1.847039796
2020-01-12,25,9831.596535,11.26434488
2020-01-12,26,5855.068429,6.490155836
2020-01-12,27,1147.117899,1.833718941
2020-01-12,28,10592.50166,11.46629605
2020-01-12,3,4531.51405,5.424690101
2020-01-12,31,6467.402061,7.478198396
2020-01-12,33,1205.260026,1.45045318
2020-01-12,35,1180.82329,1.361081347
2020-01-12,36,2571.324883,2.962855464
2020-01-12,38,7843.717266,8.508151738
2020-01-12,39,1118.947185,1.58427448
2020-01-12,41,4353.950338,6.362733191
2020-01-12,42,962.849997,1.360017097
2020-01-12,44,9255.689782,9.3895495
2020-01-12,45,5368.530338,6.357960152
2020-01-12,46,3664.370305,4.244612792
2020-01-12,49,3123.649692,4.121003177
2020-01-12,5,11140.13068,11.34785854
2020-01-12,51,11737.78925,13.65949354
2020-01-12,52,6784.923158,7.391877253
2020-01-12,55,4433.316549,5.261714851
2020-01-12,57,3400.50272,4.328917503
2020-01-12,59,12042.80733,13.73288672
2020-01-12,61,1102.687378,1.653070791
2020-01-12,63,4959.038133,5.296291084
2020-01-12,64,1417.586923,2.301418654
2020-01-12,66,8351.325212,9.896070323
2020-01-12,68,18450.66693,20.73717796
2020-01-12,69,6127.049748,7.783386582
2020-01-12,71,3715.182573,4.712275519
2020-01-12,72,3140.991703,4.581806247
2020-01-12,73,5999.525832,6.183624833
2020-01-12,74,2774.412181,3.233439449
2020-01-12,75,3865.429148,4.740630079
2020-01-12,77,4333.267773,5.106734851
2020-01-12,8,3688.143201,4.506062508
2020-01-12,80,3471.875759,4.891710365
2020-01-12,81,4043.171816,4.53654965
2020-01-12,83,1321.843675,1.773231385
2020-01-12,84,4075.05981,4.728347744
2020-01-12,88,8412.478092,9.177845256
2020-01-12,89,8814.322155,10.74484131
2020-01-12,90,3105.744219,3.739779734
2020-01-12,92,6218.65947,7.464095893
2020-01-12,93,3170.240515,3.783832549
2020-01-12,95,2886.072377,4.362391049
2020-01-12,96,10214.62914,11.32556953
2020-01-12,97,3370.55057,3.382395911
2020-01-12,98,6134.305854,6.958086548
2020-01-13,10,12571.74414,15.13991778
2020-01-13,103,4551.554188,5.514848227
2020-01-13,105,11175.22774,11.29029858
2020-01-13,108,3737.109503,5.514965646
2020-01-13,11,8823.096816,10.33769681
2020-01-13,110,12502.89418,15.13991778
2020-01-13,111,8850.796433,10.33769681
2020-01-13,115,5140.796475,6.328974859
2020-01-13,118,3009.867699,4.121852484
2020-01-13,119,2574.522904,3.669882696
2020-01-13,120,6921.368143,9.013122584
2020-01-13,122,2747.805846,4.503984152
2020-01-13,123,1471.887784,1.767490915
2020-01-13,125,9786.674916,11.74627146
2020-01-13,126,5776.118056,6.269386152
2020-01-13,127,1142.634277,2.288604284
2020-01-13,128,10737.43679,11.6283507
2020-01-13,131,6425.213773,8.699624862
2020-01-13,133,1186.53035,2.283558706
2020-01-13,135,1192.227711,1.749665023
2020-01-13,136,2685.396397,4.147839627
2020-01-13,138,7754.723315,9.078191868
2020-01-13,139,1078.44809,1.782998923
2020-01-13,141,4353.938232,4.49360638
2020-01-13,142,936.6730759,1.237670603
2020-01-13,144,9305.398751,10.46989636
2020-01-13,145,5425.226831,6.144224775
2020-01-13,146,3790.447182,4.440589032
2020-01-13,149,3158.648936,3.933965704
2020-01-13,15,5173.969166,6.328974859
2020-01-13,151,11736.41723,14.73902458
2020-01-13,152,6538.13248,7.372285506
2020-01-13,155,4401.643756,4.463441748
2020-01-13,157,3418.776842,4.157436922
2020-01-13,159,12004.53491,13.32699801
2020-01-13,161,1090.983072,1.398317941
2020-01-13,163,4958.551356,5.694756457
2020-01-13,164,1377.239083,2.525392272
2020-01-13,166,8435.195986,11.08175185
2020-01-13,168,17816.13854,20.16558821
2020-01-13,169,6230.869525,7.353971086
2020-01-13,171,3760.390503,5.199589374
2020-01-13,172,3137.502704,3.635015537
2020-01-13,173,6043.746428,6.720303597
2020-01-13,174,2802.705415,4.477428889
2020-01-13,175,3939.013365,4.639537131
2020-01-13,177,4327.644905,4.618662686
2020-01-13,18,2999.113636,4.121852484
2020-01-13,180,3458.939427,4.906539447
2020-01-13,181,4014.328675,4.624838578
2020-01-13,183,1291.915763,1.389543329
2020-01-13,184,4011.785499,4.629877794
2020-01-13,188,8330.907657,9.154314408
2020-01-13,189,8724.344995,10.60190655
2020-01-13,19,2579.782238,3.669882696
2020-01-13,190,3128.871471,3.89894205
2020-01-13,192,6247.059815,6.93980981
2020-01-13,193,3117.950886,3.493679364
2020-01-13,195,2895.229527,3.497993274
2020-01-13,196,10466.30532,11.95345701
2020-01-13,197,3313.900749,3.496068788
2020-01-13,198,6156.833368,8.041492319
2020-01-13,20,7049.476548,9.013122584
2020-01-13,22,2771.997425,4.503984152
2020-01-13,23,1468.989703,1.767490915
2020-01-13,25,9756.070958,11.74627146
2020-01-13,26,5798.34663,6.269386152
2020-01-13,27,1135.150664,2.288604284
2020-01-13,28,10687.03002,11.6283507
2020-01-13,3,4584.896082,5.514848227
2020-01-13,31,6493.410722,8.699624862
2020-01-13,33,1196.124961,2.283558706
2020-01-13,35,1182.672348,1.749665023
2020-01-13,36,2675.710242,4.147839627
2020-01-13,38,7874.129354,9.078191868
2020-01-13,39,1087.560238,1.782998923
2020-01-13,41,4363.751194,4.49360638
2020-01-13,42,941.9112579,1.237670603
2020-01-13,44,9280.523636,10.46989636
2020-01-13,45,5304.943738,6.144224775
2020-01-13,46,3719.430821,4.440589032
2020-01-13,49,3178.412441,3.933965704
2020-01-13,5,11089.14029,11.29029858
2020-01-13,51,11794.94483,14.73902458
2020-01-13,52,6666.470375,7.372285506
2020-01-13,55,4311.758759,4.463441748
2020-01-13,57,3434.717625,4.157436922
2020-01-13,59,12051.03196,13.32699801
2020-01-13,61,1094.732805,1.398317941
2020-01-13,63,4987.674325,5.694756457
2020-01-13,64,1398.524669,2.525392272
2020-01-13,66,8303.573348,11.08175185
2020-01-13,68,18123.91167,20.16558821
2020-01-13,69,6077.912267,7.353971086
2020-01-13,71,3722.200885,5.199589374
2020-01-13,72,3158.563585,3.635015537
2020-01-13,73,6035.627051,6.720303597
2020-01-13,74,2748.904572,4.477428889
2020-01-13,75,3938.349768,4.639537131
2020-01-13,77,4322.354294,4.618662686
2020-01-13,8,3745.059251,5.514965646
2020-01-13,80,3498.500664,4.906539447
2020-01-13,81,4012.376312,4.624838578
2020-01-13,83,1314.670517,1.389543329
2020-01-13,84,4042.112304,4.629877794
2020-01-13,88,8373.128913,9.154314408
2020-01-13,89,8695.4662,10.60190655
2020-01-13,90,3139.271495,3.89894205
2020-01-13,92,6202.697865,6.93980981
2020-01-13,93,3134.212144,3.493679364
2020-01-13,95,2889.278824,3.497993274
2020-01-13,96,10437.11824,11.95345701
2020-01-13,97,3385.642993,3.496068788
2020-01-13,98,6205.068733,8.041492319
2020-01-14,10,12598.088,15.65043333
2020-01-14,103,4516.254788,4.729354256
2020-01-14,105,10764.26617,11.39106844
2020-01-14,108,3652.972421,4.405037795
2020-01-14,11,8813.944026,9.820987351
2020-01-14,110,12598.27128,15.65043333
2020-01-14,111,8840.446404,9.820987351
2020-01-14,115,5322.856229,6.807502616
2020-01-14,118,3028.234431,3.29180585
2020-01-14,119,2618.079346,3.14576089
2020-01-14,120,7121.308615,8.829726119
2020-01-14,122,2794.639883,3.768921913
2020-01-14,123,1472.187926,1.708194492
2020-01-14,125,9710.79564,11.80471525
2020-01-14,126,6074.638408,6.899440712
2020-01-14,127,1152.483463,1.497478828
2020-01-14,128,10866.00169,12.18566125
2020-01-14,131,6536.165316,8.543704961
2020-01-14,133,1225.055354,1.576679951
2020-01-14,135,1170.069591,1.361329913
2020-01-14,136,2733.191984,3.470547029
2020-01-14,138,7907.22801,9.710569059
2020-01-14,139,1084.607202,1.671240034
2020-01-14,141,4415.748165,5.313147141
2020-01-14,142,963.6279341,1.429628689
2020-01-14,144,9353.72299,10.8066372
2020-01-14,145,5489.990201,5.925089001
2020-01-14,146,3705.758239,4.790441875
2020-01-14,149,3200.556124,4.69431306
2020-01-14,15,5321.84916,6.807502616
2020-01-14,151,11884.91697,13.72123396
2020-01-14,152,6646.623557,7.140823872
2020-01-14,155,4359.081561,5.149969528
2020-01-14,157,3472.98173,4.352524186
2020-01-14,159,11852.20179,13.63487196
2020-01-14,161,1113.5719,1.502345255
2020-01-14,163,5022.859393,5.872659867
2020-01-14,164,1391.833,2.219590914
2020-01-14,166,8225.185089,9.561719986
2020-01-14,168,18732.13626,19.11883072
2020-01-14,169,6138.296427,6.563145972
2020-01-14,171,3866.306879,4.252928136
2020-01-14,172,3181.658492,4.024677345
2020-01-14,173,6089.446269,6.521750453
2020-01-14,174,2772.387246,3.710589553
2020-01-14,175,3917.108801,4.225034286
2020-01-14,177,4391.554333,4.852258157
2020-01-14,18,3053.074893,3.29180585
2020-01-14,180,3528.600996,4.536274505
2020-01-14,181,3974.590698,5.217568322
2020-01-14,183,1328.340559,1.9407837
2020-01-14,184,4129.989254,5.234045813
2020-01-14,188,8390.936523,9.074765919
2020-01-14,189,8954.475463,10.77196993
2020-01-14,19,2616.9509,3.14576089
2020-01-14,190,3236.407075,4.196012898
2020-01-14,192,6397.544359,7.816607909
2020-01-14,193,3094.732521,3.409260505
2020-01-14,195,2891.760209,4.229682543
2020-01-14,196,10450.2993,11.65554973
2020-01-14,197,3314.188062,3.471298027
2020-01-14,198,6356.098458,7.575919944
2020-01-14,20,7088.577357,8.829726119
2020-01-14,22,2753.905231,3.768921913
2020-01-14,23,1516.242157,1.708194492
2020-01-14,25,9802.655253,11.80471525
2020-01-14,26,5979.483555,6.899440712
2020-01-14,27,1128.215295,1.497478828
2020-01-14,28,10778.07728,12.18566125
2020-01-14,3,4537.739897,4.729354256
2020-01-14,31,6594.303386,8.543704961
2020-01-14,33,1221.942947,1.576679951
2020-01-14,35,1202.969297,1.361329913
2020-01-14,36,2717.66624,3.470547029
2020-01-14,38,7889.804951,9.710569059
2020-01-14,39,1095.532062,1.671240034
2020-01-14,41,4485.560928,5.313147141
2020-01-14,42,958.7730092,1.429628689
2020-01-14,44,9369.842061,10.8066372
2020-01-14,45,5419.335822,5.925089001
2020-01-14,46,3709.678744,4.790441875
2020-01-14,49,3210.612988,4.69431306
2020-01-14,5,10892.01604,11.39106844
2020-01-14,51,11896.75764,13.72123396
2020-01-14,52,6691.698158,7.140823872
2020-01-14,55,4328.981902,5.149969528
2020-01-14,57,3490.40164,4.352524186
2020-01-14,59,12023.41166,13.63487196
2020-01-14,61,1103.465016,1.502345255
2020-01-14,63,5032.320866,5.872659867
2020-01-14,64,1412.029577,2.219590914
2020-01-14,66,8208.9803,9.561719986
2020-01-14,68,18227.00129,19.11883072
2020-01-14,69,6124.71282,6.563145972
2020-01-14,71,3810.289303,4.252928136
2020-01-14,72,3175.840299,4.024677345
2020-01-14,73,6060.521696,6.521750453
2020-01-14,74,2760.634243,3.710589553
2020-01-14,75,3921.240748,4.225034286
2020-01-14,77,4272.518654,4.852258157
2020-01-14,8,3716.883552,4.405037795
2020-01-14,80,3511.008879,4.536274505
2020-01-14,81,4032.939529,5.217568322
2020-01-14,83,1345.607701,1.9407837
2020-01-14,84,4093.028048,5.234045813
2020-01-14,88,8326.1862,9.074765919
2020-01-14,89,8939.312519,10.77196993
2020-01-14,90,3183.441856,4.196012898
2020-01-14,92,6318.429271,7.816607909
2020-01-14,93,3192.843164,3.409260505
2020-01-14,95,2919.289329,4.229682543
2020-01-14,96,10658.87633,11.65554973
2020-01-14,97,3375.924158,3.471298027
2020-01-14,98,6319.680964,7.575919944
2020-01-15,10,12559.46292,14.45559761
2020-01-15,103,4561.194777,5.008694143
2020-01-15,105,10805.89523,11.67706173
2020-01-15,108,3718.594984,4.36092397
2020-01-15,11,8789.387277,10.44894333
2020-01-15,110,12652.11217,14.45559761
2020-01-15,111,8786.434602,10.44894333
2020-01-15,115,5290.505221,5.514982239
2020-01-15,118,3043.787094,3.695688405
2020-01-15,119,2604.903851,4.073561291
2020-01-15,120,7120.446817,9.366607895
2020-01-15,122,2705.919259,3.016388277
2020-01-15,123,1471.904604,1.676010258
2020-01-15,125,9818.851213,10.86462496
2020-01-15,126,5859.341751,6.941595714
2020-01-15,127,1114.305029,1.206173878
2020-01-15,128,10811.72441,11.75249766
2020-01-15,131,6681.821675,7.079362709
2020-01-15,133,1219.600553,1.754748243
2020-01-15,135,1229.548113,1.406732241
2020-01-15,136,2669.462983,3.122434976
2020-01-15,138,7941.043947,9.292939135
2020-01-15,139,1118.511311,1.893696683
2020-01-15,141,4421.048106,5.215998783
2020-01-15,142,964.205363,1.420745481
2020-01-15,144,9591.634518,9.765879986
2020-01-15,145,5479.462011,6.261001971
2020-01-15,146,3673.955038,4.54679275
2020-01-15,149,3214.545058,3.910436182
2020-01-15,15,5270.466983,5.514982239
2020-01-15,151,12013.49839,14.78316642
2020-01-15,152,6652.257714,7.417534682
2020-01-15,155,4304.736226,5.628469052
2020-01-15,157,3469.254048,3.731135639
2020-01-15,159,12136.39373,12.70137076
2020-01-15,161,1106.060438,1.315724993
2020-01-15,163,5122.502072,5.949379203
2020-01-15,164,1425.499524,2.178352954
2020-01-15,166,8181.176251,9.57392433
2020-01-15,168,18410.39168,20.2405989
2020-01-15,169,6246.535422,7.592646053
2020-01-15,171,3847.076343,4.777902846
2020-01-15,172,3041.739681,3.674763801
2020-01-15,173,6073.982197,6.504221826
2020-01-15,174,2792.61423,3.003089656
2020-01-15,175,3899.105559,4.713956745
2020-01-15,177,4292.592912,4.478934042
2020-01-15,18,3004.012094,3.695688405
2020-01-15,180,3379.941214,4.257797997
2020-01-15,181,4034.897576,5.452411353
2020-01-15,183,1315.198988,1.735202962
2020-01-15,184,3957.772632,4.367023693
2020-01-15,188,8488.995065,10.58320372
2020-01-15,189,9051.263892,11.18574657
2020-01-15,19,2606.591261,4.073561291
2020-01-15,190,3180.344101,3.547809792
2020-01-15,192,6145.746137,7.602584998
2020-01-15,193,3100.367856,3.311905565
2020-01-15,195,2909.365882,4.239090426
2020-01-15,196,10913.97253,11.05964312
2020-01-15,197,3430.963605,3.921472591
2020-01-15,198,6313.860124,7.574311152
2020-01-15,20,7160.492305,9.366607895
2020-01-15,22,2722.022608,3.016388277
2020-01-15,23,1485.781183,1.676010258
2020-01-15,25,9952.689681,10.86462496
2020-01-15,26,5830.620377,6.941595714
2020-01-15,27,1111.562108,1.206173878
2020-01-15,28,10760.02109,11.75249766
2020-01-15,3,4500.177589,5.008694143
2020-01-15,31,6680.618317,7.079362709
2020-01-15,33,1208.516402,1.754748243
2020-01-15,35,1209.176746,1.406732241
2020-01-15,36,2692.115147,3.122434976
2020-01-15,38,8035.713518,9.292939135
2020-01-15,39,1112.987128,1.893696683
2020-01-15,41,4400.877319,5.215998783
2020-01-15,42,963.4522295,1.420745481
2020-01-15,44,9393.24261,9.765879986
2020-01-15,45,5497.57683,6.261001971
2020-01-15,46,3684.012974,4.54679275
2020-01-15,49,3234.347503,3.910436182
2020-01-15,5,10757.1471,11.67706173
2020-01-15,51,11877.98705,14.78316642
2020-01-15,52,6610.522667,7.417534682
2020-01-15,55,4334.50614,5.628469052
2020-01-15,57,3476.509834,3.731135639
2020-01-15,59,12054.55216,12.70137076
2020-01-15,61,1119.944163,1.315724993
2020-01-15,63,5073.106189,5.949379203
2020-01-15,64,1433.319104,2.178352954
2020-01-15,66,8236.709232,9.57392433
2020-01-15,68,18286.97799,20.2405989
2020-01-15,69,6112.475302,7.592646053
2020-01-15,71,3817.668818,4.777902846
2020-01-15,72,3076.794098,3.674763801
2020-01-15,73,6075.643532,6.504221826
2020-01-15,74,2778.267773,3.003089656
2020-01-15,75,3885.607781,4.713956745
2020-01-15,77,4309.154931,4.478934042
2020-01-15,8,3700.478744,4.36092397
2020-01-15,80,3469.136376,4.257797997
2020-01-15,81,4037.91604,5.452411353
2020-01-15,83,1313.479834,1.735202962
2020-01-15,84,4020.824844,4.367023693
2020-01-15,88,8473.092365,10.58320372
2020-01-15,89,8963.480163,11.18574657
2020-01-15,90,3172.215423,3.547809792
2020-01-15,92,6191.855498,7.602584998
2020-01-15,93,3144.616238,3.311905565
2020-01-15,95,2928.087206,4.239090426
2020-01-15,96,10757.93077,11.05964312
2020-01-15,97,3406.932136,3.921472591
2020-01-15,98,6342.073033,7.574311152
2020-01-16,10,12709.72294,15.3071019
2020-01-16,103,4569.261312,5.862605445
2020-01-16,105,11344.19641,11.70342004
2020-01-16,108,3701.999796,4.845222587
2020-01-16,11,8856.803905,9.618207238
2020-01-16,110,12665.14473,15.3071019
2020-01-16,111,8913.485445,9.618207238
2020-01-16,115,5325.315354,5.667876976
2020-01-16,118,3066.376261,4.287055943
2020-01-16,119,2565.55267,3.683361618
2020-01-16,120,7004.419866,8.84106797
2020-01-16,122,2788.185536,4.340479989
2020-01-16,123,1586.557719,1.6801325
2020-01-16,125,10029.37178,12.49762669
2020-01-16,126,5820.603987,6.697399643
2020-01-16,127,1140.88264,1.417714346
2020-01-16,128,10865.5063,12.0816901
2020-01-16,131,6739.532258,7.334412303
2020-01-16,133,1225.667231,1.318353666
2020-01-16,135,1222.7383,1.565669524
2020-01-16,136,2742.657725,3.323531056
2020-01-16,138,8166.167425,8.682568307
2020-01-16,139,1104.068894,1.227837063
2020-01-16,141,4392.405369,6.094622762
2020-01-16,142,957.6644716,1.498201267
2020-01-16,144,9508.961522,10.15426398
2020-01-16,145,5592.555294,6.026301878
2020-01-16,146,3736.633782,4.138986625
2020-01-16,149,3239.676167,5.054667389
2020-01-16,15,5326.206141,5.667876976
2020-01-16,151,12123.82648,13.64038634
2020-01-16,152,6535.566793,6.762396098
2020-01-16,155,4378.066557,5.73633454
2020-01-16,157,3633.44295,3.629884195
2020-01-16,159,12171.73512,13.66580308
2020-01-16,161,1186.683019,2.062397309
2020-01-16,163,5125.523181,5.947481476
2020-01-16,164,1407.62831,1.455702634
2020-01-16,166,8222.924043,9.649491893
2020-01-16,168,18686.99087,20.8886967
2020-01-16,169,6173.32532,8.092198988
2020-01-16,171,3756.026942,4.120998557
2020-01-16,172,3169.177671,3.451083951
2020-01-16,173,6073.263343,7.861633429
2020-01-16,174,2807.196952,3.22845366
2020-01-16,175,3878.084133,4.102012271
2020-01-16,177,4314.00354,5.364267448
2020-01-16,18,3031.707526,4.287055943
2020-01-16,180,3478.62795,3.848109307
2020-01-16,181,4101.830851,4.942541838
2020-01-16,183,1325.529993,1.413781399
2020-01-16,184,3987.88842,4.82896058
2020-01-16,188,8779.074838,9.99096166
2020-01-16,189,8940.637289,10.75826009
2020-01-16,19,2588.655581,3.683361618
2020-01-16,190,3219.667755,4.330834952
2020-01-16,192,6314.523836,7.831203867
2020-01-16,193,3073.52118,3.726818127
2020-01-16,195,3009.078228,3.642715103
2020-01-16,196,11174.31072,11.91846752
2020-01-16,197,3413.721408,3.398956875
2020-01-16,198,6474.222163,7.866590438
2020-01-16,20,7172.709168,8.84106797
2020-01-16,22,2764.790369,4.340479989
2020-01-16,23,1537.527127,1.6801325
2020-01-16,25,10037.91581,12.49762669
2020-01-16,26,5913.052054,6.697399643
2020-01-16,27,1144.828133,1.417714346
2020-01-16,28,10807.91869,12.0816901
2020-01-16,3,4574.743738,5.862605445
2020-01-16,31,6733.728372,7.334412303
2020-01-16,33,1248.619851,1.318353666
2020-01-16,35,1230.358298,1.565669524
2020-01-16,36,2736.966516,3.323531056
2020-01-16,38,8085.269499,8.682568307
2020-01-16,39,1104.086877,1.227837063
2020-01-16,41,4437.452625,6.094622762
2020-01-16,42,971.8329694,1.498201267
2020-01-16,44,9517.108646,10.15426398
2020-01-16,45,5540.048207,6.026301878
2020-01-16,46,3730.020272,4.138986625
2020-01-16,49,3230.797335,5.054667389
2020-01-16,5,10934.51545,11.70342004
2020-01-16,51,12068.59851,13.64038634
2020-01-16,52,6590.522763,6.762396098
2020-01-16,55,4417.655496,5.73633454
2020-01-16,57,3578.484308,3.629884195
2020-01-16,59,12253.0105,13.66580308
2020-01-16,61,1160.606194,2.062397309
2020-01-16,63,5186.068551,5.947481476
2020-01-16,64,1441.717036,1.455702634
2020-01-16,66,8331.08982,9.649491893
2020-01-16,68,18457.14958,20.8886967
2020-01-16,69,6152.774136,8.092198988
2020-01-16,71,3800.996205,4.120998557
2020-01-16,72,3123.277072,3.451083951
2020-01-16,73,6095.636223,7.861633429
2020-01-16,74,2858.914478,3.22845366
2020-01-16,75,3924.360773,4.102012271
2020-01-16,77,4337.493065,5.364267448
2020-01-16,8,3719.341109,4.845222587
2020-01-16,80,3521.958613,3.848109307
2020-01-16,81,4099.898108,4.942541838
2020-01-16,83,1330.332478,1.413781399
2020-01-16,84,3951.646347,4.82896058
2020-01-16,88,8669.922182,9.99096166
2020-01-16,89,9035.433325,10.75826009
2020-01-16,90,3228.699637,4.330834952
2020-01-16,92,6264.72361,7.831203867
2020-01-16,93,3124.072829,3.726818127
2020-01-16,95,2981.488754,3.642715103
2020-01-16,96,11179.83497,11.91846752
2020-01-16,97,3380.883022,3.398956875
2020-01-16,98,6442.752925,7.866590438
2020-01-17,10,12840.15728,14.42995332
2020-01-17,103,4598.287686,5.013179215
2020-01-17,105,10573.74264,11.08927447
2020-01-17,108,3714.314837,4.287593701
2020-01-17,11,8697.162403,10.12867259
2020-01-17,110,12935.23175,14.42995332
2020-01-17,111,8667.631906,10.12867259
2020-01-17,115,5241.552531,5.509037117
2020-01-17,118,3061.101006,3.513396335
2020-01-17,119,2574.737241,3.350270929
2020-01-17,120,7173.276716,9.933347736
2020-01-17,122,2793.564515,3.855286181
2020-01-17,123,1534.64227,1.790390943
2020-01-17,125,10214.06877,12.630875
2020-01-17,126,5805.737761,6.204041152
2020-01-17,127,1159.190939,1.566387649
2020-01-17,128,10790.00936,11.45227278
2020-01-17,131,6711.457777,8.413541842
2020-01-17,133,1272.565341,1.796775174
2020-01-17,135,1232.477873,1.407881286
2020-01-17,136,2690.794034,3.051085413
2020-01-17,138,8005.947939,10.41690159
2020-01-17,139,1137.730904,1.131706629
2020-01-17,141,4536.32741,4.87185782
2020-01-17,142,944.1160254,2.022960168
2020-01-17,144,9571.884546,9.689914509
2020-01-17,145,5439.476893,5.59136656
2020-01-17,146,3704.838619,4.294720679
2020-01-17,149,3213.941371,3.354076176
2020-01-17,15,5228.727217,5.509037117
2020-01-17,151,12204.53559,13.25474854
2020-01-17,152,6515.781816,7.106336108
2020-01-17,155,4437.957453,4.739588332
2020-01-17,157,3605.863079,4.540976393
2020-01-17,159,11871.38423,13.61224113
2020-01-17,161,1116.438558,1.612999333
2020-01-17,163,5174.320162,5.538618454
2020-01-17,164,1450.19694,1.646545574
2020-01-17,166,8328.156787,9.916168654
2020-01-17,168,18781.97093,20.80524268
2020-01-17,169,6138.962004,7.058590389
2020-01-17,171,3776.427068,5.530313617
2020-01-17,172,3154.291295,3.411610571
2020-01-17,173,5996.071335,7.58572389
2020-01-17,174,2889.106,3.970020973
2020-01-17,175,3845.836097,4.050341829
2020-01-17,177,4408.624955,4.768216104
2020-01-17,18,3072.709251,3.513396335
2020-01-17,180,3559.408391,3.937637367
2020-01-17,181,3942.835051,4.574283943
2020-01-17,183,1371.861353,1.792549345
2020-01-17,184,3923.886103,5.042257047
2020-01-17,188,8679.792067,9.797390486
2020-01-17,189,8954.684295,10.50177641
2020-01-17,19,2606.032582,3.350270929
2020-01-17,190,3272.347004,4.103503424
2020-01-17,192,6254.460009,8.395578898
2020-01-17,193,3205.078633,3.216363877
2020-01-17,195,3024.945117,4.65599101
2020-01-17,196,10926.48467,11.97037438
2020-01-17,197,3407.904317,3.879001769
2020-01-17,198,6556.321623,7.266448799
2020-01-17,20,7171.184842,9.933347736
2020-01-17,22,2774.983696,3.855286181
2020-01-17,23,1524.037656,1.790390943
2020-01-17,25,10234.62645,12.630875
2020-01-17,26,5774.238733,6.204041152
2020-01-17,27,1153.060419,1.566387649
2020-01-17,28,10712.10413,11.45227278
2020-01-17,3,4625.236291,5.013179215
2020-01-17,31,6708.381875,8.413541842
2020-01-17,33,1256.729176,1.796775174
2020-01-17,35,1222.284658,1.407881286
2020-01-17,36,2702.777884,3.051085413
2020-01-17,38,8036.138809,10.41690159
2020-01-17,39,1112.769396,1.131706629
2020-01-17,41,4484.85534,4.87185782
2020-01-17,42,950.6433102,2.022960168
2020-01-17,44,9537.201773,9.689914509
2020-01-17,45,5435.004281,5.59136656
2020-01-17,46,3695.003495,4.294720679
2020-01-17,49,3227.768749,3.354076176
2020-01-17,5,10883.15856,11.08927447
2020-01-17,51,12010.66323,13.25474854
2020-01-17,52,6492.366332,7.106336108
2020-01-17,55,4360.448801,4.739588332
2020-01-17,57,3592.887804,4.540976393
2020-01-17,59,11910.04516,13.61224113
2020-01-17,61,1130.240288,1.612999333
2020-01-17,63,5205.70575,5.538618454
2020-01-17,64,1449.884095,1.646545574
2020-01-17,66,8357.500131,9.916168654
2020-01-17,68,18514.69506,20.80524268
2020-01-17,69,6161.43868,7.058590389
2020-01-17,71,3755.263438,5.530313617
2020-01-17,72,3096.82429,3.411610571
2020-01-17,73,5944.352155,7.58572389
2020-01-17,74,2905.58257,3.970020973
2020-01-17,75,3804.117052,4.050341829
2020-01-17,77,4418.403409,4.768216104
2020-01-17,8,3736.949405,4.287593701
2020-01-17,80,3565.080594,3.937637367
2020-01-17,81,3997.826635,4.574283943
2020-01-17,83,1343.657024,1.792549345
2020-01-17,84,3935.973698,5.042257047
2020-01-17,88,8627.733611,9.797390486
2020-01-17,89,9044.649166,10.50177641
2020-01-17,90,3256.150516,4.103503424
2020-01-17,92,6247.210898,8.395578898
2020-01-17,93,3130.126915,3.216363877
2020-01-17,95,2995.317135,4.65599101
2020-01-17,96,11183.65077,11.97037438
2020-01-17,97,3428.890323,3.879001769
2020-01-17,98,6377.710788,7.266448799
2020-01-18,10,12648.14556,14.07472853
2020-01-18,103,4658.730325,5.693063142
2020-01-18,105,11134.6824,11.73366437
2020-01-18,108,3618.375209,3.949534842
2020-01-18,11,8606.457934,11.10989025
2020-01-18,110,12729.55637,14.07472853
2020-01-18,111,8570.768984,11.10989025
2020-01-18,115,5033.095516,5.343694587
2020-01-18,118,3042.058332,3.901531995
2020-01-18,119,2633.305342,3.247678255
2020-01-18,120,6997.547751,8.63549624
2020-01-18,122,2815.92559,3.207122666
2020-01-18,123,1497.457372,1.767007245
2020-01-18,125,10169.23286,11.98363621
2020-01-18,126,5931.476282,6.525056979
2020-01-18,127,1147.054853,1.17541282
2020-01-18,128,10456.79878,11.9073551
2020-01-18,131,6653.274383,7.737763978
2020-01-18,133,1277.507978,1.647974202
2020-01-18,135,1166.269672,1.275165949
2020-01-18,136,2667.06302,3.492614336
2020-01-18,138,7930.956191,8.979736085
2020-01-18,139,1102.045542,1.713370939
2020-01-18,141,4558.570654,5.345998251
2020-01-18,142,937.8184964,1.983543777
2020-01-18,144,9080.779318,10.12216801
2020-01-18,145,5512.725471,6.671268673
2020-01-18,146,3694.475526,4.940919166
2020-01-18,149,3237.12916,4.452011252
2020-01-18,15,5145.260026,5.343694587
2020-01-18,151,11817.32604,14.67710491
2020-01-18,152,6403.940618,6.934206313
2020-01-18,155,4220.724852,5.614780045
2020-01-18,157,3588.088521,4.236867808
2020-01-18,159,11506.49715,12.34590267
2020-01-18,161,1115.574941,1.249849341
2020-01-18,163,5250.966699,5.568533139
2020-01-18,164,1490.819009,2.186871752
2020-01-18,166,8262.681033,10.6132893
2020-01-18,168,18214.50501,20.98374668
2020-01-18,169,6078.592507,7.125314017
2020-01-18,171,3752.441335,4.743335703
2020-01-18,172,3108.02915,4.269227506
2020-01-18,173,5738.260127,7.250288288
2020-01-18,174,2876.347038,4.89073875
2020-01-18,175,3889.313137,4.369375666
2020-01-18,177,4350.619184,4.81426832
2020-01-18,18,3048.011011,3.901531995
2020-01-18,180,3579.974969,3.862618963
2020-01-18,181,3989.738812,4.33529074
2020-01-18,183,1339.745015,1.371178469
2020-01-18,184,3937.020393,5.224430195
2020-01-18,188,8508.806383,9.487305739
2020-01-18,189,9030.149283,9.7524856
2020-01-18,19,2607.421989,3.247678255
2020-01-18,190,3237.370656,4.209571038
2020-01-18,192,6273.814151,7.171073927
2020-01-18,193,3080.846898,3.14219287
2020-01-18,195,3001.400923,4.250664736
2020-01-18,196,11117.34619,11.4886813
2020-01-18,197,3413.431895,3.502001295
2020-01-18,198,6260.864545,8.091719989
2020-01-18,20,6967.876216,8.63549624
2020-01-18,22,2757.24449,3.207122666
2020-01-18,23,1507.681799,1.767007245
2020-01-18,25,10095.8922,11.98363621
2020-01-18,26,5805.70784,6.525056979
2020-01-18,27,1152.37618,1.17541282
2020-01-18,28,10534.23299,11.9073551
2020-01-18,3,4636.493606,5.693063142
2020-01-18,31,6590.681021,7.737763978
2020-01-18,33,1264.581052,1.647974202
2020-01-18,35,1208.568941,1.275165949
2020-01-18,36,2669.121221,3.492614336
2020-01-18,38,7955.128102,8.979736085
2020-01-18,39,1122.104522,1.713370939
2020-01-18,41,4568.229304,5.345998251
2020-01-18,42,925.2056772,1.983543777
2020-01-18,44,9202.394373,10.12216801
2020-01-18,45,5400.979071,6.671268673
2020-01-18,46,3678.813695,4.940919166
2020-01-18,49,3184.513756,4.452011252
2020-01-18,5,11007.84217,11.73366437
2020-01-18,51,12014.6425,14.67710491
2020-01-18,52,6445.124147,6.934206313
2020-01-18,55,4250.873631,5.614780045
2020-01-18,57,3568.604446,4.236867808
2020-01-18,59,11552.10486,12.34590267
2020-01-18,61,1108.993269,1.249849341
2020-01-18,63,5213.373025,5.568533139
2020-01-18,64,1464.172495,2.186871752
2020-01-18,66,8257.187713,10.6132893
2020-01-18,68,18451.69765,20.98374668
2020-01-18,69,6067.056847,7.125314017
2020-01-18,71,3756.946294,4.743335703
2020-01-18,72,3097.192922,4.269227506
2020-01-18,73,5774.560937,7.250288288
2020-01-18,74,2884.137228,4.89073875
2020-01-18,75,3860.686146,4.369375666
2020-01-18,77,4350.263889,4.81426832
2020-01-18,8,3701.862151,3.949534842
2020-01-18,80,3585.516638,3.862618963
2020-01-18,81,3964.139434,4.33529074
2020-01-18,83,1318.276124,1.371178469
2020-01-18,84,3931.039864,5.224430195
2020-01-18,88,8476.195493,9.487305739
2020-01-18,89,8953.946883,9.7524856
2020-01-18,90,3168.328932,4.209571038
2020-01-18,92,6233.15067,7.171073927
2020-01-18,93,3111.248868,3.14219287
2020-01-18,95,3015.139123,4.250664736
2020-01-18,96,11058.11468,11.4886813
2020-01-18,97,3418.557919,3.502001295
2020-01-18,98,6383.208701,8.091719989
2020-01-19,10,12544.43966,14.1934249
2020-01-19,103,4684.362672,5.275288756
2020-01-19,105,10900.41273,10.88428592
2020-01-19,108,3633.419224,4.325526727
2020-01-19,11,8534.938203,10.29806708
2020-01-19,110,12428.54115,14.1934249
2020-01-19,111,8599.779326,10.29806708
2020-01-19,115,5090.261119,5.714682873
2020-01-19,118,3063.198494,3.449478129
2020-01-19,119,2578.410872,3.472329746
2020-01-19,120,6898.195757,7.499148529
2020-01-19,122,2743.13471,3.90890006
2020-01-19,123,1524.416117,1.865810059
2020-01-19,125,9892.543092,12.52481069
2020-01-19,126,5860.377894,6.552702665
2020-01-19,127,1167.509882,1.276724785
2020-01-19,128,10603.72834,11.63138149
2020-01-19,131,6466.901802,7.431445702
2020-01-19,133,1271.482555,1.357783939
2020-01-19,135,1205.560236,2.024348966
2020-01-19,136,2629.632314,3.180789889
2020-01-19,138,7901.301787,8.645423099
2020-01-19,139,1087.140511,1.225625598
2020-01-19,141,4529.364569,5.438491644
2020-01-19,142,918.8861805,1.498753692
2020-01-19,144,9264.916078,9.750370569
2020-01-19,145,5566.506487,6.389471534
2020-01-19,146,3626.677658,3.998151566
2020-01-19,149,3069.805285,3.927539362
2020-01-19,15,5101.561019,5.714682873
2020-01-19,151,11832.70983,14.10649088
2020-01-19,152,6398.206638,7.459688279
2020-01-19,155,4391.395987,5.163362953
2020-01-19,157,3643.182642,5.126110904
2020-01-19,159,11646.00587,13.92487727
2020-01-19,161,1136.880823,1.931939778
2020-01-19,163,5055.597323,5.681054522
2020-01-19,164,1410.502493,1.871158259
2020-01-19,166,8245.544099,9.122741746
2020-01-19,168,18663.10751,21.08522261
2020-01-19,169,6082.504011,6.739738023
2020-01-19,171,3744.651864,4.146597507
2020-01-19,172,2983.669939,3.810663463
2020-01-19,173,5832.245472,5.905486986
2020-01-19,174,2968.116849,4.902922391
2020-01-19,175,3809.155776,4.253543194
2020-01-19,177,4291.960881,5.214792636
2020-01-19,18,3070.125924,3.449478129
2020-01-19,180,3524.302577,4.431820962
2020-01-19,181,3912.591171,5.122367875
2020-01-19,183,1312.004672,2.083128117
2020-01-19,184,3894.619342,5.394270782
2020-01-19,188,8366.052556,9.081711243
2020-01-19,189,8781.177444,10.77589096
2020-01-19,19,2595.100457,3.472329746
2020-01-19,190,3178.130204,3.983795954
2020-01-19,192,6066.390969,6.763255845
2020-01-19,193,3114.96183,3.636295615
2020-01-19,195,2995.92786,3.417967153
2020-01-19,196,10983.72982,11.80036415
2020-01-19,197,3339.779846,3.539255393
2020-01-19,198,6260.481148,7.79834364
2020-01-19,20,6930.878697,7.499148529
2020-01-19,22,2750.130461,3.90890006
2020-01-19,23,1489.587397,1.865810059
2020-01-19,25,9898.147689,12.52481069
2020-01-19,26,5749.269899,6.552702665
2020-01-19,27,1158.858529,1.276724785
2020-01-19,28,10557.29289,11.63138149
2020-01-19,3,4653.91205,5.275288756
2020-01-19,31,6463.356777,7.431445702
2020-01-19,33,1260.656096,1.357783939
2020-01-19,35,1199.600309,2.024348966
2020-01-19,36,2660.836181,3.180789889
2020-01-19,38,7937.693283,8.645423099
2020-01-19,39,1077.24149,1.225625598
2020-01-19,41,4568.79895,5.438491644
2020-01-19,42,920.1379058,1.498753692
2020-01-19,44,9200.430996,9.750370569
2020-01-19,45,5495.193363,6.389471534
2020-01-19,46,3641.461323,3.998151566
2020-01-19,49,3108.594271,3.927539362
2020-01-19,5,10705.98841,10.88428592
2020-01-19,51,11961.61103,14.10649088
2020-01-19,52,6418.878657,7.459688279
2020-01-19,55,4277.713007,5.163362953
2020-01-19,57,3605.687916,5.126110904
2020-01-19,59,11420.689,13.92487727
2020-01-19,61,1115.506011,1.931939778
2020-01-19,63,5110.015798,5.681054522
2020-01-19,64,1442.057576,1.871158259
2020-01-19,66,8141.688916,9.122741746
2020-01-19,68,18447.75023,21.08522261
2020-01-19,69,6060.598284,6.739738023
2020-01-19,71,3739.591245,4.146597507
2020-01-19,72,3009.134587,3.810663463
2020-01-19,73,5744.055966,5.905486986
2020-01-19,74,2907.18031,4.902922391
2020-01-19,75,3816.216946,4.253543194
2020-01-19,77,4352.513095,5.214792636
2020-01-19,8,3626.304875,4.325526727
2020-01-19,80,3570.26905,4.431820962
2020-01-19,81,3912.387173,5.122367875
2020-01-19,83,1273.239325,2.083128117
2020-01-19,84,3919.64421,5.394270782
2020-01-19,88,8455.475695,9.081711243
2020-01-19,89,8677.205472,10.77589096
2020-01-19,90,3169.949976,3.983795954
2020-01-19,92,6056.259735,6.763255845
2020-01-19,93,3145.833732,3.636295615
2020-01-19,95,2972.131383,3.417967153
2020-01-19,96,10951.0559,11.80036415
2020-01-19,97,3327.845987,3.539255393
2020-01-19,98,6329.050975,7.79834364
2020-01-20,10,12623.73268,15.13901814
2020-01-20,103,4719.14128,5.523639907
2020-01-20,105,10476.15235,10.64504904
2020-01-20,108,3594.697586,4.115327251
2020-01-20,11,8550.966863,9.586827791
2020-01-20,110,12719.98938,15.13901814
2020-01-20,111,8633.846935,9.586827791
2020-01-20,115,5036.155194,6.226319979
2020-01-20,118,3053.879403,3.79569908
2020-01-20,119,2581.762959,4.25266028
2020-01-20,120,6884.516078,8.884937952
2020-01-20,122,2687.524448,3.023575989
2020-01-20,123,1457.490201,2.012154065
2020-01-20,125,9710.293746,10.63429918
2020-01-20,126,5848.309197,6.912846285
2020-01-20,127,1146.256004,1.323533572
2020-01-20,128,10475.64673,11.28125049
2020-01-20,131,6438.719215,6.809407939
2020-01-20,133,1258.20992,1.622152689
2020-01-20,135,1126.477492,1.472335056
2020-01-20,136,2698.761729,3.522707951
2020-01-20,138,7935.701007,9.703202606
2020-01-20,139,1122.231926,1.210960013
2020-01-20,141,4455.100501,5.567468184
2020-01-20,142,944.4357036,1.314125564
2020-01-20,144,9296.277678,10.50603529
2020-01-20,145,5535.74778,5.858939612
2020-01-20,146,3706.410762,5.336239049
2020-01-20,149,3106.593162,3.730402847
2020-01-20,15,5027.965176,6.226319979
2020-01-20,151,11759.89279,14.78506289
2020-01-20,152,6374.034853,6.770603194
2020-01-20,155,4348.720152,5.63247977
2020-01-20,157,3569.163958,4.16633941
2020-01-20,159,11308.40875,12.35481468
2020-01-20,161,1056.546036,1.444913419
2020-01-20,163,5053.806834,5.593897153
2020-01-20,164,1480.812621,1.706755796
2020-01-20,166,8365.617308,9.849807623
2020-01-20,168,18428.29008,20.3217096
2020-01-20,169,6020.92939,7.103198738
2020-01-20,171,3740.18968,4.41191301
2020-01-20,172,3066.503648,3.799813361
2020-01-20,173,5944.009326,6.501035158
2020-01-20,174,2869.79867,4.670915388
2020-01-20,175,3902.526883,4.437705765
2020-01-20,177,4452.71208,4.782507259
2020-01-20,18,3060.670475,3.79569908
2020-01-20,180,3632.708622,3.924684263
2020-01-20,181,3810.882765,5.313350476
2020-01-20,183,1278.034438,1.876206934
2020-01-20,184,3969.552947,4.472031213
2020-01-20,188,8489.751552,9.601030091
2020-01-20,189,8743.61826,9.9824439
2020-01-20,19,2618.823332,4.25266028
2020-01-20,190,3148.031363,3.327917122
2020-01-20,192,5858.491596,6.874934856
2020-01-20,193,3181.624731,3.484198222
2020-01-20,195,3011.71928,4.515442901
2020-01-20,196,10822.67613,12.12996025
2020-01-20,197,3284.484775,3.770988832
2020-01-20,198,6404.817887,7.816944476
2020-01-20,20,6948.747234,8.884937952
2020-01-20,22,2702.705932,3.023575989
2020-01-20,23,1476.755725,2.012154065
2020-01-20,25,9801.37291,10.63429918
2020-01-20,26,5801.734795,6.912846285
2020-01-20,27,1130.40245,1.323533572
2020-01-20,28,10506.18268,11.28125049
2020-01-20,3,4683.678406,5.523639907
2020-01-20,31,6424.993844,6.809407939
2020-01-20,33,1272.802219,1.622152689
2020-01-20,35,1171.666216,1.472335056
2020-01-20,36,2693.241458,3.522707951
2020-01-20,38,7876.218023,9.703202606
2020-01-20,39,1087.837487,1.210960013
2020-01-20,41,4517.448325,5.567468184
2020-01-20,42,927.9945947,1.314125564
2020-01-20,44,9306.249823,10.50603529
2020-01-20,45,5576.601402,5.858939612
2020-01-20,46,3688.090152,5.336239049
2020-01-20,49,3108.949369,3.730402847
2020-01-20,5,10428.62745,10.64504904
2020-01-20,51,11977.6435,14.78506289
2020-01-20,52,6305.872777,6.770603194
2020-01-20,55,4339.06526,5.63247977
2020-01-20,57,3587.390934,4.16633941
2020-01-20,59,11254.37455,12.35481468
2020-01-20,61,1079.851547,1.444913419
2020-01-20,63,5048.224195,5.593897153
2020-01-20,64,1453.582743,1.706755796
2020-01-20,66,8201.562989,9.849807623
2020-01-20,68,18524.26105,20.3217096
2020-01-20,69,6010.113909,7.103198738
2020-01-20,71,3752.240073,4.41191301
2020-01-20,72,3027.986649,3.799813361
2020-01-20,73,5768.858805,6.501035158
2020-01-20,74,2864.473182,4.670915388
2020-01-20,75,3856.443901,4.437705765
2020-01-20,77,4397.053793,4.782507259
2020-01-20,8,3579.233878,4.115327251
2020-01-20,80,3589.264922,3.924684263
2020-01-20,81,3847.061312,5.313350476
2020-01-20,83,1284.77868,1.876206934
2020-01-20,84,3934.024239,4.472031213
2020-01-20,88,8458.342593,9.601030091
2020-01-20,89,8740.6559,9.9824439
2020-01-20,90,3153.902271,3.327917122
2020-01-20,92,5998.836475,6.874934856
2020-01-20,93,3150.68797,3.484198222
2020-01-20,95,2958.157909,4.515442901
2020-01-20,96,10977.956,12.12996025
2020-01-20,97,3380.676279,3.770988832
2020-01-20,98,6330.780292,7.816944476
2020-01-21,10,12634.12693,13.65671003
2020-01-21,103,4708.236293,5.017464817
2020-01-21,105,10175.81749,10.94587234
2020-01-21,108,3646.306385,4.843230148
2020-01-21,11,8734.861347,9.086492898
2020-01-21,110,12571.74046,13.65671003
2020-01-21,111,8808.147945,9.086492898
2020-01-21,115,5001.761002,5.548318694
2020-01-21,118,3035.616733,3.736537438
2020-01-21,119,2662.762227,2.765070726
2020-01-21,120,6972.171857,7.93712428
2020-01-21,122,2763.695103,3.009319751
2020-01-21,123,1442.34505,1.722106784
2020-01-21,125,9966.423153,11.5040882
2020-01-21,126,6011.881926,6.553952212
2020-01-21,127,1116.461298,1.322924297
2020-01-21,128,10370.17606,11.33605532
2020-01-21,131,6539.847274,7.302182585
2020-01-21,133,1307.534844,1.582779437
2020-01-21,135,1210.08033,1.465098087
2020-01-21,136,2746.979891,3.681902949
2020-01-21,138,7990.492415,8.090022131
2020-01-21,139,1111.800799,1.470659749
2020-01-21,141,4614.064606,4.885123195
2020-01-21,142,930.8961558,1.458241441
2020-01-21,144,9519.688054,9.881820809
2020-01-21,145,5538.525368,6.348585414
2020-01-21,146,3717.199452,5.726643748
2020-01-21,149,3072.650151,4.007847175
2020-01-21,15,5049.996569,5.548318694
2020-01-21,151,12102.34408,13.82700577
2020-01-21,152,6438.920814,6.584696326
2020-01-21,155,4432.546052,4.855307896
2020-01-21,157,3665.824459,3.871881479
2020-01-21,159,11340.27857,12.1947631
2020-01-21,161,1122.784001,1.170264805
2020-01-21,163,5271.761438,5.806452306
2020-01-21,164,1477.241923,2.105506702
2020-01-21,166,8300.653529,8.743740702
2020-01-21,168,18191.56844,19.31792729
2020-01-21,169,6125.761996,7.760384548
2020-01-21,171,3728.732841,4.388083526
2020-01-21,172,3062.698454,3.58966142
2020-01-21,173,5807.358261,6.09949678
2020-01-21,174,2879.889719,4.1594088
2020-01-21,175,3918.773981,4.181172259
2020-01-21,177,4411.445694,4.939395995
2020-01-21,18,3056.251731,3.736537438
2020-01-21,180,3630.466119,4.505417123
2020-01-21,181,3922.473445,4.976324672
2020-01-21,183,1324.273237,1.449065655
2020-01-21,184,4026.831929,4.504178542
2020-01-21,188,8413.397139,9.722839833
2020-01-21,189,8897.959278,9.547809248
2020-01-21,19,2636.057385,2.765070726
2020-01-21,190,3272.389773,4.381790503
2020-01-21,192,6052.027315,7.598704913
2020-01-21,193,3100.683774,4.2310301
2020-01-21,195,2958.447331,4.069542503
2020-01-21,196,11484.93355,11.88755321
2020-01-21,197,3463.66995,3.470985413
2020-01-21,198,6380.259699,7.44742406
2020-01-21,20,6981.37417,7.93712428
2020-01-21,22,2750.058647,3.009319751
2020-01-21,23,1476.163165,1.722106784
2020-01-21,25,9929.237155,11.5040882
2020-01-21,26,5912.956042,6.553952212
2020-01-21,27,1135.523236,1.322924297
2020-01-21,28,10423.63031,11.33605532
2020-01-21,3,4722.377656,5.017464817
2020-01-21,31,6509.88268,7.302182585
2020-01-21,33,1298.781567,1.582779437
2020-01-21,35,1228.939739,1.465098087
2020-01-21,36,2744.689926,3.681902949
2020-01-21,38,7912.009021,8.090022131
2020-01-21,39,1103.475997,1.470659749
2020-01-21,41,4565.168954,4.885123195
2020-01-21,42,922.3645481,1.458241441
2020-01-21,44,9481.654319,9.881820809
2020-01-21,45,5576.291947,6.348585414
2020-01-21,46,3737.943119,5.726643748
2020-01-21,49,3071.03218,4.007847175
2020-01-21,5,10349.7306,10.94587234
2020-01-21,51,12157.35581,13.82700577
2020-01-21,52,6404.771292,6.584696326
2020-01-21,55,4432.931607,4.855307896
2020-01-21,57,3632.034516,3.871881479
2020-01-21,59,11333.23186,12.1947631
2020-01-21,61,1109.785269,1.170264805
2020-01-21,63,5157.217755,5.806452306
2020-01-21,64,1485.70921,2.105506702
2020-01-21,66,8227.95588,8.743740702
2020-01-21,68,18415.61726,19.31792729
2020-01-21,69,6108.708998,7.760384548
2020-01-21,71,3760.747366,4.388083526
2020-01-21,72,3092.325694,3.58966142
2020-01-21,73,5797.268359,6.09949678
2020-01-21,74,2904.660965,4.1594088
2020-01-21,75,3887.958179,4.181172259
2020-01-21,77,4381.969921,4.939395995
2020-01-21,8,3636.656031,4.843230148
2020-01-21,80,3616.339672,4.505417123
2020-01-21,81,3931.30419,4.976324672
2020-01-21,83,1308.481106,1.449065655
2020-01-21,84,3951.408465,4.504178542
2020-01-21,88,8535.988693,9.722839833
2020-01-21,89,8867.69317,9.547809248
2020-01-21,90,3203.257707,4.381790503
2020-01-21,92,6119.276483,7.598704913
2020-01-21,93,3113.301092,4.2310301
2020-01-21,95,2984.305936,4.069542503
2020-01-21,96,11185.6851,11.88755321
2020-01-21,97,3381.669274,3.470985413
2020-01-21,98,6453.587725,7.44742406
2020-01-22,10,12666.5651,14.02304446
2020-01-22,103,4783.130565,5.055419303
2020-01-22,105,10068.56657,10.38758332
2020-01-22,108,3643.886998,4.201983363
2020-01-22,11,8637.19322,9.91577196
2020-01-22,110,12664.17749,14.02304446
2020-01-22,111,8646.834827,9.91577196
2020-01-22,115,5117.772923,5.601012223
2020-01-22,118,3012.076467,3.659894794
2020-01-22,119,2618.439084,2.667525073
2020-01-22,120,6976.501169,8.112079704
2020-01-22,122,2760.392763,3.228879069
2020-01-22,123,1447.735692,1.76381698
2020-01-22,125,9935.043515,10.45384569
2020-01-22,126,5885.987059,6.608699138
2020-01-22,127,1192.940176,1.169761448
2020-01-22,128,10321.08916,11.20524198
2020-01-22,131,6389.019655,7.310767816
2020-01-22,133,1298.95328,1.529872743
2020-01-22,135,1254.573786,1.269399681
2020-01-22,136,2831.101292,3.31411725
2020-01-22,138,8192.405548,8.47672302
2020-01-22,139,1106.825698,1.484093866
2020-01-22,141,4657.858807,5.470044122
2020-01-22,142,897.7288477,1.307399103
2020-01-22,144,9632.582826,10.82160428
2020-01-22,145,5606.319714,6.425358216
2020-01-22,146,3799.761287,4.1238198
2020-01-22,149,3069.508055,3.66755789
2020-01-22,15,5063.156536,5.601012223
2020-01-22,151,11888.41139,13.11693266
2020-01-22,152,6283.157057,7.08800386
2020-01-22,155,4354.997572,5.060044065
2020-01-22,157,3727.744326,4.584189553
2020-01-22,159,11324.39648,12.94435832
2020-01-22,161,1110.087462,1.117099455
2020-01-22,163,4993.862215,6.213328976
2020-01-22,164,1484.414482,1.600650332
2020-01-22,166,8154.37777,9.304132022
2020-01-22,168,18668.95502,19.63575898
2020-01-22,169,5990.299534,7.724459899
2020-01-22,171,3905.891994,4.43975383
2020-01-22,172,3077.708153,3.640281635
2020-01-22,173,5704.873724,6.392119889
2020-01-22,174,2861.43225,4.119232238
2020-01-22,175,3759.742719,5.115569021
2020-01-22,177,4304.26617,5.355865803
2020-01-22,18,3022.529206,3.659894794
2020-01-22,180,3707.028836,4.439329787
2020-01-22,181,3916.205908,4.528879394
2020-01-22,183,1328.748203,1.440945138
2020-01-22,184,3937.421891,4.436297143
2020-01-22,188,8486.5118,9.972517275
2020-01-22,189,8801.627412,10.69645253
2020-01-22,19,2601.725092,2.667525073
2020-01-22,190,3264.588823,5.242875908
2020-01-22,192,6150.287813,7.675472412
2020-01-22,193,3206.846608,3.43753834
2020-01-22,195,2966.416252,3.238435972
2020-01-22,196,11253.48813,12.17949965
2020-01-22,197,3490.079653,4.685740576
2020-01-22,198,6383.105599,6.972990762
2020-01-22,20,6884.482447,8.112079704
2020-01-22,22,2726.587495,3.228879069
2020-01-22,23,1466.022864,1.76381698
2020-01-22,25,9928.583776,10.45384569
2020-01-22,26,5983.507917,6.608699138
2020-01-22,27,1152.605229,1.169761448
2020-01-22,28,10380.34056,11.20524198
2020-01-22,3,4737.005226,5.055419303
2020-01-22,31,6462.95126,7.310767816
2020-01-22,33,1318.025919,1.529872743
2020-01-22,35,1228.863321,1.269399681
2020-01-22,36,2769.740911,3.31411725
2020-01-22,38,8016.931709,8.47672302
2020-01-22,39,1119.028989,1.484093866
2020-01-22,41,4649.040413,5.470044122
2020-01-22,42,897.6229234,1.307399103
2020-01-22,44,9469.206891,10.82160428
2020-01-22,45,5567.058034,6.425358216
2020-01-22,46,3762.059503,4.1238198
2020-01-22,49,3076.718597,3.66755789
2020-01-22,5,10187.20708,10.38758332
2020-01-22,51,11971.90196,13.11693266
2020-01-22,52,6362.904716,7.08800386
2020-01-22,55,4409.035888,5.060044065
2020-01-22,57,3658.058308,4.584189553
2020-01-22,59,11426.9361,12.94435832
2020-01-22,61,1097.452621,1.117099455
2020-01-22,63,5159.197039,6.213328976
2020-01-22,64,1446.314997,1.600650332
2020-01-22,66,8150.640146,9.304132022
2020-01-22,68,18261.14248,19.63575898
2020-01-22,69,6037.090306,7.724459899
2020-01-22,71,3831.884255,4.43975383
2020-01-22,72,3057.076009,3.640281635
2020-01-22,73,5735.745185,6.392119889
2020-01-22,74,2899.434372,4.119232238
2020-01-22,75,3856.016462,5.115569021
2020-01-22,77,4398.871988,5.355865803
2020-01-22,8,3705.679734,4.201983363
2020-01-22,80,3683.167586,4.439329787
2020-01-22,81,3864.945919,4.528879394
2020-01-22,83,1311.144971,1.440945138
2020-01-22,84,3930.99241,4.436297143
2020-01-22,88,8467.82899,9.972517275
2020-01-22,89,8859.783145,10.69645253
2020-01-22,90,3224.851256,5.242875908
2020-01-22,92,6183.432354,7.675472412
2020-01-22,93,3166.988023,3.43753834
2020-01-22,95,2983.550497,3.238435972
2020-01-22,96,11162.9538,12.17949965
2020-01-22,97,3495.434899,4.685740576
2020-01-22,98,6412.759133,6.972990762
2020-01-23,10,12753.35706,14.61510716
2020-01-23,103,4776.629291,4.84355008
2020-01-23,105,10191.70474,10.93980831
2020-01-23,108,3740.433202,4.443674637
2020-01-23,11,8796.589315,11.09896098
2020-01-23,110,12684.17828,14.61510716
2020-01-23,111,8844.653324,11.09896098
2020-01-23,115,5172.027501,5.373672785
2020-01-23,118,3048.296014,3.338873588
2020-01-23,119,2686.140328,3.078937555
2020-01-23,120,6839.17012,9.125830431
2020-01-23,122,2754.139373,3.737106923
2020-01-23,123,1435.183948,2.054545318
2020-01-23,125,9946.000606,11.78960968
2020-01-23,126,5875.221429,6.319992763
2020-01-23,127,1216.181405,1.470078082
2020-01-23,128,10442.13875,11.4238212
2020-01-23,131,6720.749722,7.941358282
2020-01-23,133,1305.547799,2.102936894
2020-01-23,135,1235.085707,1.400773967
2020-01-23,136,2687.440296,3.530877036
2020-01-23,138,8148.619314,8.431314292
2020-01-23,139,1075.209477,1.769518871
2020-01-23,141,4703.221798,5.347006494
2020-01-23,142,876.0978918,0.9433862146
2020-01-23,144,9737.468957,10.70529926
2020-01-23,145,5589.233791,6.753928168
2020-01-23,146,3753.730456,4.499732187
2020-01-23,149,3054.423584,3.969612869
2020-01-23,15,5099.857204,5.373672785
2020-01-23,151,12020.26481,15.34491194
2020-01-23,152,6669.309923,7.734871547
2020-01-23,155,4355.449993,5.391096396
2020-01-23,157,3650.662858,4.839404092
2020-01-23,159,11608.79221,12.81917626
2020-01-23,161,1090.990129,1.249925348
2020-01-23,163,5229.446869,5.35253823
2020-01-23,164,1485.353382,1.666193146
2020-01-23,166,8224.19404,9.277583885
2020-01-23,168,18308.3494,20.4904019
2020-01-23,169,6069.977545,6.799520257
2020-01-23,171,3900.892593,5.216153017
2020-01-23,172,3142.671369,3.440260759
2020-01-23,173,5610.504123,6.282900095
2020-01-23,174,2954.044446,3.84821953
2020-01-23,175,4001.123192,5.298548089
2020-01-23,177,4432.519119,4.80098607
2020-01-23,18,3027.436744,3.338873588
2020-01-23,180,3733.66595,4.590711272
2020-01-23,181,3945.783316,5.767623661
2020-01-23,183,1287.452769,1.544374062
2020-01-23,184,3960.097267,5.546337031
2020-01-23,188,8495.451377,9.827982075
2020-01-23,189,8857.514125,10.3955691
2020-01-23,19,2651.077,3.078937555
2020-01-23,190,3254.256916,3.530908199
2020-01-23,192,6090.693323,7.195803607
2020-01-23,193,3272.02971,3.254852052
2020-01-23,195,3001.247703,4.732086034
2020-01-23,196,11108.29102,11.98520695
2020-01-23,197,3496.329908,3.642826529
2020-01-23,198,6521.031621,6.670123241
2020-01-23,20,6899.154803,9.125830431
2020-01-23,22,2735.242924,3.737106923
2020-01-23,23,1441.277254,2.054545318
2020-01-23,25,9916.090312,11.78960968
2020-01-23,26,5881.158503,6.319992763
2020-01-23,27,1197.022933,1.470078082
2020-01-23,28,10518.97192,11.4238212
2020-01-23,3,4733.581208,4.84355008
2020-01-23,31,6588.702351,7.941358282
2020-01-23,33,1336.734874,2.102936894
2020-01-23,35,1247.890801,1.400773967
2020-01-23,36,2757.7461,3.530877036
2020-01-23,38,8113.174617,8.431314292
2020-01-23,39,1095.503063,1.769518871
2020-01-23,41,4740.575482,5.347006494
2020-01-23,42,893.9287439,0.9433862146
2020-01-23,44,9684.577026,10.70529926
2020-01-23,45,5601.832901,6.753928168
2020-01-23,46,3730.501688,4.499732187
2020-01-23,49,3095.380282,3.969612869
2020-01-23,5,10338.96646,10.93980831
2020-01-23,51,12041.45553,15.34491194
2020-01-23,52,6536.698856,7.734871547
2020-01-23,55,4408.184254,5.391096396
2020-01-23,57,3695.62162,4.839404092
2020-01-23,59,11486.10046,12.81917626
2020-01-23,61,1094.71633,1.249925348
2020-01-23,63,5253.478125,5.35253823
2020-01-23,64,1459.984915,1.666193146
2020-01-23,66,8165.72885,9.277583885
2020-01-23,68,18423.9486,20.4904019
2020-01-23,69,6128.04688,6.799520257
2020-01-23,71,3868.302414,5.216153017
2020-01-23,72,3100.611611,3.440260759
2020-01-23,73,5633.136439,6.282900095
2020-01-23,74,2917.933211,3.84821953
2020-01-23,75,3956.25203,5.298548089
2020-01-23,77,4424.006393,4.80098607
2020-01-23,8,3744.488492,4.443674637
2020-01-23,80,3735.343442,4.590711272
2020-01-23,81,3928.704361,5.767623661
2020-01-23,83,1309.589543,1.544374062
2020-01-23,84,3938.009641,5.546337031
2020-01-23,88,8449.229613,9.827982075
2020-01-23,89,8882.446213,10.3955691
2020-01-23,90,3237.839774,3.530908199
2020-01-23,92,6199.09937,7.195803607
2020-01-23,93,3241.766855,3.254852052
2020-01-23,95,2958.297967,4.732086034
2020-01-23,96,11136.11395,11.98520695
2020-01-23,97,3525.063844,3.642826529
2020-01-23,98,6426.425057,6.670123241
2020-01-24,10,12741.0741,15.06344992
2020-01-24,103,4693.827279,5.892372707
2020-01-24,105,10424.87301,10.52870993
2020-01-24,108,3780.976561,4.761503657
2020-01-24,11,8767.431179,9.556931239
2020-01-24,110,12710.0469,15.06344992
2020-01-24,111,8744.115159,9.556931239
2020-01-24,115,5160.692698,5.965261604
2020-01-24,118,3085.133811,3.616403931
2020-01-24,119,2657.385352,2.641657129
2020-01-24,120,6859.682121,8.421193593
2020-01-24,122,2711.744233,4.630120196
2020-01-24,123,1407.386304,2.397150664
2020-01-24,125,9928.086843,11.05285005
2020-01-24,126,5935.173166,6.779567525
2020-01-24,127,1200.032313,1.4320494
2020-01-24,128,10589.09071,11.84791834
2020-01-24,131,6601.118132,7.282102546
2020-01-24,133,1315.188296,1.830761714
2020-01-24,135,1187.495223,1.860026148
2020-01-24,136,2754.596305,4.52279666
2020-01-24,138,8149.081604,8.54523166
2020-01-24,139,1125.296977,1.386383032
2020-01-24,141,4643.741734,7.625381978
2020-01-24,142,911.1004853,1.03746944
2020-01-24,144,9695.247316,10.49275152
2020-01-24,145,5654.844468,6.49973993
2020-01-24,146,3725.551814,4.315250301
2020-01-24,149,3067.628182,3.637891592
2020-01-24,15,5219.847141,5.965261604
2020-01-24,151,12138.72444,14.94858384
2020-01-24,152,6442.711607,7.003994889
2020-01-24,155,4477.125533,6.271286254
2020-01-24,157,3652.403171,4.698668728
2020-01-24,159,11160.63726,13.82513514
2020-01-24,161,1082.051677,1.386030432
2020-01-24,163,5283.672256,6.055116117
2020-01-24,164,1393.173264,1.861446878
2020-01-24,166,8190.300977,9.248755591
2020-01-24,168,18748.35879,19.50033071
2020-01-24,169,6221.457611,7.309108447
2020-01-24,171,3784.2642,4.279695938
2020-01-24,172,3178.808295,3.548148481
2020-01-24,173,5733.184185,6.661295416
2020-01-24,174,2974.388156,3.687138239
2020-01-24,175,3957.011728,4.460292572
2020-01-24,177,4546.65884,5.372550329
2020-01-24,18,3057.298754,3.616403931
2020-01-24,180,3728.538733,4.221980256
2020-01-24,181,3898.691388,4.557703351
2020-01-24,183,1263.434212,1.530338032
2020-01-24,184,3985.851436,5.657368571
2020-01-24,188,8561.39772,9.846129564
2020-01-24,189,9056.103886,11.67575102
2020-01-24,19,2618.618076,2.641657129
2020-01-24,190,3229.910721,4.428147872
2020-01-24,192,6170.755864,6.999393184
2020-01-24,193,3396.048571,3.632356759
2020-01-24,195,2942.911621,3.944285692
2020-01-24,196,10824.25851,11.66330233
2020-01-24,197,3573.095137,3.529786119
2020-01-24,198,6423.642658,7.218927698
2020-01-24,20,6904.627228,8.421193593
2020-01-24,22,2756.168405,4.630120196
2020-01-24,23,1442.305572,2.397150664
2020-01-24,25,10055.23478,11.05285005
2020-01-24,26,5989.937374,6.779567525
2020-01-24,27,1197.241579,1.4320494
2020-01-24,28,10586.21434,11.84791834
2020-01-24,3,4739.45385,5.892372707
2020-01-24,31,6626.347426,7.282102546
2020-01-24,33,1359.184398,1.830761714
2020-01-24,35,1233.187307,1.860026148
2020-01-24,36,2771.705455,4.52279666
2020-01-24,38,8142.706955,8.54523166
2020-01-24,39,1124.365147,1.386383032
2020-01-24,41,4668.730117,7.625381978
2020-01-24,42,902.0519252,1.03746944
2020-01-24,44,9726.307633,10.49275152
2020-01-24,45,5597.797049,6.49973993
2020-01-24,46,3753.678574,4.315250301
2020-01-24,49,3106.304282,3.637891592
2020-01-24,5,10477.82024,10.52870993
2020-01-24,51,11940.46555,14.94858384
2020-01-24,52,6504.294879,7.003994889
2020-01-24,55,4465.400356,6.271286254
2020-01-24,57,3676.209682,4.698668728
2020-01-24,59,11345.09163,13.82513514
2020-01-24,61,1081.918593,1.386030432
2020-01-24,63,5199.437101,6.055116117
2020-01-24,64,1432.43071,1.861446878
2020-01-24,66,8240.109709,9.248755591
2020-01-24,68,18643.24751,19.50033071
2020-01-24,69,6119.877155,7.309108447
2020-01-24,71,3799.393867,4.279695938
2020-01-24,72,3129.133118,3.548148481
2020-01-24,73,5672.118312,6.661295416
2020-01-24,74,2949.082682,3.687138239
2020-01-24,75,3930.107042,4.460292572
2020-01-24,77,4490.503937,5.372550329
2020-01-24,8,3782.759886,4.761503657
2020-01-24,80,3742.36079,4.221980256
2020-01-24,81,3926.34734,4.557703351
2020-01-24,83,1303.99324,1.530338032
2020-01-24,84,3925.543302,5.657368571
2020-01-24,88,8494.157056,9.846129564
2020-01-24,89,8937.248544,11.67575102
2020-01-24,90,3280.438153,4.428147872
2020-01-24,92,6206.78139,6.999393184
2020-01-24,93,3274.979972,3.632356759
2020-01-24,95,2907.411371,3.944285692
2020-01-24,96,10948.74874,11.66330233
2020-01-24,97,3517.203081,3.529786119
2020-01-24,98,6370.921168,7.218927698
2020-01-25,10,12648.58751,15.3699258
2020-01-25,103,4733.399579,6.049808412
2020-01-25,105,10410.07096,11.30973451
2020-01-25,108,3875.325589,4.649107426
2020-01-25,11,8712.011892,10.31979931
2020-01-25,110,12575.30967,15.3699258
2020-01-25,111,8739.114247,10.31979931
2020-01-25,115,5114.311772,6.753611657
2020-01-25,118,3006.87826,4.147196803
2020-01-25,119,2639.9361,3.897672116
2020-01-25,120,6820.039519,8.22285567
2020-01-25,122,2665.44149,3.544243035
2020-01-25,123,1382.2098,1.617566076
2020-01-25,125,9852.307456,11.38501154
2020-01-25,126,6164.827828,6.32257789
2020-01-25,127,1193.807319,1.260984877
2020-01-25,128,10352.81012,11.21950397
2020-01-25,131,6777.234626,7.58982648
2020-01-25,133,1340.966712,1.96250732
2020-01-25,135,1207.002238,1.799337188
2020-01-25,136,2789.075726,3.723292022
2020-01-25,138,8131.450716,9.883134499
2020-01-25,139,1140.430643,1.399079888
2020-01-25,141,4658.1906,5.965007742
2020-01-25,142,867.1706365,1.638735822
2020-01-25,144,9710.587365,10.03571718
2020-01-25,145,5637.664423,6.67351565
2020-01-25,146,3702.026937,4.228324313
2020-01-25,149,3013.585162,3.517480853
2020-01-25,15,5102.744231,6.753611657
2020-01-25,151,11784.25962,13.67975281
2020-01-25,152,6451.450245,8.191084723
2020-01-25,155,4561.831853,4.937416315
2020-01-25,157,3681.352747,4.072881155
2020-01-25,159,11256.32127,13.17090924
2020-01-25,161,1065.779314,1.161385137
2020-01-25,163,5249.402387,6.246263421
2020-01-25,164,1431.283679,1.867613907
2020-01-25,166,8034.09461,10.81041106
2020-01-25,168,18526.82418,20.1977461
2020-01-25,169,6044.182341,7.581238827
2020-01-25,171,3818.72083,4.11524463
2020-01-25,172,3021.884648,4.160154827
2020-01-25,173,5716.176065,6.028886085
2020-01-25,174,3058.708515,4.595775654
2020-01-25,175,3947.431846,4.551950576
2020-01-25,177,4539.490172,5.001638893
2020-01-25,18,3023.224813,4.147196803
2020-01-25,180,3722.088772,4.953669426
2020-01-25,181,3808.535938,4.203147446
2020-01-25,183,1259.709455,1.628564909
2020-01-25,184,3825.581305,4.588958256
2020-01-25,188,8380.514383,9.686942956
2020-01-25,189,8691.325036,10.17174687
2020-01-25,19,2607.124252,3.897672116
2020-01-25,190,3383.722311,3.5146278
2020-01-25,192,6155.091833,7.677012498
2020-01-25,193,3252.276654,3.58321764
2020-01-25,195,2890.162587,3.783166302
2020-01-25,196,10707.79407,11.68470236
2020-01-25,197,3499.467792,4.059640125
2020-01-25,198,6197.713466,6.988338868
2020-01-25,20,6820.183862,8.22285567
2020-01-25,22,2712.598323,3.544243035
2020-01-25,23,1408.329804,1.617566076
2020-01-25,25,9918.282804,11.38501154
2020-01-25,26,5901.334204,6.32257789
2020-01-25,27,1193.068057,1.260984877
2020-01-25,28,10443.2977,11.21950397
2020-01-25,3,4725.153985,6.049808412
2020-01-25,31,6589.292722,7.58982648
2020-01-25,33,1373.334403,1.96250732
2020-01-25,35,1202.937153,1.799337188
2020-01-25,36,2780.292532,3.723292022
2020-01-25,38,8074.280719,9.883134499
2020-01-25,39,1135.174195,1.399079888
2020-01-25,41,4613.637788,5.965007742
2020-01-25,42,893.9859494,1.638735822
2020-01-25,44,9624.687248,10.03571718
2020-01-25,45,5556.007868,6.67351565
2020-01-25,46,3734.384538,4.228324313
2020-01-25,49,3030.990337,3.517480853
2020-01-25,5,10425.17487,11.30973451
2020-01-25,51,11662.74659,13.67975281
2020-01-25,52,6443.098422,8.191084723
2020-01-25,55,4479.127311,4.937416315
2020-01-25,57,3673.018018,4.072881155
2020-01-25,59,11261.23397,13.17090924
2020-01-25,61,1088.454695,1.161385137
2020-01-25,63,5272.340395,6.246263421
2020-01-25,64,1427.632828,1.867613907
2020-01-25,66,8160.121139,10.81041106
2020-01-25,68,18290.90077,20.1977461
2020-01-25,69,6133.132273,7.581238827
2020-01-25,71,3778.466278,4.11524463
2020-01-25,72,3097.783126,4.160154827
2020-01-25,73,5664.965544,6.028886085
2020-01-25,74,3019.418395,4.595775654
2020-01-25,75,3921.989453,4.551950576
2020-01-25,77,4460.775676,5.001638893
2020-01-25,8,3830.029278,4.649107426
2020-01-25,80,3702.472025,4.953669426
2020-01-25,81,3849.008663,4.203147446
2020-01-25,83,1299.178601,1.628564909
2020-01-25,84,3878.037256,4.588958256
2020-01-25,88,8306.003938,9.686942956
2020-01-25,89,8758.388541,10.17174687
2020-01-25,90,3298.464353,3.5146278
2020-01-25,92,6197.340624,7.677012498
2020-01-25,93,3273.487397,3.58321764
2020-01-25,95,2889.301871,3.783166302
2020-01-25,96,10858.32249,11.68470236
2020-01-25,97,3554.791591,4.059640125
2020-01-25,98,6290.63743,6.988338868
2020-01-26,10,12595.73255,14.33944268
2020-01-26,103,4613.407796,4.821146617
2020-01-26,105,10452.57945,10.83854629
2020-01-26,108,3819.318649,4.486463649
2020-01-26,11,8683.486033,11.4352359
2020-01-26,110,12553.14723,14.33944268
2020-01-26,111,8726.353288,11.4352359
2020-01-26,115,4880.166052,5.222232934
2020-01-26,118,3039.399492,3.797727263
2020-01-26,119,2650.849714,3.380251897
2020-01-26,120,6620.640644,8.409690895
2020-01-26,122,2638.029273,3.79207266
2020-01-26,123,1404.745127,1.767675976
2020-01-26,125,9883.954968,11.98205858
2020-01-26,126,6015.960253,6.631005584
2020-01-26,127,1189.816096,1.527032813
2020-01-26,128,10340.93794,11.27381796
2020-01-26,131,6479.71772,7.459138623
2020-01-26,133,1352.982294,1.743034532
2020-01-26,135,1178.106336,1.94200658
2020-01-26,136,2799.975254,3.372807535
2020-01-26,138,7916.424796,9.634391136
2020-01-26,139,1115.469828,1.450083673
2020-01-26,141,4516.562998,5.227299041
2020-01-26,142,883.2159438,0.9523028065
2020-01-26,144,9510.459664,10.88412507
2020-01-26,145,5715.770685,6.269678365
2020-01-26,146,3636.589517,4.452525364
2020-01-26,149,3016.365963,3.716091968
2020-01-26,15,4965.505348,5.222232934
2020-01-26,151,11367.2029,13.99703471
2020-01-26,152,6335.385134,7.097219506
2020-01-26,155,4557.291213,6.216021284
2020-01-26,157,3582.268837,4.887096952
2020-01-26,159,11281.81205,13.44420419
2020-01-26,161,1067.309343,1.491896382
2020-01-26,163,5305.783083,5.61843677
2020-01-26,164,1474.655785,1.926499497
2020-01-26,166,8060.159362,8.852997995
2020-01-26,168,17628.79344,20.15359328
2020-01-26,169,6139.82104,8.222062569
2020-01-26,171,3742.683608,3.766255205
2020-01-26,172,3079.834295,4.15638002
2020-01-26,173,5669.476015,6.295341876
2020-01-26,174,2980.357465,3.503551025
2020-01-26,175,3856.918419,4.739976802
2020-01-26,177,4428.535664,5.262256098
2020-01-26,18,3056.175536,3.797727263
2020-01-26,180,3706.188582,4.966374979
2020-01-26,181,3747.458281,4.799642287
2020-01-26,183,1299.717913,1.557412812
2020-01-26,184,3802.899494,4.661342593
2020-01-26,188,8330.598051,9.514504203
2020-01-26,189,8702.285559,10.20781452
2020-01-26,19,2617.591572,3.380251897
2020-01-26,190,3320.359924,4.349350569
2020-01-26,192,6128.991579,7.98425731
2020-01-26,193,3144.47159,3.890262392
2020-01-26,195,2847.519255,3.361046271
2020-01-26,196,11179.34961,12.35921699
2020-01-26,197,3528.28492,3.618175989
2020-01-26,198,6276.730908,7.418614925
2020-01-26,20,6656.249142,8.409690895
2020-01-26,22,2693.798284,3.79207266
2020-01-26,23,1426.264048,1.767675976
2020-01-26,25,9867.116185,11.98205858
2020-01-26,26,5881.727353,6.631005584
2020-01-26,27,1170.276527,1.527032813
2020-01-26,28,10281.0126,11.27381796
2020-01-26,3,4659.708542,4.821146617
2020-01-26,31,6456.954662,7.459138623
2020-01-26,33,1358.815324,1.743034532
2020-01-26,35,1188.144607,1.94200658
2020-01-26,36,2779.480874,3.372807535
2020-01-26,38,7902.357282,9.634391136
2020-01-26,39,1130.857579,1.450083673
2020-01-26,41,4520.457984,5.227299041
2020-01-26,42,890.5188498,0.9523028065
2020-01-26,44,9557.143754,10.88412507
2020-01-26,45,5578.29887,6.269678365
2020-01-26,46,3648.673278,4.452525364
2020-01-26,49,2979.418699,3.716091968
2020-01-26,5,10269.11176,10.83854629
2020-01-26,51,11475.68725,13.99703471
2020-01-26,52,6330.449146,7.097219506
2020-01-26,55,4482.097899,6.216021284
2020-01-26,57,3616.52436,4.887096952
2020-01-26,59,11205.5817,13.44420419
2020-01-26,61,1081.478964,1.491896382
2020-01-26,63,5265.497164,5.61843677
2020-01-26,64,1442.649316,1.926499497
2020-01-26,66,8044.293483,8.852997995
2020-01-26,68,17795.1202,20.15359328
2020-01-26,69,6148.58253,8.222062569
2020-01-26,71,3729.155092,3.766255205
2020-01-26,72,3098.078434,4.15638002
2020-01-26,73,5721.32737,6.295341876
2020-01-26,74,2983.335557,3.503551025
2020-01-26,75,3853.062501,4.739976802
2020-01-26,77,4447.938834,5.262256098
2020-01-26,8,3794.375779,4.486463649
2020-01-26,80,3697.405545,4.966374979
2020-01-26,81,3743.537411,4.799642287
2020-01-26,83,1278.923131,1.557412812
2020-01-26,84,3748.392659,4.661342593
2020-01-26,88,8310.970235,9.514504203
2020-01-26,89,8734.092673,10.20781452
2020-01-26,90,3279.510565,4.349350569
2020-01-26,92,6142.63247,7.98425731
2020-01-26,93,3202.225639,3.890262392
2020-01-26,95,2838.508464,3.361046271
2020-01-26,96,11013.1492,12.35921699
2020-01-26,97,3531.367944,3.618175989
2020-01-26,98,6267.22527,7.418614925
2020-01-27,10,12513.06189,14.17457617
2020-01-27,103,4817.721093,6.111257643
2020-01-27,105,10329.29161,10.76880155
2020-01-27,108,3772.341401,4.344129705
2020-01-27,11,8677.903681,10.49088364
2020-01-27,110,12548.36894,14.17457617
2020-01-27,111,8806.550126,10.49088364
2020-01-27,115,4964.404754,5.464600221
2020-01-27,118,3013.054816,3.292712095
2020-01-27,119,2599.153386,3.388603719
2020-01-27,120,6676.250344,8.670247388
2020-01-27,122,2669.518072,3.218417163
2020-01-27,123,1424.74514,1.887367582
2020-01-27,125,9894.628194,11.64416696
2020-01-27,126,5845.099571,6.780629204
2020-01-27,127,1161.997268,1.348684864
2020-01-27,128,10147.61815,11.32031809
2020-01-27,131,6464.774653,7.96486389
2020-01-27,133,1368.415444,1.364671865
2020-01-27,135,1178.698882,1.530477254
2020-01-27,136,2788.366493,4.123185511
2020-01-27,138,7858.831358,8.680815464
2020-01-27,139,1117.821031,1.193894393
2020-01-27,141,4523.143934,5.826454213
2020-01-27,142,913.508236,1.246945524
2020-01-27,144,9625.999763,9.859691038
2020-01-27,145,5690.05152,6.458438578
2020-01-27,146,3642.286879,4.127211299
2020-01-27,149,2981.848159,3.757892212
2020-01-27,15,4912.002376,5.464600221
2020-01-27,151,11397.95725,12.86477226
2020-01-27,152,6210.079566,6.926697403
2020-01-27,155,4668.573209,5.799477299
2020-01-27,157,3651.084124,4.973538232
2020-01-27,159,11201.27718,13.37947227
2020-01-27,161,1101.843902,1.448229432
2020-01-27,163,5448.9198,5.831455257
2020-01-27,164,1469.303987,2.049645368
2020-01-27,166,7989.585062,10.45341673
2020-01-27,168,17897.80588,19.77668143
2020-01-27,169,6200.168885,7.213351618
2020-01-27,171,3591.889746,5.668720572
2020-01-27,172,3094.890671,3.970183446
2020-01-27,173,5870.40451,7.095471746
2020-01-27,174,2993.579501,3.604905149
2020-01-27,175,3957.633654,5.023401183
2020-01-27,177,4397.125303,5.321743273
2020-01-27,18,3035.778178,3.292712095
2020-01-27,180,3626.849934,4.928116922
2020-01-27,181,3567.887041,5.472755013
2020-01-27,183,1261.874002,1.679973298
2020-01-27,184,3794.885884,4.509887156
2020-01-27,188,8215.088258,9.6892349
2020-01-27,189,8891.218126,9.484965715
2020-01-27,19,2603.022419,3.388603719
2020-01-27,190,3203.913258,4.680950688
2020-01-27,192,6111.149315,7.394941736
2020-01-27,193,3183.709659,3.218861803
2020-01-27,195,2888.868799,3.180766556
2020-01-27,196,11148.37852,12.04555896
2020-01-27,197,3485.258688,4.262546217
2020-01-27,198,6240.965587,7.292388122
2020-01-27,20,6645.587878,8.670247388
2020-01-27,22,2691.045255,3.218417163
2020-01-27,23,1440.107418,1.887367582
2020-01-27,25,9973.555559,11.64416696
2020-01-27,26,5856.980288,6.780629204
2020-01-27,27,1148.885232,1.348684864
2020-01-27,28,10225.66603,11.32031809
2020-01-27,3,4721.746326,6.111257643
2020-01-27,31,6474.218328,7.96486389
2020-01-27,33,1363.776799,1.364671865
2020-01-27,35,1201.925638,1.530477254
2020-01-27,36,2773.798084,4.123185511
2020-01-27,38,7841.992647,8.680815464
2020-01-27,39,1107.146077,1.193894393
2020-01-27,41,4507.247598,5.826454213
2020-01-27,42,912.3579369,1.246945524
2020-01-27,44,9550.570232,9.859691038
2020-01-27,45,5667.049925,6.458438578
2020-01-27,46,3641.863867,4.127211299
2020-01-27,49,3018.066971,3.757892212
2020-01-27,5,10476.44942,10.76880155
2020-01-27,51,11349.20278,12.86477226
2020-01-27,52,6327.272051,6.926697403
2020-01-27,55,4615.300226,5.799477299
2020-01-27,57,3636.411118,4.973538232
2020-01-27,59,11256.70314,13.37947227
2020-01-27,61,1085.760672,1.448229432
2020-01-27,63,5326.783218,5.831455257
2020-01-27,64,1442.572628,2.049645368
2020-01-27,66,8006.560841,10.45341673
2020-01-27,68,17658.3882,19.77668143
2020-01-27,69,6205.77014,7.213351618
2020-01-27,71,3657.140648,5.668720572
2020-01-27,72,3071.579593,3.970183446
2020-01-27,73,5814.853228,7.095471746
2020-01-27,74,3008.347902,3.604905149
2020-01-27,75,3869.469438,5.023401183
2020-01-27,77,4394.380949,5.321743273
2020-01-27,8,3795.956495,4.344129705
2020-01-27,80,3665.970724,4.928116922
2020-01-27,81,3688.878647,5.472755013
2020-01-27,83,1256.555494,1.679973298
2020-01-27,84,3767.673454,4.509887156
2020-01-27,88,8264.994745,9.6892349
2020-01-27,89,8768.976938,9.484965715
2020-01-27,90,3223.806263,4.680950688
2020-01-27,92,6157.115628,7.394941736
2020-01-27,93,3186.836141,3.218861803
2020-01-27,95,2864.469234,3.180766556
2020-01-27,96,11073.27629,12.04555896
2020-01-27,97,3466.425589,4.262546217
2020-01-27,98,6279.138428,7.292388122
2020-01-28,10,12644.39957,14.32339787
2020-01-28,103,4741.799046,5.306706451
2020-01-28,105,10224.93288,11.25009616
2020-01-28,108,3802.480776,4.10515999
2020-01-28,11,8729.733334,10.87545075
2020-01-28,110,12860.32068,14.32339787
2020-01-28,111,8773.905772,10.87545075
2020-01-28,115,4791.05864,5.560334794
2020-01-28,118,3064.66317,4.225936467
2020-01-28,119,2600.990968,3.145298752
2020-01-28,120,6749.285326,7.589423132
2020-01-28,122,2680.120339,3.300795122
2020-01-28,123,1470.410748,1.82993939
2020-01-28,125,10096.88669,11.53235844
2020-01-28,126,5995.37859,7.722881833
2020-01-28,127,1190.544429,1.379338902
2020-01-28,128,10289.61368,11.1448265
2020-01-28,131,6567.154648,7.396560976
2020-01-28,133,1380.666837,1.649504937
2020-01-28,135,1189.395692,2.1639709
2020-01-28,136,2814.387208,2.920958767
2020-01-28,138,7936.717276,8.608873796
2020-01-28,139,1108.104106,1.14292787
2020-01-28,141,4553.451654,6.125878131
2020-01-28,142,930.7708608,1.197611422
2020-01-28,144,9711.570248,10.51168914
2020-01-28,145,5571.085403,6.057695758
2020-01-28,146,3708.263289,4.231546652
2020-01-28,149,3110.267486,3.801017679
2020-01-28,15,4870.364606,5.560334794
2020-01-28,151,11290.27112,13.63901139
2020-01-28,152,6388.699756,7.001498816
2020-01-28,155,4886.123512,5.15946041
2020-01-28,157,3685.187385,3.895648796
2020-01-28,159,11349.83253,11.76730485
2020-01-28,161,1082.92706,1.464249223
2020-01-28,163,5283.573467,6.078307098
2020-01-28,164,1434.705583,1.560174292
2020-01-28,166,8082.980557,9.771621287
2020-01-28,168,17453.83183,18.42632527
2020-01-28,169,6149.728522,7.482318151
2020-01-28,171,3723.214401,5.068467989
2020-01-28,172,3138.8737,3.480761402
2020-01-28,173,5751.724062,6.958021974
2020-01-28,174,2995.434043,3.504029369
2020-01-28,175,3942.8167,5.818853087
2020-01-28,177,4315.0611,4.722881422
2020-01-28,18,3041.077638,4.225936467
2020-01-28,180,3682.672796,4.750042652
2020-01-28,181,3731.92227,5.552187703
2020-01-28,183,1227.280234,2.362956454
2020-01-28,184,3813.50677,4.279056992
2020-01-28,188,8257.156668,9.054193343
2020-01-28,189,8993.439637,11.51569978
2020-01-28,19,2591.560322,3.145298752
2020-01-28,190,3386.14566,3.723412628
2020-01-28,192,6447.225302,7.646040765
2020-01-28,193,3268.171218,3.675699681
2020-01-28,195,2896.657543,3.112208832
2020-01-28,196,11051.77604,12.20562198
2020-01-28,197,3431.026225,3.560840926
2020-01-28,198,6242.475279,8.172798999
2020-01-28,20,6746.521235,7.589423132
2020-01-28,22,2690.949233,3.300795122
2020-01-28,23,1476.500436,1.82993939
2020-01-28,25,10067.5685,11.53235844
2020-01-28,26,5898.369497,7.722881833
2020-01-28,27,1164.480436,1.379338902
2020-01-28,28,10301.87103,11.1448265
2020-01-28,3,4776.455879,5.306706451
2020-01-28,31,6557.557998,7.396560976
2020-01-28,33,1400.212247,1.649504937
2020-01-28,35,1196.654448,2.1639709
2020-01-28,36,2810.339272,2.920958767
2020-01-28,38,7918.532587,8.608873796
2020-01-28,39,1121.158925,1.14292787
2020-01-28,41,4572.815768,6.125878131
2020-01-28,42,905.2444289,1.197611422
2020-01-28,44,9667.000254,10.51168914
2020-01-28,45,5586.754043,6.057695758
2020-01-28,46,3742.204153,4.231546652
2020-01-28,49,3074.998818,3.801017679
2020-01-28,5,10595.11084,11.25009616
2020-01-28,51,11296.78603,13.63901139
2020-01-28,52,6313.449251,7.001498816
2020-01-28,55,4736.417661,5.15946041
2020-01-28,57,3652.727724,3.895648796
2020-01-28,59,11368.21941,11.76730485
2020-01-28,61,1091.644374,1.464249223
2020-01-28,63,5424.774055,6.078307098
2020-01-28,64,1441.586331,1.560174292
2020-01-28,66,8055.632965,9.771621287
2020-01-28,68,17714.84367,18.42632527
2020-01-28,69,6284.010466,7.482318151
2020-01-28,71,3686.4625,5.068467989
2020-01-28,72,3133.319341,3.480761402
2020-01-28,73,5716.401368,6.958021974
2020-01-28,74,3042.986917,3.504029369
2020-01-28,75,3918.368198,5.818853087
2020-01-28,77,4369.033026,4.722881422
2020-01-28,8,3776.284812,4.10515999
2020-01-28,80,3690.836066,4.750042652
2020-01-28,81,3791.733972,5.552187703
2020-01-28,83,1255.664255,2.362956454
2020-01-28,84,3754.880603,4.279056992
2020-01-28,88,8246.452299,9.054193343
2020-01-28,89,8952.420658,11.51569978
2020-01-28,90,3300.052954,3.723412628
2020-01-28,92,6276.770497,7.646040765
2020-01-28,93,3269.72347,3.675699681
2020-01-28,95,2925.295801,3.112208832
2020-01-28,96,11028.98293,12.20562198
2020-01-28,97,3448.682838,3.560840926
2020-01-28,98,6280.024938,8.172798999
2020-01-29,10,12549.70854,15.00349839
2020-01-29,103,4728.109317,5.267144971
2020-01-29,105,10469.44537,11.20051234
2020-01-29,108,3890.216187,4.441611192
2020-01-29,11,8648.433825,9.974352905
2020-01-29,110,12658.62037,15.00349839
2020-01-29,111,8456.052814,9.974352905
2020-01-29,115,4871.834876,5.466050845
2020-01-29,118,3073.183896,3.544681322
2020-01-29,119,2544.41709,3.441511711
2020-01-29,120,6792.125566,8.068436146
2020-01-29,122,2718.213567,3.386354608
2020-01-29,123,1448.96881,1.46723949
2020-01-29,125,10156.10189,11.78434381
2020-01-29,126,5805.912288,6.029634759
2020-01-29,127,1172.708156,2.056690969
2020-01-29,128,10303.1177,11.88627687
2020-01-29,131,6541.748393,7.031313522
2020-01-29,133,1420.571735,2.060138447
2020-01-29,135,1197.842898,1.571814934
2020-01-29,136,2814.856006,3.433329375
2020-01-29,138,7945.939353,8.925160527
2020-01-29,139,1157.430954,1.341032097
2020-01-29,141,4643.602903,5.896734235
2020-01-29,142,928.0672243,1.228138039
2020-01-29,144,9771.049963,10.45752738
2020-01-29,145,5513.288903,6.60734412
2020-01-29,146,3723.322494,3.973338965
2020-01-29,149,2987.819327,3.816549224
2020-01-29,15,4906.043568,5.466050845
2020-01-29,151,11298.87025,14.2440346
2020-01-29,152,6167.273983,6.425427531
2020-01-29,155,4802.790465,5.434313874
2020-01-29,157,3685.871011,4.588689055
2020-01-29,159,11414.4839,11.93595155
2020-01-29,161,1054.107699,1.222455507
2020-01-29,163,5506.814639,6.415034617
2020-01-29,164,1372.647208,2.318861759
2020-01-29,166,8071.789307,10.4298944
2020-01-29,168,17785.07151,19.75138319
2020-01-29,169,6264.503229,7.416654636
2020-01-29,171,3666.663716,3.761619451
2020-01-29,172,3197.088869,3.672300607
2020-01-29,173,5881.463743,6.066551306
2020-01-29,174,3006.221252,4.293405734
2020-01-29,175,3915.206563,4.29993608
2020-01-29,177,4458.332937,5.285638899
2020-01-29,18,3082.083066,3.544681322
2020-01-29,180,3666.358534,4.153680217
2020-01-29,181,3829.935672,4.526648424
2020-01-29,183,1229.94475,1.860289844
2020-01-29,184,3722.227781,4.29745648
2020-01-29,188,8374.147939,9.817780033
2020-01-29,189,9094.176377,10.27253345
2020-01-29,19,2548.230474,3.441511711
2020-01-29,190,3277.106535,4.629103547
2020-01-29,192,6354.810673,7.051025669
2020-01-29,193,3413.605858,3.539729121
2020-01-29,195,2919.971354,3.626460501
2020-01-29,196,10939.55637,11.77884508
2020-01-29,197,3458.549683,3.904801509
2020-01-29,198,6239.01325,6.603997209
2020-01-29,20,6762.953922,8.068436146
2020-01-29,22,2696.911907,3.386354608
2020-01-29,23,1466.157105,1.46723949
2020-01-29,25,10018.16991,11.78434381
2020-01-29,26,5761.997771,6.029634759
2020-01-29,27,1144.946805,2.056690969
2020-01-29,28,10268.46047,11.88627687
2020-01-29,3,4757.004865,5.267144971
2020-01-29,31,6529.193201,7.031313522
2020-01-29,33,1400.525231,2.060138447
2020-01-29,35,1203.831816,1.571814934
2020-01-29,36,2819.205255,3.433329375
2020-01-29,38,7955.585473,8.925160527
2020-01-29,39,1137.55536,1.341032097
2020-01-29,41,4556.834764,5.896734235
2020-01-29,42,921.6110971,1.228138039
2020-01-29,44,9787.577569,10.45752738
2020-01-29,45,5524.498582,6.60734412
2020-01-29,46,3697.68947,3.973338965
2020-01-29,49,3049.612385,3.816549224
2020-01-29,5,10602.94968,11.20051234
2020-01-29,51,11326.07095,14.2440346
2020-01-29,52,6214.87372,6.425427531
2020-01-29,55,4763.377879,5.434313874
2020-01-29,57,3637.994927,4.588689055
2020-01-29,59,11354.89178,11.93595155
2020-01-29,61,1080.190658,1.222455507
2020-01-29,63,5522.813904,6.415034617
2020-01-29,64,1392.383206,2.318861759
2020-01-29,66,8036.345988,10.4298944
2020-01-29,68,17711.18517,19.75138319
2020-01-29,69,6338.102186,7.416654636
2020-01-29,71,3690.584368,3.761619451
2020-01-29,72,3180.19486,3.672300607
2020-01-29,73,5858.955688,6.066551306
2020-01-29,74,3049.136906,4.293405734
2020-01-29,75,3870.112262,4.29993608
2020-01-29,77,4434.676533,5.285638899
2020-01-29,8,3798.697562,4.441611192
2020-01-29,80,3714.992153,4.153680217
2020-01-29,81,3846.119691,4.526648424
2020-01-29,83,1231.624477,1.860289844
2020-01-29,84,3768.732548,4.29745648
2020-01-29,88,8381.539966,9.817780033
2020-01-29,89,9035.251358,10.27253345
2020-01-29,90,3257.553668,4.629103547
2020-01-29,92,6304.837732,7.051025669
2020-01-29,93,3347.011422,3.539729121
2020-01-29,95,2896.026037,3.626460501
2020-01-29,96,11023.48422,11.77884508
2020-01-29,97,3469.025562,3.904801509
2020-01-29,98,6277.168768,6.603997209
2020-01-30,10,12648.21967,14.35954109
2020-01-30,103,4784.572631,5.19475336
2020-01-30,105,10715.49011,11.7616817
2020-01-30,108,3803.755433,4.604810159
2020-01-30,11,8802.365356,9.96632423
2020-01-30,110,12675.07621,14.35954109
2020-01-30,111,8999.681002,9.96632423
2020-01-30,115,4950.330316,5.499417596
2020-01-30,118,3117.415717,3.229808468
2020-01-30,119,2601.790343,2.933871523
2020-01-30,120,6777.660564,7.695855923
2020-01-30,122,2749.273588,2.954383673
2020-01-30,123,1474.941795,1.455936941
2020-01-30,125,9928.339226,10.96068383
2020-01-30,126,5785.077662,6.0413441
2020-01-30,127,1132.49742,1.359348811
2020-01-30,128,10381.03979,11.81920229
2020-01-30,131,6615.971087,7.748647431
2020-01-30,133,1384.680462,2.07994603
2020-01-30,135,1222.42875,1.682034178
2020-01-30,136,2874.68626,3.567749879
2020-01-30,138,8085.231642,9.246267088
2020-01-30,139,1189.681818,1.4071783
2020-01-30,141,4509.236544,5.296233976
2020-01-30,142,950.1732446,1.403481003
2020-01-30,144,9919.344259,10.40753007
2020-01-30,145,5712.857765,7.076354029
2020-01-30,146,3777.597159,3.823200357
2020-01-30,149,3073.603829,4.154771807
2020-01-30,15,5046.509025,5.499417596
2020-01-30,151,11354.90181,13.3146126
2020-01-30,152,6103.269127,7.325597287
2020-01-30,155,4824.552856,5.415338535
2020-01-30,157,3705.713917,4.24876769
2020-01-30,159,11465.85286,12.68813526
2020-01-30,161,1051.004723,1.179251906
2020-01-30,163,5521.309947,6.912672918
2020-01-30,164,1400.43845,1.77101823
2020-01-30,166,7928.894094,10.73316428
2020-01-30,168,17938.49402,19.2216132
2020-01-30,169,6366.667774,7.472095934
2020-01-30,171,3682.020826,3.976238097
2020-01-30,172,3182.673073,3.730225847
2020-01-30,173,5964.327583,7.270781261
2020-01-30,174,3106.487764,3.234173561
2020-01-30,175,3845.300978,4.664502852
2020-01-30,177,4617.982015,5.948472918
2020-01-30,18,3095.800788,3.229808468
2020-01-30,180,3662.001228,5.033570327
2020-01-30,181,3903.616793,4.415524711
2020-01-30,183,1234.589975,1.449891825
2020-01-30,184,3842.789342,4.752031886
2020-01-30,188,8649.902837,8.963229734
2020-01-30,189,9123.059475,10.93285314
2020-01-30,19,2585.444435,2.933871523
2020-01-30,190,3313.064491,4.226295324
2020-01-30,192,6419.075113,7.303891343
2020-01-30,193,3337.961679,3.663589566
2020-01-30,195,2904.818221,3.458566157
2020-01-30,196,10693.58774,11.74584429
2020-01-30,197,3527.231609,4.009660156
2020-01-30,198,6504.979139,7.376186249
2020-01-30,20,6778.817097,7.695855923
2020-01-30,22,2713.329582,2.954383673
2020-01-30,23,1448.369281,1.455936941
2020-01-30,25,10016.03031,10.96068383
2020-01-30,26,5826.501501,6.0413441
2020-01-30,27,1153.342961,1.359348811
2020-01-30,28,10351.35265,11.81920229
2020-01-30,3,4768.786277,5.19475336
2020-01-30,31,6625.334015,7.748647431
2020-01-30,33,1408.239171,2.07994603
2020-01-30,35,1211.973371,1.682034178
2020-01-30,36,2873.308361,3.567749879
2020-01-30,38,7992.31644,9.246267088
2020-01-30,39,1154.199461,1.4071783
2020-01-30,41,4561.309804,5.296233976
2020-01-30,42,942.4821963,1.403481003
2020-01-30,44,9839.757958,10.40753007
2020-01-30,45,5586.840773,7.076354029
2020-01-30,46,3723.923119,3.823200357
2020-01-30,49,3114.267082,4.154771807
2020-01-30,5,10904.84512,11.7616817
2020-01-30,51,11344.83353,13.3146126
2020-01-30,52,6183.627388,7.325597287
2020-01-30,55,4851.782906,5.415338535
2020-01-30,57,3687.345255,4.24876769
2020-01-30,59,11307.85907,12.68813526
2020-01-30,61,1071.743061,1.179251906
2020-01-30,63,5502.402391,6.912672918
2020-01-30,64,1380.711018,1.77101823
2020-01-30,66,7982.949862,10.73316428
2020-01-30,68,17855.60201,19.2216132
2020-01-30,69,6362.933414,7.472095934
2020-01-30,71,3727.815158,3.976238097
2020-01-30,72,3159.455629,3.730225847
2020-01-30,73,6061.056982,7.270781261
2020-01-30,74,3083.108632,3.234173561
2020-01-30,75,3881.460711,4.664502852
2020-01-30,77,4544.199358,5.948472918
2020-01-30,8,3819.688701,4.604810159
2020-01-30,80,3674.337488,5.033570327
2020-01-30,81,3973.175725,4.415524711
2020-01-30,83,1230.917717,1.449891825
2020-01-30,84,3832.589175,4.752031886
2020-01-30,88,8472.867022,8.963229734
2020-01-30,89,9107.520144,10.93285314
2020-01-30,90,3319.967542,4.226295324
2020-01-30,92,6402.454607,7.303891343
2020-01-30,93,3341.500125,3.663589566
2020-01-30,95,2900.199057,3.458566157
2020-01-30,96,10889.41725,11.74584429
2020-01-30,97,3569.003786,4.009660156
2020-01-30,98,6398.198129,7.376186249
2020-01-31,10,12851.10033,14.37687811
2020-01-31,103,4831.405575,4.968623305
2020-01-31,105,10776.71768,11.49570388
2020-01-31,108,3797.652478,4.490188691
2020-01-31,11,8782.344748,10.48753429
2020-01-31,110,12765.34822,14.37687811
2020-01-31,111,8772.620288,10.48753429
2020-01-31,115,5017.897526,5.45710467
2020-01-31,118,3137.955966,4.216941664
2020-01-31,119,2634.001455,4.151569163
2020-01-31,120,6854.361376,7.810248395
2020-01-31,122,2665.802111,3.253219003
2020-01-31,123,1499.111795,1.762510374
2020-01-31,125,10065.00669,11.84368129
2020-01-31,126,5804.999632,6.695496799
2020-01-31,127,1154.1041,2.250358548
2020-01-31,128,10425.61116,12.3363852
2020-01-31,131,6570.726872,7.406604904
2020-01-31,133,1341.060903,2.058512918
2020-01-31,135,1207.438067,2.335216991
2020-01-31,136,2898.381753,3.933545412
2020-01-31,138,8130.284791,9.163082749
2020-01-31,139,1139.351148,1.166592366
2020-01-31,141,4704.677957,5.275690263
2020-01-31,142,925.576759,1.415295981
2020-01-31,144,9890.091567,10.88780859
2020-01-31,145,5447.217895,7.101507296
2020-01-31,146,3677.459653,4.414011363
2020-01-31,149,3039.43746,4.140698873
2020-01-31,15,5051.889853,5.45710467
2020-01-31,151,11373.47519,12.73963258
2020-01-31,152,6184.173333,6.657086273
2020-01-31,155,4818.021805,5.293329553
2020-01-31,157,3738.744776,5.20912305
2020-01-31,159,11032.11741,12.5476871
2020-01-31,161,1079.023879,1.759892471
2020-01-31,163,5478.190223,5.633336969
2020-01-31,164,1383.04109,1.541178559
2020-01-31,166,7958.684423,10.7002822
2020-01-31,168,17888.59421,19.83551756
2020-01-31,169,6578.207302,7.365445481
2020-01-31,171,3671.388659,4.172067434
2020-01-31,172,3151.294543,4.334827797
2020-01-31,173,6168.83181,6.803255964
2020-01-31,174,3125.584848,3.995295556
2020-01-31,175,3851.379917,4.999825492
2020-01-31,177,4554.933326,5.288653395
2020-01-31,18,3104.435463,4.216941664
2020-01-31,180,3661.850409,4.528320698
2020-01-31,181,3950.514683,4.102905208
2020-01-31,183,1197.974492,1.497440448
2020-01-31,184,3919.551579,4.559418973
2020-01-31,188,8257.698644,9.572750312
2020-01-31,189,8966.626247,10.23987199
2020-01-31,19,2586.340686,4.151569163
2020-01-31,190,3307.529797,4.07790768
2020-01-31,192,6294.250897,7.68104836
2020-01-31,193,3211.272057,3.604091995
2020-01-31,195,2893.975881,3.721627915
2020-01-31,196,10815.30776,11.09704181
2020-01-31,197,3577.060322,4.796132649
2020-01-31,198,6322.958723,7.164670431
2020-01-31,20,6815.763003,7.810248395
2020-01-31,22,2695.646717,3.253219003
2020-01-31,23,1444.69814,1.762510374
2020-01-31,25,10000.5728,11.84368129
2020-01-31,26,5805.306549,6.695496799
2020-01-31,27,1145.565592,2.250358548
2020-01-31,28,10363.44524,12.3363852
2020-01-31,3,4787.032137,4.968623305
2020-01-31,31,6545.443479,7.406604904
2020-01-31,33,1374.483983,2.058512918
2020-01-31,35,1237.991533,2.335216991
2020-01-31,36,2899.452335,3.933545412
2020-01-31,38,8079.381739,9.163082749
2020-01-31,39,1133.358278,1.166592366
2020-01-31,41,4611.55593,5.275690263
2020-01-31,42,928.5974563,1.415295981
2020-01-31,44,9906.400381,10.88780859
2020-01-31,45,5492.299786,7.101507296
2020-01-31,46,3684.625237,4.414011363
2020-01-31,49,3041.609785,4.140698873
2020-01-31,5,10715.03882,11.49570388
2020-01-31,51,11407.44687,12.73963258
2020-01-31,52,6249.147035,6.657086273
2020-01-31,55,4875.215088,5.293329553
2020-01-31,57,3683.973059,5.20912305
2020-01-31,59,11213.97282,12.5476871
2020-01-31,61,1092.323988,1.759892471
2020-01-31,63,5406.757946,5.633336969
2020-01-31,64,1379.569053,1.541178559
2020-01-31,66,8003.463515,10.7002822
2020-01-31,68,17666.76059,19.83551756
2020-01-31,69,6458.64304,7.365445481
2020-01-31,71,3732.896729,4.172067434
2020-01-31,72,3135.174762,4.334827797
2020-01-31,73,6115.767147,6.803255964
2020-01-31,74,3093.46797,3.995295556
2020-01-31,75,3884.845944,4.999825492
2020-01-31,77,4553.516587,5.288653395
2020-01-31,8,3785.889801,4.490188691
2020-01-31,80,3666.615307,4.528320698
2020-01-31,81,3976.193444,4.102905208
2020-01-31,83,1233.382921,1.497440448
2020-01-31,84,3875.230163,4.559418973
2020-01-31,88,8311.225064,9.572750312
2020-01-31,89,9075.674627,10.23987199
2020-01-31,90,3327.8486,4.07790768
2020-01-31,92,6493.664041,7.68104836
2020-01-31,93,3290.305608,3.604091995
2020-01-31,95,2915.194998,3.721627915
2020-01-31,96,10825.15087,11.09704181
2020-01-31,97,3574.807487,4.796132649
2020-01-31,98,6373.822641,7.164670431
2020-02-01,10,12936.86357,14.64587943
2020-02-01,103,4731.086037,5.895769332
2020-02-01,105,10490.03091,10.83493304
2020-02-01,108,3783.810529,5.15718808
2020-02-01,11,8780.433487,10.31837533
2020-02-01,110,12951.12858,14.64587943
2020-02-01,111,8779.355096,10.31837533
2020-02-01,115,5063.222864,6.375950585
2020-02-01,118,3149.187471,3.15992974
2020-02-01,119,2634.992989,2.93049613
2020-02-01,120,6826.263937,7.595928894
2020-02-01,122,2738.602851,2.81578354
2020-02-01,123,1425.238547,1.907895584
2020-02-01,125,9887.353451,11.89521077
2020-02-01,126,5650.351564,6.842721962
2020-02-01,127,1131.94131,1.402402945
2020-02-01,128,10022.33597,10.55534415
2020-02-01,131,6532.658643,8.744130995
2020-02-01,133,1307.038557,1.522573289
2020-02-01,135,1252.671054,1.571704022
2020-02-01,136,2915.825199,3.328552226
2020-02-01,138,8047.953864,9.468376081
2020-02-01,139,1110.378758,1.920692791
2020-02-01,141,4650.54286,5.539466257
2020-02-01,142,925.0237865,1.118847513
2020-02-01,144,9706.763478,11.1402617
2020-02-01,145,5472.817579,5.644218537
2020-02-01,146,3686.10019,4.698611985
2020-02-01,149,3001.392429,3.040880439
2020-02-01,15,5033.848903,6.375950585
2020-02-01,151,11320.71261,13.12509501
2020-02-01,152,6373.844974,7.444005768
2020-02-01,155,4853.958588,5.443871576
2020-02-01,157,3624.374738,4.45987646
2020-02-01,159,11068.21561,12.12077194
2020-02-01,161,1102.743438,1.104430149
2020-02-01,163,5472.781517,6.540605293
2020-02-01,164,1389.535146,1.666285878
2020-02-01,166,7968.649982,9.966011041
2020-02-01,168,17366.23267,19.49086231
2020-02-01,169,6325.808811,8.363346568
2020-02-01,171,3648.664269,4.475336913
2020-02-01,172,3053.592661,3.383804907
2020-02-01,173,5950.961642,7.218645794
2020-02-01,174,3084.262923,3.932624
2020-02-01,175,3905.219325,4.725278362
2020-02-01,177,4527.899553,5.396998157
2020-02-01,18,3095.702958,3.15992974
2020-02-01,180,3683.321485,4.920284171
2020-02-01,181,3867.947712,4.97425004
2020-02-01,183,1233.354494,1.410464896
2020-02-01,184,3825.076104,4.591913961
2020-02-01,188,8187.728617,9.438641616
2020-02-01,189,8770.289948,9.55729665
2020-02-01,19,2582.744956,2.93049613
2020-02-01,190,3318.914533,4.108510711
2020-02-01,192,6567.703359,6.789098857
2020-02-01,193,3274.550807,3.586730836
2020-02-01,195,2967.394372,3.696621107
2020-02-01,196,10379.66116,11.06105387
2020-02-01,197,3647.741985,4.325784179
2020-02-01,198,6273.119752,8.025206953
2020-02-01,20,6828.980786,7.595928894
2020-02-01,22,2707.451611,2.81578354
2020-02-01,23,1408.659821,1.907895584
2020-02-01,25,9914.959588,11.89521077
2020-02-01,26,5790.104678,6.842721962
2020-02-01,27,1121.678818,1.402402945
2020-02-01,28,10018.13345,10.55534415
2020-02-01,3,4728.126705,5.895769332
2020-02-01,31,6531.844007,8.744130995
2020-02-01,33,1339.062322,1.522573289
2020-02-01,35,1252.233199,1.571704022
2020-02-01,36,2925.540852,3.328552226
2020-02-01,38,8032.858928,9.468376081
2020-02-01,39,1097.828472,1.920692791
2020-02-01,41,4551.469549,5.539466257
2020-02-01,42,911.7117954,1.118847513
2020-02-01,44,9685.249411,11.1402617
2020-02-01,45,5434.238316,5.644218537
2020-02-01,46,3661.12667,4.698611985
2020-02-01,49,2995.281305,3.040880439
2020-02-01,5,10554.40579,10.83493304
2020-02-01,51,11320.44415,13.12509501
2020-02-01,52,6220.260701,7.444005768
2020-02-01,55,4815.090324,5.443871576
2020-02-01,57,3633.274507,4.45987646
2020-02-01,59,10977.50494,12.12077194
2020-02-01,61,1094.811579,1.104430149
2020-02-01,63,5434.475291,6.540605293
2020-02-01,64,1387.407834,1.666285878
2020-02-01,66,7878.938184,9.966011041
2020-02-01,68,17296.31403,19.49086231
2020-02-01,69,6303.977173,8.363346568
2020-02-01,71,3651.294488,4.475336913
2020-02-01,72,3081.268534,3.383804907
2020-02-01,73,5962.215908,7.218645794
2020-02-01,74,3086.336943,3.932624
2020-02-01,75,3870.533087,4.725278362
2020-02-01,77,4457.608345,5.396998157
2020-02-01,8,3753.295269,5.15718808
2020-02-01,80,3713.844109,4.920284171
2020-02-01,81,3915.617389,4.97425004
2020-02-01,83,1206.727851,1.410464896
2020-02-01,84,3791.165247,4.591913961
2020-02-01,88,8200.741584,9.438641616
2020-02-01,89,8808.309574,9.55729665
2020-02-01,90,3332.753764,4.108510711
2020-02-01,92,6520.311178,6.789098857
2020-02-01,93,3284.301571,3.586730836
2020-02-01,95,2888.749513,3.696621107
2020-02-01,96,10499.07436,11.06105387
2020-02-01,97,3564.96507,4.325784179
2020-02-01,98,6302.468735,8.025206953
2020-02-02,10,12837.80208,15.61246831
2020-02-02,103,4681.617911,5.106092463
2020-02-02,105,10386.82118,11.05620874
2020-02-02,108,3691.507386,4.83454458
2020-02-02,11,8806.58281,9.642901549
2020-02-02,110,12942.97651,15.61246831
2020-02-02,111,8775.178299,9.642901549
2020-02-02,115,5114.612494,6.067817933
2020-02-02,118,3022.254267,3.607793442
2020-02-02,119,2544.09878,3.349115323
2020-02-02,120,6596.078119,8.172735585
2020-02-02,122,2684.765192,3.713103104
2020-02-02,123,1362.823018,2.202945949
2020-02-02,125,9778.052884,11.20746022
2020-02-02,126,5760.359819,6.112496607
2020-02-02,127,1143.885399,1.255202298
2020-02-02,128,10226.82997,12.1302867
2020-02-02,131,6564.982631,7.024720275
2020-02-02,133,1302.582947,1.611343563
2020-02-02,135,1272.82493,1.313638892
2020-02-02,136,2933.488721,3.444283835
2020-02-02,138,7926.80159,9.194596123
2020-02-02,139,1072.292701,1.558783686
2020-02-02,141,4577.044809,5.319388083
2020-02-02,142,923.9822928,1.466162362
2020-02-02,144,9653.456092,10.38543595
2020-02-02,145,5322.659489,6.109142973
2020-02-02,146,3637.619598,4.628878873
2020-02-02,149,2899.229855,4.994697659
2020-02-02,15,4995.443145,6.067817933
2020-02-02,151,11168.37837,13.27847353
2020-02-02,152,6186.510759,6.87646068
2020-02-02,155,4665.132809,5.226322734
2020-02-02,157,3590.220587,4.247306109
2020-02-02,159,10819.89244,11.43615092
2020-02-02,161,1043.677639,1.298080536
2020-02-02,163,5390.867238,5.746688163
2020-02-02,164,1375.283321,1.691856344
2020-02-02,166,7761.422983,9.963879268
2020-02-02,168,17339.02642,18.31516945
2020-02-02,169,6161.736912,7.426083347
2020-02-02,171,3633.211785,4.547182583
2020-02-02,172,3091.759946,3.910217429
2020-02-02,173,5898.775514,7.030109504
2020-02-02,174,3066.154496,3.320310835
2020-02-02,175,3798.1022,5.952240417
2020-02-02,177,4389.679365,5.839393889
2020-02-02,18,3109.48458,3.607793442
2020-02-02,180,3793.165716,4.537622048
2020-02-02,181,3982.394562,4.78541726
2020-02-02,183,1181.896815,1.448860612
2020-02-02,184,3644.925795,4.634860369
2020-02-02,188,7964.019793,9.094151259
2020-02-02,189,8819.995708,9.953161369
2020-02-02,19,2553.345325,3.349115323
2020-02-02,190,3326.15741,3.405227125
2020-02-02,192,6444.069591,6.792833679
2020-02-02,193,3251.429771,3.760778823
2020-02-02,195,2939.764371,3.416109677
2020-02-02,196,10421.54772,11.39754476
2020-02-02,197,3475.03243,3.829918523
2020-02-02,198,6218.096481,6.533433426
2020-02-02,20,6618.093068,8.172735585
2020-02-02,22,2689.116483,3.713103104
2020-02-02,23,1373.671713,2.202945949
2020-02-02,25,9923.960825,11.20746022
2020-02-02,26,5883.026531,6.112496607
2020-02-02,27,1124.152153,1.255202298
2020-02-02,28,10211.30577,12.1302867
2020-02-02,3,4711.436738,5.106092463
2020-02-02,31,6539.234459,7.024720275
2020-02-02,33,1313.150396,1.611343563
2020-02-02,35,1260.615195,1.313638892
2020-02-02,36,2946.863929,3.444283835
2020-02-02,38,8004.615157,9.194596123
2020-02-02,39,1081.158199,1.558783686
2020-02-02,41,4601.098187,5.319388083
2020-02-02,42,918.8988486,1.466162362
2020-02-02,44,9693.781127,10.38543595
2020-02-02,45,5406.19187,6.109142973
2020-02-02,46,3606.119693,4.628878873
2020-02-02,49,2937.23346,4.994697659
2020-02-02,5,10382.6706,11.05620874
2020-02-02,51,11190.90827,13.27847353
2020-02-02,52,6144.719754,6.87646068
2020-02-02,55,4761.970578,5.226322734
2020-02-02,57,3581.669955,4.247306109
2020-02-02,59,10914.1629,11.43615092
2020-02-02,61,1067.156904,1.298080536
2020-02-02,63,5374.261832,5.746688163
2020-02-02,64,1375.370818,1.691856344
2020-02-02,66,7724.540614,9.963879268
2020-02-02,68,17248.00425,18.31516945
2020-02-02,69,6248.852426,7.426083347
2020-02-02,71,3589.330789,4.547182583
2020-02-02,72,3007.146004,3.910217429
2020-02-02,73,5936.083056,7.030109504
2020-02-02,74,3032.321908,3.320310835
2020-02-02,75,3787.75387,5.952240417
2020-02-02,77,4452.622087,5.839393889
2020-02-02,8,3754.91441,4.83454458
2020-02-02,80,3699.317614,4.537622048
2020-02-02,81,3874.403062,4.78541726
2020-02-02,83,1187.685791,1.448860612
2020-02-02,84,3694.697754,4.634860369
2020-02-02,88,8076.58781,9.094151259
2020-02-02,89,8864.763251,9.953161369
2020-02-02,90,3311.786126,3.405227125
2020-02-02,92,6443.403688,6.792833679
2020-02-02,93,3298.40756,3.760778823
2020-02-02,95,2916.331806,3.416109677
2020-02-02,96,10555.70831,11.39754476
2020-02-02,97,3475.798971,3.829918523
2020-02-02,98,6179.433628,6.533433426
2020-02-03,10,12885.72233,14.12967835
2020-02-03,103,4746.571501,5.061098299
2020-02-03,105,10274.12983,10.45498773
2020-02-03,108,3722.124932,4.941844212
2020-02-03,11,8950.921702,10.24721762
2020-02-03,110,12799.76599,14.12967835
2020-02-03,111,9096.256581,10.24721762
2020-02-03,115,4917.348822,5.567927685
2020-02-03,118,3167.546295,3.821673852
2020-02-03,119,2599.512865,3.722640416
2020-02-03,120,6659.756175,7.748721347
2020-02-03,122,2620.974894,3.719390976
2020-02-03,123,1385.405865,1.632975295
2020-02-03,125,9963.605165,10.65845467
2020-02-03,126,5891.710723,6.261362078
2020-02-03,127,1129.93297,1.208111925
2020-02-03,128,10106.06174,12.17255607
2020-02-03,131,6602.703633,7.908889506
2020-02-03,133,1324.232542,1.484943224
2020-02-03,135,1262.941663,1.720563605
2020-02-03,136,2905.753119,4.281551039
2020-02-03,138,8140.039482,8.604775554
2020-02-03,139,1088.130421,1.705615036
2020-02-03,141,4549.77252,5.507181681
2020-02-03,142,912.7503625,0.9195050539
2020-02-03,144,9745.555756,9.975638948
2020-02-03,145,5254.927657,6.392236
2020-02-03,146,3630.718218,3.808664039
2020-02-03,149,2904.94348,3.984293448
2020-02-03,15,4980.689415,5.567927685
2020-02-03,151,11052.53261,12.85524033
2020-02-03,152,6102.32699,6.940499
2020-02-03,155,4722.347001,5.736363722
2020-02-03,157,3458.126723,3.703355563
2020-02-03,159,10814.80731,12.40859508
2020-02-03,161,1086.495924,1.275419998
2020-02-03,163,5310.593755,6.790700804
2020-02-03,164,1322.833752,1.93258877
2020-02-03,166,7546.621985,9.772728571
2020-02-03,168,17411.36682,19.45719509
2020-02-03,169,6300.355452,8.05730865
2020-02-03,171,3532.387016,4.315400658
2020-02-03,172,3054.117946,3.917887279
2020-02-03,173,5900.486174,6.984550528
2020-02-03,174,3134.144731,3.642301495
2020-02-03,175,3759.663137,3.824476101
2020-02-03,177,4445.113782,4.906267781
2020-02-03,18,3117.086606,3.821673852
2020-02-03,180,3669.07246,4.807469201
2020-02-03,181,3883.244764,4.066559275
2020-02-03,183,1148.992152,1.723710793
2020-02-03,184,3783.087463,4.176470903
2020-02-03,188,8091.097521,9.580274731
2020-02-03,189,8719.301933,11.03248404
2020-02-03,19,2573.369326,3.722640416
2020-02-03,190,3327.478494,4.678446845
2020-02-03,192,6414.911175,6.819133755
2020-02-03,193,3271.578998,3.545085441
2020-02-03,195,2968.683717,4.172186558
2020-02-03,196,10342.73925,11.65578449
2020-02-03,197,3473.82544,3.783056311
2020-02-03,198,6173.921426,8.117238323
2020-02-03,20,6623.473891,7.748721347
2020-02-03,22,2641.669513,3.719390976
2020-02-03,23,1397.447378,1.632975295
2020-02-03,25,9854.030333,10.65845467
2020-02-03,26,5807.704829,6.261362078
2020-02-03,27,1126.603301,1.208111925
2020-02-03,28,10201.04365,12.17255607
2020-02-03,3,4685.046435,5.061098299
2020-02-03,31,6572.005068,7.908889506
2020-02-03,33,1348.742168,1.484943224
2020-02-03,35,1277.030307,1.720563605
2020-02-03,36,2922.929095,4.281551039
2020-02-03,38,8039.566132,8.604775554
2020-02-03,39,1090.34665,1.705615036
2020-02-03,41,4606.198724,5.507181681
2020-02-03,42,894.9036847,0.9195050539
2020-02-03,44,9699.744236,9.975638948
2020-02-03,45,5418.58562,6.392236
2020-02-03,46,3623.140099,3.808664039
2020-02-03,49,2918.393217,3.984293448
2020-02-03,5,10429.97686,10.45498773
2020-02-03,51,11053.5227,12.85524033
2020-02-03,52,6064.783185,6.940499
2020-02-03,55,4736.549365,5.736363722
2020-02-03,57,3505.98595,3.703355563
2020-02-03,59,10891.37772,12.40859508
2020-02-03,61,1083.307861,1.275419998
2020-02-03,63,5402.726056,6.790700804
2020-02-03,64,1342.998522,1.93258877
2020-02-03,66,7685.863514,9.772728571
2020-02-03,68,17205.83482,19.45719509
2020-02-03,69,6287.250548,8.05730865
2020-02-03,71,3545.259878,4.315400658
2020-02-03,72,3063.534051,3.917887279
2020-02-03,73,5817.589709,6.984550528
2020-02-03,74,3068.77212,3.642301495
2020-02-03,75,3748.88732,3.824476101
2020-02-03,77,4438.335496,4.906267781
2020-02-03,8,3714.794731,4.941844212
2020-02-03,80,3620.074232,4.807469201
2020-02-03,81,3928.094649,4.066559275
2020-02-03,83,1163.577662,1.723710793
2020-02-03,84,3760.139405,4.176470903
2020-02-03,88,8142.522667,9.580274731
2020-02-03,89,8716.409514,11.03248404
2020-02-03,90,3311.573044,4.678446845
2020-02-03,92,6422.154588,6.819133755
2020-02-03,93,3295.275126,3.545085441
2020-02-03,95,2909.944318,4.172186558
2020-02-03,96,10549.78007,11.65578449
2020-02-03,97,3499.484024,3.783056311
2020-02-03,98,6145.654529,8.117238323
2020-02-04,10,12990.03448,14.44228998
2020-02-04,103,4796.663759,5.445638349
2020-02-04,105,10033.39854,10.50565295
2020-02-04,108,3795.258817,4.708194336
2020-02-04,11,9045.137528,11.62460515
2020-02-04,110,12972.55131,14.44228998
2020-02-04,111,9043.957487,11.62460515
2020-02-04,115,5091.182486,5.817088971
2020-02-04,118,3169.598346,4.234638837
2020-02-04,119,2552.782487,3.684369966
2020-02-04,120,6713.668647,8.426858374
2020-02-04,122,2702.361952,3.91872555
2020-02-04,123,1387.559927,2.378552585
2020-02-04,125,10003.70202,11.44542898
2020-02-04,126,5731.741021,6.522956892
2020-02-04,127,1105.711714,2.08667522
2020-02-04,128,10171.15874,12.06092437
2020-02-04,131,6696.044358,8.101468161
2020-02-04,133,1386.613072,1.996233065
2020-02-04,135,1296.340188,1.592699633
2020-02-04,136,2935.137979,3.854737901
2020-02-04,138,8405.398029,9.221097343
2020-02-04,139,1092.574328,1.277083655
2020-02-04,141,4612.233283,5.571870825
2020-02-04,142,898.3219764,0.9592752729
2020-02-04,144,10133.87186,10.34812132
2020-02-04,145,5571.83397,6.527419604
2020-02-04,146,3651.017128,4.306938464
2020-02-04,149,2920.506292,3.874971303
2020-02-04,15,5091.662998,5.817088971
2020-02-04,151,11230.97564,14.47536874
2020-02-04,152,6139.807376,6.343848573
2020-02-04,155,4681.79103,5.700712324
2020-02-04,157,3465.324833,4.607767475
2020-02-04,159,11056.98421,12.19406757
2020-02-04,161,1073.185017,1.561059814
2020-02-04,163,5256.919565,5.828777212
2020-02-04,164,1356.49779,1.753069179
2020-02-04,166,7580.321916,9.307522739
2020-02-04,168,17198.301,19.21737848
2020-02-04,169,6285.735688,7.788481532
2020-02-04,171,3531.57391,4.419563803
2020-02-04,172,3070.163103,4.477196485
2020-02-04,173,5819.247597,5.879243243
2020-02-04,174,2988.03043,3.931720521
2020-02-04,175,3833.880793,4.597469188
2020-02-04,177,4482.635661,5.344279995
2020-02-04,18,3178.673986,4.234638837
2020-02-04,180,3783.179576,4.070311924
2020-02-04,181,3969.00609,4.674390756
2020-02-04,183,1147.356361,2.22001758
2020-02-04,184,3705.572992,4.457246221
2020-02-04,188,8224.358345,9.755297763
2020-02-04,189,8746.933548,10.0451612
2020-02-04,19,2585.372768,3.684369966
2020-02-04,190,3382.852128,3.871255278
2020-02-04,192,6480.739841,7.809963266
2020-02-04,193,3332.74963,3.361494785
2020-02-04,195,2916.945528,3.912979084
2020-02-04,196,10511.5399,11.10374027
2020-02-04,197,3639.839189,4.496540283
2020-02-04,198,6253.202264,7.381404176
2020-02-04,20,6712.123673,8.426858374
2020-02-04,22,2698.135448,3.91872555
2020-02-04,23,1407.142136,2.378552585
2020-02-04,25,9997.421606,11.44542898
2020-02-04,26,5786.339166,6.522956892
2020-02-04,27,1131.202097,2.08667522
2020-02-04,28,10187.25225,12.06092437
2020-02-04,3,4762.790348,5.445638349
2020-02-04,31,6747.521218,8.101468161
2020-02-04,33,1393.099747,1.996233065
2020-02-04,35,1284.756345,1.592699633
2020-02-04,36,2937.722634,3.854737901
2020-02-04,38,8294.21529,9.221097343
2020-02-04,39,1090.85993,1.277083655
2020-02-04,41,4582.403748,5.571870825
2020-02-04,42,893.2013315,0.9592752729
2020-02-04,44,10028.06204,10.34812132
2020-02-04,45,5514.673407,6.527419604
2020-02-04,46,3670.784386,4.306938464
2020-02-04,49,2924.477504,3.874971303
2020-02-04,5,10355.24988,10.50565295
2020-02-04,51,11165.34121,14.47536874
2020-02-04,52,6124.459672,6.343848573
2020-02-04,55,4722.881153,5.700712324
2020-02-04,57,3487.340967,4.607767475
2020-02-04,59,10927.05813,12.19406757
2020-02-04,61,1075.965301,1.561059814
2020-02-04,63,5376.605296,5.828777212
2020-02-04,64,1371.632578,1.753069179
2020-02-04,66,7683.336133,9.307522739
2020-02-04,68,17313.31167,19.21737848
2020-02-04,69,6321.30404,7.788481532
2020-02-04,71,3519.323184,4.419563803
2020-02-04,72,3090.320827,4.477196485
2020-02-04,73,5821.107258,5.879243243
2020-02-04,74,3051.701172,3.931720521
2020-02-04,75,3855.581018,4.597469188
2020-02-04,77,4438.551411,5.344279995
2020-02-04,8,3763.216258,4.708194336
2020-02-04,80,3669.157651,4.070311924
2020-02-04,81,3893.474736,4.674390756
2020-02-04,83,1176.140115,2.22001758
2020-02-04,84,3736.3067,4.457246221
2020-02-04,88,8281.123778,9.755297763
2020-02-04,89,8835.416929,10.0451612
2020-02-04,90,3391.379067,3.871255278
2020-02-04,92,6528.315496,7.809963266
2020-02-04,93,3267.98992,3.361494785
2020-02-04,95,2894.335502,3.912979084
2020-02-04,96,10427.00356,11.10374027
2020-02-04,97,3568.002529,4.496540283
2020-02-04,98,6211.992507,7.381404176
2020-02-05,10,12980.40413,14.78610183
2020-02-05,103,4779.757637,5.994437301
2020-02-05,105,10562.99258,10.84504996
2020-02-05,108,3747.411074,4.380498043
2020-02-05,11,8986.556645,10.38756909
2020-02-05,110,12960.64779,14.78610183
2020-02-05,111,8899.578507,10.38756909
2020-02-05,115,5047.698264,5.850883301
2020-02-05,118,3153.157325,4.076773701
2020-02-05,119,2592.530557,3.581821281
2020-02-05,120,6607.75405,6.941464517
2020-02-05,122,2713.781818,3.782066905
2020-02-05,123,1386.513195,1.550364922
2020-02-05,125,10043.08947,10.71914535
2020-02-05,126,5721.402215,6.688331959
2020-02-05,127,1128.106968,2.011902553
2020-02-05,128,10168.34781,10.90233147
2020-02-05,131,6838.264738,8.626885432
2020-02-05,133,1470.099652,2.304530401
2020-02-05,135,1295.422854,1.453976389
2020-02-05,136,2972.856795,3.981868345
2020-02-05,138,8281.61308,9.805762048
2020-02-05,139,1046.52485,1.115355144
2020-02-05,141,4586.477207,6.919253009
2020-02-05,142,875.7887171,0.9701497228
2020-02-05,144,9838.442378,10.67814114
2020-02-05,145,5291.048588,5.851973953
2020-02-05,146,3754.604324,4.278364303
2020-02-05,149,2876.582992,4.768932933
2020-02-05,15,5047.636686,5.850883301
2020-02-05,151,11137.45968,12.85958013
2020-02-05,152,6120.910425,6.968121492
2020-02-05,155,4684.859186,5.022807514
2020-02-05,157,3457.462547,3.907932903
2020-02-05,159,11015.85537,11.45809524
2020-02-05,161,1088.498657,1.082045717
2020-02-05,163,5395.654145,6.56433062
2020-02-05,164,1411.044347,1.658409843
2020-02-05,166,7619.728645,8.778985952
2020-02-05,168,17497.56191,19.0207277
2020-02-05,169,6367.143456,7.24594931
2020-02-05,171,3500.563905,4.195470666
2020-02-05,172,3134.517243,4.059464588
2020-02-05,173,5927.888693,7.214183532
2020-02-05,174,3037.721125,3.71451563
2020-02-05,175,3801.566535,4.727667533
2020-02-05,177,4397.339721,4.661824477
2020-02-05,18,3185.244984,4.076773701
2020-02-05,180,3674.928793,4.649270821
2020-02-05,181,3871.764711,4.485380521
2020-02-05,183,1162.10766,1.571083158
2020-02-05,184,3706.230918,4.688648778
2020-02-05,188,8210.843264,9.589177331
2020-02-05,189,8778.79785,10.19438018
2020-02-05,19,2576.23837,3.581821281
2020-02-05,190,3447.989667,4.821233846
2020-02-05,192,6556.678269,7.644898559
2020-02-05,193,3250.877759,3.743753083
2020-02-05,195,2944.243039,3.47420868
2020-02-05,196,10265.08565,10.5178243
2020-02-05,197,3560.5739,4.559500226
2020-02-05,198,6230.866079,7.211908716
2020-02-05,20,6696.895453,6.941464517
2020-02-05,22,2686.21225,3.782066905
2020-02-05,23,1364.345055,1.550364922
2020-02-05,25,9937.05331,10.71914535
2020-02-05,26,5712.179913,6.688331959
2020-02-05,27,1139.173932,2.011902553
2020-02-05,28,10191.32977,10.90233147
2020-02-05,3,4740.802083,5.994437301
2020-02-05,31,6796.654655,8.626885432
2020-02-05,33,1425.802253,2.304530401
2020-02-05,35,1281.347981,1.453976389
2020-02-05,36,2955.014799,3.981868345
2020-02-05,38,8248.649034,9.805762048
2020-02-05,39,1060.287777,1.115355144
2020-02-05,41,4570.797514,6.919253009
2020-02-05,42,896.4344882,0.9701497228
2020-02-05,44,9914.446926,10.67814114
2020-02-05,45,5399.468229,5.851973953
2020-02-05,46,3716.90776,4.278364303
2020-02-05,49,2915.8371,4.768932933
2020-02-05,5,10349.88101,10.84504996
2020-02-05,51,11189.23701,12.85958013
2020-02-05,52,6060.851088,6.968121492
2020-02-05,55,4744.880692,5.022807514
2020-02-05,57,3460.275591,3.907932903
2020-02-05,59,10951.60291,11.45809524
2020-02-05,61,1074.865419,1.082045717
2020-02-05,63,5429.700701,6.56433062
2020-02-05,64,1413.304627,1.658409843
2020-02-05,66,7621.664524,8.778985952
2020-02-05,68,17678.44812,19.0207277
2020-02-05,69,6376.939785,7.24594931
2020-02-05,71,3538.592856,4.195470666
2020-02-05,72,3119.30807,4.059464588
2020-02-05,73,5757.777932,7.214183532
2020-02-05,74,3047.026272,3.71451563
2020-02-05,75,3822.877923,4.727667533
2020-02-05,77,4394.422371,4.661824477
2020-02-05,8,3740.94374,4.380498043
2020-02-05,80,3688.274283,4.649270821
2020-02-05,81,3868.638731,4.485380521
2020-02-05,83,1154.111786,1.571083158
2020-02-05,84,3746.862976,4.688648778
2020-02-05,88,8209.677034,9.589177331
2020-02-05,89,8766.329293,10.19438018
2020-02-05,90,3367.434555,4.821233846
2020-02-05,92,6485.871643,7.644898559
2020-02-05,93,3289.693305,3.743753083
2020-02-05,95,2914.186943,3.47420868
2020-02-05,96,10238.41588,10.5178243
2020-02-05,97,3562.503584,4.559500226
2020-02-05,98,6235.662502,7.211908716
2020-02-06,10,12964.64817,15.90327271
2020-02-06,103,4797.832872,5.317467617
2020-02-06,105,10264.46087,10.8114165
2020-02-06,108,3818.650051,4.519241745
2020-02-06,11,9109.085152,12.21677772
2020-02-06,110,12990.50531,15.90327271
2020-02-06,111,9165.980247,12.21677772
2020-02-06,115,5043.588271,6.010519557
2020-02-06,118,3183.131213,3.484757081
2020-02-06,119,2668.210866,3.290799661
2020-02-06,120,6732.488084,9.131180846
2020-02-06,122,2749.231217,4.188759224
2020-02-06,123,1411.043001,1.911401762
2020-02-06,125,10095.56499,12.05976872
2020-02-06,126,5710.53711,6.156132729
2020-02-06,127,1121.165097,1.54375715
2020-02-06,128,10220.88571,12.12637398
2020-02-06,131,6856.714733,8.223340415
2020-02-06,133,1422.874442,1.424082583
2020-02-06,135,1222.215782,1.313701628
2020-02-06,136,2961.262162,4.253977262
2020-02-06,138,8177.972542,9.283615383
2020-02-06,139,1052.441295,1.772382386
2020-02-06,141,4698.998368,5.403457679
2020-02-06,142,951.3917503,0.989620628
2020-02-06,144,9844.459034,10.91618117
2020-02-06,145,5595.078228,6.05839874
2020-02-06,146,3667.781161,4.796320022
2020-02-06,149,3017.546003,4.017487136
2020-02-06,15,5085.036771,6.010519557
2020-02-06,151,11177.27855,13.18007896
2020-02-06,152,6098.738352,6.401182126
2020-02-06,155,4819.290718,5.616599878
2020-02-06,157,3481.829227,4.046261997
2020-02-06,159,11071.20296,11.81103176
2020-02-06,161,1129.844172,1.272819538
2020-02-06,163,5619.062722,5.898472935
2020-02-06,164,1423.922447,1.612680652
2020-02-06,166,7780.005341,9.001964382
2020-02-06,168,17478.41873,19.03900401
2020-02-06,169,6454.547351,7.108684165
2020-02-06,171,3560.46237,3.86879582
2020-02-06,172,3215.402533,3.610073155
2020-02-06,173,5806.385439,6.242992915
2020-02-06,174,3127.719379,3.911751863
2020-02-06,175,3835.653568,4.55173584
2020-02-06,177,4233.39385,5.2292816
2020-02-06,18,3174.708204,3.484757081
2020-02-06,180,3672.10127,4.393381609
2020-02-06,181,3936.898924,5.827959364
2020-02-06,183,1164.451779,1.59365369
2020-02-06,184,3895.20293,4.870790887
2020-02-06,188,8295.94984,9.217533017
2020-02-06,189,9055.890431,10.8063754
2020-02-06,19,2630.362063,3.290799661
2020-02-06,190,3482.89785,4.498666507
2020-02-06,192,6532.662872,7.907725117
2020-02-06,193,3212.741611,3.779848767
2020-02-06,195,3012.648346,4.229291755
2020-02-06,196,10492.09798,11.11079941
2020-02-06,197,3503.438345,4.126321288
2020-02-06,198,6429.096228,7.58826054
2020-02-06,20,6796.720574,9.131180846
2020-02-06,22,2744.799981,4.188759224
2020-02-06,23,1411.985376,1.911401762
2020-02-06,25,10142.68118,12.05976872
2020-02-06,26,5687.306005,6.156132729
2020-02-06,27,1125.730543,1.54375715
2020-02-06,28,10281.57187,12.12637398
2020-02-06,3,4829.043094,5.317467617
2020-02-06,31,6835.505037,8.223340415
2020-02-06,33,1422.478486,1.424082583
2020-02-06,35,1255.255717,1.313701628
2020-02-06,36,2967.292084,4.253977262
2020-02-06,38,8278.457414,9.283615383
2020-02-06,39,1066.027475,1.772382386
2020-02-06,41,4664.950619,5.403457679
2020-02-06,42,915.9282245,0.989620628
2020-02-06,44,9992.499398,10.91618117
2020-02-06,45,5532.64568,6.05839874
2020-02-06,46,3729.48365,4.796320022
2020-02-06,49,2988.059047,4.017487136
2020-02-06,5,10420.58998,10.8114165
2020-02-06,51,11183.91432,13.18007896
2020-02-06,52,6055.434852,6.401182126
2020-02-06,55,4809.235557,5.616599878
2020-02-06,57,3543.364363,4.046261997
2020-02-06,59,11035.81905,11.81103176
2020-02-06,61,1100.253948,1.272819538
2020-02-06,63,5616.793877,5.898472935
2020-02-06,64,1416.718695,1.612680652
2020-02-06,66,7815.084798,9.001964382
2020-02-06,68,17672.50263,19.03900401
2020-02-06,69,6426.872209,7.108684165
2020-02-06,71,3555.673905,3.86879582
2020-02-06,72,3168.131444,3.610073155
2020-02-06,73,5758.63493,6.242992915
2020-02-06,74,3101.880541,3.911751863
2020-02-06,75,3806.966331,4.55173584
2020-02-06,77,4325.2017,5.2292816
2020-02-06,8,3791.662686,4.519241745
2020-02-06,80,3678.932415,4.393381609
2020-02-06,81,3916.524246,5.827959364
2020-02-06,83,1164.715652,1.59365369
2020-02-06,84,3849.481934,4.870790887
2020-02-06,88,8217.732069,9.217533017
2020-02-06,89,8981.082633,10.8063754
2020-02-06,90,3456.489943,4.498666507
2020-02-06,92,6576.328438,7.907725117
2020-02-06,93,3274.764127,3.779848767
2020-02-06,95,2979.975577,4.229291755
2020-02-06,96,10607.56735,11.11079941
2020-02-06,97,3559.027372,4.126321288
2020-02-06,98,6308.684977,7.58826054
2020-02-07,10,13148.20513,15.45255123
2020-02-07,103,4827.875638,5.858815172
2020-02-07,105,10084.80224,11.68211985
2020-02-07,108,3794.230889,4.107991875
2020-02-07,11,9102.59104,10.00346323
2020-02-07,110,13019.22996,15.45255123
2020-02-07,111,9034.046909,10.00346323
2020-02-07,115,5061.32696,5.383980895
2020-02-07,118,3181.055456,4.749087327
2020-02-07,119,2637.134917,3.572369212
2020-02-07,120,6804.089135,7.400178136
2020-02-07,122,2694.063881,3.618335541
2020-02-07,123,1394.059773,1.636678316
2020-02-07,125,10297.67616,13.57665094
2020-02-07,126,5707.90109,5.895853758
2020-02-07,127,1126.473123,1.62542564
2020-02-07,128,10382.43935,11.21694323
2020-02-07,131,6883.302477,7.547507387
2020-02-07,133,1431.243503,1.773545504
2020-02-07,135,1264.408801,1.597603043
2020-02-07,136,2967.890858,3.072531483
2020-02-07,138,8360.302459,9.326625379
2020-02-07,139,1021.401812,1.182835452
2020-02-07,141,4679.207244,5.718744517
2020-02-07,142,922.6713491,0.9622480542
2020-02-07,144,9789.254588,10.57460455
2020-02-07,145,5659.204278,6.579476466
2020-02-07,146,3642.89125,4.632807357
2020-02-07,149,2974.380048,3.822725882
2020-02-07,15,5068.370314,5.383980895
2020-02-07,151,11085.00194,12.23370872
2020-02-07,152,6042.648748,7.051041632
2020-02-07,155,4822.272946,5.985860712
2020-02-07,157,3654.767321,4.147708866
2020-02-07,159,10876.53114,11.35518337
2020-02-07,161,1132.122869,1.312396493
2020-02-07,163,5586.535319,6.892632354
2020-02-07,164,1430.173585,1.604495572
2020-02-07,166,7700.65037,9.101775449
2020-02-07,168,17372.26704,19.45067329
2020-02-07,169,6323.285035,7.245164501
2020-02-07,171,3631.360906,3.983909793
2020-02-07,172,3051.933452,3.719843154
2020-02-07,173,5791.064016,6.598625313
2020-02-07,174,3128.777847,3.786973865
2020-02-07,175,3756.217484,4.122920224
2020-02-07,177,4267.515165,4.964206643
2020-02-07,18,3188.681832,4.749087327
2020-02-07,180,3703.250702,5.377882213
2020-02-07,181,3877.941486,4.515668143
2020-02-07,183,1149.175482,2.206436923
2020-02-07,184,3857.576484,4.374476801
2020-02-07,188,8073.145174,8.770451543
2020-02-07,189,8973.635561,9.750432109
2020-02-07,19,2629.839692,3.572369212
2020-02-07,190,3371.155477,3.75106993
2020-02-07,192,6632.566816,7.888807715
2020-02-07,193,3323.33191,3.2864783
2020-02-07,195,2981.260273,3.202940967
2020-02-07,196,10608.03544,11.44375834
2020-02-07,197,3628.060048,3.933298179
2020-02-07,198,6340.296079,7.580289465
2020-02-07,20,6822.661383,7.400178136
2020-02-07,22,2715.56097,3.618335541
2020-02-07,23,1389.261384,1.636678316
2020-02-07,25,10242.4111,13.57665094
2020-02-07,26,5729.706621,5.895853758
2020-02-07,27,1127.412332,1.62542564
2020-02-07,28,10346.06152,11.21694323
2020-02-07,3,4875.016167,5.858815172
2020-02-07,31,6821.843582,7.547507387
2020-02-07,33,1423.426501,1.773545504
2020-02-07,35,1257.983332,1.597603043
2020-02-07,36,2961.232791,3.072531483
2020-02-07,38,8198.328539,9.326625379
2020-02-07,39,1028.220103,1.182835452
2020-02-07,41,4648.151152,5.718744517
2020-02-07,42,915.8683424,0.9622480542
2020-02-07,44,9859.814301,10.57460455
2020-02-07,45,5601.358153,6.579476466
2020-02-07,46,3686.236001,4.632807357
2020-02-07,49,2951.127052,3.822725882
2020-02-07,5,10216.69981,11.68211985
2020-02-07,51,11186.46352,12.23370872
2020-02-07,52,6012.035315,7.051041632
2020-02-07,55,4842.189995,5.985860712
2020-02-07,57,3612.799263,4.147708866
2020-02-07,59,10887.32183,11.35518337
2020-02-07,61,1116.678863,1.312396493
2020-02-07,63,5634.007761,6.892632354
2020-02-07,64,1429.868097,1.604495572
2020-02-07,66,7775.154378,9.101775449
2020-02-07,68,17423.74336,19.45067329
2020-02-07,69,6346.389336,7.245164501
2020-02-07,71,3567.909743,3.983909793
2020-02-07,72,3077.685276,3.719843154
2020-02-07,73,5835.577231,6.598625313
2020-02-07,74,3097.271651,3.786973865
2020-02-07,75,3787.074134,4.122920224
2020-02-07,77,4302.989727,4.964206643
2020-02-07,8,3792.830293,4.107991875
2020-02-07,80,3668.826437,5.377882213
2020-02-07,81,3862.540251,4.515668143
2020-02-07,83,1156.68875,2.206436923
2020-02-07,84,3860.332264,4.374476801
2020-02-07,88,8136.493593,8.770451543
2020-02-07,89,9065.546937,9.750432109
2020-02-07,90,3399.8592,3.75106993
2020-02-07,92,6592.870816,7.888807715
2020-02-07,93,3230.932152,3.2864783
2020-02-07,95,2999.335813,3.202940967
2020-02-07,96,10658.91153,11.44375834
2020-02-07,97,3580.427494,3.933298179
2020-02-07,98,6307.012889,7.580289465
2020-02-08,10,13069.43576,16.60630736
2020-02-08,103,4829.091483,5.062016968
2020-02-08,105,10141.17076,10.92411052
2020-02-08,108,3825.270423,4.456668234
2020-02-08,11,8992.548589,10.41593801
2020-02-08,110,13066.99786,16.60630736
2020-02-08,111,8914.204272,10.41593801
2020-02-08,115,5038.826154,6.3074745
2020-02-08,118,3165.508455,3.949395497
2020-02-08,119,2598.767254,3.28288533
2020-02-08,120,6687.790731,8.488262627
2020-02-08,122,2732.798818,4.017660728
2020-02-08,123,1368.953925,2.4906851
2020-02-08,125,10128.25246,11.74551325
2020-02-08,126,5619.006399,6.502446521
2020-02-08,127,1122.406807,1.684814129
2020-02-08,128,10333.82421,11.54837603
2020-02-08,131,6798.111889,6.819088682
2020-02-08,133,1414.672258,2.385520174
2020-02-08,135,1203.617858,1.481499806
2020-02-08,136,2884.47828,3.419030248
2020-02-08,138,8038.681448,8.844098328
2020-02-08,139,1043.367775,1.20048755
2020-02-08,141,4600.855634,5.493428733
2020-02-08,142,861.9836295,1.470506608
2020-02-08,144,9665.83791,10.63476989
2020-02-08,145,5660.56059,6.109456461
2020-02-08,146,3641.815849,4.124545618
2020-02-08,149,2948.672048,3.183939946
2020-02-08,15,5014.980793,6.3074745
2020-02-08,151,11268.34596,14.37389744
2020-02-08,152,5946.803771,6.478601694
2020-02-08,155,4760.446696,5.071593039
2020-02-08,157,3573.131008,5.005754881
2020-02-08,159,10866.35108,11.67437649
2020-02-08,161,1083.490546,1.193142628
2020-02-08,163,5596.986876,5.984149817
2020-02-08,164,1424.407109,1.671590163
2020-02-08,166,7629.169039,7.886415236
2020-02-08,168,17107.41294,18.96160611
2020-02-08,169,6323.907119,7.71675112
2020-02-08,171,3525.131587,4.306120329
2020-02-08,172,3066.230671,4.433455606
2020-02-08,173,5659.278014,7.189280855
2020-02-08,174,3116.180722,4.751437785
2020-02-08,175,3724.51834,4.123998104
2020-02-08,177,4404.376663,4.594616345
2020-02-08,18,3158.962996,3.949395497
2020-02-08,180,3636.064545,4.053737294
2020-02-08,181,3801.322581,4.574142878
2020-02-08,183,1172.016868,1.215055152
2020-02-08,184,3787.14308,4.499222153
2020-02-08,188,8077.998295,8.941412162
2020-02-08,189,9127.192627,10.57846674
2020-02-08,19,2626.219837,3.28288533
2020-02-08,190,3509.373686,4.308736779
2020-02-08,192,6504.436686,8.043199042
2020-02-08,193,3229.175693,4.120599729
2020-02-08,195,2905.786712,4.340714042
2020-02-08,196,10593.92507,11.42569364
2020-02-08,197,3530.671524,3.572448566
2020-02-08,198,6173.015534,7.297318596
2020-02-08,20,6723.215069,8.488262627
2020-02-08,22,2692.141645,4.017660728
2020-02-08,23,1357.744089,2.4906851
2020-02-08,25,10131.07942,11.74551325
2020-02-08,26,5659.757723,6.502446521
2020-02-08,27,1095.626677,1.684814129
2020-02-08,28,10126.91687,11.54837603
2020-02-08,3,4806.399356,5.062016968
2020-02-08,31,6716.376025,6.819088682
2020-02-08,33,1389.684345,2.385520174
2020-02-08,35,1213.806327,1.481499806
2020-02-08,36,2888.969852,3.419030248
2020-02-08,38,8121.370391,8.844098328
2020-02-08,39,1022.909691,1.20048755
2020-02-08,41,4640.385277,5.493428733
2020-02-08,42,888.5823185,1.470506608
2020-02-08,44,9742.784304,10.63476989
2020-02-08,45,5668.693911,6.109456461
2020-02-08,46,3657.280108,4.124545618
2020-02-08,49,2965.221768,3.183939946
2020-02-08,5,10158.06779,10.92411052
2020-02-08,51,11205.5525,14.37389744
2020-02-08,52,5889.413495,6.478601694
2020-02-08,55,4733.730133,5.071593039
2020-02-08,57,3572.048241,5.005754881
2020-02-08,59,10817.90062,11.67437649
2020-02-08,61,1061.857532,1.193142628
2020-02-08,63,5653.858469,5.984149817
2020-02-08,64,1417.957861,1.671590163
2020-02-08,66,7642.656852,7.886415236
2020-02-08,68,17168.82661,18.96160611
2020-02-08,69,6240.139175,7.71675112
2020-02-08,71,3545.084738,4.306120329
2020-02-08,72,3059.634224,4.433455606
2020-02-08,73,5684.830193,7.189280855
2020-02-08,74,3061.853355,4.751437785
2020-02-08,75,3772.002083,4.123998104
2020-02-08,77,4339.480391,4.594616345
2020-02-08,8,3756.964305,4.456668234
2020-02-08,80,3603.379907,4.053737294
2020-02-08,81,3820.386756,4.574142878
2020-02-08,83,1155.922432,1.215055152
2020-02-08,84,3818.35665,4.499222153
2020-02-08,88,8105.776286,8.941412162
2020-02-08,89,9057.184622,10.57846674
2020-02-08,90,3442.6456,4.308736779
2020-02-08,92,6503.387356,8.043199042
2020-02-08,93,3179.08678,4.120599729
2020-02-08,95,2930.21591,4.340714042
2020-02-08,96,10674.52406,11.42569364
2020-02-08,97,3488.931279,3.572448566
2020-02-08,98,6162.392501,7.297318596
2020-02-09,10,13051.34557,15.22648803
2020-02-09,103,4835.04595,4.924837773
2020-02-09,105,10093.55078,10.09156277
2020-02-09,108,3670.794894,4.689897028
2020-02-09,11,8873.472352,10.31770356
2020-02-09,110,13031.78956,15.22648803
2020-02-09,111,8930.109216,10.31770356
2020-02-09,115,4905.406481,5.570261181
2020-02-09,118,3116.435915,4.838843353
2020-02-09,119,2651.44866,3.181811077
2020-02-09,120,6700.283667,8.093963511
2020-02-09,122,2695.176902,3.482220852
2020-02-09,123,1333.689238,1.929586914
2020-02-09,125,10197.21462,11.39985445
2020-02-09,126,5554.552364,6.155578947
2020-02-09,127,1133.89213,1.350915132
2020-02-09,128,10065.93979,11.27368632
2020-02-09,131,6622.53421,8.116104891
2020-02-09,133,1356.980428,1.91378217
2020-02-09,135,1139.045716,1.51287344
2020-02-09,136,2888.211546,4.203773218
2020-02-09,138,7991.341246,9.403784826
2020-02-09,139,1055.095715,1.220606473
2020-02-09,141,4608.893127,6.524851912
2020-02-09,142,898.3507506,1.112769392
2020-02-09,144,9629.88994,10.75939707
2020-02-09,145,5670.19416,6.226488902
2020-02-09,146,3576.53718,3.875865388
2020-02-09,149,2974.31639,4.169147832
2020-02-09,15,4875.454482,5.570261181
2020-02-09,151,11271.04834,13.2345083
2020-02-09,152,5918.268159,6.559320979
2020-02-09,155,4685.920901,4.778274123
2020-02-09,157,3632.823513,4.401626026
2020-02-09,159,10904.01538,12.05205686
2020-02-09,161,1060.919543,1.282011631
2020-02-09,163,5713.672445,6.755208893
2020-02-09,164,1410.722165,1.879651862
2020-02-09,166,7602.934688,8.645911257
2020-02-09,168,17222.15161,19.32952444
2020-02-09,169,6219.575743,6.999001198
2020-02-09,171,3503.099938,4.259900101
2020-02-09,172,3053.447682,3.247737397
2020-02-09,173,5607.047447,6.069794617
2020-02-09,174,3027.95832,4.280685705
2020-02-09,175,3696.524912,4.408557281
2020-02-09,177,4252.414703,4.916857484
2020-02-09,18,3151.439744,4.838843353
2020-02-09,180,3575.468107,4.013373581
2020-02-09,181,3764.541716,4.593955328
2020-02-09,183,1123.61964,1.519336528
2020-02-09,184,3875.509381,4.40996518
2020-02-09,188,8085.043871,9.860628119
2020-02-09,189,9005.865486,10.47950065
2020-02-09,19,2606.501698,3.181811077
2020-02-09,190,3498.858661,4.904121523
2020-02-09,192,6448.977547,7.945891815
2020-02-09,193,3191.953684,3.513118786
2020-02-09,195,2846.980087,3.193878667
2020-02-09,196,10759.35693,10.98041773
2020-02-09,197,3340.328899,3.685926066
2020-02-09,198,6080.563701,6.891817222
2020-02-09,20,6678.677051,8.093963511
2020-02-09,22,2689.004447,3.482220852
2020-02-09,23,1337.798405,1.929586914
2020-02-09,25,10155.07145,11.39985445
2020-02-09,26,5597.97848,6.155578947
2020-02-09,27,1094.054519,1.350915132
2020-02-09,28,9974.017458,11.27368632
2020-02-09,3,4784.802758,4.924837773
2020-02-09,31,6701.467993,8.116104891
2020-02-09,33,1365.885587,1.91378217
2020-02-09,35,1185.356109,1.51287344
2020-02-09,36,2909.600315,4.203773218
2020-02-09,38,8030.926748,9.403784826
2020-02-09,39,1026.508501,1.220606473
2020-02-09,41,4569.000384,6.524851912
2020-02-09,42,885.4976709,1.112769392
2020-02-09,44,9634.216943,10.75939707
2020-02-09,45,5668.010564,6.226488902
2020-02-09,46,3577.722371,3.875865388
2020-02-09,49,2967.847781,4.169147832
2020-02-09,5,10033.9211,10.09156277
2020-02-09,51,11156.59834,13.2345083
2020-02-09,52,5916.535969,6.559320979
2020-02-09,55,4658.326917,4.778274123
2020-02-09,57,3565.158184,4.401626026
2020-02-09,59,10750.34752,12.05205686
2020-02-09,61,1039.246745,1.282011631
2020-02-09,63,5649.158516,6.755208893
2020-02-09,64,1412.638925,1.879651862
2020-02-09,66,7611.860841,8.645911257
2020-02-09,68,17202.49747,19.32952444
2020-02-09,69,6144.199108,6.999001198
2020-02-09,71,3498.591781,4.259900101
2020-02-09,72,3069.373388,3.247737397
2020-02-09,73,5571.862275,6.069794617
2020-02-09,74,3069.594647,4.280685705
2020-02-09,75,3678.132448,4.408557281
2020-02-09,77,4296.910908,4.916857484
2020-02-09,8,3696.330899,4.689897028
2020-02-09,80,3552.909727,4.013373581
2020-02-09,81,3789.202447,4.593955328
2020-02-09,83,1129.636571,1.519336528
2020-02-09,84,3859.310982,4.40996518
2020-02-09,88,8073.191163,9.860628119
2020-02-09,89,9051.941583,10.47950065
2020-02-09,90,3465.837942,4.904121523
2020-02-09,92,6483.869616,7.945891815
2020-02-09,93,3140.091431,3.513118786
2020-02-09,95,2886.568859,3.193878667
2020-02-09,96,10677.49992,10.98041773
2020-02-09,97,3423.234252,3.685926066
2020-02-09,98,6175.255472,6.891817222
2020-02-10,10,13192.18186,15.62671859
2020-02-10,103,4752.529868,5.432617784
2020-02-10,105,9856.37558,10.22659763
2020-02-10,108,3661.535682,4.46624962
2020-02-10,11,8824.737481,10.90305992
2020-02-10,110,13089.1087,15.62671859
2020-02-10,111,9042.397634,10.90305992
2020-02-10,115,4903.965744,5.620415445
2020-02-10,118,3148.07294,3.463518396
2020-02-10,119,2633.022554,4.097693346
2020-02-10,120,6829.422921,8.345214695
2020-02-10,122,2647.999473,3.341092305
2020-02-10,123,1341.607811,2.108860732
2020-02-10,125,10094.53541,12.16407216
2020-02-10,126,5719.450173,6.331256761
2020-02-10,127,1103.868849,1.640287368
2020-02-10,128,9793.419844,11.12941472
2020-02-10,131,6715.79217,7.067171324
2020-02-10,133,1359.787506,2.024870003
2020-02-10,135,1198.3414,1.362655772
2020-02-10,136,2914.591525,3.542306461
2020-02-10,138,8129.33836,9.468916385
2020-02-10,139,1052.195831,1.124576649
2020-02-10,141,4560.853991,5.872674447
2020-02-10,142,880.5873333,1.61045016
2020-02-10,144,9823.640806,10.75264757
2020-02-10,145,5703.88127,6.277680935
2020-02-10,146,3500.348686,3.893796295
2020-02-10,149,2997.58894,4.696972682
2020-02-10,15,4865.190077,5.620415445
2020-02-10,151,11246.25433,13.058914
2020-02-10,152,5848.273503,6.715663696
2020-02-10,155,4696.165512,5.167010866
2020-02-10,157,3484.178902,4.436415161
2020-02-10,159,10626.36221,11.86186354
2020-02-10,161,998.703795,1.536190224
2020-02-10,163,5520.880693,5.86676833
2020-02-10,164,1387.173599,1.862150656
2020-02-10,166,7577.200847,8.732260372
2020-02-10,168,16982.28867,19.69374076
2020-02-10,169,6194.430498,7.717019374
2020-02-10,171,3602.765236,4.545146711
2020-02-10,172,3085.396127,4.246002197
2020-02-10,173,5694.77458,6.142709636
2020-02-10,174,3115.248819,3.359927701
2020-02-10,175,3743.052499,4.441985886
2020-02-10,177,4319.399152,5.134453177
2020-02-10,18,3186.914997,3.463518396
2020-02-10,180,3689.752842,3.838526137
2020-02-10,181,3827.573712,5.340935567
2020-02-10,183,1145.161905,1.484994651
2020-02-10,184,4001.559133,4.087188853
2020-02-10,188,8128.559238,9.517464908
2020-02-10,189,9187.867096,10.37173216
2020-02-10,19,2615.024702,4.097693346
2020-02-10,190,3556.204551,4.327431247
2020-02-10,192,6642.043121,7.523375129
2020-02-10,193,3171.037002,3.647991346
2020-02-10,195,2871.439609,3.289835623
2020-02-10,196,10537.87637,10.85149624
2020-02-10,197,3413.655029,4.062803575
2020-02-10,198,6229.533881,6.452803717
2020-02-10,20,6783.165308,8.345214695
2020-02-10,22,2678.75367,3.341092305
2020-02-10,23,1353.543082,2.108860732
2020-02-10,25,10148.94483,12.16407216
2020-02-10,26,5692.38655,6.331256761
2020-02-10,27,1096.112536,1.640287368
2020-02-10,28,9865.474533,11.12941472
2020-02-10,3,4790.26556,5.432617784
2020-02-10,31,6712.734121,7.067171324
2020-02-10,33,1352.107215,2.024870003
2020-02-10,35,1184.169905,1.362655772
2020-02-10,36,2888.72586,3.542306461
2020-02-10,38,8083.42948,9.468916385
2020-02-10,39,1011.543089,1.124576649
2020-02-10,41,4508.094253,5.872674447
2020-02-10,42,877.4718865,1.61045016
2020-02-10,44,9822.847392,10.75264757
2020-02-10,45,5693.584332,6.277680935
2020-02-10,46,3534.202835,3.893796295
2020-02-10,49,2991.571288,4.696972682
2020-02-10,5,10095.92997,10.22659763
2020-02-10,51,11193.80527,13.058914
2020-02-10,52,5917.434326,6.715663696
2020-02-10,55,4658.659768,5.167010866
2020-02-10,57,3518.11404,4.436415161
2020-02-10,59,10653.25429,11.86186354
2020-02-10,61,1018.756839,1.536190224
2020-02-10,63,5608.304674,5.86676833
2020-02-10,64,1400.837822,1.862150656
2020-02-10,66,7629.22904,8.732260372
2020-02-10,68,17075.06388,19.69374076
2020-02-10,69,6195.877932,7.717019374
2020-02-10,71,3536.219006,4.545146711
2020-02-10,72,3061.860457,4.246002197
2020-02-10,73,5618.116896,6.142709636
2020-02-10,74,3057.143229,3.359927701
2020-02-10,75,3716.804508,4.441985886
2020-02-10,77,4368.666664,5.134453177
2020-02-10,8,3627.353499,4.46624962
2020-02-10,80,3615.210967,3.838526137
2020-02-10,81,3803.458915,5.340935567
2020-02-10,83,1139.561694,1.484994651
2020-02-10,84,3942.368799,4.087188853
2020-02-10,88,8188.81659,9.517464908
2020-02-10,89,9108.838015,10.37173216
2020-02-10,90,3511.177205,4.327431247
2020-02-10,92,6547.711436,7.523375129
2020-02-10,93,3197.467889,3.647991346
2020-02-10,95,2904.720246,3.289835623
2020-02-10,96,10532.63768,10.85149624
2020-02-10,97,3399.40294,4.062803575
2020-02-10,98,6159.671461,6.452803717
2020-02-11,10,13369.58028,16.75085803
2020-02-11,103,4880.421768,5.545722967
2020-02-11,105,10314.70735,10.43222129
2020-02-11,108,3704.810757,4.25682625
2020-02-11,11,8909.943467,11.30205267
2020-02-11,110,13380.87528,16.75085803
2020-02-11,111,8953.621284,11.30205267
2020-02-11,115,5026.7582,6.906074735
2020-02-11,118,3213.670783,4.374905152
2020-02-11,119,2582.939607,2.955185749
2020-02-11,120,6749.546294,8.266809344
2020-02-11,122,2689.344412,3.579249029
2020-02-11,123,1365.224515,1.744663944
2020-02-11,125,10373.0491,12.3164085
2020-02-11,126,5788.360969,6.351987626
2020-02-11,127,1111.395216,1.456337786
2020-02-11,128,9706.515494,12.08371005
2020-02-11,131,6883.952982,7.575089531
2020-02-11,133,1316.158512,2.027917717
2020-02-11,135,1223.847098,1.963184827
2020-02-11,136,2924.165755,3.762760085
2020-02-11,138,8009.780895,9.818671131
2020-02-11,139,1019.279069,1.166984561
2020-02-11,141,4537.72925,6.743832973
2020-02-11,142,881.0495212,1.40827766
2020-02-11,144,9731.664672,11.06536162
2020-02-11,145,5626.289803,6.190630086
2020-02-11,146,3597.486719,4.161966111
2020-02-11,149,2966.766138,3.669341287
2020-02-11,15,4879.803176,6.906074735
2020-02-11,151,11482.00499,12.74207424
2020-02-11,152,5922.435349,7.064316898
2020-02-11,155,4638.643483,5.280915036
2020-02-11,157,3490.1479,3.780841878
2020-02-11,159,10716.36462,11.48770299
2020-02-11,161,1002.071466,1.11650884
2020-02-11,163,5665.747727,6.45595927
2020-02-11,164,1400.622294,1.465142643
2020-02-11,166,7769.704966,9.900000952
2020-02-11,168,17125.98401,18.89100085
2020-02-11,169,6258.020072,6.813088427
2020-02-11,171,3452.562554,3.852884278
2020-02-11,172,3052.428689,4.244646411
2020-02-11,173,5727.20507,5.868501333
2020-02-11,174,3080.703171,4.654965608
2020-02-11,175,3646.02537,4.897366825
2020-02-11,177,4397.148128,5.203733782
2020-02-11,18,3183.089664,4.374905152
2020-02-11,180,3767.320121,4.045519688
2020-02-11,181,3756.888582,4.418490131
2020-02-11,183,1174.473419,1.659232217
2020-02-11,184,3959.84852,4.785136285
2020-02-11,188,8115.577913,9.580969354
2020-02-11,189,9154.835271,11.08089398
2020-02-11,19,2605.781954,2.955185749
2020-02-11,190,3532.252323,4.302790998
2020-02-11,192,6567.391119,7.249794998
2020-02-11,193,3065.792664,3.698930192
2020-02-11,195,2921.411975,3.941860224
2020-02-11,196,10626.62533,11.33182216
2020-02-11,197,3293.728417,3.69742382
2020-02-11,198,6291.873131,7.921112732
2020-02-11,20,6814.761838,8.266809344
2020-02-11,22,2676.753246,3.579249029
2020-02-11,23,1353.586315,1.744663944
2020-02-11,25,10304.09036,12.3164085
2020-02-11,26,5817.423507,6.351987626
2020-02-11,27,1102.458791,1.456337786
2020-02-11,28,9957.659633,12.08371005
2020-02-11,3,4820.985267,5.545722967
2020-02-11,31,6841.847185,7.575089531
2020-02-11,33,1341.705741,2.027917717
2020-02-11,35,1219.835783,1.963184827
2020-02-11,36,2879.242616,3.762760085
2020-02-11,38,8106.490276,9.818671131
2020-02-11,39,1015.473798,1.166984561
2020-02-11,41,4593.640056,6.743832973
2020-02-11,42,882.4152821,1.40827766
2020-02-11,44,9953.030306,11.06536162
2020-02-11,45,5721.381189,6.190630086
2020-02-11,46,3526.144567,4.161966111
2020-02-11,49,2999.976489,3.669341287
2020-02-11,5,10233.58144,10.43222129
2020-02-11,51,11303.51058,12.74207424
2020-02-11,52,5961.133905,7.064316898
2020-02-11,55,4668.254092,5.280915036
2020-02-11,57,3499.785481,3.780841878
2020-02-11,59,10846.22158,11.48770299
2020-02-11,61,1006.365061,1.11650884
2020-02-11,63,5727.178453,6.45595927
2020-02-11,64,1419.695424,1.465142643
2020-02-11,66,7717.853655,9.900000952
2020-02-11,68,17321.26855,18.89100085
2020-02-11,69,6221.167421,6.813088427
2020-02-11,71,3523.474792,3.852884278
2020-02-11,72,3047.086015,4.244646411
2020-02-11,73,5714.780951,5.868501333
2020-02-11,74,3117.944355,4.654965608
2020-02-11,75,3695.345641,4.897366825
2020-02-11,77,4440.752368,5.203733782
2020-02-11,8,3700.877339,4.25682625
2020-02-11,80,3736.590383,4.045519688
2020-02-11,81,3746.777534,4.418490131
2020-02-11,83,1163.433132,1.659232217
2020-02-11,84,3941.057253,4.785136285
2020-02-11,88,8122.217662,9.580969354
2020-02-11,89,9148.876307,11.08089398
2020-02-11,90,3553.915592,4.302790998
2020-02-11,92,6533.7359,7.249794998
2020-02-11,93,3154.566131,3.698930192
2020-02-11,95,2911.938467,3.941860224
2020-02-11,96,10548.47511,11.33182216
2020-02-11,97,3314.997372,3.69742382
2020-02-11,98,6239.677285,7.921112732
2020-02-12,10,13203.81149,15.64809198
2020-02-12,103,4840.50481,5.844377558
2020-02-12,105,10178.1664,10.79117412
2020-02-12,108,3659.177792,5.064503651
2020-02-12,11,8851.7152,10.32142642
2020-02-12,110,13146.91866,15.64809198
2020-02-12,111,8998.192509,10.32142642
2020-02-12,115,4941.125413,6.224106964
2020-02-12,118,3134.775296,4.014687388
2020-02-12,119,2643.368531,3.505543832
2020-02-12,120,6733.373004,9.966799444
2020-02-12,122,2760.391646,4.062748551
2020-02-12,123,1325.993366,1.813569404
2020-02-12,125,10434.66373,11.80305146
2020-02-12,126,5626.179142,6.777826339
2020-02-12,127,1114.897115,1.169881574
2020-02-12,128,10191.79824,10.75005926
2020-02-12,131,6862.578846,7.906945318
2020-02-12,133,1367.555441,3.034056294
2020-02-12,135,1223.121925,2.046829701
2020-02-12,136,2916.369468,3.214708016
2020-02-12,138,8076.919644,8.810312538
2020-02-12,139,1047.589979,1.102163933
2020-02-12,141,4624.964406,5.70010551
2020-02-12,142,839.9612356,1.360406515
2020-02-12,144,9699.829125,10.47331289
2020-02-12,145,5656.049867,6.079884372
2020-02-12,146,3626.772558,4.173413667
2020-02-12,149,3049.15003,3.769142688
2020-02-12,15,4926.794188,6.224106964
2020-02-12,151,11433.42607,13.75331113
2020-02-12,152,5858.389976,6.720803217
2020-02-12,155,4698.978491,5.059909644
2020-02-12,157,3510.697021,3.865714128
2020-02-12,159,10850.66562,12.21509016
2020-02-12,161,983.9832598,1.269700462
2020-02-12,163,5845.942976,6.293850023
2020-02-12,164,1407.25697,1.723307713
2020-02-12,166,7694.517295,9.379126304
2020-02-12,168,17191.46541,19.36990544
2020-02-12,169,6112.298889,7.862465568
2020-02-12,171,3518.888866,4.096692016
2020-02-12,172,3018.466529,3.83560966
2020-02-12,173,5698.534705,6.234008256
2020-02-12,174,3110.253092,3.377407376
2020-02-12,175,3603.132967,4.105594282
2020-02-12,177,4529.309004,4.726883862
2020-02-12,18,3202.015762,4.014687388
2020-02-12,180,3633.879572,4.42639309
2020-02-12,181,3742.987366,4.058963311
2020-02-12,183,1143.937191,1.576221677
2020-02-12,184,3973.336672,4.506346417
2020-02-12,188,8085.814692,9.347469591
2020-02-12,189,9115.236401,11.36819932
2020-02-12,19,2629.562183,3.505543832
2020-02-12,190,3562.2509,4.085330976
2020-02-12,192,6595.363665,7.932284551
2020-02-12,193,3213.934665,3.369380371
2020-02-12,195,2899.159744,3.99173843
2020-02-12,196,10670.74944,11.23579139
2020-02-12,197,3310.55889,4.61177951
2020-02-12,198,6274.161832,7.012804353
2020-02-12,20,6800.668646,9.966799444
2020-02-12,22,2702.743474,4.062748551
2020-02-12,23,1340.656648,1.813569404
2020-02-12,25,10331.85008,11.80305146
2020-02-12,26,5776.630504,6.777826339
2020-02-12,27,1100.247416,1.169881574
2020-02-12,28,10087.73313,10.75005926
2020-02-12,3,4866.830964,5.844377558
2020-02-12,31,6837.756844,7.906945318
2020-02-12,33,1342.148638,3.034056294
2020-02-12,35,1246.310032,2.046829701
2020-02-12,36,2881.715655,3.214708016
2020-02-12,38,8107.564123,8.810312538
2020-02-12,39,1025.485373,1.102163933
2020-02-12,41,4572.751473,5.70010551
2020-02-12,42,861.1892021,1.360406515
2020-02-12,44,9933.49619,10.47331289
2020-02-12,45,5743.65797,6.079884372
2020-02-12,46,3588.963294,4.173413667
2020-02-12,49,2999.419439,3.769142688
2020-02-12,5,10430.2293,10.79117412
2020-02-12,51,11292.95314,13.75331113
2020-02-12,52,5879.195322,6.720803217
2020-02-12,55,4585.855715,5.059909644
2020-02-12,57,3511.18417,3.865714128
2020-02-12,59,10860.64889,12.21509016
2020-02-12,61,1001.279129,1.269700462
2020-02-12,63,5788.158901,6.293850023
2020-02-12,64,1416.980791,1.723307713
2020-02-12,66,7735.374276,9.379126304
2020-02-12,68,17346.3786,19.36990544
2020-02-12,69,6231.678452,7.862465568
2020-02-12,71,3493.77869,4.096692016
2020-02-12,72,3056.681994,3.83560966
2020-02-12,73,5735.12274,6.234008256
2020-02-12,74,3069.08085,3.377407376
2020-02-12,75,3673.544335,4.105594282
2020-02-12,77,4524.531021,4.726883862
2020-02-12,8,3679.544145,5.064503651
2020-02-12,80,3681.068214,4.42639309
2020-02-12,81,3752.042392,4.058963311
2020-02-12,83,1144.588322,1.576221677
2020-02-12,84,3945.181601,4.506346417
2020-02-12,88,8091.633033,9.347469591
2020-02-12,89,9136.859511,11.36819932
2020-02-12,90,3593.07227,4.085330976
2020-02-12,92,6496.960586,7.932284551
2020-02-12,93,3137.690928,3.369380371
2020-02-12,95,2944.416193,3.99173843
2020-02-12,96,10567.634,11.23579139
2020-02-12,97,3339.291123,4.61177951
2020-02-12,98,6299.566985,7.012804353
2020-02-13,10,13387.3683,15.08974498
2020-02-13,103,4882.09322,5.309840524
2020-02-13,105,10982.95001,11.15734615
2020-02-13,108,3792.009398,4.637904854
2020-02-13,11,8842.516937,10.26359749
2020-02-13,110,13420.70847,15.08974498
2020-02-13,111,8927.779941,10.26359749
2020-02-13,115,4871.74017,6.165723573
2020-02-13,118,3335.286233,4.311566473
2020-02-13,119,2660.810729,3.743181178
2020-02-13,120,6929.744825,7.996636323
2020-02-13,122,2714.631618,3.246018368
2020-02-13,123,1368.645031,2.018551739
2020-02-13,125,10247.04116,11.42874565
2020-02-13,126,5822.233566,6.371801699
2020-02-13,127,1112.244736,1.699059344
2020-02-13,128,10353.1765,12.16891343
2020-02-13,131,7038.742813,8.331067612
2020-02-13,133,1328.201117,1.400038937
2020-02-13,135,1268.393938,1.417077364
2020-02-13,136,2952.341034,3.405702387
2020-02-13,138,8089.342162,9.751896555
2020-02-13,139,1056.063593,2.189815067
2020-02-13,141,4522.143805,5.253548609
2020-02-13,142,873.8697543,1.604192156
2020-02-13,144,10384.45209,10.72836487
2020-02-13,145,5726.405923,6.046531175
2020-02-13,146,3507.244099,4.650450624
2020-02-13,149,3054.825293,3.7933583
2020-02-13,15,4917.235646,6.165723573
2020-02-13,151,11269.46908,12.74402333
2020-02-13,152,5941.488422,6.966308766
2020-02-13,155,4627.528136,5.788579263
2020-02-13,157,3604.322277,4.331715913
2020-02-13,159,10922.74406,12.69224333
2020-02-13,161,1019.119141,1.953945207
2020-02-13,163,5756.408458,6.140147781
2020-02-13,164,1437.815966,1.546414904
2020-02-13,166,7694.521559,8.823653003
2020-02-13,168,17367.78678,18.66303922
2020-02-13,169,6256.827875,7.119089839
2020-02-13,171,3449.095456,4.095403011
2020-02-13,172,3060.298449,3.664287524
2020-02-13,173,5765.547873,6.651472339
2020-02-13,174,3130.338449,4.225431949
2020-02-13,175,3592.860194,3.940346276
2020-02-13,177,4673.884855,5.689316595
2020-02-13,18,3273.229635,4.311566473
2020-02-13,180,3717.918356,4.035057421
2020-02-13,181,3786.780779,5.01971587
2020-02-13,183,1155.192605,1.460331009
2020-02-13,184,3979.445143,4.332319702
2020-02-13,188,8157.432523,9.849097795
2020-02-13,189,9392.832584,9.926099911
2020-02-13,19,2665.428023,3.743181178
2020-02-13,190,3653.212215,4.080712716
2020-02-13,192,6497.755612,7.330645241
2020-02-13,193,3231.313979,3.481500182
2020-02-13,195,3004.621427,3.461113299
2020-02-13,196,11118.72628,11.86266016
2020-02-13,197,3283.188501,3.482216663
2020-02-13,198,6142.092823,7.494493261
2020-02-13,20,6873.755418,7.996636323
2020-02-13,22,2716.083139,3.246018368
2020-02-13,23,1367.313848,2.018551739
2020-02-13,25,10278.50078,11.42874565
2020-02-13,26,5826.649857,6.371801699
2020-02-13,27,1103.376737,1.699059344
2020-02-13,28,10217.1873,12.16891343
2020-02-13,3,4921.276885,5.309840524
2020-02-13,31,6945.398379,8.331067612
2020-02-13,33,1344.960917,1.400038937
2020-02-13,35,1256.155239,1.417077364
2020-02-13,36,2941.262888,3.405702387
2020-02-13,38,8056.483211,9.751896555
2020-02-13,39,1043.723029,2.189815067
2020-02-13,41,4586.618686,5.253548609
2020-02-13,42,868.85438,1.604192156
2020-02-13,44,10211.19577,10.72836487
2020-02-13,45,5761.162392,6.046531175
2020-02-13,46,3601.917458,4.650450624
2020-02-13,49,2996.914239,3.7933583
2020-02-13,5,10843.06354,11.15734615
2020-02-13,51,11292.52309,12.74402333
2020-02-13,52,6001.276612,6.966308766
2020-02-13,55,4688.423819,5.788579263
2020-02-13,57,3566.118394,4.331715913
2020-02-13,59,10815.80197,12.69224333
2020-02-13,61,1010.845161,1.953945207
2020-02-13,63,5933.424,6.140147781
2020-02-13,64,1422.177225,1.546414904
2020-02-13,66,7751.914357,8.823653003
2020-02-13,68,17372.96124,18.66303922
2020-02-13,69,6257.259725,7.119089839
2020-02-13,71,3490.980817,4.095403011
2020-02-13,72,3066.069294,3.664287524
2020-02-13,73,5746.776944,6.651472339
2020-02-13,74,3119.812825,4.225431949
2020-02-13,75,3661.681557,3.940346276
2020-02-13,77,4666.226305,5.689316595
2020-02-13,8,3761.224826,4.637904854
2020-02-13,80,3775.518569,4.035057421
2020-02-13,81,3846.472249,5.01971587
2020-02-13,83,1133.216858,1.460331009
2020-02-13,84,3983.662558,4.332319702
2020-02-13,88,8096.599774,9.849097795
2020-02-13,89,9299.403259,9.926099911
2020-02-13,90,3664.348558,4.080712716
2020-02-13,92,6528.271787,7.330645241
2020-02-13,93,3203.113247,3.481500182
2020-02-13,95,2975.7822,3.461113299
2020-02-13,96,11012.83449,11.86266016
2020-02-13,97,3379.858541,3.482216663
2020-02-13,98,6186.491635,7.494493261
2020-02-14,10,13272.68177,16.32782477
2020-02-14,103,4816.31856,5.78597018
2020-02-14,105,10749.12961,10.89125533
2020-02-14,108,3684.046943,5.467619953
2020-02-14,11,8844.900296,9.953982765
2020-02-14,110,13321.05119,16.32782477
2020-02-14,111,8793.508652,9.953982765
2020-02-14,115,5049.333934,6.176647736
2020-02-14,118,3269.69533,4.076483186
2020-02-14,119,2723.179499,2.886704902
2020-02-14,120,6850.509426,8.072746892
2020-02-14,122,2698.119599,3.833397423
2020-02-14,123,1367.046073,1.699766696
2020-02-14,125,10224.97093,12.86077393
2020-02-14,126,5850.352562,6.13369293
2020-02-14,127,1133.701164,1.284486562
2020-02-14,128,10361.36651,11.78191865
2020-02-14,131,6932.926826,8.488484611
2020-02-14,133,1329.248026,1.803123444
2020-02-14,135,1238.550973,2.049092331
2020-02-14,136,2899.962562,4.028445569
2020-02-14,138,8154.088758,9.068643892
2020-02-14,139,1047.762652,1.565982048
2020-02-14,141,4547.87005,5.693056416
2020-02-14,142,879.0653902,1.728136217
2020-02-14,144,10191.62576,10.89920194
2020-02-14,145,5683.692825,6.876283749
2020-02-14,146,3603.397869,4.337687845
2020-02-14,149,2976.858275,4.089854624
2020-02-14,15,5011.237974,6.176647736
2020-02-14,151,11157.03647,14.49869384
2020-02-14,152,5826.806475,6.266645931
2020-02-14,155,4689.415549,4.774124388
2020-02-14,157,3537.477521,4.322857421
2020-02-14,159,10920.1978,12.29512466
2020-02-14,161,987.4367007,1.222489457
2020-02-14,163,5967.734716,7.437156683
2020-02-14,164,1441.465239,1.734654796
2020-02-14,166,7687.742181,10.42026103
2020-02-14,168,17330.12859,18.68806369
2020-02-14,169,6232.992687,7.706135818
2020-02-14,171,3479.245997,3.88921537
2020-02-14,172,3051.981368,3.223863523
2020-02-14,173,5759.428896,6.787624289
2020-02-14,174,3124.170064,4.247863003
2020-02-14,175,3662.311858,4.95982953
2020-02-14,177,4714.93287,6.021010743
2020-02-14,18,3282.420373,4.076483186
2020-02-14,180,3807.136105,5.560070919
2020-02-14,181,3872.826763,4.495097038
2020-02-14,183,1156.625384,1.200334063
2020-02-14,184,4015.976612,4.253308271
2020-02-14,188,8075.398937,10.54135501
2020-02-14,189,9068.494775,11.14405398
2020-02-14,19,2698.293401,2.886704902
2020-02-14,190,3558.273351,4.342288528
2020-02-14,192,6615.96168,8.041832607
2020-02-14,193,3227.444071,3.767521236
2020-02-14,195,3055.216759,3.458523
2020-02-14,196,11103.28529,12.20567685
2020-02-14,197,3356.652351,3.597584628
2020-02-14,198,6039.377125,7.925292106
2020-02-14,20,6871.291516,8.072746892
2020-02-14,22,2716.935982,3.833397423
2020-02-14,23,1383.920709,1.699766696
2020-02-14,25,10254.70136,12.86077393
2020-02-14,26,5846.530003,6.13369293
2020-02-14,27,1104.336068,1.284486562
2020-02-14,28,10250.0144,11.78191865
2020-02-14,3,4900.735589,5.78597018
2020-02-14,31,6901.081975,8.488484611
2020-02-14,33,1345.485034,1.803123444
2020-02-14,35,1257.550048,2.049092331
2020-02-14,36,2954.744279,4.028445569
2020-02-14,38,8101.253088,9.068643892
2020-02-14,39,1025.444722,1.565982048
2020-02-14,41,4620.368884,5.693056416
2020-02-14,42,870.5794589,1.728136217
2020-02-14,44,10202.94888,10.89920194
2020-02-14,45,5824.711281,6.876283749
2020-02-14,46,3563.444284,4.337687845
2020-02-14,49,3000.137424,4.089854624
2020-02-14,5,10798.84855,10.89125533
2020-02-14,51,11323.16847,14.49869384
2020-02-14,52,5942.304623,6.266645931
2020-02-14,55,4665.600387,4.774124388
2020-02-14,57,3596.797606,4.322857421
2020-02-14,59,10803.83528,12.29512466
2020-02-14,61,1005.500839,1.222489457
2020-02-14,63,5974.326709,7.437156683
2020-02-14,64,1444.971782,1.734654796
2020-02-14,66,7744.818452,10.42026103
2020-02-14,68,17116.27451,18.68806369
2020-02-14,69,6194.574877,7.706135818
2020-02-14,71,3493.076033,3.88921537
2020-02-14,72,3036.203513,3.223863523
2020-02-14,73,5764.469626,6.787624289
2020-02-14,74,3141.457339,4.247863003
2020-02-14,75,3675.473074,4.95982953
2020-02-14,77,4650.41736,6.021010743
2020-02-14,8,3729.224441,5.467619953
2020-02-14,80,3842.367251,5.560070919
2020-02-14,81,3872.365693,4.495097038
2020-02-14,83,1158.227905,1.200334063
2020-02-14,84,3978.40054,4.253308271
2020-02-14,88,8043.534754,10.54135501
2020-02-14,89,9234.141574,11.14405398
2020-02-14,90,3614.765613,4.342288528
2020-02-14,92,6613.495627,8.041832607
2020-02-14,93,3178.958116,3.767521236
2020-02-14,95,3019.355819,3.458523
2020-02-14,96,11100.82972,12.20567685
2020-02-14,97,3298.257744,3.597584628
2020-02-14,98,6088.232163,7.925292106
2020-02-15,10,13315.32262,16.24160935
2020-02-15,103,4936.353651,6.302702678
2020-02-15,105,10409.66959,10.81583753
2020-02-15,108,3711.810677,4.799228221
2020-02-15,11,8810.180128,10.17952323
2020-02-15,110,13376.98474,16.24160935
2020-02-15,111,8843.887509,10.17952323
2020-02-15,115,4848.629823,5.264215462
2020-02-15,118,3254.079304,4.269877929
2020-02-15,119,2747.653453,4.940405898
2020-02-15,120,6852.196429,8.061766817
2020-02-15,122,2638.023415,4.142112027
2020-02-15,123,1355.97995,1.455670174
2020-02-15,125,10088.44247,12.81624785
2020-02-15,126,5844.375107,6.400130963
2020-02-15,127,1092.745528,1.362484167
2020-02-15,128,10073.55879,10.75740457
2020-02-15,131,6865.607286,8.17847003
2020-02-15,133,1322.745099,1.42220282
2020-02-15,135,1232.572776,1.864420878
2020-02-15,136,2926.277259,3.491580637
2020-02-15,138,7890.966333,9.757975685
2020-02-15,139,998.2781726,1.311728927
2020-02-15,141,4594.401628,5.68811586
2020-02-15,142,883.4711361,1.011591157
2020-02-15,144,9898.924734,10.41614834
2020-02-15,145,5880.454418,6.727630212
2020-02-15,146,3509.139969,3.681991648
2020-02-15,149,2968.558146,4.064915094
2020-02-15,15,4873.443765,5.264215462
2020-02-15,151,11267.73021,13.50941873
2020-02-15,152,5729.85291,6.439157246
2020-02-15,155,4780.012095,5.881406887
2020-02-15,157,3614.026079,4.217813507
2020-02-15,159,10713.99224,12.13487775
2020-02-15,161,989.8192607,1.365630725
2020-02-15,163,5944.934395,6.685736615
2020-02-15,164,1389.742043,2.033174257
2020-02-15,166,7745.005842,9.179797119
2020-02-15,168,17069.73982,18.35604073
2020-02-15,169,6174.283953,7.574965146
2020-02-15,171,3544.050873,3.692933482
2020-02-15,172,3048.974989,3.538334712
2020-02-15,173,5760.55983,6.386053899
2020-02-15,174,3180.208396,3.579199203
2020-02-15,175,3686.397247,5.473405749
2020-02-15,177,4636.257109,5.36526786
2020-02-15,18,3259.818588,4.269877929
2020-02-15,180,3817.832222,3.877753132
2020-02-15,181,3867.998016,4.215326748
2020-02-15,183,1107.168704,1.323532388
2020-02-15,184,4026.136687,4.756044562
2020-02-15,188,7923.617093,8.912071468
2020-02-15,189,9227.821541,10.94571093
2020-02-15,19,2706.093246,4.940405898
2020-02-15,190,3584.903647,4.987566333
2020-02-15,192,6563.899224,7.306291932
2020-02-15,193,3217.824764,3.790772605
2020-02-15,195,2981.756888,3.771868738
2020-02-15,196,10753.80674,11.15321027
2020-02-15,197,3224.060031,3.756995498
2020-02-15,198,6025.188517,6.262864152
2020-02-15,20,6809.449164,8.061766817
2020-02-15,22,2669.940661,4.142112027
2020-02-15,23,1321.447038,1.455670174
2020-02-15,25,10103.59253,12.81624785
2020-02-15,26,5763.705034,6.400130963
2020-02-15,27,1085.397839,1.362484167
2020-02-15,28,10178.78891,10.75740457
2020-02-15,3,4906.657019,6.302702678
2020-02-15,31,6844.927909,8.17847003
2020-02-15,33,1327.993218,1.42220282
2020-02-15,35,1251.549254,1.864420878
2020-02-15,36,2897.330371,3.491580637
2020-02-15,38,7996.003612,9.757975685
2020-02-15,39,1002.246845,1.311728927
2020-02-15,41,4637.310112,5.68811586
2020-02-15,42,872.9222619,1.011591157
2020-02-15,44,10027.88367,10.41614834
2020-02-15,45,5787.542469,6.727630212
2020-02-15,46,3482.243433,3.681991648
2020-02-15,49,2991.526446,4.064915094
2020-02-15,5,10605.69188,10.81583753
2020-02-15,51,11127.6208,13.50941873
2020-02-15,52,5787.788516,6.439157246
2020-02-15,55,4657.042643,5.881406887
2020-02-15,57,3534.621005,4.217813507
2020-02-15,59,10627.83546,12.13487775
2020-02-15,61,983.6698885,1.365630725
2020-02-15,63,5964.101219,6.685736615
2020-02-15,64,1378.167143,2.033174257
2020-02-15,66,7694.48295,9.179797119
2020-02-15,68,16923.48065,18.35604073
2020-02-15,69,6171.646038,7.574965146
2020-02-15,71,3518.941163,3.692933482
2020-02-15,72,3023.53477,3.538334712
2020-02-15,73,5802.379083,6.386053899
2020-02-15,74,3149.39712,3.579199203
2020-02-15,75,3679.929488,5.473405749
2020-02-15,77,4667.028397,5.36526786
2020-02-15,8,3678.264007,4.799228221
2020-02-15,80,3819.729678,3.877753132
2020-02-15,81,3842.885385,4.215326748
2020-02-15,83,1106.003524,1.323532388
2020-02-15,84,3985.641839,4.756044562
2020-02-15,88,7859.565561,8.912071468
2020-02-15,89,9224.769186,10.94571093
2020-02-15,90,3587.873225,4.987566333
2020-02-15,92,6527.259506,7.306291932
2020-02-15,93,3190.82471,3.790772605
2020-02-15,95,2987.798352,3.771868738
2020-02-15,96,10874.06549,11.15321027
2020-02-15,97,3265.994497,3.756995498
2020-02-15,98,6018.367679,6.262864152
2020-02-16,10,13378.88519,17.22200363
2020-02-16,103,4789.59603,5.077493704
2020-02-16,105,10431.86084,11.16569104
2020-02-16,108,3580.151838,4.053690948
2020-02-16,11,8739.105609,10.2219604
2020-02-16,110,13394.55443,17.22200363
2020-02-16,111,8753.574283,10.2219604
2020-02-16,115,4764.358246,5.867147433
2020-02-16,118,3252.068589,3.927280884
2020-02-16,119,2681.171445,2.845006851
2020-02-16,120,6810.620111,9.202214077
2020-02-16,122,2675.153112,3.06821596
2020-02-16,123,1341.878095,1.523875241
2020-02-16,125,10133.83297,11.35507334
2020-02-16,126,5702.434207,6.450312538
2020-02-16,127,1063.001873,1.18408346
2020-02-16,128,9994.306332,11.67648879
2020-02-16,131,6724.668725,7.737843909
2020-02-16,133,1325.869047,1.536056308
2020-02-16,135,1240.646843,1.329217975
2020-02-16,136,2850.248631,3.147668434
2020-02-16,138,7984.790653,8.819186799
2020-02-16,139,967.4669178,2.099775132
2020-02-16,141,4517.063022,5.220672799
2020-02-16,142,857.8146832,0.9530761241
2020-02-16,144,10107.40164,10.71894708
2020-02-16,145,5698.168763,6.344147476
2020-02-16,146,3458.81499,3.631834755
2020-02-16,149,2959.83255,3.074665269
2020-02-16,15,4864.984889,5.867147433
2020-02-16,151,11040.45,12.22933939
2020-02-16,152,5848.56131,6.024356791
2020-02-16,155,4663.974879,5.340515609
2020-02-16,157,3382.464564,6.237198605
2020-02-16,159,10564.67105,11.45789926
2020-02-16,161,967.0048094,1.547384772
2020-02-16,163,5990.01922,6.940393295
2020-02-16,164,1351.948197,1.743011505
2020-02-16,166,7484.001161,8.844480328
2020-02-16,168,16673.48519,17.52213786
2020-02-16,169,6004.586332,7.266415504
2020-02-16,171,3453.314934,4.036961206
2020-02-16,172,3037.605327,3.785987379
2020-02-16,173,5725.288195,6.743107933
2020-02-16,174,3062.743799,3.449390982
2020-02-16,175,3708.291081,4.260115674
2020-02-16,177,4559.41612,5.440908338
2020-02-16,18,3268.987046,3.927280884
2020-02-16,180,3764.274935,4.307899315
2020-02-16,181,3836.668397,4.658681815
2020-02-16,183,1095.010421,1.278319687
2020-02-16,184,3884.422502,4.855616928
2020-02-16,188,7728.27859,8.973192401
2020-02-16,189,9275.350886,11.42873359
2020-02-16,19,2698.590341,2.845006851
2020-02-16,190,3629.390664,5.212714866
2020-02-16,192,6472.789263,8.357616501
2020-02-16,193,3142.359203,3.321219273
2020-02-16,195,3035.603915,4.287333848
2020-02-16,196,10963.63325,11.61790292
2020-02-16,197,3190.725756,3.668741123
2020-02-16,198,5894.101769,7.499290383
2020-02-16,20,6780.779219,9.202214077
2020-02-16,22,2677.788031,3.06821596
2020-02-16,23,1336.068086,1.523875241
2020-02-16,25,9962.903538,11.35507334
2020-02-16,26,5742.358652,6.450312538
2020-02-16,27,1068.372424,1.18408346
2020-02-16,28,10126.51937,11.67648879
2020-02-16,3,4836.446497,5.077493704
2020-02-16,31,6830.882264,7.737843909
2020-02-16,33,1334.956398,1.536056308
2020-02-16,35,1241.156215,1.329217975
2020-02-16,36,2891.560246,3.147668434
2020-02-16,38,8014.170113,8.819186799
2020-02-16,39,958.3900661,2.099775132
2020-02-16,41,4504.10851,5.220672799
2020-02-16,42,856.3329529,0.9530761241
2020-02-16,44,10043.55348,10.71894708
2020-02-16,45,5816.062131,6.344147476
2020-02-16,46,3457.72846,3.631834755
2020-02-16,49,2938.644706,3.074665269
2020-02-16,5,10470.21369,11.16569104
2020-02-16,51,10989.24712,12.22933939
2020-02-16,52,5756.799561,6.024356791
2020-02-16,55,4584.387751,5.340515609
2020-02-16,57,3468.229127,6.237198605
2020-02-16,59,10552.73295,11.45789926
2020-02-16,61,988.1800898,1.547384772
2020-02-16,63,5989.947491,6.940393295
2020-02-16,64,1343.648484,1.743011505
2020-02-16,66,7535.601476,8.844480328
2020-02-16,68,16537.95342,17.52213786
2020-02-16,69,6020.001898,7.266415504
2020-02-16,71,3445.450906,4.036961206
2020-02-16,72,3065.474674,3.785987379
2020-02-16,73,5747.835151,6.743107933
2020-02-16,74,3089.488024,3.449390982
2020-02-16,75,3630.41032,4.260115674
2020-02-16,77,4572.541578,5.440908338
2020-02-16,8,3639.21492,4.053690948
2020-02-16,80,3751.902932,4.307899315
2020-02-16,81,3772.539468,4.658681815
2020-02-16,83,1088.935748,1.278319687
2020-02-16,84,3913.900235,4.855616928
2020-02-16,88,7757.5443,8.973192401
2020-02-16,89,9234.129133,11.42873359
2020-02-16,90,3604.971329,5.212714866
2020-02-16,92,6491.926593,8.357616501
2020-02-16,93,3133.000589,3.321219273
2020-02-16,95,2978.223468,4.287333848
2020-02-16,96,10888.88471,11.61790292
2020-02-16,97,3267.638452,3.668741123
2020-02-16,98,5902.839006,7.499290383
2020-02-17,10,13212.0394,14.36220303
2020-02-17,103,4799.996346,5.708423496
2020-02-17,105,10806.07391,11.0672867
2020-02-17,108,3581.933236,4.823119246
2020-02-17,11,8808.76543,10.13980121
2020-02-17,110,13329.46029,14.36220303
2020-02-17,111,9018.701868,10.13980121
2020-02-17,115,4930.592535,5.747041633
2020-02-17,118,3232.479012,3.94617029
2020-02-17,119,2699.786122,4.387467106
2020-02-17,120,6852.783873,7.439207534
2020-02-17,122,2628.076432,4.961149265
2020-02-17,123,1389.998721,1.87741399
2020-02-17,125,9760.819198,11.90348991
2020-02-17,126,5602.927555,5.838719756
2020-02-17,127,1058.191107,1.579783012
2020-02-17,128,10014.33868,11.6791116
2020-02-17,131,6729.789789,8.343979635
2020-02-17,133,1375.531356,1.388863715
2020-02-17,135,1233.093441,1.440086306
2020-02-17,136,2862.027415,3.973029024
2020-02-17,138,7978.830717,10.25665407
2020-02-17,139,951.4937099,1.377203417
2020-02-17,141,4457.234335,6.016675798
2020-02-17,142,850.9785014,1.603181728
2020-02-17,144,9901.997103,10.70088297
2020-02-17,145,5906.093566,7.1155438
2020-02-17,146,3463.387135,4.315997344
2020-02-17,149,2937.134469,3.734484476
2020-02-17,15,4905.443228,5.747041633
2020-02-17,151,11065.58318,13.42935012
2020-02-17,152,5649.205382,6.199000468
2020-02-17,155,4665.28621,6.007590231
2020-02-17,157,3502.153844,4.633495714
2020-02-17,159,10392.78545,12.12392485
2020-02-17,161,990.7176469,1.495316563
2020-02-17,163,5958.148122,6.350826053
2020-02-17,164,1299.941495,1.771520585
2020-02-17,166,7518.233063,9.349666363
2020-02-17,168,16252.65511,18.63602202
2020-02-17,169,6065.954439,6.462753489
2020-02-17,171,3471.744208,4.085229432
2020-02-17,172,3020.569505,3.839451112
2020-02-17,173,5843.506905,6.019610575
2020-02-17,174,3046.913903,4.093680653
2020-02-17,175,3688.008646,4.135945923
2020-02-17,177,4628.135514,5.251409662
2020-02-17,18,3238.999173,3.94617029
2020-02-17,180,3783.506902,5.065756522
2020-02-17,181,3739.207104,4.974049385
2020-02-17,183,1060.224071,1.464899655
2020-02-17,184,3996.907756,4.933740277
2020-02-17,188,7721.462263,8.783439956
2020-02-17,189,9120.483545,11.21324326
2020-02-17,19,2701.402952,4.387467106
2020-02-17,190,3579.097194,5.101988604
2020-02-17,192,6418.529317,7.282224475
2020-02-17,193,3172.589183,3.295171669
2020-02-17,195,2965.933053,3.282621489
2020-02-17,196,11015.71846,11.40534775
2020-02-17,197,3426.255831,3.975111496
2020-02-17,198,5830.846835,6.474285742
2020-02-17,20,6843.045577,7.439207534
2020-02-17,22,2626.554878,4.961149265
2020-02-17,23,1394.419869,1.87741399
2020-02-17,25,9900.252502,11.90348991
2020-02-17,26,5731.675007,5.838719756
2020-02-17,27,1041.779596,1.579783012
2020-02-17,28,10175.02947,11.6791116
2020-02-17,3,4783.540208,5.708423496
2020-02-17,31,6781.930482,8.343979635
2020-02-17,33,1345.420925,1.388863715
2020-02-17,35,1259.454514,1.440086306
2020-02-17,36,2844.569472,3.973029024
2020-02-17,38,8038.858609,10.25665407
2020-02-17,39,961.7353091,1.377203417
2020-02-17,41,4490.429885,6.016675798
2020-02-17,42,839.3894459,1.603181728
2020-02-17,44,10043.47121,10.70088297
2020-02-17,45,5974.862431,7.1155438
2020-02-17,46,3474.450764,4.315997344
2020-02-17,49,2957.548614,3.734484476
2020-02-17,5,10527.41319,11.0672867
2020-02-17,51,11035.01487,13.42935012
2020-02-17,52,5751.028177,6.199000468
2020-02-17,55,4613.980233,6.007590231
2020-02-17,57,3498.478114,4.633495714
2020-02-17,59,10506.86487,12.12392485
2020-02-17,61,1008.483734,1.495316563
2020-02-17,63,5986.982545,6.350826053
2020-02-17,64,1307.411319,1.771520585
2020-02-17,66,7428.170399,9.349666363
2020-02-17,68,16251.46881,18.63602202
2020-02-17,69,6010.82262,6.462753489
2020-02-17,71,3460.78677,4.085229432
2020-02-17,72,3013.092722,3.839451112
2020-02-17,73,5863.016573,6.019610575
2020-02-17,74,3044.367032,4.093680653
2020-02-17,75,3661.29715,4.135945923
2020-02-17,77,4627.179064,5.251409662
2020-02-17,8,3648.313747,4.823119246
2020-02-17,80,3812.802601,5.065756522
2020-02-17,81,3784.290245,4.974049385
2020-02-17,83,1084.122624,1.464899655
2020-02-17,84,3999.067334,4.933740277
2020-02-17,88,7730.465599,8.783439956
2020-02-17,89,9218.956058,11.21324326
2020-02-17,90,3607.281969,5.101988604
2020-02-17,92,6525.010016,7.282224475
2020-02-17,93,3120.93201,3.295171669
2020-02-17,95,2968.846578,3.282621489
2020-02-17,96,10967.35663,11.40534775
2020-02-17,97,3375.268237,3.975111496
2020-02-17,98,5879.432986,6.474285742
2020-02-18,10,13308.20672,14.24202171
2020-02-18,103,4823.075746,5.838134386
2020-02-18,105,11046.76429,11.15652859
2020-02-18,108,3712.43927,4.239899047
2020-02-18,11,8919.925879,11.50964028
2020-02-18,110,13241.90803,14.24202171
2020-02-18,111,8843.524063,11.50964028
2020-02-18,115,4768.080859,5.715599109
2020-02-18,118,3247.213026,3.774998449
2020-02-18,119,2715.422927,3.30502878
2020-02-18,120,6893.44484,8.949462958
2020-02-18,122,2584.074303,3.703458772
2020-02-18,123,1435.238478,1.464204543
2020-02-18,125,9967.071035,11.12938985
2020-02-18,126,5685.750117,6.949810637
2020-02-18,127,1061.045146,1.081822804
2020-02-18,128,10327.21299,12.88909959
2020-02-18,131,6902.744233,7.795646527
2020-02-18,133,1352.856679,1.580966139
2020-02-18,135,1301.427964,1.74519463
2020-02-18,136,2824.316567,4.146946504
2020-02-18,138,7995.988478,9.147343004
2020-02-18,139,987.4682552,1.448727375
2020-02-18,141,4469.360348,5.556384455
2020-02-18,142,854.5311132,1.151593056
2020-02-18,144,10100.84554,10.99404835
2020-02-18,145,5908.970967,7.620918941
2020-02-18,146,3473.587176,3.877414309
2020-02-18,149,2959.936742,3.931361292
2020-02-18,15,4847.185226,5.715599109
2020-02-18,151,10943.76332,14.0058129
2020-02-18,152,5806.326993,5.951560486
2020-02-18,155,4742.207227,5.064406848
2020-02-18,157,3563.938255,4.33168862
2020-02-18,159,10698.21885,11.68242756
2020-02-18,161,996.8153614,1.291036097
2020-02-18,163,6120.628111,6.476992873
2020-02-18,164,1393.078967,1.764351881
2020-02-18,166,7490.4424,8.564670339
2020-02-18,168,16563.62462,18.76249539
2020-02-18,169,5960.19195,7.682604401
2020-02-18,171,3500.279622,3.757865126
2020-02-18,172,3016.688772,4.437671811
2020-02-18,173,6014.238683,6.383835618
2020-02-18,174,3037.076336,3.635645681
2020-02-18,175,3645.245104,4.84803648
2020-02-18,177,4629.438594,5.305109933
2020-02-18,18,3251.904067,3.774998449
2020-02-18,180,3850.491923,4.825353431
2020-02-18,181,3790.369845,4.607150647
2020-02-18,183,1077.273538,1.34058155
2020-02-18,184,3963.035185,4.130802493
2020-02-18,188,7864.183976,9.019584069
2020-02-18,189,9284.681554,11.58859422
2020-02-18,19,2771.195164,3.30502878
2020-02-18,190,3594.09774,4.563980284
2020-02-18,192,6540.218953,8.593872243
2020-02-18,193,3156.035765,3.471726655
2020-02-18,195,2991.375821,3.394348928
2020-02-18,196,11340.83566,11.75041446
2020-02-18,197,3440.773151,3.500269101
2020-02-18,198,6023.10938,6.174917119
2020-02-18,20,6953.063755,8.949462958
2020-02-18,22,2595.906541,3.703458772
2020-02-18,23,1428.146183,1.464204543
2020-02-18,25,9956.749888,11.12938985
2020-02-18,26,5823.587263,6.949810637
2020-02-18,27,1070.920771,1.081822804
2020-02-18,28,10280.62678,12.88909959
2020-02-18,3,4834.950605,5.838134386
2020-02-18,31,6871.471106,7.795646527
2020-02-18,33,1348.071084,1.580966139
2020-02-18,35,1304.12824,1.74519463
2020-02-18,36,2875.120105,4.146946504
2020-02-18,38,7959.559961,9.147343004
2020-02-18,39,972.8600344,1.448727375
2020-02-18,41,4529.514156,5.556384455
2020-02-18,42,856.030989,1.151593056
2020-02-18,44,10088.06007,10.99404835
2020-02-18,45,5958.693347,7.620918941
2020-02-18,46,3459.490145,3.877414309
2020-02-18,49,2991.472687,3.931361292
2020-02-18,5,10743.91585,11.15652859
2020-02-18,51,11014.74115,14.0058129
2020-02-18,52,5740.898926,5.951560486
2020-02-18,55,4718.061106,5.064406848
2020-02-18,57,3545.250975,4.33168862
2020-02-18,59,10682.09155,11.68242756
2020-02-18,61,1003.144618,1.291036097
2020-02-18,63,6096.364189,6.476992873
2020-02-18,64,1348.501523,1.764351881
2020-02-18,66,7512.256471,8.564670339
2020-02-18,68,16512.21339,18.76249539
2020-02-18,69,6070.159775,7.682604401
2020-02-18,71,3480.838037,3.757865126
2020-02-18,72,3055.326956,4.437671811
2020-02-18,73,5881.86542,6.383835618
2020-02-18,74,3068.100862,3.635645681
2020-02-18,75,3672.340773,4.84803648
2020-02-18,77,4602.484167,5.305109933
2020-02-18,8,3724.737848,4.239899047
2020-02-18,80,3854.710761,4.825353431
2020-02-18,81,3825.813143,4.607150647
2020-02-18,83,1074.376609,1.34058155
2020-02-18,84,3984.488305,4.130802493
2020-02-18,88,7859.043469,9.019584069
2020-02-18,89,9263.531718,11.58859422
2020-02-18,90,3599.473141,4.563980284
2020-02-18,92,6556.951621,8.593872243
2020-02-18,93,3064.959001,3.471726655
2020-02-18,95,3026.146351,3.394348928
2020-02-18,96,11180.14678,11.75041446
2020-02-18,97,3449.390653,3.500269101
2020-02-18,98,5942.615419,6.174917119
2020-02-19,10,13324.74247,16.54390114
2020-02-19,103,4833.132794,5.496454679
2020-02-19,105,10516.36223,11.29362084
2020-02-19,108,3721.295656,5.004119589
2020-02-19,11,8951.75003,10.95637337
2020-02-19,110,13461.9354,16.54390114
2020-02-19,111,8798.790907,10.95637337
2020-02-19,115,4951.28747,6.140271845
2020-02-19,118,3258.594901,4.241508855
2020-02-19,119,2834.473124,3.451219406
2020-02-19,120,6876.53514,9.129283143
2020-02-19,122,2600.61059,3.242467172
2020-02-19,123,1429.724552,1.432742815
2020-02-19,125,9979.276532,10.88804807
2020-02-19,126,5923.159835,6.168607148
2020-02-19,127,1085.222042,1.239675355
2020-02-19,128,10202.94205,12.85766115
2020-02-19,131,7047.155806,8.587469756
2020-02-19,133,1320.884413,1.466862174
2020-02-19,135,1222.572456,1.639942781
2020-02-19,136,2854.657805,3.476713988
2020-02-19,138,7925.997574,8.727506399
2020-02-19,139,951.346427,1.05997746
2020-02-19,141,4495.685156,5.748132246
2020-02-19,142,880.2150553,0.9803739379
2020-02-19,144,10026.99011,10.96493284
2020-02-19,145,5918.779611,7.491117684
2020-02-19,146,3343.234583,4.384886397
2020-02-19,149,3035.952544,3.338229153
2020-02-19,15,4939.046334,6.140271845
2020-02-19,151,11049.7269,14.49830238
2020-02-19,152,5776.273177,6.217333686
2020-02-19,155,4658.229015,5.170410057
2020-02-19,157,3547.956755,3.998290404
2020-02-19,159,10580.37399,12.08622117
2020-02-19,161,996.3063031,1.330542225
2020-02-19,163,6001.289628,7.249607137
2020-02-19,164,1355.676738,2.149677057
2020-02-19,166,7426.584597,8.980947986
2020-02-19,168,16623.61656,17.21374767
2020-02-19,169,6167.147662,6.259941679
2020-02-19,171,3444.992268,4.35421573
2020-02-19,172,3073.49026,3.288886245
2020-02-19,173,5905.414204,6.896527368
2020-02-19,174,3048.758391,4.15172904
2020-02-19,175,3661.555911,3.979409663
2020-02-19,177,4706.21206,5.036838965
2020-02-19,18,3247.249922,4.241508855
2020-02-19,180,3753.403906,4.615810243
2020-02-19,181,3889.892708,4.425688585
2020-02-19,183,1103.534318,1.346309552
2020-02-19,184,3977.740009,4.819522124
2020-02-19,188,7852.587893,9.091907088
2020-02-19,189,9081.066789,10.6299769
2020-02-19,19,2797.977759,3.451219406
2020-02-19,190,3530.087342,4.698387927
2020-02-19,192,6626.681512,7.876620504
2020-02-19,193,3133.879711,3.306069446
2020-02-19,195,3025.744623,4.101471278
2020-02-19,196,11029.09134,12.14663849
2020-02-19,197,3432.097737,3.703481406
2020-02-19,198,5905.114782,6.917930048
2020-02-19,20,6893.646152,9.129283143
2020-02-19,22,2590.501211,3.242467172
2020-02-19,23,1415.908913,1.432742815
2020-02-19,25,9920.586611,10.88804807
2020-02-19,26,5846.397749,6.168607148
2020-02-19,27,1077.898447,1.239675355
2020-02-19,28,10193.89482,12.85766115
2020-02-19,3,4802.340735,5.496454679
2020-02-19,31,6916.387806,8.587469756
2020-02-19,33,1321.387143,1.466862174
2020-02-19,35,1268.569095,1.639942781
2020-02-19,36,2858.695439,3.476713988
2020-02-19,38,7840.087532,8.727506399
2020-02-19,39,949.6552059,1.05997746
2020-02-19,41,4591.22628,5.748132246
2020-02-19,42,852.5271121,0.9803739379
2020-02-19,44,10138.61991,10.96493284
2020-02-19,45,5961.738729,7.491117684
2020-02-19,46,3393.007808,4.384886397
2020-02-19,49,3024.137941,3.338229153
2020-02-19,5,10759.55461,11.29362084
2020-02-19,51,11144.31471,14.49830238
2020-02-19,52,5747.263563,6.217333686
2020-02-19,55,4708.31918,5.170410057
2020-02-19,57,3525.364687,3.998290404
2020-02-19,59,10759.11607,12.08622117
2020-02-19,61,995.5456744,1.330542225
2020-02-19,63,6076.979874,7.249607137
2020-02-19,64,1328.727133,2.149677057
2020-02-19,66,7496.126613,8.980947986
2020-02-19,68,16683.13407,17.21374767
2020-02-19,69,6130.930671,6.259941679
2020-02-19,71,3456.187572,4.35421573
2020-02-19,72,3051.358048,3.288886245
2020-02-19,73,5896.011297,6.896527368
2020-02-19,74,3068.653371,4.15172904
2020-02-19,75,3690.670896,3.979409663
2020-02-19,77,4710.687943,5.036838965
2020-02-19,8,3748.647601,5.004119589
2020-02-19,80,3811.928147,4.615810243
2020-02-19,81,3827.22084,4.425688585
2020-02-19,83,1080.187927,1.346309552
2020-02-19,84,3985.731712,4.819522124
2020-02-19,88,7896.782363,9.091907088
2020-02-19,89,9195.008509,10.6299769
2020-02-19,90,3572.520367,4.698387927
2020-02-19,92,6570.738032,7.876620504
2020-02-19,93,3080.622763,3.306069446
2020-02-19,95,3038.303959,4.101471278
2020-02-19,96,10966.24188,12.14663849
2020-02-19,97,3430.827304,3.703481406
2020-02-19,98,5924.907923,6.917930048
2020-02-20,10,13318.15667,16.33908218
2020-02-20,103,4854.682713,5.225351256
2020-02-20,105,10792.07929,11.03607737
2020-02-20,108,3793.577447,4.480821754
2020-02-20,11,8961.173546,10.43049089
2020-02-20,110,13329.23095,16.33908218
2020-02-20,111,9014.054905,10.43049089
2020-02-20,115,4995.096326,6.185904164
2020-02-20,118,3410.349345,4.035461235
2020-02-20,119,2808.681704,3.070472312
2020-02-20,120,6991.874795,8.196697379
2020-02-20,122,2658.111842,3.70866
2020-02-20,123,1434.419947,2.536642306
2020-02-20,125,10068.97366,12.37950133
2020-02-20,126,6037.07929,7.53426994
2020-02-20,127,1091.316079,1.840406009
2020-02-20,128,10249.55638,11.21719237
2020-02-20,131,6853.295696,8.523388915
2020-02-20,133,1306.701547,1.500501177
2020-02-20,135,1277.793191,1.269015223
2020-02-20,136,2879.032394,4.240142447
2020-02-20,138,8006.475119,9.13546756
2020-02-20,139,987.1491867,1.886402003
2020-02-20,141,4639.706641,6.470347331
2020-02-20,142,861.0323375,1.261564964
2020-02-20,144,10404.15836,10.53508809
2020-02-20,145,5953.472923,6.812031533
2020-02-20,146,3361.688415,4.138550317
2020-02-20,149,2989.947945,3.886135231
2020-02-20,15,4998.764744,6.185904164
2020-02-20,151,11163.27962,13.60507486
2020-02-20,152,5737.97226,6.245713501
2020-02-20,155,4875.711189,5.267720124
2020-02-20,157,3661.857223,4.938692291
2020-02-20,159,10806.2855,11.52585054
2020-02-20,161,986.3884386,1.25525716
2020-02-20,163,6222.1463,8.678066577
2020-02-20,164,1333.519065,1.780633321
2020-02-20,166,7626.44186,8.653357943
2020-02-20,168,16920.85651,19.06420069
2020-02-20,169,6204.12007,7.719778087
2020-02-20,171,3556.076882,4.65927576
2020-02-20,172,3061.157445,3.946501465
2020-02-20,173,5885.941964,7.385045537
2020-02-20,174,3135.224255,4.095534722
2020-02-20,175,3649.416732,4.843898942
2020-02-20,177,4780.886556,5.454042244
2020-02-20,18,3352.903934,4.035461235
2020-02-20,180,3802.713008,4.364772358
2020-02-20,181,3913.277342,4.216530691
2020-02-20,183,1019.51428,1.793077251
2020-02-20,184,4074.408257,4.956428787
2020-02-20,188,8226.748894,9.148642511
2020-02-20,189,9452.917496,12.18046749
2020-02-20,19,2803.417404,3.070472312
2020-02-20,190,3581.07094,4.938089678
2020-02-20,192,6538.893489,7.061891176
2020-02-20,193,3226.481939,3.366187872
2020-02-20,195,3060.429679,3.30986588
2020-02-20,196,11500.06422,12.98049605
2020-02-20,197,3435.507491,4.812021068
2020-02-20,198,5997.931459,6.842235116
2020-02-20,20,7016.898379,8.196697379
2020-02-20,22,2644.742893,3.70866
2020-02-20,23,1425.585889,2.536642306
2020-02-20,25,10061.07626,12.37950133
2020-02-20,26,5970.052946,7.53426994
2020-02-20,27,1117.004845,1.840406009
2020-02-20,28,10240.14689,11.21719237
2020-02-20,3,4898.81172,5.225351256
2020-02-20,31,6974.581095,8.523388915
2020-02-20,33,1330.439596,1.500501177
2020-02-20,35,1258.71137,1.269015223
2020-02-20,36,2877.247628,4.240142447
2020-02-20,38,7914.050839,9.13546756
2020-02-20,39,972.3065832,1.886402003
2020-02-20,41,4634.356585,6.470347331
2020-02-20,42,854.1471605,1.261564964
2020-02-20,44,10392.7722,10.53508809
2020-02-20,45,5948.309989,6.812031533
2020-02-20,46,3323.456284,4.138550317
2020-02-20,49,3007.042184,3.886135231
2020-02-20,5,10898.54245,11.03607737
2020-02-20,51,11124.55552,13.60507486
2020-02-20,52,5755.000275,6.245713501
2020-02-20,55,4899.48451,5.267720124
2020-02-20,57,3615.341254,4.938692291
2020-02-20,59,10854.65387,11.52585054
2020-02-20,61,980.0687971,1.25525716
2020-02-20,63,6101.638308,8.678066577
2020-02-20,64,1347.961424,1.780633321
2020-02-20,66,7595.205178,8.653357943
2020-02-20,68,16797.03619,19.06420069
2020-02-20,69,6174.805897,7.719778087
2020-02-20,71,3509.577095,4.65927576
2020-02-20,72,3056.881805,3.946501465
2020-02-20,73,5979.846874,7.385045537
2020-02-20,74,3150.678706,4.095534722
2020-02-20,75,3690.372044,4.843898942
2020-02-20,77,4757.280779,5.454042244
2020-02-20,8,3811.927994,4.480821754
2020-02-20,80,3851.924281,4.364772358
2020-02-20,81,3824.852479,4.216530691
2020-02-20,83,1048.760594,1.793077251
2020-02-20,84,4021.38945,4.956428787
2020-02-20,88,7994.357467,9.148642511
2020-02-20,89,9401.14686,12.18046749
2020-02-20,90,3605.66137,4.938089678
2020-02-20,92,6531.763517,7.061891176
2020-02-20,93,3177.908516,3.366187872
2020-02-20,95,3055.961473,3.30986588
2020-02-20,96,11483.81851,12.98049605
2020-02-20,97,3428.916022,4.812021068
2020-02-20,98,5931.322101,6.842235116
2020-02-21,10,13102.27598,14.69615512
2020-02-21,103,4836.45588,5.854000933
2020-02-21,105,10582.15377,10.93051977
2020-02-21,108,3827.578697,4.25361002
2020-02-21,11,8943.295417,11.02478176
2020-02-21,110,13180.47998,14.69615512
2020-02-21,111,8958.794776,11.02478176
2020-02-21,115,4891.805423,5.766958069
2020-02-21,118,3314.139684,4.528366809
2020-02-21,119,2805.673052,3.524990745
2020-02-21,120,6991.905915,8.866075841
2020-02-21,122,2674.430147,2.96141283
2020-02-21,123,1422.453132,1.625607179
2020-02-21,125,10066.60286,10.91322969
2020-02-21,126,5876.543647,8.048933144
2020-02-21,127,1085.710178,1.159651871
2020-02-21,128,10251.09864,11.39488105
2020-02-21,131,7074.399959,8.558328412
2020-02-21,133,1358.497618,1.916081288
2020-02-21,135,1237.938726,1.317557498
2020-02-21,136,2895.376151,3.735530674
2020-02-21,138,8028.136241,10.43417219
2020-02-21,139,938.9114841,1.376298615
2020-02-21,141,4753.24035,6.23690438
2020-02-21,142,838.0340769,1.678711484
2020-02-21,144,10444.93086,11.79364773
2020-02-21,145,5919.474704,7.274981804
2020-02-21,146,3317.870033,3.830788758
2020-02-21,149,2921.169381,3.354309679
2020-02-21,15,4923.255313,5.766958069
2020-02-21,151,10888.87419,12.33356834
2020-02-21,152,5709.114615,6.457960311
2020-02-21,155,4960.503491,5.689482544
2020-02-21,157,3595.760212,4.582205848
2020-02-21,159,10850.88671,11.67091915
2020-02-21,161,980.3684292,1.580289528
2020-02-21,163,6048.811601,6.602414749
2020-02-21,164,1311.751285,1.732246911
2020-02-21,166,7553.901435,9.333563727
2020-02-21,168,16692.74385,17.69061587
2020-02-21,169,6269.970168,7.655232895
2020-02-21,171,3578.214497,4.065473102
2020-02-21,172,3044.229434,3.343251584
2020-02-21,173,6025.403445,7.018455779
2020-02-21,174,3142.425053,3.595569888
2020-02-21,175,3610.380706,4.438500837
2020-02-21,177,4790.945186,6.465942247
2020-02-21,18,3296.320131,4.528366809
2020-02-21,180,3915.850136,4.25676035
2020-02-21,181,3986.327769,4.476271185
2020-02-21,183,1065.754169,1.295871715
2020-02-21,184,4059.073257,4.249701757
2020-02-21,188,8037.237938,9.295707682
2020-02-21,189,9268.279205,10.49803784
2020-02-21,19,2807.689235,3.524990745
2020-02-21,190,3599.202935,4.095197073
2020-02-21,192,6563.127157,8.006811783
2020-02-21,193,3177.371264,3.440956951
2020-02-21,195,3014.261752,3.771851553
2020-02-21,196,11795.36341,12.11604505
2020-02-21,197,3367.046605,3.567835055
2020-02-21,198,5885.586268,7.156434383
2020-02-21,20,7028.428214,8.866075841
2020-02-21,22,2680.530088,2.96141283
2020-02-21,23,1408.798485,1.625607179
2020-02-21,25,10085.61205,10.91322969
2020-02-21,26,5974.993286,8.048933144
2020-02-21,27,1087.414428,1.159651871
2020-02-21,28,10293.71994,11.39488105
2020-02-21,3,4932.055743,5.854000933
2020-02-21,31,6993.119337,8.558328412
2020-02-21,33,1325.879668,1.916081288
2020-02-21,35,1248.579492,1.317557498
2020-02-21,36,2901.380589,3.735530674
2020-02-21,38,7989.805166,10.43417219
2020-02-21,39,958.2325128,1.376298615
2020-02-21,41,4663.152072,6.23690438
2020-02-21,42,835.5933606,1.678711484
2020-02-21,44,10379.11221,11.79364773
2020-02-21,45,5857.844097,7.274981804
2020-02-21,46,3304.222218,3.830788758
2020-02-21,49,2989.742065,3.354309679
2020-02-21,5,10578.064,10.93051977
2020-02-21,51,10955.94582,12.33356834
2020-02-21,52,5797.510467,6.457960311
2020-02-21,55,4949.064511,5.689482544
2020-02-21,57,3625.933596,4.582205848
2020-02-21,59,10885.84702,11.67091915
2020-02-21,61,973.5376125,1.580289528
2020-02-21,63,6117.725981,6.602414749
2020-02-21,64,1320.965763,1.732246911
2020-02-21,66,7547.173538,9.333563727
2020-02-21,68,16756.2976,17.69061587
2020-02-21,69,6270.390671,7.655232895
2020-02-21,71,3578.279991,4.065473102
2020-02-21,72,3031.254705,3.343251584
2020-02-21,73,5991.803394,7.018455779
2020-02-21,74,3134.197168,3.595569888
2020-02-21,75,3674.551218,4.438500837
2020-02-21,77,4785.36733,6.465942247
2020-02-21,8,3756.060651,4.25361002
2020-02-21,80,3832.144826,4.25676035
2020-02-21,81,3863.680025,4.476271185
2020-02-21,83,1056.73016,1.295871715
2020-02-21,84,4034.778257,4.249701757
2020-02-21,88,8021.229361,9.295707682
2020-02-21,89,9318.596937,10.49803784
2020-02-21,90,3624.229467,4.095197073
2020-02-21,92,6514.965776,8.006811783
2020-02-21,93,3167.772243,3.440956951
2020-02-21,95,3002.370437,3.771851553
2020-02-21,96,11710.78589,12.11604505
2020-02-21,97,3394.677587,3.567835055
2020-02-21,98,5967.882302,7.156434383
2020-02-22,10,13060.05718,14.52167502
2020-02-22,103,4795.740678,5.482769126
2020-02-22,105,10412.27315,10.55634859
2020-02-22,108,3767.251731,4.701029643
2020-02-22,11,8940.311201,11.99475488
2020-02-22,110,12879.15689,14.52167502
2020-02-22,111,8949.091788,11.99475488
2020-02-22,115,4751.338402,6.831325679
2020-02-22,118,3386.890503,4.588319201
2020-02-22,119,2802.870834,3.038781087
2020-02-22,120,6846.59452,8.670585348
2020-02-22,122,2648.626392,2.826318288
2020-02-22,123,1387.49145,1.664160976
2020-02-22,125,10009.04312,11.6273815
2020-02-22,126,5928.699074,6.307210712
2020-02-22,127,1094.860819,1.756518954
2020-02-22,128,10287.55611,11.16311929
2020-02-22,131,6837.85716,8.163879854
2020-02-22,133,1282.059347,1.621894897
2020-02-22,135,1231.035108,2.095114191
2020-02-22,136,2904.146745,3.620284596
2020-02-22,138,7860.480874,8.695551966
2020-02-22,139,954.7950214,1.667621184
2020-02-22,141,4662.715961,4.905777186
2020-02-22,142,836.8760588,1.469531006
2020-02-22,144,10297.30787,10.58525624
2020-02-22,145,6031.149768,6.577247568
2020-02-22,146,3260.163587,4.263897318
2020-02-22,149,2940.902612,4.289914482
2020-02-22,15,4769.19734,6.831325679
2020-02-22,151,10668.97653,12.13785714
2020-02-22,152,5832.577547,6.070701281
2020-02-22,155,4735.516309,5.102499365
2020-02-22,157,3604.063286,4.533531283
2020-02-22,159,10845.85039,12.52299663
2020-02-22,161,969.3252215,1.141542726
2020-02-22,163,5952.494834,6.797360659
2020-02-22,164,1301.684751,1.984820195
2020-02-22,166,7506.243051,9.601494824
2020-02-22,168,16890.38754,18.39008352
2020-02-22,169,6149.802815,6.672299194
2020-02-22,171,3558.539276,5.247063375
2020-02-22,172,3001.479154,3.580885741
2020-02-22,173,5960.99036,6.281514446
2020-02-22,174,3148.089932,3.92782884
2020-02-22,175,3646.703028,4.111829106
2020-02-22,177,4739.279439,5.311416589
2020-02-22,18,3319.613316,4.588319201
2020-02-22,180,3778.356228,4.073775394
2020-02-22,181,3853.486193,4.152940489
2020-02-22,183,1049.092269,1.587957302
2020-02-22,184,3892.590712,5.200477135
2020-02-22,188,8040.863353,8.904144357
2020-02-22,189,9287.127926,10.60576781
2020-02-22,19,2809.735018,3.038781087
2020-02-22,190,3624.910988,3.950757068
2020-02-22,192,6285.498232,6.924145475
2020-02-22,193,3070.466791,3.615456677
2020-02-22,195,3003.200994,4.055720142
2020-02-22,196,11593.30667,12.83565867
2020-02-22,197,3403.046468,3.530824797
2020-02-22,198,5895.895405,7.247406534
2020-02-22,20,6885.813973,8.670585348
2020-02-22,22,2665.479709,2.826318288
2020-02-22,23,1393.667528,1.664160976
2020-02-22,25,9926.274743,11.6273815
2020-02-22,26,5950.409919,6.307210712
2020-02-22,27,1084.910888,1.756518954
2020-02-22,28,10199.20678,11.16311929
2020-02-22,3,4882.947855,5.482769126
2020-02-22,31,6882.876246,8.163879854
2020-02-22,33,1301.752168,1.621894897
2020-02-22,35,1244.359106,2.095114191
2020-02-22,36,2902.858409,3.620284596
2020-02-22,38,7836.108405,8.695551966
2020-02-22,39,935.4789324,1.667621184
2020-02-22,41,4634.04552,4.905777186
2020-02-22,42,837.3918928,1.469531006
2020-02-22,44,10280.80307,10.58525624
2020-02-22,45,5954.313186,6.577247568
2020-02-22,46,3235.856222,4.263897318
2020-02-22,49,2942.815904,4.289914482
2020-02-22,5,10415.17608,10.55634859
2020-02-22,51,10899.12491,12.13785714
2020-02-22,52,5711.083891,6.070701281
2020-02-22,55,4883.696837,5.102499365
2020-02-22,57,3611.577713,4.533531283
2020-02-22,59,10760.03838,12.52299663
2020-02-22,61,970.1148868,1.141542726
2020-02-22,63,6015.634347,6.797360659
2020-02-22,64,1289.63023,1.984820195
2020-02-22,66,7436.387101,9.601494824
2020-02-22,68,16843.25974,18.39008352
2020-02-22,69,6188.756136,6.672299194
2020-02-22,71,3544.969607,5.247063375
2020-02-22,72,2982.615969,3.580885741
2020-02-22,73,5975.073384,6.281514446
2020-02-22,74,3093.961125,3.92782884
2020-02-22,75,3668.13938,4.111829106
2020-02-22,77,4694.703818,5.311416589
2020-02-22,8,3743.486348,4.701029643
2020-02-22,80,3736.396233,4.073775394
2020-02-22,81,3871.554757,4.152940489
2020-02-22,83,1068.893742,1.587957302
2020-02-22,84,3973.142384,5.200477135
2020-02-22,88,7973.365222,8.904144357
2020-02-22,89,9214.247438,10.60576781
2020-02-22,90,3600.877775,3.950757068
2020-02-22,92,6354.118687,6.924145475
2020-02-22,93,3134.373128,3.615456677
2020-02-22,95,2999.912802,4.055720142
2020-02-22,96,11557.62159,12.83565867
2020-02-22,97,3425.899519,3.530824797
2020-02-22,98,5875.716661,7.247406534
2020-02-23,10,13020.65181,16.28368374
2020-02-23,103,4910.89935,6.118378168
2020-02-23,105,10320.87526,11.06155599
2020-02-23,108,3788.341611,4.734994651
2020-02-23,11,8813.019086,10.80480267
2020-02-23,110,12977.85895,16.28368374
2020-02-23,111,8779.910214,10.80480267
2020-02-23,115,4620.971117,5.587717345
2020-02-23,118,3246.926979,4.183541659
2020-02-23,119,2739.68914,3.58843278
2020-02-23,120,6807.093001,7.704401
2020-02-23,122,2651.044815,3.756943816
2020-02-23,123,1348.70538,1.615652895
2020-02-23,125,10015.34282,11.0203089
2020-02-23,126,5841.213007,7.104181801
2020-02-23,127,1091.697552,1.158782367
2020-02-23,128,10098.76561,11.15248521
2020-02-23,131,6856.724845,7.945193414
2020-02-23,133,1327.953415,1.872494141
2020-02-23,135,1242.216514,1.715022436
2020-02-23,136,2905.003466,3.437928631
2020-02-23,138,7772.220379,8.960506459
2020-02-23,139,939.932276,1.211030788
2020-02-23,141,4511.035488,5.292237253
2020-02-23,142,811.6755572,1.336245441
2020-02-23,144,10197.61508,11.20193006
2020-02-23,145,5768.899464,6.172047666
2020-02-23,146,3122.875323,4.439808998
2020-02-23,149,2914.707257,3.611636813
2020-02-23,15,4712.117123,5.587717345
2020-02-23,151,10710.92584,13.41981383
2020-02-23,152,5520.722487,6.304230329
2020-02-23,155,4787.733354,5.07264671
2020-02-23,157,3582.777751,4.266779699
2020-02-23,159,10548.82219,12.59151382
2020-02-23,161,949.6394838,1.135115698
2020-02-23,163,6067.276425,7.109369715
2020-02-23,164,1284.002196,1.6069876
2020-02-23,166,7386.886211,8.557663869
2020-02-23,168,16634.06546,17.95316891
2020-02-23,169,6132.017728,6.777286779
2020-02-23,171,3494.865204,5.36398442
2020-02-23,172,2949.230438,3.81605307
2020-02-23,173,5794.075574,6.125137196
2020-02-23,174,3044.43366,3.803399411
2020-02-23,175,3658.555223,4.530034507
2020-02-23,177,4554.280329,5.063816853
2020-02-23,18,3279.639061,4.183541659
2020-02-23,180,3646.965698,4.576643634
2020-02-23,181,3794.668226,4.776938307
2020-02-23,183,1063.305582,1.717820523
2020-02-23,184,3922.238679,5.291358973
2020-02-23,188,7666.789355,8.401891229
2020-02-23,189,9226.752314,10.49444974
2020-02-23,19,2723.870684,3.58843278
2020-02-23,190,3573.715018,4.460537732
2020-02-23,192,6265.991672,6.910620445
2020-02-23,193,3206.797076,3.234644878
2020-02-23,195,2995.087246,3.587896635
2020-02-23,196,11298.13093,11.96833034
2020-02-23,197,3267.941377,3.68583847
2020-02-23,198,5874.113742,6.750903978
2020-02-23,20,6799.161666,7.704401
2020-02-23,22,2654.389884,3.756943816
2020-02-23,23,1379.739307,1.615652895
2020-02-23,25,9984.256444,11.0203089
2020-02-23,26,5913.783232,7.104181801
2020-02-23,27,1071.620931,1.158782367
2020-02-23,28,10029.21161,11.15248521
2020-02-23,3,4919.437438,6.118378168
2020-02-23,31,6849.162337,7.945193414
2020-02-23,33,1314.267997,1.872494141
2020-02-23,35,1245.638465,1.715022436
2020-02-23,36,2880.0903,3.437928631
2020-02-23,38,7802.973533,8.960506459
2020-02-23,39,929.9806913,1.211030788
2020-02-23,41,4508.303128,5.292237253
2020-02-23,42,821.6343636,1.336245441
2020-02-23,44,10263.86637,11.20193006
2020-02-23,45,5902.075691,6.172047666
2020-02-23,46,3213.494579,4.439808998
2020-02-23,49,2936.541863,3.611636813
2020-02-23,5,10103.24697,11.06155599
2020-02-23,51,10797.60116,13.41981383
2020-02-23,52,5594.619111,6.304230329
2020-02-23,55,4805.983389,5.07264671
2020-02-23,57,3543.582027,4.266779699
2020-02-23,59,10632.8702,12.59151382
2020-02-23,61,953.7503892,1.135115698
2020-02-23,63,6030.310568,7.109369715
2020-02-23,64,1274.517177,1.6069876
2020-02-23,66,7364.0446,8.557663869
2020-02-23,68,16590.24967,17.95316891
2020-02-23,69,6111.134453,6.777286779
2020-02-23,71,3521.886992,5.36398442
2020-02-23,72,2930.078152,3.81605307
2020-02-23,73,5844.39636,6.125137196
2020-02-23,74,3057.672588,3.803399411
2020-02-23,75,3631.245999,4.530034507
2020-02-23,77,4633.991075,5.063816853
2020-02-23,8,3815.425683,4.734994651
2020-02-23,80,3681.253174,4.576643634
2020-02-23,81,3878.640738,4.776938307
2020-02-23,83,1072.560314,1.717820523
2020-02-23,84,3931.048965,5.291358973
2020-02-23,88,7710.14343,8.401891229
2020-02-23,89,9135.240925,10.49444974
2020-02-23,90,3559.763316,4.460537732
2020-02-23,92,6343.014131,6.910620445
2020-02-23,93,3217.133852,3.234644878
2020-02-23,95,2941.890968,3.587896635
2020-02-23,96,11216.77781,11.96833034
2020-02-23,97,3302.349034,3.68583847
2020-02-23,98,5832.945583,6.750903978
2020-02-24,10,12817.00899,13.94034876
2020-02-24,103,4965.97224,5.939288752
2020-02-24,105,10151.0357,11.1154173
2020-02-24,108,3763.06817,4.373965742
2020-02-24,11,8743.089028,9.273051612
2020-02-24,110,12902.74603,13.94034876
2020-02-24,111,8579.406661,9.273051612
2020-02-24,115,4588.516588,5.597190873
2020-02-24,118,3284.375258,3.923048951
2020-02-24,119,2722.299313,3.048867176
2020-02-24,120,6865.889719,9.012998582
2020-02-24,122,2636.938983,3.085654217
2020-02-24,123,1359.387474,1.851568365
2020-02-24,125,10103.86153,11.98605527
2020-02-24,126,5863.886064,6.367922872
2020-02-24,127,1049.27828,1.686433486
2020-02-24,128,10160.4677,10.41980298
2020-02-24,131,6913.314365,7.934099177
2020-02-24,133,1336.886273,1.645143957
2020-02-24,135,1245.799364,1.698495814
2020-02-24,136,2876.937066,3.295941459
2020-02-24,138,7661.970413,8.864670972
2020-02-24,139,947.7682653,1.261330969
2020-02-24,141,4396.46539,6.02073255
2020-02-24,142,852.0629781,1.314753615
2020-02-24,144,10182.14518,10.32459399
2020-02-24,145,5916.228969,6.427041433
2020-02-24,146,3117.048098,4.744827114
2020-02-24,149,2868.750506,3.032047299
2020-02-24,15,4662.052645,5.597190873
2020-02-24,151,10888.28208,12.90131818
2020-02-24,152,5509.554517,5.739636726
2020-02-24,155,4786.129089,5.149440726
2020-02-24,157,3608.103205,4.957633043
2020-02-24,159,10763.08125,11.32374968
2020-02-24,161,963.8363812,1.628870206
2020-02-24,163,5992.250277,7.170549347
2020-02-24,164,1296.1389,2.314714549
2020-02-24,166,7334.123423,9.576039007
2020-02-24,168,16510.39766,17.67301277
2020-02-24,169,6171.70882,7.683205091
2020-02-24,171,3540.11162,4.411553066
2020-02-24,172,2961.585437,3.799171675
2020-02-24,173,5790.432725,6.897227014
2020-02-24,174,3090.86757,4.284211624
2020-02-24,175,3588.182831,4.463573129
2020-02-24,177,4548.401024,5.790544087
2020-02-24,18,3283.118577,3.923048951
2020-02-24,180,3601.765057,4.383156823
2020-02-24,181,3848.525856,4.331763589
2020-02-24,183,1083.58524,1.24852073
2020-02-24,184,3993.340921,4.712845215
2020-02-24,188,7838.223418,8.696809313
2020-02-24,189,9225.896134,10.48704614
2020-02-24,19,2697.392812,3.048867176
2020-02-24,190,3525.664719,4.322739566
2020-02-24,192,6300.054941,6.870821813
2020-02-24,193,3364.053219,3.270964204
2020-02-24,195,3006.524581,3.753427722
2020-02-24,196,11055.28141,11.78458398
2020-02-24,197,3389.695653,4.151364465
2020-02-24,198,5834.748948,8.725848791
2020-02-24,20,6904.974785,9.012998582
2020-02-24,22,2656.482931,3.085654217
2020-02-24,23,1344.423778,1.851568365
2020-02-24,25,10030.86479,11.98605527
2020-02-24,26,5860.762218,6.367922872
2020-02-24,27,1061.242835,1.686433486
2020-02-24,28,10131.34223,10.41980298
2020-02-24,3,4946.96288,5.939288752
2020-02-24,31,6876.959524,7.934099177
2020-02-24,33,1323.348629,1.645143957
2020-02-24,35,1259.252302,1.698495814
2020-02-24,36,2881.820955,3.295941459
2020-02-24,38,7757.171731,8.864670972
2020-02-24,39,945.5593699,1.261330969
2020-02-24,41,4449.198146,6.02073255
2020-02-24,42,817.40859,1.314753615
2020-02-24,44,10114.62306,10.32459399
2020-02-24,45,5964.790306,6.427041433
2020-02-24,46,3176.062112,4.744827114
2020-02-24,49,2922.895202,3.032047299
2020-02-24,5,10166.28589,11.1154173
2020-02-24,51,10829.53527,12.90131818
2020-02-24,52,5534.020641,5.739636726
2020-02-24,55,4793.632775,5.149440726
2020-02-24,57,3550.941136,4.957633043
2020-02-24,59,10597.45141,11.32374968
2020-02-24,61,939.9327417,1.628870206
2020-02-24,63,6020.30231,7.170549347
2020-02-24,64,1258.157466,2.314714549
2020-02-24,66,7410.635329,9.576039007
2020-02-24,68,16658.3715,17.67301277
2020-02-24,69,6135.253651,7.683205091
2020-02-24,71,3555.351842,4.411553066
2020-02-24,72,2928.339661,3.799171675
2020-02-24,73,5820.720011,6.897227014
2020-02-24,74,3080.674471,4.284211624
2020-02-24,75,3615.394862,4.463573129
2020-02-24,77,4600.468494,5.790544087
2020-02-24,8,3823.777824,4.373965742
2020-02-24,80,3672.252512,4.383156823
2020-02-24,81,3800.51243,4.331763589
2020-02-24,83,1069.694457,1.24852073
2020-02-24,84,3975.135336,4.712845215
2020-02-24,88,7729.091575,8.696809313
2020-02-24,89,9170.520865,10.48704614
2020-02-24,90,3539.715485,4.322739566
2020-02-24,92,6400.755391,6.870821813
2020-02-24,93,3266.297407,3.270964204
2020-02-24,95,3023.233387,3.753427722
2020-02-24,96,11197.29337,11.78458398
2020-02-24,97,3355.384411,4.151364465
2020-02-24,98,5859.020388,8.725848791
2020-02-25,10,12988.32008,14.16052275
2020-02-25,103,4962.419032,5.179314961
2020-02-25,105,10317.84967,10.74053843
2020-02-25,108,3891.857538,5.053379987
2020-02-25,11,8773.518143,10.39022419
2020-02-25,110,12916.05583,14.16052275
2020-02-25,111,8756.886499,10.39022419
2020-02-25,115,4725.593565,5.748960739
2020-02-25,118,3281.034675,4.978581084
2020-02-25,119,2739.567948,3.662622437
2020-02-25,120,6947.641003,8.426200296
2020-02-25,122,2635.4495,4.860471863
2020-02-25,123,1301.96593,1.862907735
2020-02-25,125,10159.67645,11.66393398
2020-02-25,126,5953.421737,6.457526104
2020-02-25,127,1056.495326,1.340458476
2020-02-25,128,10249.22427,12.32410865
2020-02-25,131,6783.268363,8.472865283
2020-02-25,133,1356.834918,1.414891846
2020-02-25,135,1290.241951,1.528255338
2020-02-25,136,2957.700024,3.949322007
2020-02-25,138,7998.787429,9.455738779
2020-02-25,139,933.2902106,1.312771412
2020-02-25,141,4502.558031,5.406632719
2020-02-25,142,795.5007011,0.9545180035
2020-02-25,144,10288.99785,11.51863605
2020-02-25,145,5985.575876,6.269104226
2020-02-25,146,3265.415261,4.101019177
2020-02-25,149,2996.36804,3.745266534
2020-02-25,15,4685.070602,5.748960739
2020-02-25,151,10835.42052,11.91893901
2020-02-25,152,5586.182939,6.60830853
2020-02-25,155,4905.534052,5.382244412
2020-02-25,157,3543.336918,3.766407862
2020-02-25,159,10601.05351,10.99295281
2020-02-25,161,943.8133478,1.754431031
2020-02-25,163,5962.337844,6.782818084
2020-02-25,164,1258.152209,1.771875239
2020-02-25,166,7404.463191,10.78956641
2020-02-25,168,16742.22537,18.53290426
2020-02-25,169,6225.284382,6.809790367
2020-02-25,171,3489.48019,3.781442659
2020-02-25,172,2988.657948,4.324991995
2020-02-25,173,5767.684463,7.028329984
2020-02-25,174,3087.955553,3.897857976
2020-02-25,175,3637.424791,4.225576444
2020-02-25,177,4576.189204,6.371855009
2020-02-25,18,3318.175859,4.978581084
2020-02-25,180,3691.613451,4.446125768
2020-02-25,181,3974.098192,5.900138927
2020-02-25,183,1089.695979,1.514128115
2020-02-25,184,4064.964789,5.206927551
2020-02-25,188,7724.623706,8.080717794
2020-02-25,189,9121.082208,10.58729191
2020-02-25,19,2705.310218,3.662622437
2020-02-25,190,3560.262642,4.038669773
2020-02-25,192,6587.292807,8.337262338
2020-02-25,193,3419.389838,3.819527154
2020-02-25,195,3084.948606,5.386939132
2020-02-25,196,11231.44704,12.45221512
2020-02-25,197,3362.320642,3.334490044
2020-02-25,198,5859.13195,6.330842961
2020-02-25,20,6921.539451,8.426200296
2020-02-25,22,2670.156657,4.860471863
2020-02-25,23,1385.727459,1.862907735
2020-02-25,25,10003.39388,11.66393398
2020-02-25,26,5889.560838,6.457526104
2020-02-25,27,1040.36201,1.340458476
2020-02-25,28,10190.00231,12.32410865
2020-02-25,3,4996.974902,5.179314961
2020-02-25,31,6826.767984,8.472865283
2020-02-25,33,1325.417707,1.414891846
2020-02-25,35,1265.529268,1.528255338
2020-02-25,36,2942.160538,3.949322007
2020-02-25,38,7869.41095,9.455738779
2020-02-25,39,941.4514878,1.312771412
2020-02-25,41,4471.770514,5.406632719
2020-02-25,42,803.2153151,0.9545180035
2020-02-25,44,10283.96961,11.51863605
2020-02-25,45,6038.136223,6.269104226
2020-02-25,46,3262.009841,4.101019177
2020-02-25,49,2982.536488,3.745266534
2020-02-25,5,10348.17572,10.74053843
2020-02-25,51,10881.2045,11.91893901
2020-02-25,52,5687.524239,6.60830853
2020-02-25,55,4871.818689,5.382244412
2020-02-25,57,3557.626984,3.766407862
2020-02-25,59,10577.7845,10.99295281
2020-02-25,61,924.2201486,1.754431031
2020-02-25,63,5967.217142,6.782818084
2020-02-25,64,1251.996293,1.771875239
2020-02-25,66,7483.302548,10.78956641
2020-02-25,68,16827.98983,18.53290426
2020-02-25,69,6190.488761,6.809790367
2020-02-25,71,3553.827793,3.781442659
2020-02-25,72,2937.953696,4.324991995
2020-02-25,73,5863.053614,7.028329984
2020-02-25,74,3047.922659,3.897857976
2020-02-25,75,3643.641092,4.225576444
2020-02-25,77,4634.846422,6.371855009
2020-02-25,8,3881.931378,5.053379987
2020-02-25,80,3686.456102,4.446125768
2020-02-25,81,3908.546613,5.900138927
2020-02-25,83,1106.784017,1.514128115
2020-02-25,84,4080.900709,5.206927551
2020-02-25,88,7736.937264,8.080717794
2020-02-25,89,9195.374213,10.58729191
2020-02-25,90,3591.506182,4.038669773
2020-02-25,92,6550.253512,8.337262338
2020-02-25,93,3404.722276,3.819527154
2020-02-25,95,3014.980669,5.386939132
2020-02-25,96,11272.68622,12.45221512
2020-02-25,97,3315.746963,3.334490044
2020-02-25,98,5833.564115,6.330842961
2020-02-26,10,13114.1678,15.82386318
2020-02-26,103,5070.898797,6.133809345
2020-02-26,105,10319.46903,10.84350947
2020-02-26,108,3903.047784,4.831692177
2020-02-26,11,8834.912976,9.762596303
2020-02-26,110,13138.58945,15.82386318
2020-02-26,111,8792.113891,9.762596303
2020-02-26,115,4802.182615,5.447976111
2020-02-26,118,3389.257416,4.165541332
2020-02-26,119,2673.784526,3.911160832
2020-02-26,120,6889.59218,9.522047649
2020-02-26,122,2666.962277,3.111053136
2020-02-26,123,1435.049524,1.522724516
2020-02-26,125,9825.287979,11.96617187
2020-02-26,126,5765.857831,7.08649444
2020-02-26,127,1072.538974,1.440940473
2020-02-26,128,10342.48093,12.14588527
2020-02-26,131,6883.134694,8.046300735
2020-02-26,133,1313.466836,1.822870817
2020-02-26,135,1293.623158,1.827488913
2020-02-26,136,2900.030139,3.422490145
2020-02-26,138,7873.655475,10.1013375
2020-02-26,139,947.1336203,1.293410409
2020-02-26,141,4541.073549,6.735416426
2020-02-26,142,809.7599367,0.9927646214
2020-02-26,144,10086.18814,11.96168595
2020-02-26,145,6041.167293,6.517825925
2020-02-26,146,3170.296612,4.457442902
2020-02-26,149,3019.644162,3.725833104
2020-02-26,15,4763.675476,5.447976111
2020-02-26,151,11065.39835,14.10501753
2020-02-26,152,5704.209919,6.159668195
2020-02-26,155,4857.906065,6.040930613
2020-02-26,157,3517.105268,4.014988871
2020-02-26,159,10638.86614,12.88871248
2020-02-26,161,942.6639525,1.344781597
2020-02-26,163,5941.746303,7.259154295
2020-02-26,164,1248.524177,1.649531779
2020-02-26,166,7540.523454,8.997385199
2020-02-26,168,16773.41724,17.63716154
2020-02-26,169,6225.228704,7.936700069
2020-02-26,171,3570.120688,4.779619823
2020-02-26,172,2993.41701,4.799281765
2020-02-26,173,5883.777709,6.646744788
2020-02-26,174,3096.510538,3.509724444
2020-02-26,175,3556.439706,4.066961563
2020-02-26,177,4617.57213,5.391398171
2020-02-26,18,3384.857373,4.165541332
2020-02-26,180,3612.927721,4.584843566
2020-02-26,181,3889.203798,4.586019408
2020-02-26,183,1133.682205,1.454787024
2020-02-26,184,4117.296609,4.548971206
2020-02-26,188,7837.541635,9.964784219
2020-02-26,189,9127.447555,11.41821808
2020-02-26,19,2722.244698,3.911160832
2020-02-26,190,3604.076607,4.389064826
2020-02-26,192,6443.139536,8.256201027
2020-02-26,193,3388.907578,3.458577854
2020-02-26,195,3031.132576,4.175888185
2020-02-26,196,11412.50492,12.15771624
2020-02-26,197,3442.915808,3.602833762
2020-02-26,198,5763.322569,6.469135018
2020-02-26,20,6887.056642,9.522047649
2020-02-26,22,2638.953748,3.111053136
2020-02-26,23,1413.187553,1.522724516
2020-02-26,25,9957.155465,11.96617187
2020-02-26,26,5779.887132,7.08649444
2020-02-26,27,1033.738094,1.440940473
2020-02-26,28,10385.98702,12.14588527
2020-02-26,3,5033.942178,6.133809345
2020-02-26,31,6920.048396,8.046300735
2020-02-26,33,1311.070762,1.822870817
2020-02-26,35,1263.010517,1.827488913
2020-02-26,36,2967.418146,3.422490145
2020-02-26,38,7856.231404,10.1013375
2020-02-26,39,947.1504844,1.293410409
2020-02-26,41,4498.952342,6.735416426
2020-02-26,42,803.796901,0.9927646214
2020-02-26,44,10277.92574,11.96168595
2020-02-26,45,6036.205361,6.517825925
2020-02-26,46,3164.777344,4.457442902
2020-02-26,49,3009.577477,3.725833104
2020-02-26,5,10300.39129,10.84350947
2020-02-26,51,11012.54526,14.10501753
2020-02-26,52,5678.90453,6.159668195
2020-02-26,55,4868.932568,6.040930613
2020-02-26,57,3557.171398,4.014988871
2020-02-26,59,10591.07436,12.88871248
2020-02-26,61,953.1726965,1.344781597
2020-02-26,63,5969.916201,7.259154295
2020-02-26,64,1250.595643,1.649531779
2020-02-26,66,7491.791627,8.997385199
2020-02-26,68,16929.84456,17.63716154
2020-02-26,69,6228.925687,7.936700069
2020-02-26,71,3553.679769,4.779619823
2020-02-26,72,2900.48651,4.799281765
2020-02-26,73,5869.253886,6.646744788
2020-02-26,74,3061.635831,3.509724444
2020-02-26,75,3633.052741,4.066961563
2020-02-26,77,4587.988683,5.391398171
2020-02-26,8,3904.784796,4.831692177
2020-02-26,80,3641.956435,4.584843566
2020-02-26,81,3882.835964,4.586019408
2020-02-26,83,1133.912271,1.454787024
2020-02-26,84,4140.014958,4.548971206
2020-02-26,88,7844.979735,9.964784219
2020-02-26,89,9177.507799,11.41821808
2020-02-26,90,3622.473425,4.389064826
2020-02-26,92,6475.650417,8.256201027
2020-02-26,93,3381.58733,3.458577854
2020-02-26,95,3047.554792,4.175888185
2020-02-26,96,11197.90763,12.15771624
2020-02-26,97,3399.471621,3.602833762
2020-02-26,98,5747.792416,6.469135018
2020-02-27,10,13207.84779,15.70469813
2020-02-27,103,5149.669155,5.257610275
2020-02-27,105,10682.94785,11.37231865
2020-02-27,108,3905.437285,4.713139747
2020-02-27,11,8921.738335,10.23375154
2020-02-27,110,13247.11363,15.70469813
2020-02-27,111,8930.96229,10.23375154
2020-02-27,115,4799.592769,6.873424165
2020-02-27,118,3420.146031,3.892019576
2020-02-27,119,2771.292268,4.038191498
2020-02-27,120,6978.074949,8.111633642
2020-02-27,122,2738.458546,3.36627458
2020-02-27,123,1400.930999,1.621974444
2020-02-27,125,10134.78688,12.73063595
2020-02-27,126,5954.84886,6.571270063
2020-02-27,127,1010.126408,1.03895006
2020-02-27,128,10484.59424,11.6935467
2020-02-27,131,7003.479833,7.540940135
2020-02-27,133,1329.627797,1.338055622
2020-02-27,135,1277.983771,1.939311243
2020-02-27,136,2945.704785,3.318805662
2020-02-27,138,8121.961446,8.882439349
2020-02-27,139,966.5400562,1.682402324
2020-02-27,141,4616.029985,5.62837493
2020-02-27,142,794.8515636,0.9166528565
2020-02-27,144,10008.43652,11.15315313
2020-02-27,145,5958.069893,6.226821269
2020-02-27,146,3208.418563,3.989903218
2020-02-27,149,3034.987819,3.504165348
2020-02-27,15,4766.332374,6.873424165
2020-02-27,151,11018.21378,12.41659446
2020-02-27,152,5737.519916,6.498086547
2020-02-27,155,4904.647969,5.342238704
2020-02-27,157,3517.231177,4.212641911
2020-02-27,159,10858.00565,11.68285189
2020-02-27,161,992.0959062,1.278596656
2020-02-27,163,6057.676924,7.779854634
2020-02-27,164,1268.646877,2.002164273
2020-02-27,166,7606.005869,10.86782016
2020-02-27,168,16761.36242,19.18096198
2020-02-27,169,6134.908557,7.047177134
2020-02-27,171,3519.76773,4.87945051
2020-02-27,172,2932.319935,3.850721893
2020-02-27,173,5984.366764,6.876009894
2020-02-27,174,3082.458439,3.296408238
2020-02-27,175,3637.009049,4.856074299
2020-02-27,177,4707.92971,6.38786734
2020-02-27,18,3389.634877,3.892019576
2020-02-27,180,3687.265435,4.41091812
2020-02-27,181,3862.880395,4.043345095
2020-02-27,183,1161.853321,1.708885043
2020-02-27,184,4188.969272,5.059873567
2020-02-27,188,7900.133356,9.352280347
2020-02-27,189,9327.625076,11.95832508
2020-02-27,19,2809.539174,4.038191498
2020-02-27,190,3682.259583,4.7560914
2020-02-27,192,6590.496926,7.283535432
2020-02-27,193,3288.954973,3.456979238
2020-02-27,195,3062.058484,3.733254279
2020-02-27,196,11438.70059,11.86568607
2020-02-27,197,3520.969174,3.726060356
2020-02-27,198,5786.595676,6.234192885
2020-02-27,20,6968.558985,8.111633642
2020-02-27,22,2690.239894,3.36627458
2020-02-27,23,1409.442603,1.621974444
2020-02-27,25,10118.80362,12.73063595
2020-02-27,26,5977.794515,6.571270063
2020-02-27,27,1038.852877,1.03895006
2020-02-27,28,10600.15092,11.6935467
2020-02-27,3,5056.040983,5.257610275
2020-02-27,31,6980.958643,7.540940135
2020-02-27,33,1318.874771,1.338055622
2020-02-27,35,1273.060735,1.939311243
2020-02-27,36,2988.436235,3.318805662
2020-02-27,38,8066.488888,8.882439349
2020-02-27,39,967.8429468,1.682402324
2020-02-27,41,4648.520111,5.62837493
2020-02-27,42,815.1843938,0.9166528565
2020-02-27,44,10225.15709,11.15315313
2020-02-27,45,6025.831145,6.226821269
2020-02-27,46,3202.616593,3.989903218
2020-02-27,49,3050.971335,3.504165348
2020-02-27,5,10476.09564,11.37231865
2020-02-27,51,11073.42768,12.41659446
2020-02-27,52,5675.643314,6.498086547
2020-02-27,55,4970.748128,5.342238704
2020-02-27,57,3561.569222,4.212641911
2020-02-27,59,10799.36358,11.68285189
2020-02-27,61,971.0079369,1.278596656
2020-02-27,63,6097.026196,7.779854634
2020-02-27,64,1274.798106,2.002164273
2020-02-27,66,7503.063782,10.86782016
2020-02-27,68,17033.11985,19.18096198
2020-02-27,69,6173.538756,7.047177134
2020-02-27,71,3582.783049,4.87945051
2020-02-27,72,2901.658943,3.850721893
2020-02-27,73,5935.395266,6.876009894
2020-02-27,74,3102.646316,3.296408238
2020-02-27,75,3646.6958,4.856074299
2020-02-27,77,4680.024636,6.38786734
2020-02-27,8,3915.904176,4.713139747
2020-02-27,80,3688.914152,4.41091812
2020-02-27,81,3903.851345,4.043345095
2020-02-27,83,1178.118773,1.708885043
2020-02-27,84,4170.434674,5.059873567
2020-02-27,88,7828.8413,9.352280347
2020-02-27,89,9292.088564,11.95832508
2020-02-27,90,3654.788124,4.7560914
2020-02-27,92,6546.924605,7.283535432
2020-02-27,93,3335.339387,3.456979238
2020-02-27,95,3043.124956,3.733254279
2020-02-27,96,11455.71112,11.86568607
2020-02-27,97,3412.741181,3.726060356
2020-02-27,98,5772.091171,6.234192885
2020-02-28,10,13148.54097,15.58391192
2020-02-28,103,5049.695065,6.519824302
2020-02-28,105,10626.01572,10.85142116
2020-02-28,108,3866.777262,4.626978903
2020-02-28,11,8831.326276,9.979514369
2020-02-28,110,13114.16788,15.58391192
2020-02-28,111,8835.400051,9.979514369
2020-02-28,115,4765.776789,5.728462349
2020-02-28,118,3381.152936,4.642100085
2020-02-28,119,2825.268905,3.139050353
2020-02-28,120,6993.348683,8.436147817
2020-02-28,122,2690.051877,3.111718964
2020-02-28,123,1345.554486,1.852630531
2020-02-28,125,10055.92648,12.33062267
2020-02-28,126,6182.00072,7.127807612
2020-02-28,127,1039.125693,1.254193929
2020-02-28,128,10682.59072,12.48763068
2020-02-28,131,6894.334036,8.316609709
2020-02-28,133,1344.037535,2.168316579
2020-02-28,135,1271.721639,1.782540384
2020-02-28,136,3026.556737,3.454841888
2020-02-28,138,7890.196742,9.817546416
2020-02-28,139,986.9983645,0.9652193694
2020-02-28,141,4655.178584,5.570127162
2020-02-28,142,779.8186864,1.357208517
2020-02-28,144,10326.56994,10.76617923
2020-02-28,145,6174.980035,7.999004484
2020-02-28,146,3143.055704,3.793596041
2020-02-28,149,3049.484467,3.920546021
2020-02-28,15,4714.004218,5.728462349
2020-02-28,151,10868.98916,12.92951768
2020-02-28,152,5705.943364,6.675057824
2020-02-28,155,4951.767442,5.663090109
2020-02-28,157,3574.122204,4.218223556
2020-02-28,159,11107.95545,12.20292891
2020-02-28,161,937.9111472,1.231698145
2020-02-28,163,6094.611578,6.496079133
2020-02-28,164,1228.635464,1.802441166
2020-02-28,166,7471.627283,8.722667261
2020-02-28,168,17204.83812,19.08224139
2020-02-28,169,6126.646303,7.70526893
2020-02-28,171,3556.888968,4.230093686
2020-02-28,172,2915.757393,3.865583016
2020-02-28,173,5880.779927,7.026371038
2020-02-28,174,3108.85453,5.015150425
2020-02-28,175,3583.711223,4.305471592
2020-02-28,177,4510.075727,4.808893702
2020-02-28,18,3405.284361,4.642100085
2020-02-28,180,3573.873591,4.401200435
2020-02-28,181,3919.752934,5.04606537
2020-02-28,183,1220.266563,1.850416863
2020-02-28,184,4059.094284,5.267473512
2020-02-28,188,7894.35356,9.356136988
2020-02-28,189,9456.543717,11.20420366
2020-02-28,19,2840.013457,3.139050353
2020-02-28,190,3657.62721,4.464727896
2020-02-28,192,6567.188727,6.753869255
2020-02-28,193,3467.643158,3.791262773
2020-02-28,195,2960.791671,4.631638108
2020-02-28,196,11269.76557,12.25929288
2020-02-28,197,3308.462076,3.786039659
2020-02-28,198,5665.063939,6.077687333
2020-02-28,20,7018.204811,8.436147817
2020-02-28,22,2679.671028,3.111718964
2020-02-28,23,1409.434634,1.852630531
2020-02-28,25,10017.79492,12.33062267
2020-02-28,26,6085.098643,7.127807612
2020-02-28,27,1056.780154,1.254193929
2020-02-28,28,10735.55574,12.48763068
2020-02-28,3,5101.380814,6.519824302
2020-02-28,31,6943.475136,8.316609709
2020-02-28,33,1346.249274,2.168316579
2020-02-28,35,1292.026015,1.782540384
2020-02-28,36,3028.690871,3.454841888
2020-02-28,38,8048.22909,9.817546416
2020-02-28,39,964.4344075,0.9652193694
2020-02-28,41,4663.391429,5.570127162
2020-02-28,42,795.6025621,1.357208517
2020-02-28,44,10232.06744,10.76617923
2020-02-28,45,6179.030688,7.999004484
2020-02-28,46,3194.908279,3.793596041
2020-02-28,49,3030.013581,3.920546021
2020-02-28,5,10568.21177,10.85142116
2020-02-28,51,10952.97281,12.92951768
2020-02-28,52,5698.849002,6.675057824
2020-02-28,55,4940.285894,5.663090109
2020-02-28,57,3621.200075,4.218223556
2020-02-28,59,11089.92078,12.20292891
2020-02-28,61,950.3688078,1.231698145
2020-02-28,63,6221.188208,6.496079133
2020-02-28,64,1249.592288,1.802441166
2020-02-28,66,7476.21221,8.722667261
2020-02-28,68,17400.92884,19.08224139
2020-02-28,69,6080.9313,7.70526893
2020-02-28,71,3554.106361,4.230093686
2020-02-28,72,2913.68921,3.865583016
2020-02-28,73,5900.972867,7.026371038
2020-02-28,74,3095.273176,5.015150425
2020-02-28,75,3602.397821,4.305471592
2020-02-28,77,4602.109204,4.808893702
2020-02-28,8,3855.089894,4.626978903
2020-02-28,80,3627.693962,4.401200435
2020-02-28,81,3920.01708,5.04606537
2020-02-28,83,1202.253139,1.850416863
2020-02-28,84,4102.506558,5.267473512
2020-02-28,88,7917.528214,9.356136988
2020-02-28,89,9388.118479,11.20420366
2020-02-28,90,3677.902907,4.464727896
2020-02-28,92,6584.97222,6.753869255
2020-02-28,93,3382.843826,3.791262773
2020-02-28,95,3030.217082,4.631638108
2020-02-28,96,11300.89564,12.25929288
2020-02-28,97,3335.304583,3.786039659
2020-02-28,98,5732.83633,6.077687333
2020-02-29,10,13085.95723,13.77692703
2020-02-29,103,5085.020409,5.340204347
2020-02-29,105,10158.89596,10.2852203
2020-02-29,108,3862.689991,4.673303351
2020-02-29,11,8864.013733,10.95094634
2020-02-29,110,12940.92698,13.77692703
2020-02-29,111,8966.809376,10.95094634
2020-02-29,115,4694.880158,5.423748888
2020-02-29,118,3419.111035,4.23274366
2020-02-29,119,2752.629209,3.457182144
2020-02-29,120,6760.420562,8.012831283
2020-02-29,122,2654.108689,2.838775112
2020-02-29,123,1358.002613,1.474840006
2020-02-29,125,9993.974874,12.40339091
2020-02-29,126,6065.212774,7.660899761
2020-02-29,127,1051.960085,1.07106565
2020-02-29,128,10536.35221,11.82701678
2020-02-29,131,6848.806017,7.520430411
2020-02-29,133,1338.141335,1.571439396
2020-02-29,135,1280.256434,1.764078632
2020-02-29,136,3035.289038,4.644752657
2020-02-29,138,8054.80138,10.09840562
2020-02-29,139,957.2419272,1.172731917
2020-02-29,141,4637.431526,6.478372224
2020-02-29,142,809.6785665,1.250355588
2020-02-29,144,10251.23061,11.78449439
2020-02-29,145,6034.306315,6.993038601
2020-02-29,146,3218.784688,3.731861483
2020-02-29,149,2971.662725,4.018032746
2020-02-29,15,4668.679486,5.423748888
2020-02-29,151,10723.27026,13.20511191
2020-02-29,152,5748.803165,6.866077065
2020-02-29,155,4875.919448,5.070754836
2020-02-29,157,3674.41711,4.910193485
2020-02-29,159,10967.55972,12.15413719
2020-02-29,161,922.0136365,0.9615556383
2020-02-29,163,5966.387191,6.277372321
2020-02-29,164,1232.103929,1.439136648
2020-02-29,166,7261.038735,8.347372277
2020-02-29,168,17619.53446,19.51935893
2020-02-29,169,5930.216943,6.863445546
2020-02-29,171,3460.958781,3.699446438
2020-02-29,172,2884.328568,4.21654372
2020-02-29,173,5881.109272,6.462127536
2020-02-29,174,3118.100786,4.089377763
2020-02-29,175,3557.733634,4.944848894
2020-02-29,177,4596.715999,5.526942555
2020-02-29,18,3410.405092,4.23274366
2020-02-29,180,3614.087653,3.619054412
2020-02-29,181,3927.118103,4.207261884
2020-02-29,183,1168.737365,1.186863252
2020-02-29,184,3989.44509,4.101163256
2020-02-29,188,7703.755823,8.995202627
2020-02-29,189,9293.04555,10.45630167
2020-02-29,19,2778.331508,3.457182144
2020-02-29,190,3581.448572,4.093592665
2020-02-29,192,6357.308984,8.353133556
2020-02-29,193,3349.078264,3.79615371
2020-02-29,195,2970.953698,3.559377605
2020-02-29,196,10754.85353,11.11076078
2020-02-29,197,3311.898304,3.46595449
2020-02-29,198,5786.775026,7.61580486
2020-02-29,20,6792.884558,8.012831283
2020-02-29,22,2640.572444,2.838775112
2020-02-29,23,1370.072913,1.474840006
2020-02-29,25,9865.178967,12.40339091
2020-02-29,26,5996.3832,7.660899761
2020-02-29,27,1048.507225,1.07106565
2020-02-29,28,10611.0223,11.82701678
2020-02-29,3,5025.845612,5.340204347
2020-02-29,31,6817.692996,7.520430411
2020-02-29,33,1334.893568,1.571439396
2020-02-29,35,1288.408981,1.764078632
2020-02-29,36,2998.559503,4.644752657
2020-02-29,38,7992.036925,10.09840562
2020-02-29,39,959.7253749,1.172731917
2020-02-29,41,4596.824748,6.478372224
2020-02-29,42,803.6514459,1.250355588
2020-02-29,44,10264.33725,11.78449439
2020-02-29,45,6021.508804,6.993038601
2020-02-29,46,3199.835185,3.731861483
2020-02-29,49,2987.337836,4.018032746
2020-02-29,5,10270.9923,10.2852203
2020-02-29,51,10804.07944,13.20511191
2020-02-29,52,5664.244618,6.866077065
2020-02-29,55,4827.455693,5.070754836
2020-02-29,57,3660.219222,4.910193485
2020-02-29,59,11055.38016,12.15413719
2020-02-29,61,937.0929617,0.9615556383
2020-02-29,63,6128.630788,6.277372321
2020-02-29,64,1238.876148,1.439136648
2020-02-29,66,7340.569017,8.347372277
2020-02-29,68,17646.33604,19.51935893
2020-02-29,69,5967.526841,6.863445546
2020-02-29,71,3503.464453,3.699446438
2020-02-29,72,2880.94793,4.21654372
2020-02-29,73,5816.688762,6.462127536
2020-02-29,74,3062.123577,4.089377763
2020-02-29,75,3565.036647,4.944848894
2020-02-29,77,4537.695655,5.526942555
2020-02-29,8,3897.820948,4.673303351
2020-02-29,80,3613.942376,3.619054412
2020-02-29,81,3841.651983,4.207261884
2020-02-29,83,1173.195909,1.186863252
2020-02-29,84,4000.150714,4.101163256
2020-02-29,88,7743.508358,8.995202627
2020-02-29,89,9306.714326,10.45630167
2020-02-29,90,3617.861011,4.093592665
2020-02-29,92,6380.044432,8.353133556
2020-02-29,93,3390.53042,3.79615371
2020-02-29,95,2987.946576,3.559377605
2020-02-29,96,10910.858,11.11076078
2020-02-29,97,3343.494021,3.46595449
2020-02-29,98,5729.543852,7.61580486
2020-03-01,10,13075.96994,14.22397641
2020-03-01,103,4875.912795,5.330268013
2020-03-01,105,10522.66,10.41783464
2020-03-01,108,3764.759795,4.751648214
2020-03-01,11,8841.493276,10.54878568
2020-03-01,110,12921.10977,14.22397641
2020-03-01,111,8861.277778,10.54878568
2020-03-01,115,4545.165869,5.766273996
2020-03-01,118,3272.836153,3.763027184
2020-03-01,119,2756.2413,3.713857295
2020-03-01,120,6736.836329,9.414996297
2020-03-01,122,2590.019645,2.7005991
2020-03-01,123,1333.64631,1.746964728
2020-03-01,125,9827.906429,10.65781721
2020-03-01,126,5926.059163,7.56220819
2020-03-01,127,1049.033278,1.067319245
2020-03-01,128,10239.84556,12.12112687
2020-03-01,131,6771.852056,8.341278445
2020-03-01,133,1288.070944,1.95420077
2020-03-01,135,1279.485007,1.623810083
2020-03-01,136,2960.228837,5.356921153
2020-03-01,138,7890.468596,8.918591366
2020-03-01,139,942.0949331,1.074094971
2020-03-01,141,4451.690917,5.177704136
2020-03-01,142,804.2754131,1.414670002
2020-03-01,144,10102.42675,11.7079206
2020-03-01,145,5989.561937,6.92683486
2020-03-01,146,3223.370592,4.140276387
2020-03-01,149,2970.598617,3.187584047
2020-03-01,15,4593.286269,5.766273996
2020-03-01,151,10783.55492,12.90766535
2020-03-01,152,5698.876228,6.352256465
2020-03-01,155,4528.00734,5.909495377
2020-03-01,157,3609.742231,5.276155762
2020-03-01,159,10763.39699,11.92478999
2020-03-01,161,923.5929745,0.9666804982
2020-03-01,163,6124.755848,6.908809908
2020-03-01,164,1191.123966,1.347260214
2020-03-01,166,7203.064935,9.921005822
2020-03-01,168,18059.50928,18.07644691
2020-03-01,169,5993.743641,6.806017964
2020-03-01,171,3565.828818,4.283888779
2020-03-01,172,2839.624155,3.83809649
2020-03-01,173,5745.744847,7.262209906
2020-03-01,174,3039.935096,3.464325922
2020-03-01,175,3516.606906,4.441973358
2020-03-01,177,4470.623603,5.969886768
2020-03-01,18,3308.839033,3.763027184
2020-03-01,180,3554.866787,4.51930384
2020-03-01,181,3860.210069,4.980563
2020-03-01,183,1106.613565,1.709653717
2020-03-01,184,3983.891393,4.375154192
2020-03-01,188,7527.128326,9.002059741
2020-03-01,189,9269.063762,11.08646861
2020-03-01,19,2770.764698,3.713857295
2020-03-01,190,3533.223684,3.952404977
2020-03-01,192,6204.899877,7.621604574
2020-03-01,193,3471.52011,4.350720623
2020-03-01,195,2920.884966,3.899485422
2020-03-01,196,10639.57343,11.28261069
2020-03-01,197,3294.312078,3.745441447
2020-03-01,198,5606.819591,7.606291769
2020-03-01,20,6768.078362,9.414996297
2020-03-01,22,2618.752635,2.7005991
2020-03-01,23,1325.812334,1.746964728
2020-03-01,25,9810.159816,10.65781721
2020-03-01,26,5970.189003,7.56220819
2020-03-01,27,1038.690594,1.067319245
2020-03-01,28,10340.74978,12.12112687
2020-03-01,3,4945.320131,5.330268013
2020-03-01,31,6758.741193,8.341278445
2020-03-01,33,1289.012565,1.95420077
2020-03-01,35,1273.782528,1.623810083
2020-03-01,36,2986.380153,5.356921153
2020-03-01,38,7865.449399,8.918591366
2020-03-01,39,933.6164159,1.074094971
2020-03-01,41,4494.348396,5.177704136
2020-03-01,42,793.9223283,1.414670002
2020-03-01,44,10123.01599,11.7079206
2020-03-01,45,6041.661136,6.92683486
2020-03-01,46,3226.206365,4.140276387
2020-03-01,49,2964.628879,3.187584047
2020-03-01,5,10210.55987,10.41783464
2020-03-01,51,10727.86408,12.90766535
2020-03-01,52,5739.143397,6.352256465
2020-03-01,55,4616.808552,5.909495377
2020-03-01,57,3643.528888,5.276155762
2020-03-01,59,10794.51092,11.92478999
2020-03-01,61,920.1532119,0.9666804982
2020-03-01,63,6015.532808,6.908809908
2020-03-01,64,1209.562333,1.347260214
2020-03-01,66,7238.973674,9.921005822
2020-03-01,68,17467.02327,18.07644691
2020-03-01,69,5942.218905,6.806017964
2020-03-01,71,3539.09124,4.283888779
2020-03-01,72,2830.875366,3.83809649
2020-03-01,73,5832.677979,7.262209906
2020-03-01,74,3031.109497,3.464325922
2020-03-01,75,3489.299389,4.441973358
2020-03-01,77,4447.18251,5.969886768
2020-03-01,8,3815.088335,4.751648214
2020-03-01,80,3572.01453,4.51930384
2020-03-01,81,3852.505012,4.980563
2020-03-01,83,1135.488198,1.709653717
2020-03-01,84,3978.186081,4.375154192
2020-03-01,88,7635.04704,9.002059741
2020-03-01,89,9201.758599,11.08646861
2020-03-01,90,3537.035632,3.952404977
2020-03-01,92,6285.340743,7.621604574
2020-03-01,93,3409.49126,4.350720623
2020-03-01,95,2939.479606,3.899485422
2020-03-01,96,10738.32734,11.28261069
2020-03-01,97,3349.061942,3.745441447
2020-03-01,98,5655.425464,7.606291769
2020-03-02,10,13008.57116,15.3899391
2020-03-02,103,4978.642672,5.336900244
2020-03-02,105,10101.9193,10.44028213
2020-03-02,108,3764.238119,6.084860961
2020-03-02,11,8904.440767,10.14973677
2020-03-02,110,13041.39602,15.3899391
2020-03-02,111,9020.661499,10.14973677
2020-03-02,115,4592.734231,5.513418542
2020-03-02,118,3286.950967,4.315091835
2020-03-02,119,2745.99326,3.120291224
2020-03-02,120,6770.994587,7.637874193
2020-03-02,122,2669.656404,2.978752341
2020-03-02,123,1371.722882,1.741674569
2020-03-02,125,9721.731782,10.78026028
2020-03-02,126,6162.590252,7.047153347
2020-03-02,127,1074.886988,1.077618261
2020-03-02,128,10172.29746,11.29055879
2020-03-02,131,6730.654573,7.109632474
2020-03-02,133,1266.126111,1.641700557
2020-03-02,135,1282.223988,1.26788744
2020-03-02,136,2955.867205,4.190270223
2020-03-02,138,7893.309361,8.582038331
2020-03-02,139,918.8861031,1.735911846
2020-03-02,141,4513.328443,5.522857679
2020-03-02,142,811.1399246,1.323299871
2020-03-02,144,10045.12913,10.98666336
2020-03-02,145,6088.272043,6.198650317
2020-03-02,146,3208.00748,3.937327881
2020-03-02,149,2934.886594,3.633167776
2020-03-02,15,4565.337494,5.513418542
2020-03-02,151,10775.54769,12.58322528
2020-03-02,152,5704.386996,6.975104416
2020-03-02,155,4672.164556,6.019712624
2020-03-02,157,3601.454641,3.908292216
2020-03-02,159,10542.28359,11.36951506
2020-03-02,161,949.3328977,1.077068874
2020-03-02,163,6128.596102,7.108028664
2020-03-02,164,1236.10485,1.464296435
2020-03-02,166,7174.160928,8.574867925
2020-03-02,168,17135.46823,19.36776268
2020-03-02,169,6016.7017,7.464560894
2020-03-02,171,3571.851456,4.205358798
2020-03-02,172,2796.455659,3.932030869
2020-03-02,173,5948.614634,6.410618194
2020-03-02,174,3042.979077,3.628345271
2020-03-02,175,3493.474518,3.995879003
2020-03-02,177,4552.695742,5.43445007
2020-03-02,18,3257.059224,4.315091835
2020-03-02,180,3534.90662,3.960111837
2020-03-02,181,3764.942937,4.115099526
2020-03-02,183,1100.041303,2.27385302
2020-03-02,184,3930.09627,5.377687977
2020-03-02,188,7696.724926,8.501740534
2020-03-02,189,9017.984122,10.42721111
2020-03-02,19,2804.60156,3.120291224
2020-03-02,190,3477.123042,4.731282188
2020-03-02,192,6250.282796,7.63233549
2020-03-02,193,3363.327428,4.015530642
2020-03-02,195,2880.878806,3.695510984
2020-03-02,196,10605.82843,11.55746295
2020-03-02,197,3362.353401,3.695009609
2020-03-02,198,5505.393955,6.046284947
2020-03-02,20,6782.546607,7.637874193
2020-03-02,22,2624.203493,2.978752341
2020-03-02,23,1340.40415,1.741674569
2020-03-02,25,9741.416877,10.78026028
2020-03-02,26,6033.421839,7.047153347
2020-03-02,27,1073.00353,1.077618261
2020-03-02,28,10369.72177,11.29055879
2020-03-02,3,4965.571513,5.336900244
2020-03-02,31,6738.78521,7.109632474
2020-03-02,33,1274.825508,1.641700557
2020-03-02,35,1266.667674,1.26788744
2020-03-02,36,2988.896914,4.190270223
2020-03-02,38,7970.9588,8.582038331
2020-03-02,39,934.310705,1.735911846
2020-03-02,41,4508.488047,5.522857679
2020-03-02,42,799.9399608,1.323299871
2020-03-02,44,9985.990984,10.98666336
2020-03-02,45,6082.206186,6.198650317
2020-03-02,46,3206.778137,3.937327881
2020-03-02,49,2939.142914,3.633167776
2020-03-02,5,10061.93931,10.44028213
2020-03-02,51,10777.13373,12.58322528
2020-03-02,52,5739.791577,6.975104416
2020-03-02,55,4701.029263,6.019712624
2020-03-02,57,3659.023575,3.908292216
2020-03-02,59,10686.99879,11.36951506
2020-03-02,61,942.1182474,1.077068874
2020-03-02,63,6046.436557,7.108028664
2020-03-02,64,1229.67538,1.464296435
2020-03-02,66,7229.940599,8.574867925
2020-03-02,68,17181.57967,19.36776268
2020-03-02,69,5994.865361,7.464560894
2020-03-02,71,3583.909173,4.205358798
2020-03-02,72,2816.223612,3.932030869
2020-03-02,73,5890.806798,6.410618194
2020-03-02,74,3044.985835,3.628345271
2020-03-02,75,3468.380904,3.995879003
2020-03-02,77,4485.215605,5.43445007
2020-03-02,8,3791.971336,6.084860961
2020-03-02,80,3503.905721,3.960111837
2020-03-02,81,3773.397239,4.115099526
2020-03-02,83,1133.771706,2.27385302
2020-03-02,84,4018.227208,5.377687977
2020-03-02,88,7637.224349,8.501740534
2020-03-02,89,9178.703322,10.42721111
2020-03-02,90,3506.727035,4.731282188
2020-03-02,92,6313.262545,7.63233549
2020-03-02,93,3405.605679,4.015530642
2020-03-02,95,2893.330503,3.695510984
2020-03-02,96,10646.14726,11.55746295
2020-03-02,97,3337.091898,3.695009609
2020-03-02,98,5571.248408,6.046284947
2020-03-03,10,13289.83211,16.58853154
2020-03-03,103,5017.677623,5.672355602
2020-03-03,105,10624.71406,10.21253607
2020-03-03,108,3854.085902,4.243654288
2020-03-03,11,8964.189648,10.83994531
2020-03-03,110,13386.12262,16.58853154
2020-03-03,111,8860.976729,10.83994531
2020-03-03,115,4449.612574,6.128365418
2020-03-03,118,3283.441301,3.625256592
2020-03-03,119,2848.232958,4.379564321
2020-03-03,120,6747.015496,8.20385646
2020-03-03,122,2632.473118,3.350726915
2020-03-03,123,1339.774696,1.591830755
2020-03-03,125,9928.378297,11.6169299
2020-03-03,126,6186.961402,6.866627095
2020-03-03,127,1067.159849,1.353108092
2020-03-03,128,10594.66801,11.11462224
2020-03-03,131,6896.376826,7.705674574
2020-03-03,133,1320.073577,2.195171767
2020-03-03,135,1278.989559,2.437165167
2020-03-03,136,3091.535141,3.516579218
2020-03-03,138,8081.174702,8.902459404
2020-03-03,139,915.6818868,1.584863028
2020-03-03,141,4595.756597,5.970748844
2020-03-03,142,792.8820209,1.56401588
2020-03-03,144,9865.583493,10.63750509
2020-03-03,145,5954.098445,7.779371137
2020-03-03,146,3213.524277,3.563660528
2020-03-03,149,2959.448322,3.570143673
2020-03-03,15,4526.525593,6.128365418
2020-03-03,151,10774.89551,12.02403019
2020-03-03,152,5656.560075,6.882856556
2020-03-03,155,4629.661595,4.915097197
2020-03-03,157,3639.071703,4.421396999
2020-03-03,159,10689.90467,12.0365942
2020-03-03,161,958.7852946,2.247346196
2020-03-03,163,6141.125471,6.742459445
2020-03-03,164,1209.167829,2.138080164
2020-03-03,166,7310.728295,8.511303207
2020-03-03,168,17466.27806,18.16958563
2020-03-03,169,5965.596825,7.192837066
2020-03-03,171,3526.471363,5.105155497
2020-03-03,172,2822.918741,4.084051684
2020-03-03,173,5851.308585,6.477356518
2020-03-03,174,3064.910484,3.454508666
2020-03-03,175,3511.212528,3.85866174
2020-03-03,177,4375.048772,5.106335599
2020-03-03,18,3289.192289,3.625256592
2020-03-03,180,3502.572917,3.733866883
2020-03-03,181,3760.628483,4.872814377
2020-03-03,183,1174.129495,1.669344186
2020-03-03,184,3994.041283,4.503857742
2020-03-03,188,7520.185801,9.700189987
2020-03-03,189,9059.830092,10.31705267
2020-03-03,19,2885.380921,4.379564321
2020-03-03,190,3415.408158,4.347213982
2020-03-03,192,6363.693176,8.382952323
2020-03-03,193,3513.84731,4.517481051
2020-03-03,195,2916.063951,3.737240229
2020-03-03,196,10535.06918,11.1542915
2020-03-03,197,3346.739158,3.485573064
2020-03-03,198,5704.014758,6.975248483
2020-03-03,20,6819.720526,8.20385646
2020-03-03,22,2690.514665,3.350726915
2020-03-03,23,1345.805484,1.591830755
2020-03-03,25,9920.521582,11.6169299
2020-03-03,26,6178.179735,6.866627095
2020-03-03,27,1077.94882,1.353108092
2020-03-03,28,10545.36992,11.11462224
2020-03-03,3,5104.627997,5.672355602
2020-03-03,31,6780.096104,7.705674574
2020-03-03,33,1307.877642,2.195171767
2020-03-03,35,1275.22849,2.437165167
2020-03-03,36,3037.260326,3.516579218
2020-03-03,38,8018.155567,8.902459404
2020-03-03,39,928.941753,1.584863028
2020-03-03,41,4583.690927,5.970748844
2020-03-03,42,810.2256838,1.56401588
2020-03-03,44,10049.47003,10.63750509
2020-03-03,45,6141.795524,7.779371137
2020-03-03,46,3208.120539,3.563660528
2020-03-03,49,2917.313515,3.570143673
2020-03-03,5,10203.36861,10.21253607
2020-03-03,51,10819.73482,12.02403019
2020-03-03,52,5688.121761,6.882856556
2020-03-03,55,4716.665161,4.915097197
2020-03-03,57,3718.641442,4.421396999
2020-03-03,59,10737.57186,12.0365942
2020-03-03,61,943.8893523,2.247346196
2020-03-03,63,6153.464072,6.742459445
2020-03-03,64,1226.435537,2.138080164
2020-03-03,66,7264.631261,8.511303207
2020-03-03,68,17423.03639,18.16958563
2020-03-03,69,6072.610748,7.192837066
2020-03-03,71,3550.325801,5.105155497
2020-03-03,72,2825.574387,4.084051684
2020-03-03,73,5861.128843,6.477356518
2020-03-03,74,3045.214923,3.454508666
2020-03-03,75,3459.267274,3.85866174
2020-03-03,77,4418.436274,5.106335599
2020-03-03,8,3808.144817,4.243654288
2020-03-03,80,3534.837982,3.733866883
2020-03-03,81,3760.944128,4.872814377
2020-03-03,83,1147.578656,1.669344186
2020-03-03,84,4001.24484,4.503857742
2020-03-03,88,7572.554916,9.700189987
2020-03-03,89,9167.446788,10.31705267
2020-03-03,90,3434.404335,4.347213982
2020-03-03,92,6358.342655,8.382952323
2020-03-03,93,3457.727714,4.517481051
2020-03-03,95,2925.343031,3.737240229
2020-03-03,96,10497.49692,11.1542915
2020-03-03,97,3342.421077,3.485573064
2020-03-03,98,5637.612134,6.975248483
2020-03-04,10,13222.30113,15.7600218
2020-03-04,103,5103.194318,6.315144413
2020-03-04,105,10282.41588,10.79914621
2020-03-04,108,3862.009252,4.964896364
2020-03-04,11,8996.814224,11.36535498
2020-03-04,110,13255.28791,15.7600218
2020-03-04,111,8976.511793,11.36535498
2020-03-04,115,4488.594149,5.476082796
2020-03-04,118,3308.709348,3.847086068
2020-03-04,119,2869.0933,4.477090847
2020-03-04,120,6800.419858,8.968607112
2020-03-04,122,2710.243948,3.523971701
2020-03-04,123,1317.970411,1.9787334
2020-03-04,125,9980.94764,11.98564643
2020-03-04,126,6199.460294,6.721899987
2020-03-04,127,1037.32788,1.130252355
2020-03-04,128,10549.30675,11.42567909
2020-03-04,131,6672.101951,7.785885901
2020-03-04,133,1270.927808,2.10697401
2020-03-04,135,1227.108472,1.923251622
2020-03-04,136,3049.591014,3.605143641
2020-03-04,138,8136.879337,8.93479492
2020-03-04,139,943.1613314,1.184301942
2020-03-04,141,4645.830468,4.976530208
2020-03-04,142,788.2362583,1.692692992
2020-03-04,144,10055.18208,10.85936751
2020-03-04,145,6244.17916,7.539835966
2020-03-04,146,3209.257686,4.298853037
2020-03-04,149,2894.483029,3.855447763
2020-03-04,15,4485.338357,5.476082796
2020-03-04,151,10703.09493,12.60714077
2020-03-04,152,5778.807329,6.002246287
2020-03-04,155,4638.764142,6.036919296
2020-03-04,157,3694.848908,5.092195994
2020-03-04,159,10581.68299,11.90011165
2020-03-04,161,918.0479581,1.188711923
2020-03-04,163,6060.101261,6.87502245
2020-03-04,164,1210.655811,1.794372393
2020-03-04,166,7223.613867,8.839897096
2020-03-04,168,17422.04149,18.74964578
2020-03-04,169,6010.772898,7.612084403
2020-03-04,171,3570.804863,3.827550198
2020-03-04,172,2859.861351,3.503464781
2020-03-04,173,5874.159845,6.338659496
2020-03-04,174,2997.791562,4.032606424
2020-03-04,175,3418.80499,4.040681322
2020-03-04,177,4369.76708,5.044504201
2020-03-04,18,3290.525758,3.847086068
2020-03-04,180,3464.970197,4.37433907
2020-03-04,181,3688.957851,4.544038324
2020-03-04,183,1135.236501,1.564519091
2020-03-04,184,4162.601215,4.313893025
2020-03-04,188,7543.797593,8.667604675
2020-03-04,189,9263.718277,11.40189524
2020-03-04,19,2911.459996,4.477090847
2020-03-04,190,3397.596182,3.837844908
2020-03-04,192,6437.635146,8.430149556
2020-03-04,193,3374.327116,3.590642875
2020-03-04,195,2965.676981,3.966399714
2020-03-04,196,10663.03961,11.41929384
2020-03-04,197,3354.283957,4.137492208
2020-03-04,198,5735.493352,5.98659423
2020-03-04,20,6828.88237,8.968607112
2020-03-04,22,2685.838249,3.523971701
2020-03-04,23,1339.144145,1.9787334
2020-03-04,25,10076.44741,11.98564643
2020-03-04,26,6127.033445,6.721899987
2020-03-04,27,1072.470587,1.130252355
2020-03-04,28,10631.22458,11.42567909
2020-03-04,3,5068.924095,6.315144413
2020-03-04,31,6698.208347,7.785885901
2020-03-04,33,1288.854954,2.10697401
2020-03-04,35,1271.786886,1.923251622
2020-03-04,36,3041.194981,3.605143641
2020-03-04,38,8067.562865,8.93479492
2020-03-04,39,950.7970963,1.184301942
2020-03-04,41,4632.38152,4.976530208
2020-03-04,42,780.6171876,1.692692992
2020-03-04,44,10098.42956,10.85936751
2020-03-04,45,6244.815745,7.539835966
2020-03-04,46,3165.022745,4.298853037
2020-03-04,49,2882.349432,3.855447763
2020-03-04,5,10427.99964,10.79914621
2020-03-04,51,10800.64865,12.60714077
2020-03-04,52,5656.281909,6.002246287
2020-03-04,55,4689.709894,6.036919296
2020-03-04,57,3678.806487,5.092195994
2020-03-04,59,10612.35874,11.90011165
2020-03-04,61,929.1980276,1.188711923
2020-03-04,63,6091.27858,6.87502245
2020-03-04,64,1221.00191,1.794372393
2020-03-04,66,7236.093507,8.839897096
2020-03-04,68,17399.63426,18.74964578
2020-03-04,69,5975.350727,7.612084403
2020-03-04,71,3602.945246,3.827550198
2020-03-04,72,2867.852507,3.503464781
2020-03-04,73,5829.971233,6.338659496
2020-03-04,74,3041.295843,4.032606424
2020-03-04,75,3454.532678,4.040681322
2020-03-04,77,4360.736819,5.044504201
2020-03-04,8,3804.40869,4.964896364
2020-03-04,80,3491.92394,4.37433907
2020-03-04,81,3684.503359,4.544038324
2020-03-04,83,1134.060405,1.564519091
2020-03-04,84,4069.549852,4.313893025
2020-03-04,88,7652.890292,8.667604675
2020-03-04,89,9214.864139,11.40189524
2020-03-04,90,3391.761492,3.837844908
2020-03-04,92,6443.878356,8.430149556
2020-03-04,93,3372.265367,3.590642875
2020-03-04,95,2913.560692,3.966399714
2020-03-04,96,10699.15042,11.41929384
2020-03-04,97,3354.845202,4.137492208
2020-03-04,98,5725.364452,5.98659423
2020-03-05,10,13190.70111,15.09588341
2020-03-05,103,5255.668322,6.115930523
2020-03-05,105,10603.71153,10.48552559
2020-03-05,108,3802.577241,4.715686849
2020-03-05,11,9080.621326,11.11531272
2020-03-05,110,13305.29827,15.09588341
2020-03-05,111,9111.673179,11.11531272
2020-03-05,115,4492.964221,5.021257814
2020-03-05,118,3267.592899,4.370742347
2020-03-05,119,2910.569311,3.394864235
2020-03-05,120,6881.097695,8.830548056
2020-03-05,122,2682.306432,3.478383724
2020-03-05,123,1358.570431,1.535613954
2020-03-05,125,10051.2628,10.98859675
2020-03-05,126,6241.184635,6.454872626
2020-03-05,127,1090.425496,1.397534978
2020-03-05,128,10731.38633,11.43738554
2020-03-05,131,6871.768072,7.389794201
2020-03-05,133,1311.752116,1.533543637
2020-03-05,135,1272.591578,1.497433493
2020-03-05,136,3148.482013,3.247561647
2020-03-05,138,7933.652581,8.921767969
2020-03-05,139,951.1287929,1.889548413
2020-03-05,141,4698.738984,4.823243044
2020-03-05,142,794.1329741,1.09234445
2020-03-05,144,10095.14243,11.3829858
2020-03-05,145,6350.647837,6.958695329
2020-03-05,146,3160.527405,4.123560822
2020-03-05,149,2957.487897,3.591638256
2020-03-05,15,4526.336939,5.021257814
2020-03-05,151,10817.5971,12.72820712
2020-03-05,152,5740.112787,5.906184218
2020-03-05,155,4756.958735,4.883956403
2020-03-05,157,3749.427013,4.423601088
2020-03-05,159,10654.25608,11.11837907
2020-03-05,161,942.7838387,2.116904244
2020-03-05,163,6186.732035,6.759865091
2020-03-05,164,1269.3085,1.481964127
2020-03-05,166,7301.414422,8.818496799
2020-03-05,168,17543.52312,19.46776034
2020-03-05,169,6006.137638,7.258700506
2020-03-05,171,3707.724728,4.662771968
2020-03-05,172,2935.800021,3.460060275
2020-03-05,173,5805.769471,6.712314344
2020-03-05,174,3042.721108,3.524526964
2020-03-05,175,3516.502239,3.822630252
2020-03-05,177,4320.716384,4.493918449
2020-03-05,18,3356.659218,4.370742347
2020-03-05,180,3559.77236,4.110779448
2020-03-05,181,3796.167517,4.751704422
2020-03-05,183,1124.248915,1.174584631
2020-03-05,184,4179.574536,5.334169066
2020-03-05,188,7971.095298,8.928879641
2020-03-05,189,9227.575014,10.09309842
2020-03-05,19,2929.475839,3.394864235
2020-03-05,190,3389.971833,4.486129001
2020-03-05,192,6466.755778,7.507415636
2020-03-05,193,3418.187747,3.679543292
2020-03-05,195,2924.265592,3.508466376
2020-03-05,196,10760.70277,11.04801686
2020-03-05,197,3273.861735,3.804199105
2020-03-05,198,5839.357933,7.312810153
2020-03-05,20,6882.293602,8.830548056
2020-03-05,22,2705.221381,3.478383724
2020-03-05,23,1364.208372,1.535613954
2020-03-05,25,10039.66948,10.98859675
2020-03-05,26,6245.780479,6.454872626
2020-03-05,27,1085.519053,1.397534978
2020-03-05,28,10609.36082,11.43738554
2020-03-05,3,5142.5937,6.115930523
2020-03-05,31,6781.00087,7.389794201
2020-03-05,33,1318.049811,1.533543637
2020-03-05,35,1273.675967,1.497433493
2020-03-05,36,3050.525893,3.247561647
2020-03-05,38,8050.138804,8.921767969
2020-03-05,39,961.9496687,1.889548413
2020-03-05,41,4721.54999,4.823243044
2020-03-05,42,810.6705706,1.09234445
2020-03-05,44,10125.11855,11.3829858
2020-03-05,45,6341.448032,6.958695329
2020-03-05,46,3198.705917,4.123560822
2020-03-05,49,2928.667817,3.591638256
2020-03-05,5,10472.41339,10.48552559
2020-03-05,51,10779.91314,12.72820712
2020-03-05,52,5732.740323,5.906184218
2020-03-05,55,4681.247674,4.883956403
2020-03-05,57,3699.437986,4.423601088
2020-03-05,59,10749.29857,11.11837907
2020-03-05,61,937.340933,2.116904244
2020-03-05,63,6090.200747,6.759865091
2020-03-05,64,1239.700205,1.481964127
2020-03-05,66,7268.244858,8.818496799
2020-03-05,68,17474.03637,19.46776034
2020-03-05,69,6039.193117,7.258700506
2020-03-05,71,3674.702018,4.662771968
2020-03-05,72,2941.017346,3.460060275
2020-03-05,73,5774.963791,6.712314344
2020-03-05,74,3049.335887,3.524526964
2020-03-05,75,3493.466297,3.822630252
2020-03-05,77,4299.87332,4.493918449
2020-03-05,8,3789.831062,4.715686849
2020-03-05,80,3541.236066,4.110779448
2020-03-05,81,3721.124402,4.751704422
2020-03-05,83,1127.739855,1.174584631
2020-03-05,84,4101.968458,5.334169066
2020-03-05,88,7815.997613,8.928879641
2020-03-05,89,9269.16236,10.09309842
2020-03-05,90,3415.785174,4.486129001
2020-03-05,92,6559.682761,7.507415636
2020-03-05,93,3486.371615,3.679543292
2020-03-05,95,2930.295751,3.508466376
2020-03-05,96,10871.33605,11.04801686
2020-03-05,97,3344.066986,3.804199105
2020-03-05,98,5816.393445,7.312810153
2020-03-06,10,13120.75032,15.83570777
2020-03-06,103,5115.763788,6.455740922
2020-03-06,105,10521.98674,11.45270585
2020-03-06,108,3720.545553,3.864226836
2020-03-06,11,9136.055633,10.40513019
2020-03-06,110,13041.30033,15.83570777
2020-03-06,111,9149.235883,10.40513019
2020-03-06,115,4595.855064,5.580816534
2020-03-06,118,3316.986705,4.371509785
2020-03-06,119,2976.358626,3.624351539
2020-03-06,120,6876.673842,7.8436503
2020-03-06,122,2716.66287,3.22817424
2020-03-06,123,1353.960583,1.691872411
2020-03-06,125,9994.527741,11.13387795
2020-03-06,126,6107.758203,6.349399287
2020-03-06,127,1065.385064,1.236657594
2020-03-06,128,10907.76396,11.62192884
2020-03-06,131,6750.452768,7.068779245
2020-03-06,133,1267.086847,1.682582629
2020-03-06,135,1269.153337,1.665327534
2020-03-06,136,3069.846216,4.248191612
2020-03-06,138,8029.824218,9.789056995
2020-03-06,139,941.9640674,1.67297756
2020-03-06,141,4766.294819,5.107093062
2020-03-06,142,830.461241,1.136020035
2020-03-06,144,10188.83698,11.21670666
2020-03-06,145,6509.387338,6.809244202
2020-03-06,146,3214.773996,3.386054616
2020-03-06,149,2875.787471,3.937787574
2020-03-06,15,4567.733499,5.580816534
2020-03-06,151,10987.39312,12.63987451
2020-03-06,152,5629.329643,6.150102886
2020-03-06,155,4817.471003,5.259497866
2020-03-06,157,3720.518432,3.737747258
2020-03-06,159,10620.76657,11.99562742
2020-03-06,161,929.5899392,1.276965204
2020-03-06,163,6064.766148,6.926831845
2020-03-06,164,1276.840903,1.546143136
2020-03-06,166,7293.74564,9.881745435
2020-03-06,168,17077.15211,19.39912839
2020-03-06,169,6049.366335,6.645830031
2020-03-06,171,3646.903532,3.83549915
2020-03-06,172,2950.535671,3.463359967
2020-03-06,173,5731.478263,6.483976726
2020-03-06,174,3038.736124,4.295475626
2020-03-06,175,3525.719061,4.227738341
2020-03-06,177,4291.632115,4.927488804
2020-03-06,18,3383.263714,4.371509785
2020-03-06,180,3537.369239,4.216187453
2020-03-06,181,3696.933097,4.217585349
2020-03-06,183,1116.369207,1.608828993
2020-03-06,184,4073.235067,4.66310768
2020-03-06,188,7861.283185,8.938425376
2020-03-06,189,9219.03705,12.22901635
2020-03-06,19,2966.723996,3.624351539
2020-03-06,190,3426.081224,4.503781438
2020-03-06,192,6566.20459,7.999834754
2020-03-06,193,3470.777041,3.78505024
2020-03-06,195,2966.321797,3.890948803
2020-03-06,196,10864.88223,10.98051632
2020-03-06,197,3345.339707,3.600823679
2020-03-06,198,5709.871315,5.94796021
2020-03-06,20,6820.493338,7.8436503
2020-03-06,22,2716.473154,3.22817424
2020-03-06,23,1378.843283,1.691872411
2020-03-06,25,9996.689537,11.13387795
2020-03-06,26,6149.672912,6.349399287
2020-03-06,27,1076.1131,1.236657594
2020-03-06,28,10684.33212,11.62192884
2020-03-06,3,5145.696946,6.455740922
2020-03-06,31,6791.784312,7.068779245
2020-03-06,33,1296.838986,1.682582629
2020-03-06,35,1292.735998,1.665327534
2020-03-06,36,3058.998456,4.248191612
2020-03-06,38,8097.523822,9.789056995
2020-03-06,39,956.8753707,1.67297756
2020-03-06,41,4723.680609,5.107093062
2020-03-06,42,809.416046,1.136020035
2020-03-06,44,9993.824068,11.21670666
2020-03-06,45,6428.464529,6.809244202
2020-03-06,46,3195.503079,3.386054616
2020-03-06,49,2924.895782,3.937787574
2020-03-06,5,10668.20344,11.45270585
2020-03-06,51,10880.95683,12.63987451
2020-03-06,52,5621.332072,6.150102886
2020-03-06,55,4766.13368,5.259497866
2020-03-06,57,3686.953332,3.737747258
2020-03-06,59,10647.56061,11.99562742
2020-03-06,61,941.1703214,1.276965204
2020-03-06,63,6104.788014,6.926831845
2020-03-06,64,1256.035766,1.546143136
2020-03-06,66,7231.428158,9.881745435
2020-03-06,68,17115.19174,19.39912839
2020-03-06,69,6112.103432,6.645830031
2020-03-06,71,3667.632264,3.83549915
2020-03-06,72,2931.980837,3.463359967
2020-03-06,73,5756.14198,6.483976726
2020-03-06,74,3019.451225,4.295475626
2020-03-06,75,3498.309962,4.227738341
2020-03-06,77,4263.030977,4.927488804
2020-03-06,8,3763.658705,3.864226836
2020-03-06,80,3511.506088,4.216187453
2020-03-06,81,3718.734823,4.217585349
2020-03-06,83,1106.326623,1.608828993
2020-03-06,84,4130.387513,4.66310768
2020-03-06,88,7748.433268,8.938425376
2020-03-06,89,9314.345596,12.22901635
2020-03-06,90,3423.061304,4.503781438
2020-03-06,92,6623.365542,7.999834754
2020-03-06,93,3443.073713,3.78505024
2020-03-06,95,2934.57112,3.890948803
2020-03-06,96,10882.33228,10.98051632
2020-03-06,97,3370.961994,3.600823679
2020-03-06,98,5718.331777,5.94796021
2020-03-07,10,12963.90578,15.99135833
2020-03-07,103,5016.276624,6.644305185
2020-03-07,105,10546.34251,11.40094704
2020-03-07,108,3716.260501,3.98342691
2020-03-07,11,9039.484591,10.28136907
2020-03-07,110,12825.27819,15.99135833
2020-03-07,111,8898.577535,10.28136907
2020-03-07,115,4421.066627,5.099985604
2020-03-07,118,3380.901958,4.258173058
2020-03-07,119,2874.903018,3.587286095
2020-03-07,120,6803.448965,8.397715288
2020-03-07,122,2678.338134,3.726234571
2020-03-07,123,1357.351448,1.618036082
2020-03-07,125,9755.496663,11.78187659
2020-03-07,126,6081.627588,6.381305762
2020-03-07,127,1064.827108,2.19517467
2020-03-07,128,10585.94481,11.6539661
2020-03-07,131,6744.806817,8.051714785
2020-03-07,133,1230.173051,1.962528029
2020-03-07,135,1279.633781,1.757826283
2020-03-07,136,3052.217238,4.222620266
2020-03-07,138,7903.260936,9.14267579
2020-03-07,139,935.3949274,1.500231
2020-03-07,141,4804.228667,5.349398156
2020-03-07,142,788.5406109,0.9195964093
2020-03-07,144,9886.446983,10.59826579
2020-03-07,145,6223.236828,6.530602442
2020-03-07,146,3160.967658,3.34108545
2020-03-07,149,2902.769089,3.382789822
2020-03-07,15,4485.472715,5.099985604
2020-03-07,151,10796.69854,13.59025345
2020-03-07,152,5524.169564,5.902140946
2020-03-07,155,4898.401163,5.075596923
2020-03-07,157,3623.005286,4.023374658
2020-03-07,159,10567.73131,12.2184707
2020-03-07,161,933.4043557,1.318450991
2020-03-07,163,6042.657404,6.292532214
2020-03-07,164,1232.467168,1.465085044
2020-03-07,166,7085.815511,9.179500714
2020-03-07,168,17187.01058,17.77446015
2020-03-07,169,6092.471441,7.818633236
2020-03-07,171,3648.840274,4.259657209
2020-03-07,172,2983.45394,3.283138644
2020-03-07,173,5699.402298,6.772518441
2020-03-07,174,3033.156007,3.622033234
2020-03-07,175,3508.011789,3.796662235
2020-03-07,177,4269.680698,5.007646392
2020-03-07,18,3326.786924,4.258173058
2020-03-07,180,3565.84205,4.371363152
2020-03-07,181,3644.237446,4.259872138
2020-03-07,183,1110.031662,1.446481932
2020-03-07,184,4096.767807,5.00257845
2020-03-07,188,7645.218798,8.507578955
2020-03-07,189,9222.609158,11.75769508
2020-03-07,19,2921.80938,3.587286095
2020-03-07,190,3304.864038,4.16796299
2020-03-07,192,6588.377353,8.110594848
2020-03-07,193,3361.887094,3.945819973
2020-03-07,195,2856.436097,3.10811825
2020-03-07,196,10840.81191,12.52121422
2020-03-07,197,3389.343948,3.599293369
2020-03-07,198,5592.518537,7.615819923
2020-03-07,20,6840.251982,8.397715288
2020-03-07,22,2693.461964,3.726234571
2020-03-07,23,1395.479429,1.618036082
2020-03-07,25,9815.321829,11.78187659
2020-03-07,26,5951.599705,6.381305762
2020-03-07,27,1076.662906,2.19517467
2020-03-07,28,10590.32498,11.6539661
2020-03-07,3,5089.768078,6.644305185
2020-03-07,31,6803.636363,8.051714785
2020-03-07,33,1242.620431,1.962528029
2020-03-07,35,1282.014501,1.757826283
2020-03-07,36,3052.129001,4.222620266
2020-03-07,38,7973.784093,9.14267579
2020-03-07,39,925.6835095,1.500231
2020-03-07,41,4747.423886,5.349398156
2020-03-07,42,800.5708487,0.9195964093
2020-03-07,44,9924.118206,10.59826579
2020-03-07,45,6318.860952,6.530602442
2020-03-07,46,3136.086623,3.34108545
2020-03-07,49,2902.978704,3.382789822
2020-03-07,5,10730.29134,11.40094704
2020-03-07,51,10787.28855,13.59025345
2020-03-07,52,5525.606072,5.902140946
2020-03-07,55,4805.869211,5.075596923
2020-03-07,57,3630.852887,4.023374658
2020-03-07,59,10503.51001,12.2184707
2020-03-07,61,925.3588222,1.318450991
2020-03-07,63,6065.733371,6.292532214
2020-03-07,64,1221.548615,1.465085044
2020-03-07,66,7197.811106,9.179500714
2020-03-07,68,17102.30632,17.77446015
2020-03-07,69,6126.485765,7.818633236
2020-03-07,71,3623.395606,4.259657209
2020-03-07,72,2950.00018,3.283138644
2020-03-07,73,5684.981217,6.772518441
2020-03-07,74,3012.485077,3.622033234
2020-03-07,75,3509.492297,3.796662235
2020-03-07,77,4290.705455,5.007646392
2020-03-07,8,3759.284491,3.98342691
2020-03-07,80,3484.700475,4.371363152
2020-03-07,81,3641.06171,4.259872138
2020-03-07,83,1101.931438,1.446481932
2020-03-07,84,4136.375582,5.00257845
2020-03-07,88,7551.418123,8.507578955
2020-03-07,89,9356.706874,11.75769508
2020-03-07,90,3339.534148,4.16796299
2020-03-07,92,6569.564447,8.110594848
2020-03-07,93,3370.688794,3.945819973
2020-03-07,95,2905.846622,3.10811825
2020-03-07,96,10840.06719,12.52121422
2020-03-07,97,3412.213716,3.599293369
2020-03-07,98,5651.817284,7.615819923
2020-03-08,10,12830.84246,15.07269545
2020-03-08,103,4993.914801,6.246405999
2020-03-08,105,10542.03985,10.84986897
2020-03-08,108,3696.828928,4.669757947
2020-03-08,11,9007.13583,10.04041129
2020-03-08,110,12642.75784,15.07269545
2020-03-08,111,9059.097221,10.04041129
2020-03-08,115,4495.009945,5.435528167
2020-03-08,118,3282.47181,4.488922137
2020-03-08,119,2845.239131,4.143090544
2020-03-08,120,6615.621911,8.490900299
2020-03-08,122,2683.650398,3.286696633
2020-03-08,123,1352.384146,1.865654981
2020-03-08,125,9872.025236,11.6039635
2020-03-08,126,5958.467919,6.834908421
2020-03-08,127,1116.975236,1.210240942
2020-03-08,128,10482.12418,11.64536308
2020-03-08,131,6801.586793,8.797080179
2020-03-08,133,1294.168557,1.851438431
2020-03-08,135,1301.819256,1.851069788
2020-03-08,136,3086.159453,3.418245304
2020-03-08,138,8106.119882,9.86090515
2020-03-08,139,903.1539152,1.576794935
2020-03-08,141,4662.510434,5.30933539
2020-03-08,142,789.5396672,0.9204121004
2020-03-08,144,9806.092778,10.64663182
2020-03-08,145,6206.000967,8.172235733
2020-03-08,146,3181.038333,4.620936405
2020-03-08,149,2844.493717,3.760948427
2020-03-08,15,4464.924055,5.435528167
2020-03-08,151,10770.06932,12.90144588
2020-03-08,152,5539.341041,6.517545564
2020-03-08,155,4829.09171,5.754427479
2020-03-08,157,3560.350488,4.564758251
2020-03-08,159,10589.45652,11.81618716
2020-03-08,161,908.3657923,1.463737648
2020-03-08,163,6103.66897,7.390435089
2020-03-08,164,1179.380595,1.330889676
2020-03-08,166,7202.293625,8.745864472
2020-03-08,168,16894.39549,20.63633618
2020-03-08,169,6102.778151,7.106310847
2020-03-08,171,3477.313741,4.347592346
2020-03-08,172,2868.518833,3.057498772
2020-03-08,173,5712.854767,6.518191859
2020-03-08,174,3063.191435,3.467962906
2020-03-08,175,3487.159805,3.516562009
2020-03-08,177,4165.514813,4.441489898
2020-03-08,18,3296.039786,4.488922137
2020-03-08,180,3485.478709,4.998462133
2020-03-08,181,3618.015361,4.513976607
2020-03-08,183,1081.200142,2.074938242
2020-03-08,184,4079.821631,5.226717074
2020-03-08,188,7412.082143,8.166101469
2020-03-08,189,9258.301484,10.42159418
2020-03-08,19,2834.880474,4.143090544
2020-03-08,190,3345.184246,3.9053444
2020-03-08,192,6333.243984,7.89148404
2020-03-08,193,3284.855732,3.394292783
2020-03-08,195,2842.221308,3.018135172
2020-03-08,196,10409.01659,10.79674676
2020-03-08,197,3195.644764,3.944076795
2020-03-08,198,5559.008072,6.322271986
2020-03-08,20,6692.680114,8.490900299
2020-03-08,22,2653.173026,3.286696633
2020-03-08,23,1365.971591,1.865654981
2020-03-08,25,9852.876698,11.6039635
2020-03-08,26,6004.560539,6.834908421
2020-03-08,27,1090.107761,1.210240942
2020-03-08,28,10462.06778,11.64536308
2020-03-08,3,5051.36064,6.246405999
2020-03-08,31,6763.563353,8.797080179
2020-03-08,33,1291.329273,1.851438431
2020-03-08,35,1280.397918,1.851069788
2020-03-08,36,3049.647449,3.418245304
2020-03-08,38,7981.114194,9.86090515
2020-03-08,39,929.4036635,1.576794935
2020-03-08,41,4678.575012,5.30933539
2020-03-08,42,789.2076353,0.9204121004
2020-03-08,44,9869.068073,10.64663182
2020-03-08,45,6242.53496,8.172235733
2020-03-08,46,3155.546123,4.620936405
2020-03-08,49,2837.748761,3.760948427
2020-03-08,5,10697.40942,10.84986897
2020-03-08,51,10760.10731,12.90144588
2020-03-08,52,5461.18793,6.517545564
2020-03-08,55,4829.012781,5.754427479
2020-03-08,57,3563.044454,4.564758251
2020-03-08,59,10520.2031,11.81618716
2020-03-08,61,913.4875389,1.463737648
2020-03-08,63,6114.045244,7.390435089
2020-03-08,64,1207.687299,1.330889676
2020-03-08,66,7172.985704,8.745864472
2020-03-08,68,16902.66197,20.63633618
2020-03-08,69,6018.38825,7.106310847
2020-03-08,71,3597.028128,4.347592346
2020-03-08,72,2912.080491,3.057498772
2020-03-08,73,5653.960741,6.518191859
2020-03-08,74,3005.859404,3.467962906
2020-03-08,75,3463.00153,3.516562009
2020-03-08,77,4183.113897,4.441489898
2020-03-08,8,3696.280714,4.669757947
2020-03-08,80,3439.793019,4.998462133
2020-03-08,81,3630.334358,4.513976607
2020-03-08,83,1085.924717,2.074938242
2020-03-08,84,4133.366665,5.226717074
2020-03-08,88,7425.377759,8.166101469
2020-03-08,89,9266.240391,10.42159418
2020-03-08,90,3300.031538,3.9053444
2020-03-08,92,6459.763528,7.89148404
2020-03-08,93,3372.441402,3.394292783
2020-03-08,95,2873.007114,3.018135172
2020-03-08,96,10530.54151,10.79674676
2020-03-08,97,3315.874535,3.944076795
2020-03-08,98,5552.130243,6.322271986
2020-03-09,10,12978.35414,14.83504225
2020-03-09,103,5073.925314,5.466466989
2020-03-09,105,10932.23639,10.89657501
2020-03-09,108,3744.527857,4.942379253
2020-03-09,11,9062.031413,10.9972641
2020-03-09,110,13039.8901,14.83504225
2020-03-09,111,8961.985012,10.9972641
2020-03-09,115,4400.808659,4.979591614
2020-03-09,118,3268.320671,4.207118932
2020-03-09,119,2835.769076,3.281880499
2020-03-09,120,6629.329569,8.387789109
2020-03-09,122,2597.688359,3.361754992
2020-03-09,123,1332.059682,1.533363116
2020-03-09,125,9906.040936,11.35196576
2020-03-09,126,5898.555239,6.557787266
2020-03-09,127,1046.080387,1.66349284
2020-03-09,128,10489.256,11.04546628
2020-03-09,131,6922.988687,7.706954151
2020-03-09,133,1273.587577,1.527226863
2020-03-09,135,1279.645553,1.976776013
2020-03-09,136,3054.829522,3.442641511
2020-03-09,138,7941.448229,8.82210918
2020-03-09,139,937.9308699,1.394121466
2020-03-09,141,4708.921814,6.169947255
2020-03-09,142,783.4276448,1.199084614
2020-03-09,144,9810.665543,11.65598223
2020-03-09,145,6197.111586,6.984940735
2020-03-09,146,3119.080874,4.156008209
2020-03-09,149,2896.953228,4.130277523
2020-03-09,15,4451.680278,4.979591614
2020-03-09,151,10733.75798,12.4019265
2020-03-09,152,5448.667309,6.655725448
2020-03-09,155,4826.775772,5.004712265
2020-03-09,157,3477.938621,3.98476894
2020-03-09,159,10564.78009,13.00548538
2020-03-09,161,935.4762543,1.83769333
2020-03-09,163,6052.210247,7.009102343
2020-03-09,164,1217.682314,1.430217518
2020-03-09,166,7314.607204,8.561884206
2020-03-09,168,16803.29101,18.90384878
2020-03-09,169,5853.697571,7.306876837
2020-03-09,171,3622.148168,4.536158614
2020-03-09,172,2926.736734,3.649972666
2020-03-09,173,5736.918611,6.246540407
2020-03-09,174,3003.418432,3.964938067
2020-03-09,175,3535.678172,3.948614344
2020-03-09,177,4272.529645,4.413117703
2020-03-09,18,3267.342485,4.207118932
2020-03-09,180,3517.64313,3.896727493
2020-03-09,181,3620.614343,3.909292816
2020-03-09,183,1057.749883,1.13946575
2020-03-09,184,4130.251444,5.301608662
2020-03-09,188,7360.794348,7.579054064
2020-03-09,189,8989.879314,10.88934936
2020-03-09,19,2840.502202,3.281880499
2020-03-09,190,3375.831908,3.684299992
2020-03-09,192,6702.596109,7.199322688
2020-03-09,193,3372.838076,3.563773673
2020-03-09,195,2842.128322,4.09790889
2020-03-09,196,10528.83362,11.45248867
2020-03-09,197,3400.75435,3.983886944
2020-03-09,198,5563.627624,6.930476605
2020-03-09,20,6698.159948,8.387789109
2020-03-09,22,2628.737933,3.361754992
2020-03-09,23,1359.834595,1.533363116
2020-03-09,25,9918.568983,11.35196576
2020-03-09,26,5973.109786,6.557787266
2020-03-09,27,1069.837675,1.66349284
2020-03-09,28,10491.23003,11.04546628
2020-03-09,3,5029.824745,5.466466989
2020-03-09,31,6815.396644,7.706954151
2020-03-09,33,1300.922408,1.527226863
2020-03-09,35,1268.633318,1.976776013
2020-03-09,36,3044.407137,3.442641511
2020-03-09,38,7961.850981,8.82210918
2020-03-09,39,916.3547532,1.394121466
2020-03-09,41,4687.640741,6.169947255
2020-03-09,42,791.4541641,1.199084614
2020-03-09,44,9986.591737,11.65598223
2020-03-09,45,6229.37294,6.984940735
2020-03-09,46,3171.782518,4.156008209
2020-03-09,49,2853.27081,4.130277523
2020-03-09,5,10889.2356,10.89657501
2020-03-09,51,10624.60178,12.4019265
2020-03-09,52,5385.591093,6.655725448
2020-03-09,55,4856.514581,5.004712265
2020-03-09,57,3518.222859,3.98476894
2020-03-09,59,10576.32101,13.00548538
2020-03-09,61,921.0454805,1.83769333
2020-03-09,63,6067.803247,7.009102343
2020-03-09,64,1221.451786,1.430217518
2020-03-09,66,7221.509695,8.561884206
2020-03-09,68,17115.72058,18.90384878
2020-03-09,69,5951.374723,7.306876837
2020-03-09,71,3612.132336,4.536158614
2020-03-09,72,2906.562928,3.649972666
2020-03-09,73,5715.058157,6.246540407
2020-03-09,74,3006.120749,3.964938067
2020-03-09,75,3435.797689,3.948614344
2020-03-09,77,4185.998253,4.413117703
2020-03-09,8,3743.862869,4.942379253
2020-03-09,80,3491.066811,3.896727493
2020-03-09,81,3615.969861,3.909292816
2020-03-09,83,1072.834327,1.13946575
2020-03-09,84,4136.708362,5.301608662
2020-03-09,88,7399.621506,7.579054064
2020-03-09,89,9056.948666,10.88934936
2020-03-09,90,3338.048183,3.684299992
2020-03-09,92,6569.84203,7.199322688
2020-03-09,93,3454.906371,3.563773673
2020-03-09,95,2864.224976,4.09790889
2020-03-09,96,10504.25874,11.45248867
2020-03-09,97,3348.026411,3.983886944
2020-03-09,98,5582.902201,6.930476605
2020-03-10,10,13162.1434,15.50953905
2020-03-10,103,5112.369037,5.852117312
2020-03-10,105,10693.15333,11.48575203
2020-03-10,108,3733.294799,4.54766461
2020-03-10,11,9152.206567,11.41439429
2020-03-10,110,12994.44271,15.50953905
2020-03-10,111,9223.225939,11.41439429
2020-03-10,115,4420.12773,5.22048822
2020-03-10,118,3233.527884,3.937032539
2020-03-10,119,2869.317862,3.603776214
2020-03-10,120,6745.126911,9.443658914
2020-03-10,122,2704.439098,3.403499422
2020-03-10,123,1355.622225,1.665814116
2020-03-10,125,10399.61142,11.75461865
2020-03-10,126,6074.517338,7.101914982
2020-03-10,127,1066.507146,1.199907727
2020-03-10,128,10592.50275,12.66757646
2020-03-10,131,6926.182597,8.598530808
2020-03-10,133,1338.953889,1.96091396
2020-03-10,135,1262.860155,1.675526119
2020-03-10,136,3140.150542,3.966041157
2020-03-10,138,7993.115959,9.792867295
2020-03-10,139,927.1530583,1.026340878
2020-03-10,141,4798.711562,5.814415925
2020-03-10,142,804.9337757,0.8161743166
2020-03-10,144,10209.85427,11.22000804
2020-03-10,145,6298.635736,7.087329793
2020-03-10,146,3187.950267,3.518651012
2020-03-10,149,2870.615142,3.562511539
2020-03-10,15,4465.291079,5.22048822
2020-03-10,151,10641.75748,12.77479867
2020-03-10,152,5400.959996,5.368160519
2020-03-10,155,4814.903684,5.67967443
2020-03-10,157,3582.771068,4.720431733
2020-03-10,159,10684.37792,11.77824163
2020-03-10,161,937.63063,1.564524784
2020-03-10,163,6210.321348,7.323100654
2020-03-10,164,1224.674475,1.979684028
2020-03-10,166,7344.563137,8.431796924
2020-03-10,168,17179.90423,18.97097305
2020-03-10,169,5877.090841,7.859927544
2020-03-10,171,3697.922714,4.663469101
2020-03-10,172,2886.018571,3.406052907
2020-03-10,173,5797.478957,6.260338646
2020-03-10,174,3083.220979,3.098262689
2020-03-10,175,3529.785734,4.079599302
2020-03-10,177,4112.314461,4.514318008
2020-03-10,18,3256.425669,3.937032539
2020-03-10,180,3469.329332,5.397502073
2020-03-10,181,3689.186324,4.887933795
2020-03-10,183,1095.741208,1.240834611
2020-03-10,184,4141.709598,5.069661082
2020-03-10,188,7324.99733,8.869710367
2020-03-10,189,9235.046543,9.858851639
2020-03-10,19,2895.750274,3.603776214
2020-03-10,190,3397.992497,3.711701899
2020-03-10,192,6415.077113,7.774808337
2020-03-10,193,3509.137518,4.141817716
2020-03-10,195,2889.122394,3.691949269
2020-03-10,196,10292.5681,10.6636012
2020-03-10,197,3370.584337,3.904509511
2020-03-10,198,5564.107753,6.584362521
2020-03-10,20,6750.145127,9.443658914
2020-03-10,22,2701.294775,3.403499422
2020-03-10,23,1392.628403,1.665814116
2020-03-10,25,10145.89321,11.75461865
2020-03-10,26,6047.939425,7.101914982
2020-03-10,27,1078.934404,1.199907727
2020-03-10,28,10638.04696,12.66757646
2020-03-10,3,5113.980661,5.852117312
2020-03-10,31,6903.650391,8.598530808
2020-03-10,33,1349.561793,1.96091396
2020-03-10,35,1281.753367,1.675526119
2020-03-10,36,3134.051037,3.966041157
2020-03-10,38,8008.817397,9.792867295
2020-03-10,39,936.0961669,1.026340878
2020-03-10,41,4733.720403,5.814415925
2020-03-10,42,788.2933625,0.8161743166
2020-03-10,44,10213.08902,11.22000804
2020-03-10,45,6330.208466,7.087329793
2020-03-10,46,3158.4162,3.518651012
2020-03-10,49,2850.329775,3.562511539
2020-03-10,5,10830.82345,11.48575203
2020-03-10,51,10753.08224,12.77479867
2020-03-10,52,5347.309179,5.368160519
2020-03-10,55,4927.615202,5.67967443
2020-03-10,57,3577.203249,4.720431733
2020-03-10,59,10674.33139,11.77824163
2020-03-10,61,923.8640026,1.564524784
2020-03-10,63,6296.194858,7.323100654
2020-03-10,64,1228.542458,1.979684028
2020-03-10,66,7339.323696,8.431796924
2020-03-10,68,17226.42633,18.97097305
2020-03-10,69,5985.178133,7.859927544
2020-03-10,71,3669.918702,4.663469101
2020-03-10,72,2898.65578,3.406052907
2020-03-10,73,5778.983175,6.260338646
2020-03-10,74,3051.215929,3.098262689
2020-03-10,75,3521.959915,4.079599302
2020-03-10,77,4183.120179,4.514318008
2020-03-10,8,3714.480251,4.54766461
2020-03-10,80,3480.152959,5.397502073
2020-03-10,81,3683.182415,4.887933795
2020-03-10,83,1096.080309,1.240834611
2020-03-10,84,4177.960524,5.069661082
2020-03-10,88,7348.297137,8.869710367
2020-03-10,89,9195.89209,9.858851639
2020-03-10,90,3393.315399,3.711701899
2020-03-10,92,6495.098004,7.774808337
2020-03-10,93,3491.85911,4.141817716
2020-03-10,95,2866.722618,3.691949269
2020-03-10,96,10533.40708,10.6636012
2020-03-10,97,3376.370683,3.904509511
2020-03-10,98,5606.824266,6.584362521
2020-03-11,10,13261.37398,14.83278839
2020-03-11,103,5103.250382,5.836728553
2020-03-11,105,11003.26955,11.5025107
2020-03-11,108,3785.115175,4.94125747
2020-03-11,11,9217.481012,10.81235884
2020-03-11,110,13450.55086,14.83278839
2020-03-11,111,9151.13987,10.81235884
2020-03-11,115,4362.514186,5.361451309
2020-03-11,118,3151.860889,4.513755179
2020-03-11,119,2932.509191,3.182811187
2020-03-11,120,6804.943706,7.940998401
2020-03-11,122,2722.990614,3.770798425
2020-03-11,123,1442.718568,1.765994169
2020-03-11,125,10189.59209,11.89203162
2020-03-11,126,6122.106749,7.048671589
2020-03-11,127,1150.874656,1.519591657
2020-03-11,128,10591.10764,10.65502977
2020-03-11,131,6860.264104,7.42687453
2020-03-11,133,1322.784199,1.619587953
2020-03-11,135,1261.951923,1.358713407
2020-03-11,136,3101.749036,3.766175546
2020-03-11,138,8140.316709,11.00833314
2020-03-11,139,967.4235316,1.519247941
2020-03-11,141,4632.623491,5.307152096
2020-03-11,142,780.2839951,1.176433096
2020-03-11,144,10078.51229,11.49726934
2020-03-11,145,6209.817674,7.504265494
2020-03-11,146,3144.30322,4.304487491
2020-03-11,149,2871.080152,3.33468689
2020-03-11,15,4419.078659,5.361451309
2020-03-11,151,10895.95917,11.78495885
2020-03-11,152,5361.050024,6.219030896
2020-03-11,155,4910.868199,5.799075071
2020-03-11,157,3551.939324,4.568019666
2020-03-11,159,10857.14929,11.62933474
2020-03-11,161,885.0881093,1.317010096
2020-03-11,163,6581.927496,6.888355026
2020-03-11,164,1247.394177,1.402989576
2020-03-11,166,7280.57055,8.657909013
2020-03-11,168,17290.8782,19.20117701
2020-03-11,169,6062.404985,7.96587645
2020-03-11,171,3598.696625,4.557708258
2020-03-11,172,2920.477773,3.830798148
2020-03-11,173,5878.673832,6.61002502
2020-03-11,174,3075.948606,3.841536584
2020-03-11,175,3475.298222,4.31424321
2020-03-11,177,4109.153033,5.02456822
2020-03-11,18,3222.308715,4.513755179
2020-03-11,180,3507.433311,4.546895686
2020-03-11,181,3636.196049,4.925448478
2020-03-11,183,1071.531078,1.09417381
2020-03-11,184,4176.33007,5.224351763
2020-03-11,188,7301.027242,8.285512465
2020-03-11,189,9257.902109,11.16942123
2020-03-11,19,2900.717999,3.182811187
2020-03-11,190,3366.575577,3.761072719
2020-03-11,192,6415.385828,7.129858973
2020-03-11,193,3467.010402,3.640938087
2020-03-11,195,2908.630076,3.251203698
2020-03-11,196,10418.8884,11.20141148
2020-03-11,197,3384.528757,3.721160786
2020-03-11,198,5642.299878,6.811638666
2020-03-11,20,6805.992093,7.940998401
2020-03-11,22,2705.978612,3.770798425
2020-03-11,23,1432.466876,1.765994169
2020-03-11,25,10267.04317,11.89203162
2020-03-11,26,6046.429815,7.048671589
2020-03-11,27,1100.543616,1.519591657
2020-03-11,28,10595.86336,10.65502977
2020-03-11,3,5089.601173,5.836728553
2020-03-11,31,6939.608694,7.42687453
2020-03-11,33,1347.400144,1.619587953
2020-03-11,35,1270.058467,1.358713407
2020-03-11,36,3112.637786,3.766175546
2020-03-11,38,8078.602852,11.00833314
2020-03-11,39,940.0344217,1.519247941
2020-03-11,41,4660.165866,5.307152096
2020-03-11,42,772.2509237,1.176433096
2020-03-11,44,10200.45474,11.49726934
2020-03-11,45,6246.910061,7.504265494
2020-03-11,46,3182.630479,4.304487491
2020-03-11,49,2848.909802,3.33468689
2020-03-11,5,10933.7834,11.5025107
2020-03-11,51,10818.99783,11.78495885
2020-03-11,52,5374.213247,6.219030896
2020-03-11,55,5043.153407,5.799075071
2020-03-11,57,3539.968384,4.568019666
2020-03-11,59,10743.50685,11.62933474
2020-03-11,61,901.0867418,1.317010096
2020-03-11,63,6399.59475,6.888355026
2020-03-11,64,1226.570253,1.402989576
2020-03-11,66,7297.115984,8.657909013
2020-03-11,68,17316.66816,19.20117701
2020-03-11,69,6011.605841,7.96587645
2020-03-11,71,3675.565562,4.557708258
2020-03-11,72,2900.522999,3.830798148
2020-03-11,73,5798.178569,6.61002502
2020-03-11,74,3124.389729,3.841536584
2020-03-11,75,3524.520331,4.31424321
2020-03-11,77,4128.409068,5.02456822
2020-03-11,8,3717.537222,4.94125747
2020-03-11,80,3457.76102,4.546895686
2020-03-11,81,3661.663904,4.925448478
2020-03-11,83,1068.504111,1.09417381
2020-03-11,84,4187.339265,5.224351763
2020-03-11,88,7244.712362,8.285512465
2020-03-11,89,9172.079317,11.16942123
2020-03-11,90,3393.81123,3.761072719
2020-03-11,92,6402.053474,7.129858973
2020-03-11,93,3493.928211,3.640938087
2020-03-11,95,2882.177476,3.251203698
2020-03-11,96,10445.96239,11.20141148
2020-03-11,97,3379.453298,3.721160786
2020-03-11,98,5637.019253,6.811638666
2020-03-12,10,13571.2806,15.86088902
2020-03-12,103,5329.023,5.252746629
2020-03-12,105,10718.16441,11.53185845
2020-03-12,108,3820.212093,4.090078297
2020-03-12,11,9345.113756,10.55703331
2020-03-12,110,13550.5156,15.86088902
2020-03-12,111,9356.801376,10.55703331
2020-03-12,115,4426.455351,4.836693319
2020-03-12,118,3205.195081,4.748573362
2020-03-12,119,2890.163917,3.457805924
2020-03-12,120,6920.126506,9.184002217
2020-03-12,122,2702.036887,3.327728585
2020-03-12,123,1429.687827,1.880574867
2020-03-12,125,10057.51089,11.25787157
2020-03-12,126,6133.049205,6.803827879
2020-03-12,127,1076.101225,1.439791499
2020-03-12,128,10601.00948,11.9548695
2020-03-12,131,7090.237907,8.267256031
2020-03-12,133,1318.432714,1.739940016
2020-03-12,135,1335.976601,2.03939437
2020-03-12,136,3155.783491,4.562844844
2020-03-12,138,8230.167749,8.683004402
2020-03-12,139,935.5089689,1.123416886
2020-03-12,141,4747.315515,4.95649098
2020-03-12,142,800.1854331,1.51808822
2020-03-12,144,10338.22388,11.33231699
2020-03-12,145,6248.159198,7.232524869
2020-03-12,146,3209.031478,4.037988077
2020-03-12,149,2860.970631,3.755312912
2020-03-12,15,4426.393299,4.836693319
2020-03-12,151,10944.93119,13.54689435
2020-03-12,152,5418.127414,5.69274713
2020-03-12,155,5031.529459,5.721066081
2020-03-12,157,3608.127724,4.217499664
2020-03-12,159,10737.66868,11.31375118
2020-03-12,161,918.9825877,1.301716737
2020-03-12,163,6702.155987,6.84356776
2020-03-12,164,1256.182333,2.013499591
2020-03-12,166,7561.274329,8.38850638
2020-03-12,168,17752.94216,19.14961921
2020-03-12,169,6086.859648,6.920449987
2020-03-12,171,3671.025196,4.189210888
2020-03-12,172,2889.547511,3.668214452
2020-03-12,173,5793.084517,6.585610717
2020-03-12,174,3140.175622,4.052539361
2020-03-12,175,3556.198663,5.316352161
2020-03-12,177,4109.326512,4.76010938
2020-03-12,18,3227.80181,4.748573362
2020-03-12,180,3418.626936,4.291260445
2020-03-12,181,3625.618705,3.759036703
2020-03-12,183,1069.803244,1.283749797
2020-03-12,184,4239.542088,4.526718388
2020-03-12,188,7258.681472,8.136487158
2020-03-12,189,9406.503468,10.43313442
2020-03-12,19,2931.855994,3.457805924
2020-03-12,190,3532.842482,4.004444521
2020-03-12,192,6455.510524,7.277677373
2020-03-12,193,3449.577766,3.626626989
2020-03-12,195,2801.105259,3.248459284
2020-03-12,196,10645.04841,11.39560175
2020-03-12,197,3368.721133,3.757646797
2020-03-12,198,5615.571845,6.461729939
2020-03-12,20,6856.11124,9.184002217
2020-03-12,22,2716.316811,3.327728585
2020-03-12,23,1430.737629,1.880574867
2020-03-12,25,10242.76261,11.25787157
2020-03-12,26,6205.300121,6.803827879
2020-03-12,27,1085.849885,1.439791499
2020-03-12,28,10706.64156,11.9548695
2020-03-12,3,5188.754923,5.252746629
2020-03-12,31,6992.803482,8.267256031
2020-03-12,33,1354.213491,1.739940016
2020-03-12,35,1312.408683,2.03939437
2020-03-12,36,3163.012659,4.562844844
2020-03-12,38,8173.728281,8.683004402
2020-03-12,39,952.1052916,1.123416886
2020-03-12,41,4713.056564,4.95649098
2020-03-12,42,791.4639881,1.51808822
2020-03-12,44,10229.98371,11.33231699
2020-03-12,45,6134.186679,7.232524869
2020-03-12,46,3234.586288,4.037988077
2020-03-12,49,2901.133088,3.755312912
2020-03-12,5,10955.1701,11.53185845
2020-03-12,51,10841.63041,13.54689435
2020-03-12,52,5415.673858,5.69274713
2020-03-12,55,5050.149319,5.721066081
2020-03-12,57,3606.373195,4.217499664
2020-03-12,59,10840.53929,11.31375118
2020-03-12,61,917.0175889,1.301716737
2020-03-12,63,6523.712879,6.84356776
2020-03-12,64,1246.747014,2.013499591
2020-03-12,66,7467.726698,8.38850638
2020-03-12,68,17664.77675,19.14961921
2020-03-12,69,6047.696293,6.920449987
2020-03-12,71,3697.506392,4.189210888
2020-03-12,72,2899.009123,3.668214452
2020-03-12,73,5825.208308,6.585610717
2020-03-12,74,3123.20313,4.052539361
2020-03-12,75,3541.960705,5.316352161
2020-03-12,77,4116.112208,4.76010938
2020-03-12,8,3769.070491,4.090078297
2020-03-12,80,3435.384605,4.291260445
2020-03-12,81,3613.071743,3.759036703
2020-03-12,83,1066.952249,1.283749797
2020-03-12,84,4238.223125,4.526718388
2020-03-12,88,7330.742438,8.136487158
2020-03-12,89,9288.359632,10.43313442
2020-03-12,90,3469.825329,4.004444521
2020-03-12,92,6475.743845,7.277677373
2020-03-12,93,3429.079751,3.626626989
2020-03-12,95,2837.083846,3.248459284
2020-03-12,96,10482.22696,11.39560175
2020-03-12,97,3449.828078,3.757646797
2020-03-12,98,5679.749047,6.461729939
2020-03-13,10,13561.32575,14.94896997
2020-03-13,103,5096.526331,5.817576081
2020-03-13,105,11001.27208,11.14362945
2020-03-13,108,3763.682743,4.169830529
2020-03-13,11,9241.288423,11.09211677
2020-03-13,110,13600.64824,14.94896997
2020-03-13,111,9117.981704,11.09211677
2020-03-13,115,4501.383686,4.545996141
2020-03-13,118,3290.566578,3.79023542
2020-03-13,119,2945.819543,3.362410753
2020-03-13,120,6861.516951,9.440483499
2020-03-13,122,2660.773847,3.402747535
2020-03-13,123,1455.414686,2.356102207
2020-03-13,125,10240.23893,11.41525698
2020-03-13,126,5932.638909,6.885963595
2020-03-13,127,1091.763433,2.058330196
2020-03-13,128,10709.58385,11.25358485
2020-03-13,131,6983.32857,7.667917624
2020-03-13,133,1352.207578,1.541258511
2020-03-13,135,1286.183375,2.126928666
2020-03-13,136,3217.034579,3.903590516
2020-03-13,138,8007.676311,9.701544065
2020-03-13,139,968.6477185,1.729814369
2020-03-13,141,4709.617522,6.850844289
2020-03-13,142,792.2306831,0.8812708189
2020-03-13,144,9938.831766,10.53258
2020-03-13,145,6290.684244,6.962813718
2020-03-13,146,3233.387709,4.869701917
2020-03-13,149,2960.432182,3.954840354
2020-03-13,15,4460.618353,4.545996141
2020-03-13,151,10750.87762,12.5790788
2020-03-13,152,5285.803344,5.851601082
2020-03-13,155,5112.92679,6.661939197
2020-03-13,157,3651.756777,4.323566143
2020-03-13,159,10724.31603,12.33350206
2020-03-13,161,920.8863453,1.493829783
2020-03-13,163,6679.639451,7.376213963
2020-03-13,164,1281.489888,1.419581369
2020-03-13,166,7503.343551,8.640403569
2020-03-13,168,17676.23143,20.57996689
2020-03-13,169,5999.481967,8.818289777
2020-03-13,171,3779.245738,4.146052215
2020-03-13,172,2909.811536,3.93614108
2020-03-13,173,5886.466737,7.284611451
2020-03-13,174,3106.955007,3.261680269
2020-03-13,175,3602.499933,5.045949508
2020-03-13,177,4088.582458,5.905009569
2020-03-13,18,3263.900413,3.79023542
2020-03-13,180,3520.310259,4.42814157
2020-03-13,181,3551.454557,4.292790769
2020-03-13,183,1040.827637,1.422580767
2020-03-13,184,4241.562881,4.433010404
2020-03-13,188,7405.078333,8.854028039
2020-03-13,189,9278.291968,10.65313477
2020-03-13,19,2979.258321,3.362410753
2020-03-13,190,3405.900411,3.977784448
2020-03-13,192,6494.204186,7.043704083
2020-03-13,193,3606.458776,3.782137071
2020-03-13,195,2910.263672,3.287488236
2020-03-13,196,10788.87467,12.08719419
2020-03-13,197,3318.956691,3.992068699
2020-03-13,198,5712.684556,6.575400028
2020-03-13,20,6838.440482,9.440483499
2020-03-13,22,2704.25126,3.402747535
2020-03-13,23,1436.014808,2.356102207
2020-03-13,25,10225.09533,11.41525698
2020-03-13,26,6160.536408,6.885963595
2020-03-13,27,1088.348993,2.058330196
2020-03-13,28,10681.5221,11.25358485
2020-03-13,3,5128.105157,5.817576081
2020-03-13,31,6984.439307,7.667917624
2020-03-13,33,1348.368333,1.541258511
2020-03-13,35,1311.8587,2.126928666
2020-03-13,36,3158.916936,3.903590516
2020-03-13,38,8080.070935,9.701544065
2020-03-13,39,966.4608699,1.729814369
2020-03-13,41,4713.563915,6.850844289
2020-03-13,42,786.3405454,0.8812708189
2020-03-13,44,10091.1272,10.53258
2020-03-13,45,6290.161244,6.962813718
2020-03-13,46,3202.534019,4.869701917
2020-03-13,49,2920.393736,3.954840354
2020-03-13,5,11049.00931,11.14362945
2020-03-13,51,10612.97876,12.5790788
2020-03-13,52,5368.77604,5.851601082
2020-03-13,55,5113.688531,6.661939197
2020-03-13,57,3590.587685,4.323566143
2020-03-13,59,10933.85786,12.33350206
2020-03-13,61,907.5162408,1.493829783
2020-03-13,63,6498.516867,7.376213963
2020-03-13,64,1260.122328,1.419581369
2020-03-13,66,7522.692591,8.640403569
2020-03-13,68,17819.941,20.57996689
2020-03-13,69,6025.860016,8.818289777
2020-03-13,71,3765.126114,4.146052215
2020-03-13,72,2922.357379,3.93614108
2020-03-13,73,5795.584929,7.284611451
2020-03-13,74,3123.976572,3.261680269
2020-03-13,75,3602.24181,5.045949508
2020-03-13,77,4121.778373,5.905009569
2020-03-13,8,3738.142453,4.169830529
2020-03-13,80,3471.708279,4.42814157
2020-03-13,81,3587.203846,4.292790769
2020-03-13,83,1042.553901,1.422580767
2020-03-13,84,4182.10536,4.433010404
2020-03-13,88,7344.681856,8.854028039
2020-03-13,89,9268.96553,10.65313477
2020-03-13,90,3438.097442,3.977784448
2020-03-13,92,6455.736183,7.043704083
2020-03-13,93,3478.018813,3.782137071
2020-03-13,95,2869.540199,3.287488236
2020-03-13,96,10661.90788,12.08719419
2020-03-13,97,3422.910794,3.992068699
2020-03-13,98,5714.163004,6.575400028
2020-03-14,10,13404.57059,13.84814355
2020-03-14,103,5062.546484,5.436310375
2020-03-14,105,10779.31321,11.17093118
2020-03-14,108,3679.453857,5.70404333
2020-03-14,11,9161.243247,11.12920024
2020-03-14,110,13387.75149,13.84814355
2020-03-14,111,9120.697234,11.12920024
2020-03-14,115,4402.156842,5.639335864
2020-03-14,118,3263.165472,4.118566411
2020-03-14,119,2982.561584,3.826676496
2020-03-14,120,6744.807124,7.599059853
2020-03-14,122,2633.712204,3.597243661
2020-03-14,123,1461.214347,1.546508881
2020-03-14,125,9862.779912,12.35926709
2020-03-14,126,6178.63475,8.625987252
2020-03-14,127,1106.585186,1.761001084
2020-03-14,128,10505.86568,11.68472119
2020-03-14,131,6859.881144,7.973100969
2020-03-14,133,1354.334324,1.793911677
2020-03-14,135,1273.216177,1.740811307
2020-03-14,136,3124.852802,4.57879496
2020-03-14,138,8202.943822,8.96265247
2020-03-14,139,939.2873394,1.080850961
2020-03-14,141,4653.020504,6.52070383
2020-03-14,142,814.5747873,1.470673782
2020-03-14,144,9916.572041,11.01317635
2020-03-14,145,6152.911556,6.596939938
2020-03-14,146,3129.212288,4.700951066
2020-03-14,149,2860.3894,3.647713008
2020-03-14,15,4386.084071,5.639335864
2020-03-14,151,10532.44391,11.48795304
2020-03-14,152,5364.182957,6.064557631
2020-03-14,155,5151.799909,5.458066285
2020-03-14,157,3602.020572,5.091732652
2020-03-14,159,10776.88682,11.32825182
2020-03-14,161,895.0115762,1.217902898
2020-03-14,163,6378.033516,7.486332118
2020-03-14,164,1211.018485,1.284757917
2020-03-14,166,7471.467478,8.935969847
2020-03-14,168,17500.13945,19.55794352
2020-03-14,169,5977.624215,6.689207512
2020-03-14,171,3655.75616,5.172224391
2020-03-14,172,2842.110467,3.262946708
2020-03-14,173,5797.308053,6.381515341
2020-03-14,174,3146.813166,4.038810857
2020-03-14,175,3588.056972,4.636602197
2020-03-14,177,4094.468043,4.434358133
2020-03-14,18,3225.980577,4.118566411
2020-03-14,180,3377.626773,3.993358909
2020-03-14,181,3502.851933,4.600832982
2020-03-14,183,1071.994085,1.178835718
2020-03-14,184,4178.908705,5.861038671
2020-03-14,188,7402.918602,8.985699945
2020-03-14,189,9140.287575,10.67977873
2020-03-14,19,2947.865543,3.826676496
2020-03-14,190,3400.555593,3.823340535
2020-03-14,192,6488.35097,7.475646671
2020-03-14,193,3404.154696,4.321089134
2020-03-14,195,2847.907373,3.404988132
2020-03-14,196,10403.41083,12.05029634
2020-03-14,197,3409.003972,3.548578901
2020-03-14,198,5655.048025,6.628264763
2020-03-14,20,6805.804778,7.599059853
2020-03-14,22,2639.023468,3.597243661
2020-03-14,23,1454.244888,1.546508881
2020-03-14,25,10102.82803,12.35926709
2020-03-14,26,6209.502531,8.625987252
2020-03-14,27,1126.03071,1.761001084
2020-03-14,28,10449.15236,11.68472119
2020-03-14,3,5086.287319,5.436310375
2020-03-14,31,6910.493908,7.973100969
2020-03-14,33,1373.45869,1.793911677
2020-03-14,35,1297.251382,1.740811307
2020-03-14,36,3160.767756,4.57879496
2020-03-14,38,8151.657794,8.96265247
2020-03-14,39,935.838883,1.080850961
2020-03-14,41,4650.652969,6.52070383
2020-03-14,42,804.1664551,1.470673782
2020-03-14,44,10071.62225,11.01317635
2020-03-14,45,6240.553942,6.596939938
2020-03-14,46,3118.177856,4.700951066
2020-03-14,49,2889.476312,3.647713008
2020-03-14,5,10963.80129,11.17093118
2020-03-14,51,10478.16168,11.48795304
2020-03-14,52,5311.866741,6.064557631
2020-03-14,55,5170.774227,5.458066285
2020-03-14,57,3575.907805,5.091732652
2020-03-14,59,10788.47711,11.32825182
2020-03-14,61,906.5973621,1.217902898
2020-03-14,63,6406.429209,7.486332118
2020-03-14,64,1251.737924,1.284757917
2020-03-14,66,7526.916561,8.935969847
2020-03-14,68,17793.65875,19.55794352
2020-03-14,69,5989.029947,6.689207512
2020-03-14,71,3663.295073,5.172224391
2020-03-14,72,2870.041429,3.262946708
2020-03-14,73,5735.851941,6.381515341
2020-03-14,74,3097.525299,4.038810857
2020-03-14,75,3599.570696,4.636602197
2020-03-14,77,4099.897992,4.434358133
2020-03-14,8,3681.289164,5.70404333
2020-03-14,80,3444.429001,3.993358909
2020-03-14,81,3542.707171,4.600832982
2020-03-14,83,1031.600159,1.178835718
2020-03-14,84,4185.996983,5.861038671
2020-03-14,88,7455.865253,8.985699945
2020-03-14,89,9145.811516,10.67977873
2020-03-14,90,3400.816889,3.823340535
2020-03-14,92,6432.105359,7.475646671
2020-03-14,93,3368.504753,4.321089134
2020-03-14,95,2848.233067,3.404988132
2020-03-14,96,10400.84693,12.05029634
2020-03-14,97,3388.651316,3.548578901
2020-03-14,98,5601.547853,6.628264763
2020-03-15,10,13359.81262,16.28296042
2020-03-15,103,5020.322073,5.753627511
2020-03-15,105,11059.08624,11.5098353
2020-03-15,108,3720.271833,4.895602603
2020-03-15,11,8939.309564,10.35994143
2020-03-15,110,13392.75831,16.28296042
2020-03-15,111,8919.345811,10.35994143
2020-03-15,115,4457.971483,5.09977337
2020-03-15,118,3186.493887,4.102251066
2020-03-15,119,2889.221883,3.234016447
2020-03-15,120,6788.008051,8.547445807
2020-03-15,122,2641.280966,3.211456462
2020-03-15,123,1437.266157,1.651672003
2020-03-15,125,10141.14197,10.99077235
2020-03-15,126,6298.524349,6.631972107
2020-03-15,127,1092.071932,1.349329794
2020-03-15,128,10277.71113,11.36841514
2020-03-15,131,7039.534815,8.140573913
2020-03-15,133,1349.737821,1.711660448
2020-03-15,135,1222.988134,1.581640636
2020-03-15,136,3039.198351,4.032093154
2020-03-15,138,8038.425715,9.909110859
2020-03-15,139,931.661546,1.014644856
2020-03-15,141,4678.050098,5.883158591
2020-03-15,142,802.1337891,1.312480926
2020-03-15,144,9691.946324,10.96986156
2020-03-15,145,6230.694587,7.947092022
2020-03-15,146,3055.910214,3.451905024
2020-03-15,149,2869.724109,3.472710621
2020-03-15,15,4423.857647,5.09977337
2020-03-15,151,10379.79347,12.22727771
2020-03-15,152,5368.291207,6.003697818
2020-03-15,155,5184.659496,5.846535438
2020-03-15,157,3514.732238,4.872880178
2020-03-15,159,10937.52967,11.17723508
2020-03-15,161,893.7860533,2.109311913
2020-03-15,163,6304.376886,7.787989469
2020-03-15,164,1216.771389,1.425495299
2020-03-15,166,7539.671563,8.877311425
2020-03-15,168,17349.70193,19.56914656
2020-03-15,169,6018.442864,7.078874644
2020-03-15,171,3586.609529,4.4700591
2020-03-15,172,2892.436816,3.605464986
2020-03-15,173,5864.072185,5.947126854
2020-03-15,174,3109.024553,3.498635629
2020-03-15,175,3576.267487,4.538344456
2020-03-15,177,4063.833484,5.022260922
2020-03-15,18,3196.086315,4.102251066
2020-03-15,180,3409.256293,4.715695111
2020-03-15,181,3418.246915,4.624077633
2020-03-15,183,1062.942121,1.139340571
2020-03-15,184,4109.108551,5.32128101
2020-03-15,188,7393.959008,8.092256266
2020-03-15,189,9178.610412,11.87495858
2020-03-15,19,2874.553298,3.234016447
2020-03-15,190,3280.743213,3.551383134
2020-03-15,192,6381.338463,7.204385883
2020-03-15,193,3325.802492,3.606034099
2020-03-15,195,2826.340874,3.084147721
2020-03-15,196,9945.239632,10.67018576
2020-03-15,197,3366.631489,3.558378653
2020-03-15,198,5538.671808,6.315460156
2020-03-15,20,6824.825454,8.547445807
2020-03-15,22,2616.098132,3.211456462
2020-03-15,23,1444.383804,1.651672003
2020-03-15,25,10056.54061,10.99077235
2020-03-15,26,6161.400054,6.631972107
2020-03-15,27,1114.54813,1.349329794
2020-03-15,28,10286.82049,11.36841514
2020-03-15,3,5078.267934,5.753627511
2020-03-15,31,6909.579429,8.140573913
2020-03-15,33,1336.419453,1.711660448
2020-03-15,35,1235.593592,1.581640636
2020-03-15,36,3070.547233,4.032093154
2020-03-15,38,8067.155539,9.909110859
2020-03-15,39,912.7941271,1.014644856
2020-03-15,41,4627.286328,5.883158591
2020-03-15,42,785.8973977,1.312480926
2020-03-15,44,9984.938249,10.96986156
2020-03-15,45,6211.439198,7.947092022
2020-03-15,46,3078.628295,3.451905024
2020-03-15,49,2843.104035,3.472710621
2020-03-15,5,11126.8855,11.5098353
2020-03-15,51,10412.08148,12.22727771
2020-03-15,52,5374.780527,6.003697818
2020-03-15,55,5105.67946,5.846535438
2020-03-15,57,3500.525024,4.872880178
2020-03-15,59,10773.88381,11.17723508
2020-03-15,61,899.2880421,2.109311913
2020-03-15,63,6361.641254,7.787989469
2020-03-15,64,1215.590476,1.425495299
2020-03-15,66,7565.388588,8.877311425
2020-03-15,68,17439.29073,19.56914656
2020-03-15,69,5972.255385,7.078874644
2020-03-15,71,3599.848932,4.4700591
2020-03-15,72,2866.812343,3.605464986
2020-03-15,73,5767.28029,5.947126854
2020-03-15,74,3119.162261,3.498635629
2020-03-15,75,3583.997913,4.538344456
2020-03-15,77,4070.329637,5.022260922
2020-03-15,8,3673.338908,4.895602603
2020-03-15,80,3411.050629,4.715695111
2020-03-15,81,3489.881289,4.624077633
2020-03-15,83,1038.673842,1.139340571
2020-03-15,84,4169.190636,5.32128101
2020-03-15,88,7423.912467,8.092256266
2020-03-15,89,9142.665318,11.87495858
2020-03-15,90,3288.841743,3.551383134
2020-03-15,92,6444.755861,7.204385883
2020-03-15,93,3326.548965,3.606034099
2020-03-15,95,2838.414947,3.084147721
2020-03-15,96,10258.99219,10.67018576
2020-03-15,97,3301.49402,3.558378653
2020-03-15,98,5579.885335,6.315460156
2020-03-16,10,13279.26261,15.59359561
2020-03-16,103,5251.345153,5.518159109
2020-03-16,105,11383.25704,11.39201969
2020-03-16,108,3718.040934,4.4281096
2020-03-16,11,9037.902811,10.29382187
2020-03-16,110,13074.0372,15.59359561
2020-03-16,111,9041.827091,10.29382187
2020-03-16,115,4388.167013,5.521131183
2020-03-16,118,3211.93011,3.737360067
2020-03-16,119,2804.028232,3.106601411
2020-03-16,120,6891.257869,7.948093299
2020-03-16,122,2669.218008,2.937355605
2020-03-16,123,1480.466582,2.923447932
2020-03-16,125,9956.90742,10.589245
2020-03-16,126,6134.920712,7.375883133
2020-03-16,127,1108.476525,1.121873607
2020-03-16,128,10380.31643,11.76617053
2020-03-16,131,6980.757793,8.430597062
2020-03-16,133,1362.749851,1.473618641
2020-03-16,135,1231.033203,1.289518223
2020-03-16,136,2994.821569,3.176027542
2020-03-16,138,8001.909452,9.711691565
2020-03-16,139,913.3782104,1.191573533
2020-03-16,141,4556.95873,5.439868724
2020-03-16,142,820.4729659,1.07518234
2020-03-16,144,9929.922569,10.26728708
2020-03-16,145,6253.629283,6.651259892
2020-03-16,146,2963.992235,4.306742232
2020-03-16,149,2834.950543,3.062967378
2020-03-16,15,4432.300646,5.521131183
2020-03-16,151,10481.35334,12.12402635
2020-03-16,152,5334.487074,7.245156939
2020-03-16,155,5056.121579,5.32646679
2020-03-16,157,3523.206722,5.19180691
2020-03-16,159,10701.13726,11.3416997
2020-03-16,161,900.4303648,0.9897340747
2020-03-16,163,6277.316965,6.818829372
2020-03-16,164,1267.205976,2.165518601
2020-03-16,166,7407.275611,8.501511915
2020-03-16,168,17464.56975,19.60343156
2020-03-16,169,6099.036201,7.789085314
2020-03-16,171,3610.824656,4.353205322
2020-03-16,172,2850.337449,3.828801303
2020-03-16,173,5645.926753,6.261850577
2020-03-16,174,3142.021795,3.490073579
2020-03-16,175,3632.090511,3.908919029
2020-03-16,177,3976.35828,4.815570697
2020-03-16,18,3187.741576,3.737360067
2020-03-16,180,3353.916078,3.482558771
2020-03-16,181,3487.76241,4.9743512
2020-03-16,183,1004.012755,1.565937649
2020-03-16,184,4093.927221,4.420626656
2020-03-16,188,7399.029468,8.761410715
2020-03-16,189,9133.777153,11.93229801
2020-03-16,19,2817.865323,3.106601411
2020-03-16,190,3261.834993,4.122352665
2020-03-16,192,6403.192593,7.75969339
2020-03-16,193,3283.057812,3.851302097
2020-03-16,195,2900.082235,3.89352381
2020-03-16,196,10453.66793,11.19049843
2020-03-16,197,3356.3409,4.062311503
2020-03-16,198,5483.941494,6.397506334
2020-03-16,20,6918.542921,7.948093299
2020-03-16,22,2636.452464,2.937355605
2020-03-16,23,1461.595278,2.923447932
2020-03-16,25,10026.40426,10.589245
2020-03-16,26,6167.042658,7.375883133
2020-03-16,27,1112.835242,1.121873607
2020-03-16,28,10443.8781,11.76617053
2020-03-16,3,5131.435408,5.518159109
2020-03-16,31,6941.816654,8.430597062
2020-03-16,33,1337.54379,1.473618641
2020-03-16,35,1255.467696,1.289518223
2020-03-16,36,3018.832923,3.176027542
2020-03-16,38,7969.704249,9.711691565
2020-03-16,39,913.7253623,1.191573533
2020-03-16,41,4585.092852,5.439868724
2020-03-16,42,804.5879538,1.07518234
2020-03-16,44,9873.967474,10.26728708
2020-03-16,45,6239.709246,6.651259892
2020-03-16,46,2996.83436,4.306742232
2020-03-16,49,2832.061894,3.062967378
2020-03-16,5,11206.29418,11.39201969
2020-03-16,51,10458.6491,12.12402635
2020-03-16,52,5424.31931,7.245156939
2020-03-16,55,5090.25085,5.32646679
2020-03-16,57,3512.55572,5.19180691
2020-03-16,59,10709.16965,11.3416997
2020-03-16,61,911.7015922,0.9897340747
2020-03-16,63,6257.913964,6.818829372
2020-03-16,64,1237.290229,2.165518601
2020-03-16,66,7527.024811,8.501511915
2020-03-16,68,17405.84377,19.60343156
2020-03-16,69,6061.2039,7.789085314
2020-03-16,71,3614.79365,4.353205322
2020-03-16,72,2877.256675,3.828801303
2020-03-16,73,5691.098012,6.261850577
2020-03-16,74,3121.572235,3.490073579
2020-03-16,75,3613.897127,3.908919029
2020-03-16,77,4093.503249,4.815570697
2020-03-16,8,3737.773259,4.4281096
2020-03-16,80,3389.995236,3.482558771
2020-03-16,81,3493.391458,4.9743512
2020-03-16,83,1020.694675,1.565937649
2020-03-16,84,4174.323696,4.420626656
2020-03-16,88,7398.956855,8.761410715
2020-03-16,89,9154.318195,11.93229801
2020-03-16,90,3240.011378,4.122352665
2020-03-16,92,6472.638443,7.75969339
2020-03-16,93,3319.499197,3.851302097
2020-03-16,95,2893.652413,3.89352381
2020-03-16,96,10534.90953,11.19049843
2020-03-16,97,3357.767013,4.062311503
2020-03-16,98,5551.505514,6.397506334
2020-03-17,10,13541.67926,15.06900743
2020-03-17,103,5078.810849,6.238491478
2020-03-17,105,11605.38449,12.36632141
2020-03-17,108,3818.191499,4.681698945
2020-03-17,11,9168.959074,11.8226393
2020-03-17,110,13728.09607,15.06900743
2020-03-17,111,9049.067549,11.8226393
2020-03-17,115,4486.02921,5.106164958
2020-03-17,118,3213.953912,3.571383269
2020-03-17,119,2823.446768,3.235773894
2020-03-17,120,7025.243154,8.731664295
2020-03-17,122,2659.923614,2.936994268
2020-03-17,123,1456.08681,1.432137209
2020-03-17,125,10213.24018,12.46882748
2020-03-17,126,6186.996917,7.022433274
2020-03-17,127,1118.250498,1.301499209
2020-03-17,128,10437.27218,10.9164992
2020-03-17,131,6975.9804,7.562747158
2020-03-17,133,1315.523717,2.212196442
2020-03-17,135,1252.453119,1.646734635
2020-03-17,136,3096.817096,4.239264146
2020-03-17,138,7926.767773,8.59721133
2020-03-17,139,902.5199709,1.690805076
2020-03-17,141,4657.374724,5.409549885
2020-03-17,142,795.6567662,1.505105692
2020-03-17,144,9794.566718,10.59837989
2020-03-17,145,6269.77468,7.74026197
2020-03-17,146,2974.881331,3.337628118
2020-03-17,149,2890.420883,3.39509017
2020-03-17,15,4500.512649,5.106164958
2020-03-17,151,10563.54623,12.13746982
2020-03-17,152,5486.64732,5.804191853
2020-03-17,155,5077.211549,5.596237616
2020-03-17,157,3477.961231,4.203522076
2020-03-17,159,10708.41634,12.34547352
2020-03-17,161,935.956686,1.462643233
2020-03-17,163,6514.931994,6.918240944
2020-03-17,164,1247.532393,1.666588819
2020-03-17,166,7678.043829,10.17641529
2020-03-17,168,17915.63542,19.14021512
2020-03-17,169,6038.195175,7.236372854
2020-03-17,171,3650.558162,4.459680099
2020-03-17,172,2937.810466,4.166704883
2020-03-17,173,5897.842098,6.441166571
2020-03-17,174,3133.107485,3.756203623
2020-03-17,175,3538.825834,4.885041233
2020-03-17,177,4085.326631,4.83755343
2020-03-17,18,3195.152913,3.571383269
2020-03-17,180,3395.623621,3.922834859
2020-03-17,181,3568.429691,5.218404086
2020-03-17,183,1027.309428,1.137241416
2020-03-17,184,4205.175245,4.648007075
2020-03-17,188,7504.20124,8.299168633
2020-03-17,189,9155.172079,12.0803312
2020-03-17,19,2816.005648,3.235773894
2020-03-17,190,3241.970751,4.265923577
2020-03-17,192,6569.840526,7.546703781
2020-03-17,193,3251.99937,3.399496859
2020-03-17,195,2885.142095,3.515619608
2020-03-17,196,10411.57354,11.59424
2020-03-17,197,3396.777432,3.424663015
2020-03-17,198,5589.331384,6.223719201
2020-03-17,20,6978.975203,8.731664295
2020-03-17,22,2630.165882,2.936994268
2020-03-17,23,1429.333601,1.432137209
2020-03-17,25,10297.55836,12.46882748
2020-03-17,26,6284.067506,7.022433274
2020-03-17,27,1124.77363,1.301499209
2020-03-17,28,10486.21658,10.9164992
2020-03-17,3,5166.248287,6.238491478
2020-03-17,31,6904.459956,7.562747158
2020-03-17,33,1340.271943,2.212196442
2020-03-17,35,1257.890766,1.646734635
2020-03-17,36,3066.863127,4.239264146
2020-03-17,38,7923.047785,8.59721133
2020-03-17,39,922.8408949,1.690805076
2020-03-17,41,4593.971016,5.409549885
2020-03-17,42,799.6544467,1.505105692
2020-03-17,44,9740.245956,10.59837989
2020-03-17,45,6283.40471,7.74026197
2020-03-17,46,2990.513525,3.337628118
2020-03-17,49,2937.278335,3.39509017
2020-03-17,5,11313.38211,12.36632141
2020-03-17,51,10596.29421,12.13746982
2020-03-17,52,5470.578735,5.804191853
2020-03-17,55,5100.018384,5.596237616
2020-03-17,57,3494.691964,4.203522076
2020-03-17,59,10805.86451,12.34547352
2020-03-17,61,921.1872333,1.462643233
2020-03-17,63,6521.126704,6.918240944
2020-03-17,64,1236.819504,1.666588819
2020-03-17,66,7621.186054,10.17641529
2020-03-17,68,17818.7579,19.14021512
2020-03-17,69,6030.478685,7.236372854
2020-03-17,71,3634.506611,4.459680099
2020-03-17,72,2939.726146,4.166704883
2020-03-17,73,5904.587867,6.441166571
2020-03-17,74,3113.442166,3.756203623
2020-03-17,75,3576.593426,4.885041233
2020-03-17,77,4123.139253,4.83755343
2020-03-17,8,3788.385046,4.681698945
2020-03-17,80,3435.666223,3.922834859
2020-03-17,81,3558.341605,5.218404086
2020-03-17,83,1019.620188,1.137241416
2020-03-17,84,4225.840093,4.648007075
2020-03-17,88,7523.061959,8.299168633
2020-03-17,89,9189.259038,12.0803312
2020-03-17,90,3231.811495,4.265923577
2020-03-17,92,6514.470312,7.546703781
2020-03-17,93,3290.03721,3.399496859
2020-03-17,95,2898.350339,3.515619608
2020-03-17,96,10559.04725,11.59424
2020-03-17,97,3397.070435,3.424663015
2020-03-17,98,5547.961612,6.223719201
2020-03-18,10,13611.79691,15.69165917
2020-03-18,103,5170.896679,5.359751995
2020-03-18,105,11165.35739,11.86575926
2020-03-18,108,3781.353929,4.141022012
2020-03-18,11,9314.985889,11.10553856
2020-03-18,110,13668.21266,15.69165917
2020-03-18,111,9254.48472,11.10553856
2020-03-18,115,4491.38417,5.292398672
2020-03-18,118,3192.734459,5.148170223
2020-03-18,119,2839.226547,3.70739515
2020-03-18,120,6892.599565,8.739865422
2020-03-18,122,2586.96793,3.627964571
2020-03-18,123,1383.797234,1.825958548
2020-03-18,125,10055.80386,12.63454283
2020-03-18,126,6302.226369,6.946617517
2020-03-18,127,1094.752752,1.676283076
2020-03-18,128,10667.09476,12.04754208
2020-03-18,131,6799.754307,7.391119217
2020-03-18,133,1311.409661,1.50264136
2020-03-18,135,1294.080954,1.464080044
2020-03-18,136,3039.452489,3.585321952
2020-03-18,138,7821.894477,9.210887077
2020-03-18,139,909.0970453,0.9066515644
2020-03-18,141,4476.800713,5.552420699
2020-03-18,142,771.8158528,1.504479232
2020-03-18,144,9825.793854,10.57465669
2020-03-18,145,6194.838448,7.375811627
2020-03-18,146,2979.248508,3.452163176
2020-03-18,149,2926.913225,3.33947815
2020-03-18,15,4526.760948,5.292398672
2020-03-18,151,10786.08777,13.1976188
2020-03-18,152,5492.962837,6.924243816
2020-03-18,155,5040.446492,5.377627498
2020-03-18,157,3568.697491,4.379897055
2020-03-18,159,10865.97665,12.34669268
2020-03-18,161,929.642626,1.075269657
2020-03-18,163,6704.442093,7.037258558
2020-03-18,164,1230.503699,1.549483647
2020-03-18,166,7537.077899,10.17068198
2020-03-18,168,17719.00699,20.02295466
2020-03-18,169,5971.560367,6.481884878
2020-03-18,171,3648.65647,4.423267783
2020-03-18,172,2927.467689,3.808995184
2020-03-18,173,5944.305705,7.170604575
2020-03-18,174,3068.927467,4.022561206
2020-03-18,175,3740.610551,3.718813338
2020-03-18,177,4230.371255,5.196747952
2020-03-18,18,3164.455682,5.148170223
2020-03-18,180,3544.156368,5.2511591
2020-03-18,181,3564.562338,4.488655185
2020-03-18,183,1027.41286,1.111167562
2020-03-18,184,4261.034761,5.04727112
2020-03-18,188,7581.470264,9.88885775
2020-03-18,189,9045.674991,9.932963314
2020-03-18,19,2825.009397,3.70739515
2020-03-18,190,3231.168977,3.724290657
2020-03-18,192,6492.116172,8.44464615
2020-03-18,193,3287.132207,3.59617545
2020-03-18,195,2890.045386,3.456825333
2020-03-18,196,10644.32237,11.18247704
2020-03-18,197,3436.090814,3.738720398
2020-03-18,198,5483.325907,6.499529088
2020-03-18,20,6941.166716,8.739865422
2020-03-18,22,2619.063222,3.627964571
2020-03-18,23,1406.845139,1.825958548
2020-03-18,25,10122.03371,12.63454283
2020-03-18,26,6371.052294,6.946617517
2020-03-18,27,1108.624161,1.676283076
2020-03-18,28,10633.84838,12.04754208
2020-03-18,3,5135.523579,5.359751995
2020-03-18,31,6789.610226,7.391119217
2020-03-18,33,1299.483941,1.50264136
2020-03-18,35,1265.352899,1.464080044
2020-03-18,36,3069.301172,3.585321952
2020-03-18,38,8010.522685,9.210887077
2020-03-18,39,906.215216,0.9066515644
2020-03-18,41,4546.129436,5.552420699
2020-03-18,42,778.6142435,1.504479232
2020-03-18,44,9762.185217,10.57465669
2020-03-18,45,6251.628643,7.375811627
2020-03-18,46,2949.97206,3.452163176
2020-03-18,49,2924.465547,3.33947815
2020-03-18,5,11205.78334,11.86575926
2020-03-18,51,10612.50596,13.1976188
2020-03-18,52,5526.638078,6.924243816
2020-03-18,55,5059.875083,5.377627498
2020-03-18,57,3479.941779,4.379897055
2020-03-18,59,10923.4238,12.34669268
2020-03-18,61,933.5647866,1.075269657
2020-03-18,63,6514.489228,7.037258558
2020-03-18,64,1239.264707,1.549483647
2020-03-18,66,7506.788462,10.17068198
2020-03-18,68,17745.6229,20.02295466
2020-03-18,69,6008.881787,6.481884878
2020-03-18,71,3625.963369,4.423267783
2020-03-18,72,2917.230275,3.808995184
2020-03-18,73,5929.449551,7.170604575
2020-03-18,74,3082.911976,4.022561206
2020-03-18,75,3655.214354,3.718813338
2020-03-18,77,4138.793543,5.196747952
2020-03-18,8,3777.036717,4.141022012
2020-03-18,80,3483.811957,5.2511591
2020-03-18,81,3554.076923,4.488655185
2020-03-18,83,1018.84865,1.111167562
2020-03-18,84,4205.760939,5.04727112
2020-03-18,88,7421.990983,9.88885775
2020-03-18,89,9074.5426,9.932963314
2020-03-18,90,3226.934455,3.724290657
2020-03-18,92,6525.326936,8.44464615
2020-03-18,93,3299.934064,3.59617545
2020-03-18,95,2919.727701,3.456825333
2020-03-18,96,10742.73244,11.18247704
2020-03-18,97,3408.845933,3.738720398
2020-03-18,98,5546.576536,6.499529088
2020-03-19,10,13742.19656,15.82547771
2020-03-19,103,5220.649691,5.380854299
2020-03-19,105,10906.33814,11.83734874
2020-03-19,108,3755.789827,4.512502163
2020-03-19,11,9501.259033,11.11148015
2020-03-19,110,13788.39127,15.82547771
2020-03-19,111,9551.569396,11.11148015
2020-03-19,115,4612.012681,5.312647764
2020-03-19,118,3220.240135,3.925312963
2020-03-19,119,2833.934131,3.902099429
2020-03-19,120,6988.510085,8.296070719
2020-03-19,122,2631.177983,4.27155466
2020-03-19,123,1442.218268,1.572180993
2020-03-19,125,10277.529,11.13104295
2020-03-19,126,6291.270875,7.19860072
2020-03-19,127,1096.693763,2.207549335
2020-03-19,128,10667.34561,11.76339883
2020-03-19,131,6924.18444,8.626520126
2020-03-19,133,1289.048251,1.492804929
2020-03-19,135,1298.248704,1.611873949
2020-03-19,136,3093.391367,4.080323798
2020-03-19,138,8076.445702,9.081102926
2020-03-19,139,906.1206792,1.59698544
2020-03-19,141,4621.70846,5.462780052
2020-03-19,142,781.6784797,0.8318757196
2020-03-19,144,9780.029217,10.46293938
2020-03-19,145,6479.942566,6.56211764
2020-03-19,146,3009.815567,3.839545143
2020-03-19,149,2956.783384,3.248508346
2020-03-19,15,4569.154408,5.312647764
2020-03-19,151,10626.41225,12.94132143
2020-03-19,152,5579.444263,6.021143561
2020-03-19,155,5084.022322,6.157384873
2020-03-19,157,3437.374578,5.237829018
2020-03-19,159,10956.33837,12.31201497
2020-03-19,161,931.7511452,1.530891248
2020-03-19,163,6456.220628,6.912713362
2020-03-19,164,1258.073458,1.490928346
2020-03-19,166,7537.848682,8.638807307
2020-03-19,168,18163.13784,20.13906883
2020-03-19,169,6120.436276,9.247376443
2020-03-19,171,3631.870609,4.417898252
2020-03-19,172,2971.460497,3.224349603
2020-03-19,173,5950.485539,7.72572006
2020-03-19,174,3122.873194,3.76164683
2020-03-19,175,3641.441178,4.125562046
2020-03-19,177,4173.404987,4.332006348
2020-03-19,18,3187.811079,3.925312963
2020-03-19,180,3554.260599,3.832622443
2020-03-19,181,3690.83017,3.84487732
2020-03-19,183,1065.367314,1.405719109
2020-03-19,184,4296.183138,5.054416298
2020-03-19,188,7466.86228,9.293112717
2020-03-19,189,8935.472015,10.9432256
2020-03-19,19,2850.612183,3.902099429
2020-03-19,190,3245.442529,4.071596046
2020-03-19,192,6578.924036,7.384072269
2020-03-19,193,3376.741498,3.583845001
2020-03-19,195,2983.539158,3.702097485
2020-03-19,196,10764.89401,11.45820443
2020-03-19,197,3400.912792,3.507469848
2020-03-19,198,5519.901157,6.003833966
2020-03-19,20,6972.266587,8.296070719
2020-03-19,22,2648.3572,4.27155466
2020-03-19,23,1445.163759,1.572180993
2020-03-19,25,10199.80532,11.13104295
2020-03-19,26,6323.293859,7.19860072
2020-03-19,27,1103.122535,2.207549335
2020-03-19,28,10784.32849,11.76339883
2020-03-19,3,5235.278024,5.380854299
2020-03-19,31,6909.198641,8.626520126
2020-03-19,33,1314.285715,1.492804929
2020-03-19,35,1271.531657,1.611873949
2020-03-19,36,3094.505794,4.080323798
2020-03-19,38,8085.994725,9.081102926
2020-03-19,39,909.828078,1.59698544
2020-03-19,41,4553.884399,5.462780052
2020-03-19,42,778.4440559,0.8318757196
2020-03-19,44,9764.626547,10.46293938
2020-03-19,45,6390.248482,6.56211764
2020-03-19,46,2936.560928,3.839545143
2020-03-19,49,2954.80407,3.248508346
2020-03-19,5,11201.17621,11.83734874
2020-03-19,51,10604.13097,12.94132143
2020-03-19,52,5564.915448,6.021143561
2020-03-19,55,5097.003132,6.157384873
2020-03-19,57,3448.462404,5.237829018
2020-03-19,59,10935.63424,12.31201497
2020-03-19,61,938.7591,1.530891248
2020-03-19,63,6569.70592,6.912713362
2020-03-19,64,1270.518976,1.490928346
2020-03-19,66,7614.537403,8.638807307
2020-03-19,68,18114.43336,20.13906883
2020-03-19,69,6102.060731,9.247376443
2020-03-19,71,3663.630044,4.417898252
2020-03-19,72,2926.258899,3.224349603
2020-03-19,73,5906.885074,7.72572006
2020-03-19,74,3136.699369,3.76164683
2020-03-19,75,3647.899906,4.125562046
2020-03-19,77,4182.129075,4.332006348
2020-03-19,8,3768.223475,4.512502163
2020-03-19,80,3494.642875,3.832622443
2020-03-19,81,3681.332784,3.84487732
2020-03-19,83,1044.054484,1.405719109
2020-03-19,84,4271.468199,5.054416298
2020-03-19,88,7502.569907,9.293112717
2020-03-19,89,9022.344509,10.9432256
2020-03-19,90,3284.640509,4.071596046
2020-03-19,92,6620.346763,7.384072269
2020-03-19,93,3386.843419,3.583845001
2020-03-19,95,2971.51395,3.702097485
2020-03-19,96,10888.84174,11.45820443
2020-03-19,97,3455.526328,3.507469848
2020-03-19,98,5535.490755,6.003833966
2020-03-20,10,13855.49375,16.19283895
2020-03-20,103,5287.23162,5.71501469
2020-03-20,105,11210.82262,11.54114275
2020-03-20,108,3836.685966,4.548981277
2020-03-20,11,9539.492709,11.47166172
2020-03-20,110,14037.46881,16.19283895
2020-03-20,111,9698.11051,11.47166172
2020-03-20,115,4711.511353,6.134196469
2020-03-20,118,3156.272138,3.464659463
2020-03-20,119,2902.081775,4.342349765
2020-03-20,120,7238.623313,8.551885047
2020-03-20,122,2649.157077,2.894302592
2020-03-20,123,1455.556692,1.756547747
2020-03-20,125,10259.29781,11.86787593
2020-03-20,126,6287.639637,7.860433299
2020-03-20,127,1092.432882,1.200466874
2020-03-20,128,10884.30282,11.4652717
2020-03-20,131,6803.98245,8.353744551
2020-03-20,133,1237.073284,1.632489724
2020-03-20,135,1276.106254,2.213839029
2020-03-20,136,3059.649497,3.608538447
2020-03-20,138,8186.097135,8.730771074
2020-03-20,139,910.3358124,0.9752869601
2020-03-20,141,4507.805275,6.416362927
2020-03-20,142,763.1554445,1.564888796
2020-03-20,144,9779.747353,11.38931592
2020-03-20,145,6271.336834,7.032487901
2020-03-20,146,3004.959047,3.924275455
2020-03-20,149,3021.171364,4.53676734
2020-03-20,15,4621.725959,6.134196469
2020-03-20,151,10667.75054,13.37339938
2020-03-20,152,5703.953508,6.259015701
2020-03-20,155,5215.06483,6.273280313
2020-03-20,157,3472.014444,4.081529972
2020-03-20,159,10634.50085,12.34787471
2020-03-20,161,908.6228247,1.485867595
2020-03-20,163,6500.005981,7.791412873
2020-03-20,164,1307.743058,1.721234889
2020-03-20,166,7760.452973,8.929281843
2020-03-20,168,17906.16776,19.44304847
2020-03-20,169,6188.634208,7.724946289
2020-03-20,171,3670.225563,3.986723104
2020-03-20,172,2939.469782,3.595973742
2020-03-20,173,5911.902284,7.896980147
2020-03-20,174,3134.34628,4.003330649
2020-03-20,175,3706.396343,4.463431259
2020-03-20,177,4256.93077,5.522698457
2020-03-20,18,3185.084406,3.464659463
2020-03-20,180,3534.766684,4.064771359
2020-03-20,181,3650.530189,4.417571943
2020-03-20,183,1066.276908,1.188630778
2020-03-20,184,4235.673764,4.493051325
2020-03-20,188,7495.321349,7.951257334
2020-03-20,189,8988.990325,11.17549602
2020-03-20,19,2857.532206,4.342349765
2020-03-20,190,3258.891722,4.707102082
2020-03-20,192,6602.722476,7.204566267
2020-03-20,193,3423.967536,3.528928603
2020-03-20,195,2957.311129,5.067300629
2020-03-20,196,11090.17874,11.5808858
2020-03-20,197,3572.406756,3.947110679
2020-03-20,198,5378.48821,6.931632991
2020-03-20,20,7182.402164,8.551885047
2020-03-20,22,2657.312523,2.894302592
2020-03-20,23,1426.548967,1.756547747
2020-03-20,25,10281.2302,11.86787593
2020-03-20,26,6332.60771,7.860433299
2020-03-20,27,1121.232444,1.200466874
2020-03-20,28,10847.09448,11.4652717
2020-03-20,3,5263.601759,5.71501469
2020-03-20,31,6883.914411,8.353744551
2020-03-20,33,1270.086288,1.632489724
2020-03-20,35,1274.73178,2.213839029
2020-03-20,36,3042.459585,3.608538447
2020-03-20,38,8157.694369,8.730771074
2020-03-20,39,913.0142988,0.9752869601
2020-03-20,41,4538.673727,6.416362927
2020-03-20,42,765.0755562,1.564888796
2020-03-20,44,9803.352819,11.38931592
2020-03-20,45,6384.622713,7.032487901
2020-03-20,46,2957.47263,3.924275455
2020-03-20,49,2994.390068,4.53676734
2020-03-20,5,11218.99041,11.54114275
2020-03-20,51,10617.73674,13.37339938
2020-03-20,52,5658.723947,6.259015701
2020-03-20,55,5139.948662,6.273280313
2020-03-20,57,3459.411215,4.081529972
2020-03-20,59,10819.98722,12.34787471
2020-03-20,61,929.8976211,1.485867595
2020-03-20,63,6448.868284,7.791412873
2020-03-20,64,1272.96078,1.721234889
2020-03-20,66,7731.17914,8.929281843
2020-03-20,68,17878.10329,19.44304847
2020-03-20,69,6221.548608,7.724946289
2020-03-20,71,3668.14223,3.986723104
2020-03-20,72,2930.174272,3.595973742
2020-03-20,73,5945.452912,7.896980147
2020-03-20,74,3102.411991,4.003330649
2020-03-20,75,3690.386585,4.463431259
2020-03-20,77,4228.341637,5.522698457
2020-03-20,8,3797.463603,4.548981277
2020-03-20,80,3514.915999,4.064771359
2020-03-20,81,3669.484112,4.417571943
2020-03-20,83,1057.054148,1.188630778
2020-03-20,84,4243.697718,4.493051325
2020-03-20,88,7463.548154,7.951257334
2020-03-20,89,8977.738221,11.17549602
2020-03-20,90,3256.142154,4.707102082
2020-03-20,92,6656.455377,7.204566267
2020-03-20,93,3386.566148,3.528928603
2020-03-20,95,2973.107277,5.067300629
2020-03-20,96,10855.57921,11.5808858
2020-03-20,97,3490.924961,3.947110679
2020-03-20,98,5455.304285,6.931632991
2020-03-21,10,13870.20649,15.93239178
2020-03-21,103,5232.632475,6.072110361
2020-03-21,105,11010.5157,11.06833025
2020-03-21,108,3746.438364,4.247171193
2020-03-21,11,9434.527818,10.74667683
2020-03-21,110,13801.32262,15.93239178
2020-03-21,111,9397.124969,10.74667683
2020-03-21,115,4583.486717,5.909179703
2020-03-21,118,3165.634428,3.770581606
2020-03-21,119,2833.485685,3.460883274
2020-03-21,120,7153.224059,8.614476804
2020-03-21,122,2601.532076,3.641639158
2020-03-21,123,1413.484473,1.687867353
2020-03-21,125,10100.67435,10.99600351
2020-03-21,126,6484.42734,7.022827343
2020-03-21,127,1146.227389,1.257100001
2020-03-21,128,10622.95339,12.02028455
2020-03-21,131,6876.945569,8.065043297
2020-03-21,133,1276.994234,1.443884194
2020-03-21,135,1244.538576,1.835006408
2020-03-21,136,3065.599655,3.909100704
2020-03-21,138,7955.40167,9.208479508
2020-03-21,139,924.671997,1.008504693
2020-03-21,141,4395.426202,5.281161024
2020-03-21,142,746.859378,2.357676117
2020-03-21,144,9689.454193,10.66473391
2020-03-21,145,6309.653956,7.220473559
2020-03-21,146,2949.696911,4.72996719
2020-03-21,149,3081.647821,3.761361459
2020-03-21,15,4604.350416,5.909179703
2020-03-21,151,10613.69035,12.37265008
2020-03-21,152,5509.635689,7.008057649
2020-03-21,155,5091.279573,6.20862741
2020-03-21,157,3327.321878,4.13637912
2020-03-21,159,10625.40255,12.63649661
2020-03-21,161,945.2434333,1.025793741
2020-03-21,163,6425.011606,6.939454287
2020-03-21,164,1248.288784,1.387068255
2020-03-21,166,7704.979799,8.716012109
2020-03-21,168,17919.84275,19.88519194
2020-03-21,169,6135.074755,6.791434271
2020-03-21,171,3620.280728,4.320766105
2020-03-21,172,2850.598562,3.092226005
2020-03-21,173,5659.65725,7.292247457
2020-03-21,174,3029.561647,4.70780068
2020-03-21,175,3740.445326,4.667381996
2020-03-21,177,4061.823915,5.215093872
2020-03-21,18,3133.629659,3.770581606
2020-03-21,180,3538.657773,4.32787644
2020-03-21,181,3688.652274,3.907129572
2020-03-21,183,1059.679549,1.392139482
2020-03-21,184,4189.981583,5.500124865
2020-03-21,188,7390.419839,8.137476172
2020-03-21,189,9096.544776,11.10315967
2020-03-21,19,2843.817889,3.460883274
2020-03-21,190,3264.056037,3.792049903
2020-03-21,192,6596.526935,7.43701318
2020-03-21,193,3415.035294,3.506600009
2020-03-21,195,2924.244081,3.660595878
2020-03-21,196,11012.73946,11.77435338
2020-03-21,197,3471.519067,4.546429969
2020-03-21,198,5405.485683,6.443871674
2020-03-21,20,7104.217837,8.614476804
2020-03-21,22,2636.106892,3.641639158
2020-03-21,23,1406.650256,1.687867353
2020-03-21,25,10113.89817,10.99600351
2020-03-21,26,6287.693177,7.022827343
2020-03-21,27,1127.763183,1.257100001
2020-03-21,28,10584.46078,12.02028455
2020-03-21,3,5168.324948,6.072110361
2020-03-21,31,6780.960097,8.065043297
2020-03-21,33,1267.466157,1.443884194
2020-03-21,35,1247.900498,1.835006408
2020-03-21,36,3036.798301,3.909100704
2020-03-21,38,8125.414545,9.208479508
2020-03-21,39,913.4951777,1.008504693
2020-03-21,41,4486.422704,5.281161024
2020-03-21,42,754.5998495,2.357676117
2020-03-21,44,9660.789144,10.66473391
2020-03-21,45,6324.129011,7.220473559
2020-03-21,46,2917.873684,4.72996719
2020-03-21,49,3028.181895,3.761361459
2020-03-21,5,10995.49875,11.06833025
2020-03-21,51,10612.7461,12.37265008
2020-03-21,52,5558.822079,7.008057649
2020-03-21,55,5050.373031,6.20862741
2020-03-21,57,3419.953455,4.13637912
2020-03-21,59,10682.09156,12.63649661
2020-03-21,61,930.7541398,1.025793741
2020-03-21,63,6381.752739,6.939454287
2020-03-21,64,1262.148544,1.387068255
2020-03-21,66,7700.465579,8.716012109
2020-03-21,68,17729.13689,19.88519194
2020-03-21,69,6154.616019,6.791434271
2020-03-21,71,3644.074767,4.320766105
2020-03-21,72,2893.086418,3.092226005
2020-03-21,73,5807.479321,7.292247457
2020-03-21,74,3047.98283,4.70780068
2020-03-21,75,3693.349545,4.667381996
2020-03-21,77,4126.32724,5.215093872
2020-03-21,8,3800.502684,4.247171193
2020-03-21,80,3535.499979,4.32787644
2020-03-21,81,3719.854232,3.907129572
2020-03-21,83,1060.19989,1.392139482
2020-03-21,84,4222.286828,5.500124865
2020-03-21,88,7343.005063,8.137476172
2020-03-21,89,9061.626233,11.10315967
2020-03-21,90,3210.236632,3.792049903
2020-03-21,92,6606.366017,7.43701318
2020-03-21,93,3417.664522,3.506600009
2020-03-21,95,2969.730697,3.660595878
2020-03-21,96,11025.87484,11.77435338
2020-03-21,97,3472.690107,4.546429969
2020-03-21,98,5436.939674,6.443871674
2020-03-22,10,13677.53414,15.43336351
2020-03-22,103,5215.876832,6.145260984
2020-03-22,105,10998.72866,11.31153149
2020-03-22,108,3661.074434,3.887133466
2020-03-22,11,9376.557395,11.79334996
2020-03-22,110,13753.54412,15.43336351
2020-03-22,111,9310.922495,11.79334996
2020-03-22,115,4496.647894,5.673109275
2020-03-22,118,3116.303229,4.274601277
2020-03-22,119,2771.132407,4.495309807
2020-03-22,120,7004.711197,7.776198853
2020-03-22,122,2588.798241,4.450041789
2020-03-22,123,1400.9115,2.699421336
2020-03-22,125,10198.22036,12.30530402
2020-03-22,126,6038.488863,6.770470029
2020-03-22,127,1149.401054,1.647680874
2020-03-22,128,10416.83324,11.14640719
2020-03-22,131,6585.347267,7.394291175
2020-03-22,133,1235.342019,1.965759937
2020-03-22,135,1196.898493,1.641667861
2020-03-22,136,3039.980039,4.165209951
2020-03-22,138,8074.965249,8.679491197
2020-03-22,139,903.8046318,0.9362413957
2020-03-22,141,4368.255063,5.182159232
2020-03-22,142,772.3222561,0.8336371136
2020-03-22,144,9483.783878,10.87010778
2020-03-22,145,6298.938712,7.186863979
2020-03-22,146,2879.172443,3.317886249
2020-03-22,149,2993.750941,3.259236207
2020-03-22,15,4525.698302,5.673109275
2020-03-22,151,10616.79262,12.93193696
2020-03-22,152,5655.801759,6.021082616
2020-03-22,155,4948.410093,5.185224648
2020-03-22,157,3425.485211,3.798852785
2020-03-22,159,10695.60822,11.51772126
2020-03-22,161,923.7753632,1.305086314
2020-03-22,163,6387.431079,7.806438734
2020-03-22,164,1187.959738,2.094720504
2020-03-22,166,7663.558746,9.132811878
2020-03-22,168,17383.06254,18.38014113
2020-03-22,169,6139.529379,7.076107088
2020-03-22,171,3544.612693,3.973501079
2020-03-22,172,2865.129759,4.302960863
2020-03-22,173,5799.691925,6.053242514
2020-03-22,174,3014.680792,3.722780522
2020-03-22,175,3668.742205,4.051390329
2020-03-22,177,4112.261606,5.095984934
2020-03-22,18,3108.037948,4.274601277
2020-03-22,180,3455.681936,4.351499671
2020-03-22,181,3723.447494,5.006238833
2020-03-22,183,1035.442095,1.438808941
2020-03-22,184,4219.509683,5.619966436
2020-03-22,188,7316.502418,9.21666328
2020-03-22,189,9148.363865,11.23996272
2020-03-22,19,2820.958907,4.495309807
2020-03-22,190,3136.078166,5.036067993
2020-03-22,192,6410.59405,7.365957201
2020-03-22,193,3308.484119,3.943454096
2020-03-22,195,2964.63581,3.401387631
2020-03-22,196,11041.99789,12.02895443
2020-03-22,197,3469.86843,3.670481513
2020-03-22,198,5490.619821,7.279644664
2020-03-22,20,7065.965461,7.776198853
2020-03-22,22,2615.457159,4.450041789
2020-03-22,23,1385.296883,2.699421336
2020-03-22,25,10120.46551,12.30530402
2020-03-22,26,6091.208326,6.770470029
2020-03-22,27,1131.657343,1.647680874
2020-03-22,28,10477.50132,11.14640719
2020-03-22,3,5209.060138,6.145260984
2020-03-22,31,6605.415144,7.394291175
2020-03-22,33,1251.97342,1.965759937
2020-03-22,35,1205.09851,1.641667861
2020-03-22,36,2989.205935,4.165209951
2020-03-22,38,8040.348397,8.679491197
2020-03-22,39,908.4618368,0.9362413957
2020-03-22,41,4367.226207,5.182159232
2020-03-22,42,775.4553811,0.8336371136
2020-03-22,44,9563.792451,10.87010778
2020-03-22,45,6293.646931,7.186863979
2020-03-22,46,2859.712801,3.317886249
2020-03-22,49,3013.702836,3.259236207
2020-03-22,5,10903.35784,11.31153149
2020-03-22,51,10579.44882,12.93193696
2020-03-22,52,5549.21568,6.021082616
2020-03-22,55,4994.215987,5.185224648
2020-03-22,57,3413.786961,3.798852785
2020-03-22,59,10623.64151,11.51772126
2020-03-22,61,923.0518092,1.305086314
2020-03-22,63,6411.736518,7.806438734
2020-03-22,64,1217.400797,2.094720504
2020-03-22,66,7674.612855,9.132811878
2020-03-22,68,17544.59348,18.38014113
2020-03-22,69,6078.51157,7.076107088
2020-03-22,71,3603.052898,3.973501079
2020-03-22,72,2830.749584,4.302960863
2020-03-22,73,5787.811665,6.053242514
2020-03-22,74,3033.438262,3.722780522
2020-03-22,75,3659.797283,4.051390329
2020-03-22,77,4058.518923,5.095984934
2020-03-22,8,3676.396177,3.887133466
2020-03-22,80,3506.485832,4.351499671
2020-03-22,81,3700.458351,5.006238833
2020-03-22,83,1048.14471,1.438808941
2020-03-22,84,4222.292986,5.619966436
2020-03-22,88,7370.656536,9.21666328
2020-03-22,89,8996.695272,11.23996272
2020-03-22,90,3172.553546,5.036067993
2020-03-22,92,6509.399188,7.365957201
2020-03-22,93,3322.163015,3.943454096
2020-03-22,95,2951.647493,3.401387631
2020-03-22,96,10848.29535,12.02895443
2020-03-22,97,3485.585629,3.670481513
2020-03-22,98,5408.524991,7.279644664
2020-03-23,10,13628.47774,15.46256679
2020-03-23,103,5295.149191,5.40063017
2020-03-23,105,11271.07859,11.47344962
2020-03-23,108,3732.110714,5.477222992
2020-03-23,11,9379.996902,10.34801303
2020-03-23,110,13684.64043,15.46256679
2020-03-23,111,9446.97604,10.34801303
2020-03-23,115,4523.501592,5.342395819
2020-03-23,118,3129.556364,4.45690707
2020-03-23,119,2734.564292,3.98074884
2020-03-23,120,7060.34645,9.04070769
2020-03-23,122,2613.224008,3.749720744
2020-03-23,123,1344.772749,1.571508724
2020-03-23,125,10057.83098,10.91221778
2020-03-23,126,6155.718338,6.980325437
2020-03-23,127,1130.191102,1.456349218
2020-03-23,128,10638.76993,11.42239575
2020-03-23,131,6645.444564,8.561487594
2020-03-23,133,1276.422976,1.626179676
2020-03-23,135,1211.708282,1.592318447
2020-03-23,136,2956.462774,4.26487819
2020-03-23,138,7873.272242,9.012017812
2020-03-23,139,919.8160289,1.189527833
2020-03-23,141,4400.340551,5.972592327
2020-03-23,142,796.9084175,1.323255173
2020-03-23,144,9466.58842,11.18473965
2020-03-23,145,6308.707435,7.165464569
2020-03-23,146,2950.447376,3.124617164
2020-03-23,149,3032.247848,3.543539385
2020-03-23,15,4455.389933,5.342395819
2020-03-23,151,10473.7118,13.42844157
2020-03-23,152,5654.907168,5.803117944
2020-03-23,155,5046.668239,5.963472611
2020-03-23,157,3473.988629,4.575099634
2020-03-23,159,10591.99892,12.20008112
2020-03-23,161,922.5898317,1.044871659
2020-03-23,163,6281.149807,6.478938744
2020-03-23,164,1224.231001,1.77231798
2020-03-23,166,7662.825763,8.854592241
2020-03-23,168,17392.21851,19.67043963
2020-03-23,169,6208.816417,7.186560463
2020-03-23,171,3616.382944,5.546614762
2020-03-23,172,2901.167549,3.917193104
2020-03-23,173,5885.503158,6.183055607
2020-03-23,174,3014.917382,3.906393292
2020-03-23,175,3550.151918,4.153437523
2020-03-23,177,3966.908505,5.48390122
2020-03-23,18,3148.695661,4.45690707
2020-03-23,180,3541.780115,4.094770193
2020-03-23,181,3712.294713,4.218594223
2020-03-23,183,1099.936533,1.424161865
2020-03-23,184,4291.455477,4.491540225
2020-03-23,188,7348.591918,8.084375985
2020-03-23,189,8923.969355,10.06023736
2020-03-23,19,2764.194222,3.98074884
2020-03-23,190,3219.196755,3.637004454
2020-03-23,192,6415.720194,7.300294778
2020-03-23,193,3477.909581,3.754824318
2020-03-23,195,3010.895231,3.195115696
2020-03-23,196,10855.20585,11.29032865
2020-03-23,197,3500.256381,4.035304972
2020-03-23,198,5472.335168,7.533879472
2020-03-23,20,7043.709519,9.04070769
2020-03-23,22,2603.032361,3.749720744
2020-03-23,23,1361.978727,1.571508724
2020-03-23,25,10090.17634,10.91221778
2020-03-23,26,6111.384406,6.980325437
2020-03-23,27,1142.557826,1.456349218
2020-03-23,28,10661.83041,11.42239575
2020-03-23,3,5214.839634,5.40063017
2020-03-23,31,6639.129266,8.561487594
2020-03-23,33,1265.993527,1.626179676
2020-03-23,35,1183.428036,1.592318447
2020-03-23,36,2971.509658,4.26487819
2020-03-23,38,7947.664388,9.012017812
2020-03-23,39,913.1607954,1.189527833
2020-03-23,41,4443.532367,5.972592327
2020-03-23,42,779.5313796,1.323255173
2020-03-23,44,9428.861549,11.18473965
2020-03-23,45,6396.780754,7.165464569
2020-03-23,46,2909.936222,3.124617164
2020-03-23,49,3025.3306,3.543539385
2020-03-23,5,11158.07992,11.47344962
2020-03-23,51,10730.29066,13.42844157
2020-03-23,52,5590.392998,5.803117944
2020-03-23,55,5102.076256,5.963472611
2020-03-23,57,3486.703855,4.575099634
2020-03-23,59,10550.7053,12.20008112
2020-03-23,61,918.9038407,1.044871659
2020-03-23,63,6413.172575,6.478938744
2020-03-23,64,1229.063242,1.77231798
2020-03-23,66,7632.325879,8.854592241
2020-03-23,68,17415.26255,19.67043963
2020-03-23,69,6097.301633,7.186560463
2020-03-23,71,3604.605885,5.546614762
2020-03-23,72,2869.824949,3.917193104
2020-03-23,73,5798.483048,6.183055607
2020-03-23,74,3059.179796,3.906393292
2020-03-23,75,3596.335075,4.153437523
2020-03-23,77,4032.790847,5.48390122
2020-03-23,8,3711.137197,5.477222992
2020-03-23,80,3556.523559,4.094770193
2020-03-23,81,3734.915037,4.218594223
2020-03-23,83,1075.53716,1.424161865
2020-03-23,84,4282.504159,4.491540225
2020-03-23,88,7400.917936,8.084375985
2020-03-23,89,8870.887923,10.06023736
2020-03-23,90,3221.723027,3.637004454
2020-03-23,92,6478.431101,7.300294778
2020-03-23,93,3393.119437,3.754824318
2020-03-23,95,2972.371617,3.195115696
2020-03-23,96,10703.9884,11.29032865
2020-03-23,97,3535.411897,4.035304972
2020-03-23,98,5419.646592,7.533879472
2020-03-24,10,13625.96104,15.16658067
2020-03-24,103,5178.582868,6.289031547
2020-03-24,105,11157.43707,11.48786875
2020-03-24,108,3765.685535,4.445794458
2020-03-24,11,9383.282785,12.35942108
2020-03-24,110,13545.40207,15.16658067
2020-03-24,111,9464.697684,12.35942108
2020-03-24,115,4457.879498,5.888537265
2020-03-24,118,3213.244688,4.032875264
2020-03-24,119,2845.967999,3.439419741
2020-03-24,120,7052.317711,8.738563063
2020-03-24,122,2669.318673,3.476067398
2020-03-24,123,1363.132288,1.6847574
2020-03-24,125,10258.0974,11.06612287
2020-03-24,126,6215.035108,6.361183379
2020-03-24,127,1151.495889,1.890740261
2020-03-24,128,10652.85992,11.99478559
2020-03-24,131,6658.333679,8.891407413
2020-03-24,133,1297.721428,1.833690011
2020-03-24,135,1190.524446,1.559186771
2020-03-24,136,3024.593763,3.412733921
2020-03-24,138,7954.529114,9.893551407
2020-03-24,139,919.6544473,1.474483506
2020-03-24,141,4531.591125,5.717211402
2020-03-24,142,790.0078876,0.8076235844
2020-03-24,144,9656.238025,11.06658233
2020-03-24,145,6382.084924,6.626278602
2020-03-24,146,2913.124715,3.642020487
2020-03-24,149,3047.778095,3.790406228
2020-03-24,15,4499.567809,5.888537265
2020-03-24,151,10970.20951,12.53170928
2020-03-24,152,5630.199995,6.732381529
2020-03-24,155,5172.125995,5.670329142
2020-03-24,157,3481.228011,3.767693899
2020-03-24,159,10603.81846,11.26800859
2020-03-24,161,950.3531004,1.488151304
2020-03-24,163,6242.439598,6.742904176
2020-03-24,164,1197.0298,1.506522755
2020-03-24,166,7718.72467,10.01046327
2020-03-24,168,17105.35147,20.54653148
2020-03-24,169,6150.736939,8.441644445
2020-03-24,171,3489.823447,3.717098026
2020-03-24,172,2879.901971,3.354825335
2020-03-24,173,5796.359083,6.88176955
2020-03-24,174,3071.28537,3.534994388
2020-03-24,175,3645.248871,4.074736206
2020-03-24,177,4111.780102,4.897865485
2020-03-24,18,3190.862267,4.032875264
2020-03-24,180,3689.10548,4.57349968
2020-03-24,181,3840.009567,4.844819071
2020-03-24,183,1093.04045,1.507878336
2020-03-24,184,4296.512218,4.439313569
2020-03-24,188,7377.438259,8.633949587
2020-03-24,189,9041.326849,10.58827524
2020-03-24,19,2797.1948,3.439419741
2020-03-24,190,3224.538151,3.750533322
2020-03-24,192,6594.676923,7.832818658
2020-03-24,193,3502.87751,3.521048846
2020-03-24,195,3004.049515,4.936726853
2020-03-24,196,10840.58151,12.22172378
2020-03-24,197,3622.547743,4.736799375
2020-03-24,198,5491.511353,7.080425735
2020-03-24,20,7120.166394,8.738563063
2020-03-24,22,2651.061364,3.476067398
2020-03-24,23,1369.657787,1.6847574
2020-03-24,25,10105.73464,11.06612287
2020-03-24,26,6297.47535,6.361183379
2020-03-24,27,1161.988104,1.890740261
2020-03-24,28,10774.36325,11.99478559
2020-03-24,3,5181.069858,6.289031547
2020-03-24,31,6662.346301,8.891407413
2020-03-24,33,1285.429322,1.833690011
2020-03-24,35,1183.79323,1.559186771
2020-03-24,36,3059.738632,3.412733921
2020-03-24,38,7994.303411,9.893551407
2020-03-24,39,911.5491015,1.474483506
2020-03-24,41,4493.041053,5.717211402
2020-03-24,42,794.8019235,0.8076235844
2020-03-24,44,9588.936516,11.06658233
2020-03-24,45,6414.623863,6.626278602
2020-03-24,46,2902.215325,3.642020487
2020-03-24,49,3077.163332,3.790406228
2020-03-24,5,11423.50087,11.48786875
2020-03-24,51,10844.24002,12.53170928
2020-03-24,52,5682.737306,6.732381529
2020-03-24,55,5197.816458,5.670329142
2020-03-24,57,3488.155672,3.767693899
2020-03-24,59,10620.43272,11.26800859
2020-03-24,61,964.309466,1.488151304
2020-03-24,63,6381.59805,6.742904176
2020-03-24,64,1217.870295,1.506522755
2020-03-24,66,7746.055413,10.01046327
2020-03-24,68,17488.27317,20.54653148
2020-03-24,69,6143.861125,8.441644445
2020-03-24,71,3548.24514,3.717098026
2020-03-24,72,2908.096613,3.354825335
2020-03-24,73,5844.174687,6.88176955
2020-03-24,74,3126.541331,3.534994388
2020-03-24,75,3709.103362,4.074736206
2020-03-24,77,4077.287574,4.897865485
2020-03-24,8,3775.037185,4.445794458
2020-03-24,80,3714.425856,4.57349968
2020-03-24,81,3790.797766,4.844819071
2020-03-24,83,1099.828987,1.507878336
2020-03-24,84,4282.301035,4.439313569
2020-03-24,88,7449.568372,8.633949587
2020-03-24,89,9003.936721,10.58827524
2020-03-24,90,3225.873648,3.750533322
2020-03-24,92,6539.093577,7.832818658
2020-03-24,93,3482.960959,3.521048846
2020-03-24,95,2989.726153,4.936726853
2020-03-24,96,10928.92888,12.22172378
2020-03-24,97,3616.665811,4.736799375
2020-03-24,98,5482.933708,7.080425735
2020-03-25,10,13529.47697,14.6487517
2020-03-25,103,5134.870781,5.621816923
2020-03-25,105,10969.83455,11.53701728
2020-03-25,108,3786.541833,5.086499878
2020-03-25,11,9384.181297,10.69042064
2020-03-25,110,13694.72535,14.6487517
2020-03-25,111,9392.468442,10.69042064
2020-03-25,115,4483.622319,5.390894029
2020-03-25,118,3198.922242,3.489311533
2020-03-25,119,2749.668862,3.425964436
2020-03-25,120,7104.812929,7.865641226
2020-03-25,122,2617.013817,3.625181233
2020-03-25,123,1398.318198,1.512381561
2020-03-25,125,9934.856494,11.20094107
2020-03-25,126,6377.442357,6.428987699
2020-03-25,127,1138.220069,1.216526208
2020-03-25,128,10977.10033,11.73449951
2020-03-25,131,6707.78771,8.477973208
2020-03-25,133,1339.322731,1.606120341
2020-03-25,135,1240.523666,1.68499498
2020-03-25,136,3074.270431,3.353174271
2020-03-25,138,7881.60666,8.761925931
2020-03-25,139,915.2348662,1.13544654
2020-03-25,141,4471.033033,6.101329307
2020-03-25,142,810.340083,1.077874445
2020-03-25,144,9752.076431,10.29271179
2020-03-25,145,6406.403432,7.177923113
2020-03-25,146,2986.374817,3.665345682
2020-03-25,149,2982.022064,3.145867183
2020-03-25,15,4468.958877,5.390894029
2020-03-25,151,10768.68514,12.71083177
2020-03-25,152,5618.396434,6.68144163
2020-03-25,155,5236.753631,6.748305162
2020-03-25,157,3566.990971,4.121577645
2020-03-25,159,10734.11465,11.53112043
2020-03-25,161,926.7931042,1.203841553
2020-03-25,163,6290.591088,6.689179221
2020-03-25,164,1288.865777,1.36369057
2020-03-25,166,7603.182525,8.745614805
2020-03-25,168,17641.82751,18.68009874
2020-03-25,169,6043.255871,6.931934993
2020-03-25,171,3561.68479,3.987788727
2020-03-25,172,2941.996764,4.011306257
2020-03-25,173,5898.567592,6.950761325
2020-03-25,174,3153.371968,3.910639106
2020-03-25,175,3760.899275,4.386179949
2020-03-25,177,4139.054133,5.046212429
2020-03-25,18,3194.784492,3.489311533
2020-03-25,180,3628.734141,4.462735147
2020-03-25,181,3829.809538,4.640768133
2020-03-25,183,1051.268032,1.223535807
2020-03-25,184,4294.367599,4.529962915
2020-03-25,188,7286.081176,8.596622751
2020-03-25,189,8858.977609,10.56770121
2020-03-25,19,2782.35556,3.425964436
2020-03-25,190,3304.761907,5.16819035
2020-03-25,192,6452.870043,7.202033798
2020-03-25,193,3576.395732,3.837658717
2020-03-25,195,3030.088839,3.276104848
2020-03-25,196,11082.9767,12.34851933
2020-03-25,197,3574.524375,3.70388601
2020-03-25,198,5512.420885,6.274586411
2020-03-25,20,7103.674647,7.865641226
2020-03-25,22,2645.495918,3.625181233
2020-03-25,23,1408.203071,1.512381561
2020-03-25,25,10062.66412,11.20094107
2020-03-25,26,6367.396458,6.428987699
2020-03-25,27,1162.197244,1.216526208
2020-03-25,28,10809.85127,11.73449951
2020-03-25,3,5214.443178,5.621816923
2020-03-25,31,6703.600919,8.477973208
2020-03-25,33,1312.314853,1.606120341
2020-03-25,35,1213.667175,1.68499498
2020-03-25,36,3055.78829,3.353174271
2020-03-25,38,7963.39143,8.761925931
2020-03-25,39,930.5495472,1.13544654
2020-03-25,41,4494.227575,6.101329307
2020-03-25,42,811.9388339,1.077874445
2020-03-25,44,9670.922616,10.29271179
2020-03-25,45,6349.895081,7.177923113
2020-03-25,46,2943.37273,3.665345682
2020-03-25,49,3029.483882,3.145867183
2020-03-25,5,11270.33181,11.53701728
2020-03-25,51,10777.16131,12.71083177
2020-03-25,52,5691.113294,6.68144163
2020-03-25,55,5185.453661,6.748305162
2020-03-25,57,3524.792382,4.121577645
2020-03-25,59,10631.68151,11.53112043
2020-03-25,61,943.4516917,1.203841553
2020-03-25,63,6399.159618,6.689179221
2020-03-25,64,1241.818622,1.36369057
2020-03-25,66,7711.597542,8.745614805
2020-03-25,68,17588.67984,18.68009874
2020-03-25,69,6047.766374,6.931934993
2020-03-25,71,3571.091913,3.987788727
2020-03-25,72,2959.920209,4.011306257
2020-03-25,73,5943.184011,6.950761325
2020-03-25,74,3130.673199,3.910639106
2020-03-25,75,3725.733409,4.386179949
2020-03-25,77,4149.591527,5.046212429
2020-03-25,8,3734.932771,5.086499878
2020-03-25,80,3632.136536,4.462735147
2020-03-25,81,3819.000802,4.640768133
2020-03-25,83,1076.466614,1.223535807
2020-03-25,84,4238.184653,4.529962915
2020-03-25,88,7392.365096,8.596622751
2020-03-25,89,8951.482136,10.56770121
2020-03-25,90,3248.472816,5.16819035
2020-03-25,92,6500.915999,7.202033798
2020-03-25,93,3476.213242,3.837658717
2020-03-25,95,3001.381538,3.276104848
2020-03-25,96,11088.78034,12.34851933
2020-03-25,97,3632.897557,3.70388601
2020-03-25,98,5490.750902,6.274586411
2020-03-26,10,13692.26581,15.07118941
2020-03-26,103,5214.075505,6.256590263
2020-03-26,105,11125.9144,12.26010405
2020-03-26,108,3724.073856,4.85447054
2020-03-26,11,9399.585312,10.75020113
2020-03-26,110,13739.42074,15.07118941
2020-03-26,111,9353.350494,10.75020113
2020-03-26,115,4499.142567,5.294190966
2020-03-26,118,3255.658942,3.809093437
2020-03-26,119,2800.858807,3.974899884
2020-03-26,120,6964.387987,8.299225145
2020-03-26,122,2569.164236,3.756216556
2020-03-26,123,1404.702737,1.772956838
2020-03-26,125,10129.31429,11.53543293
2020-03-26,126,6738.320817,6.971519782
2020-03-26,127,1176.82954,1.870776287
2020-03-26,128,10708.01025,11.5253692
2020-03-26,131,6855.319633,7.905586366
2020-03-26,133,1356.332392,2.051409132
2020-03-26,135,1245.280176,1.400592117
2020-03-26,136,3128.583019,4.046912214
2020-03-26,138,8048.697275,8.963102923
2020-03-26,139,945.879078,1.690670648
2020-03-26,141,4482.63743,4.713376578
2020-03-26,142,847.1504106,1.87575563
2020-03-26,144,9901.272331,10.27722426
2020-03-26,145,6533.008522,7.482642901
2020-03-26,146,2967.599936,3.18891857
2020-03-26,149,3046.543157,3.447811414
2020-03-26,15,4530.904051,5.294190966
2020-03-26,151,10796.57526,13.54252301
2020-03-26,152,5685.002231,6.175185715
2020-03-26,155,5313.141123,6.568631383
2020-03-26,157,3539.96081,4.256642213
2020-03-26,159,10570.28634,11.89189089
2020-03-26,161,986.3260034,1.152568548
2020-03-26,163,6577.864506,6.759700927
2020-03-26,164,1271.744082,1.429162724
2020-03-26,166,7946.543155,9.919268299
2020-03-26,168,17375.4517,19.48718547
2020-03-26,169,6057.413788,6.980448257
2020-03-26,171,3594.893356,3.952959543
2020-03-26,172,3046.976556,3.808708838
2020-03-26,173,6215.791047,7.435304658
2020-03-26,174,3133.164239,5.421944784
2020-03-26,175,3727.61894,4.147286688
2020-03-26,177,4168.596189,5.602937371
2020-03-26,18,3217.665866,3.809093437
2020-03-26,180,3658.387206,4.290949316
2020-03-26,181,3953.170395,4.12154706
2020-03-26,183,1122.470714,1.492054277
2020-03-26,184,4261.809563,5.160488197
2020-03-26,188,7406.361469,8.200877354
2020-03-26,189,9170.43736,11.32379171
2020-03-26,19,2813.729173,3.974899884
2020-03-26,190,3283.936867,4.633350305
2020-03-26,192,6397.537886,7.045445228
2020-03-26,193,3429.305225,3.598605733
2020-03-26,195,3056.067796,3.622501125
2020-03-26,196,11206.16766,11.81231764
2020-03-26,197,3717.836827,4.057197991
2020-03-26,198,5454.850845,6.117664678
2020-03-26,20,7055.495931,8.299225145
2020-03-26,22,2625.049727,3.756216556
2020-03-26,23,1425.717382,1.772956838
2020-03-26,25,10012.40377,11.53543293
2020-03-26,26,6652.660682,6.971519782
2020-03-26,27,1187.574257,1.870776287
2020-03-26,28,10867.10793,11.5253692
2020-03-26,3,5350.444531,6.256590263
2020-03-26,31,6898.176026,7.905586366
2020-03-26,33,1347.983261,2.051409132
2020-03-26,35,1244.545886,1.400592117
2020-03-26,36,3119.493495,4.046912214
2020-03-26,38,8096.027835,8.963102923
2020-03-26,39,951.976494,1.690670648
2020-03-26,41,4538.566489,4.713376578
2020-03-26,42,831.0637364,1.87575563
2020-03-26,44,9882.889631,10.27722426
2020-03-26,45,6450.102346,7.482642901
2020-03-26,46,2962.482179,3.18891857
2020-03-26,49,3068.362283,3.447811414
2020-03-26,5,11201.85604,12.26010405
2020-03-26,51,10805.18759,13.54252301
2020-03-26,52,5683.382627,6.175185715
2020-03-26,55,5296.426285,6.568631383
2020-03-26,57,3535.853947,4.256642213
2020-03-26,59,10588.07278,11.89189089
2020-03-26,61,969.1123766,1.152568548
2020-03-26,63,6384.208313,6.759700927
2020-03-26,64,1250.236555,1.429162724
2020-03-26,66,7898.907386,9.919268299
2020-03-26,68,17672.60552,19.48718547
2020-03-26,69,6093.685814,6.980448257
2020-03-26,71,3621.547084,3.952959543
2020-03-26,72,3055.767596,3.808708838
2020-03-26,73,6168.913841,7.435304658
2020-03-26,74,3154.081211,5.421944784
2020-03-26,75,3722.292178,4.147286688
2020-03-26,77,4187.578094,5.602937371
2020-03-26,8,3700.942847,4.85447054
2020-03-26,80,3727.250317,4.290949316
2020-03-26,81,3843.055135,4.12154706
2020-03-26,83,1090.172147,1.492054277
2020-03-26,84,4259.375629,5.160488197
2020-03-26,88,7491.966664,8.200877354
2020-03-26,89,9161.402564,11.32379171
2020-03-26,90,3283.555873,4.633350305
2020-03-26,92,6439.386459,7.045445228
2020-03-26,93,3461.420986,3.598605733
2020-03-26,95,3058.621996,3.622501125
2020-03-26,96,11335.76928,11.81231764
2020-03-26,97,3727.436603,4.057197991
2020-03-26,98,5537.032718,6.117664678
2020-03-27,10,13817.22909,14.94605403
2020-03-27,103,5411.552578,6.440749134
2020-03-27,105,10673.09738,10.92894404
2020-03-27,108,3632.775163,5.389501896
2020-03-27,11,9438.001044,11.19095263
2020-03-27,110,13839.89342,14.94605403
2020-03-27,111,9433.532193,11.19095263
2020-03-27,115,4430.545883,4.761881007
2020-03-27,118,3216.547805,3.687007955
2020-03-27,119,2832.505888,2.996454958
2020-03-27,120,7007.382833,8.974249623
2020-03-27,122,2674.786632,3.33625762
2020-03-27,123,1445.222383,1.984391046
2020-03-27,125,9927.07041,12.30211339
2020-03-27,126,6579.77251,6.93624639
2020-03-27,127,1174.164979,1.240040356
2020-03-27,128,10756.04073,12.79981119
2020-03-27,131,6970.643579,8.09146492
2020-03-27,133,1313.000569,1.532103953
2020-03-27,135,1242.365837,1.976375073
2020-03-27,136,3110.219657,3.358723803
2020-03-27,138,8165.369379,8.769298677
2020-03-27,139,954.7905552,1.219517404
2020-03-27,141,4570.05934,5.18874723
2020-03-27,142,831.9793652,1.621402102
2020-03-27,144,9668.284043,10.31227217
2020-03-27,145,6625.040164,7.402125025
2020-03-27,146,3003.053588,3.772946314
2020-03-27,149,3062.463111,4.200807047
2020-03-27,15,4451.777541,4.761881007
2020-03-27,151,10854.30681,12.53633126
2020-03-27,152,5688.709654,6.699282129
2020-03-27,155,5294.495325,5.70822446
2020-03-27,157,3562.854531,4.007975871
2020-03-27,159,10575.78566,11.64818488
2020-03-27,161,974.0762214,1.11210093
2020-03-27,163,6375.961302,7.214933017
2020-03-27,164,1288.971618,1.848072382
2020-03-27,166,7826.471275,9.862968119
2020-03-27,168,18004.4375,18.70877603
2020-03-27,169,5986.873264,6.570344944
2020-03-27,171,3645.307488,3.896524964
2020-03-27,172,3054.295302,3.792013323
2020-03-27,173,6174.389328,6.630827996
2020-03-27,174,3081.524673,3.729940173
2020-03-27,175,3735.099541,5.023379202
2020-03-27,177,4025.593008,5.707325257
2020-03-27,18,3191.786611,3.687007955
2020-03-27,180,3640.640722,4.454058493
2020-03-27,181,3881.361328,3.943824727
2020-03-27,183,1104.116806,2.066103722
2020-03-27,184,4312.327229,5.096652729
2020-03-27,188,7427.654798,8.67469277
2020-03-27,189,9154.062747,10.62374817
2020-03-27,19,2809.587242,2.996454958
2020-03-27,190,3266.240741,3.767879797
2020-03-27,192,6552.317609,7.421833959
2020-03-27,193,3479.862991,3.92283282
2020-03-27,195,2992.309161,3.932912581
2020-03-27,196,11473.76107,11.98662694
2020-03-27,197,3682.731252,4.324888297
2020-03-27,198,5613.033932,6.561794841
2020-03-27,20,7012.123277,8.974249623
2020-03-27,22,2653.784522,3.33625762
2020-03-27,23,1441.692984,1.984391046
2020-03-27,25,9976.759049,12.30211339
2020-03-27,26,6752.290343,6.93624639
2020-03-27,27,1168.480832,1.240040356
2020-03-27,28,10816.49319,12.79981119
2020-03-27,3,5427.68682,6.440749134
2020-03-27,31,6882.645411,8.09146492
2020-03-27,33,1315.281218,1.532103953
2020-03-27,35,1247.216456,1.976375073
2020-03-27,36,3102.486727,3.358723803
2020-03-27,38,8100.909888,8.769298677
2020-03-27,39,946.0889244,1.219517404
2020-03-27,41,4547.184354,5.18874723
2020-03-27,42,838.4850863,1.621402102
2020-03-27,44,9848.367208,10.31227217
2020-03-27,45,6616.04007,7.402125025
2020-03-27,46,2980.077292,3.772946314
2020-03-27,49,3038.736456,4.200807047
2020-03-27,5,10921.76315,10.92894404
2020-03-27,51,10860.99375,12.53633126
2020-03-27,52,5722.377659,6.699282129
2020-03-27,55,5245.2118,5.70822446
2020-03-27,57,3530.531395,4.007975871
2020-03-27,59,10628.16094,11.64818488
2020-03-27,61,966.4493239,1.11210093
2020-03-27,63,6380.542343,7.214933017
2020-03-27,64,1277.312924,1.848072382
2020-03-27,66,7844.741214,9.862968119
2020-03-27,68,17817.82783,18.70877603
2020-03-27,69,6050.414408,6.570344944
2020-03-27,71,3659.254731,3.896524964
2020-03-27,72,3074.350819,3.792013323
2020-03-27,73,6096.577344,6.630827996
2020-03-27,74,3092.934686,3.729940173
2020-03-27,75,3671.682053,5.023379202
2020-03-27,77,4069.649588,5.707325257
2020-03-27,8,3677.197215,5.389501896
2020-03-27,80,3713.253794,4.454058493
2020-03-27,81,3843.337474,3.943824727
2020-03-27,83,1092.353479,2.066103722
2020-03-27,84,4277.266706,5.096652729
2020-03-27,88,7506.944048,8.67469277
2020-03-27,89,9099.531386,10.62374817
2020-03-27,90,3259.461806,3.767879797
2020-03-27,92,6524.289251,7.421833959
2020-03-27,93,3516.720039,3.92283282
2020-03-27,95,3025.03821,3.932912581
2020-03-27,96,11441.58312,11.98662694
2020-03-27,97,3760.477361,4.324888297
2020-03-27,98,5519.432839,6.561794841
2020-03-28,10,13691.26817,16.72723759
2020-03-28,103,5328.03986,5.59591622
2020-03-28,105,10777.39218,11.03282454
2020-03-28,108,3514.974229,4.259300544
2020-03-28,11,9266.486099,10.592481
2020-03-28,110,13709.79493,16.72723759
2020-03-28,111,9232.149077,10.592481
2020-03-28,115,4446.556391,4.831803692
2020-03-28,118,3126.686625,4.112427846
2020-03-28,119,2800.077615,3.278506217
2020-03-28,120,6902.658845,8.148209515
2020-03-28,122,2676.800408,3.254554466
2020-03-28,123,1448.058686,2.264821159
2020-03-28,125,9874.01083,12.89166049
2020-03-28,126,6630.390449,7.915214041
2020-03-28,127,1117.73681,1.486550685
2020-03-28,128,10791.54599,11.65232102
2020-03-28,131,6863.29214,7.734498818
2020-03-28,133,1321.758181,1.754315622
2020-03-28,135,1246.184204,1.369740135
2020-03-28,136,3072.556582,3.526296007
2020-03-28,138,7882.139778,8.734319808
2020-03-28,139,974.1240466,1.157329914
2020-03-28,141,4534.67097,5.68372334
2020-03-28,142,822.1093616,0.9924965308
2020-03-28,144,9735.550124,10.08104751
2020-03-28,145,6398.715436,7.436038549
2020-03-28,146,2961.119928,3.718913603
2020-03-28,149,3040.915041,3.503051938
2020-03-28,15,4473.224658,4.831803692
2020-03-28,151,10764.04741,13.02633186
2020-03-28,152,5665.276537,8.052930457
2020-03-28,155,5169.59073,6.071088135
2020-03-28,157,3440.10893,4.96250962
2020-03-28,159,10391.8634,12.01666874
2020-03-28,161,976.4915074,1.412103242
2020-03-28,163,6247.697632,7.291163149
2020-03-28,164,1287.576046,2.188711663
2020-03-28,166,7806.342438,8.964699495
2020-03-28,168,17796.68139,19.00517463
2020-03-28,169,5982.943102,7.15626937
2020-03-28,171,3595.065674,3.836886834
2020-03-28,172,2961.649164,3.730834599
2020-03-28,173,6082.227046,6.745162418
2020-03-28,174,3067.439754,3.821041915
2020-03-28,175,3688.337457,5.14023231
2020-03-28,177,4024.984775,4.337875645
2020-03-28,18,3173.602798,4.112427846
2020-03-28,180,3670.613121,4.509172291
2020-03-28,181,3951.950967,4.31611994
2020-03-28,183,1092.215948,1.52008082
2020-03-28,184,4252.493684,5.205547189
2020-03-28,188,7493.635075,8.671195424
2020-03-28,189,9009.123927,10.80012387
2020-03-28,19,2793.151031,3.278506217
2020-03-28,190,3304.791063,4.221572927
2020-03-28,192,6401.664507,7.741039857
2020-03-28,193,3600.216751,3.657761165
2020-03-28,195,3084.844565,3.902008077
2020-03-28,196,11606.92948,12.44504851
2020-03-28,197,3779.43669,3.895785716
2020-03-28,198,5532.038877,7.028189458
2020-03-28,20,6913.262458,8.148209515
2020-03-28,22,2671.630848,3.254554466
2020-03-28,23,1477.370606,2.264821159
2020-03-28,25,9895.75738,12.89166049
2020-03-28,26,6686.67758,7.915214041
2020-03-28,27,1132.184696,1.486550685
2020-03-28,28,10783.77107,11.65232102
2020-03-28,3,5415.564757,5.59591622
2020-03-28,31,6784.637959,7.734498818
2020-03-28,33,1306.532003,1.754315622
2020-03-28,35,1230.878395,1.369740135
2020-03-28,36,3058.768033,3.526296007
2020-03-28,38,8006.781243,8.734319808
2020-03-28,39,952.6960813,1.157329914
2020-03-28,41,4522.49873,5.68372334
2020-03-28,42,837.4472377,0.9924965308
2020-03-28,44,9668.543139,10.08104751
2020-03-28,45,6588.052626,7.436038549
2020-03-28,46,2956.722864,3.718913603
2020-03-28,49,3010.799379,3.503051938
2020-03-28,5,10703.41945,11.03282454
2020-03-28,51,10739.05751,13.02633186
2020-03-28,52,5698.238565,8.052930457
2020-03-28,55,5166.830081,6.071088135
2020-03-28,57,3482.934074,4.96250962
2020-03-28,59,10426.55571,12.01666874
2020-03-28,61,964.4381623,1.412103242
2020-03-28,63,6269.561351,7.291163149
2020-03-28,64,1283.98571,2.188711663
2020-03-28,66,7837.954064,8.964699495
2020-03-28,68,17564.8346,19.00517463
2020-03-28,69,5901.42797,7.15626937
2020-03-28,71,3585.076961,3.836886834
2020-03-28,72,3015.398785,3.730834599
2020-03-28,73,6101.137325,6.745162418
2020-03-28,74,3081.698782,3.821041915
2020-03-28,75,3670.377102,5.14023231
2020-03-28,77,4039.82268,4.337875645
2020-03-28,8,3589.165739,4.259300544
2020-03-28,80,3648.354972,4.509172291
2020-03-28,81,3892.801914,4.31611994
2020-03-28,83,1066.371553,1.52008082
2020-03-28,84,4284.63133,5.205547189
2020-03-28,88,7438.23387,8.671195424
2020-03-28,89,8993.88261,10.80012387
2020-03-28,90,3310.179211,4.221572927
2020-03-28,92,6411.075311,7.741039857
2020-03-28,93,3549.113855,3.657761165
2020-03-28,95,3040.982955,3.902008077
2020-03-28,96,11576.0979,12.44504851
2020-03-28,97,3737.646361,3.895785716
2020-03-28,98,5450.412652,7.028189458
2020-03-29,10,13629.11554,15.63394999
2020-03-29,103,5235.971236,7.188186701
2020-03-29,105,10919.27552,11.79658993
2020-03-29,108,3558.394387,4.48603988
2020-03-29,11,9261.47162,10.71918708
2020-03-29,110,13554.88442,15.63394999
2020-03-29,111,9237.4024,10.71918708
2020-03-29,115,4455.343808,5.69615866
2020-03-29,118,3110.815548,3.841610633
2020-03-29,119,2690.397236,3.178116398
2020-03-29,120,6854.746062,8.842448296
2020-03-29,122,2696.0081,3.570078438
2020-03-29,123,1503.941261,1.637196538
2020-03-29,125,9799.236701,10.79158527
2020-03-29,126,6686.935331,7.094910726
2020-03-29,127,1133.236139,1.250087594
2020-03-29,128,10561.91597,11.61847148
2020-03-29,131,6592.20065,8.389514577
2020-03-29,133,1293.356829,2.001877005
2020-03-29,135,1225.000782,1.664273898
2020-03-29,136,3029.622228,4.099455812
2020-03-29,138,8170.3684,9.220158429
2020-03-29,139,936.1671933,1.205127578
2020-03-29,141,4493.990758,5.943229685
2020-03-29,142,828.3014427,1.36657906
2020-03-29,144,9599.326628,11.05321891
2020-03-29,145,6299.046778,6.85779622
2020-03-29,146,2951.989819,3.1288056
2020-03-29,149,2968.149336,4.12086712
2020-03-29,15,4417.007794,5.69615866
2020-03-29,151,10665.06467,12.76767295
2020-03-29,152,5634.045791,7.168482529
2020-03-29,155,5043.005273,5.423031971
2020-03-29,157,3448.529209,4.461007468
2020-03-29,159,10449.83673,11.4418136
2020-03-29,161,955.5034835,1.613252665
2020-03-29,163,6233.55448,7.931328184
2020-03-29,164,1275.796791,1.858772315
2020-03-29,166,7627.332368,8.559793524
2020-03-29,168,17310.78835,19.96821366
2020-03-29,169,5944.621998,6.816097879
2020-03-29,171,3501.919096,5.20538785
2020-03-29,172,3013.881077,4.085349168
2020-03-29,173,6039.909381,7.297231634
2020-03-29,174,3117.209567,4.60894304
2020-03-29,175,3597.180214,4.12150875
2020-03-29,177,3902.198101,4.689166203
2020-03-29,18,3134.686517,3.841610633
2020-03-29,180,3598.354644,4.360036263
2020-03-29,181,3837.428292,4.701271941
2020-03-29,183,1042.772467,2.134449628
2020-03-29,184,4303.518756,5.220633472
2020-03-29,188,7518.502403,8.247044939
2020-03-29,189,8609.396975,10.43089129
2020-03-29,19,2737.252365,3.178116398
2020-03-29,190,3295.915785,4.106298273
2020-03-29,192,6366.306219,7.544873835
2020-03-29,193,3585.736004,3.88849858
2020-03-29,195,2998.530868,3.63883044
2020-03-29,196,11214.23158,12.21915988
2020-03-29,197,3758.499912,3.752555859
2020-03-29,198,5549.372155,7.055230694
2020-03-29,20,6867.118021,8.842448296
2020-03-29,22,2656.880203,3.570078438
2020-03-29,23,1507.137127,1.637196538
2020-03-29,25,9851.606473,10.79158527
2020-03-29,26,6556.313329,7.094910726
2020-03-29,27,1109.064802,1.250087594
2020-03-29,28,10635.96153,11.61847148
2020-03-29,3,5273.151262,7.188186701
2020-03-29,31,6668.887862,8.389514577
2020-03-29,33,1298.566421,2.001877005
2020-03-29,35,1217.140627,1.664273898
2020-03-29,36,3021.818415,4.099455812
2020-03-29,38,8034.432703,9.220158429
2020-03-29,39,908.8520506,1.205127578
2020-03-29,41,4493.4653,5.943229685
2020-03-29,42,832.7313961,1.36657906
2020-03-29,44,9672.295355,11.05321891
2020-03-29,45,6363.466235,6.85779622
2020-03-29,46,2912.856352,3.1288056
2020-03-29,49,2992.219214,4.12086712
2020-03-29,5,10704.57027,11.79658993
2020-03-29,51,10638.8348,12.76767295
2020-03-29,52,5616.110263,7.168482529
2020-03-29,55,5090.899513,5.423031971
2020-03-29,57,3411.803314,4.461007468
2020-03-29,59,10324.62131,11.4418136
2020-03-29,61,966.0730668,1.613252665
2020-03-29,63,6227.156794,7.931328184
2020-03-29,64,1278.611744,1.858772315
2020-03-29,66,7734.188539,8.559793524
2020-03-29,68,17331.92325,19.96821366
2020-03-29,69,5860.248059,6.816097879
2020-03-29,71,3535.651229,5.20538785
2020-03-29,72,3008.576778,4.085349168
2020-03-29,73,6077.279751,7.297231634
2020-03-29,74,3100.118601,4.60894304
2020-03-29,75,3598.743324,4.12150875
2020-03-29,77,3922.942122,4.689166203
2020-03-29,8,3542.042736,4.48603988
2020-03-29,80,3610.960824,4.360036263
2020-03-29,81,3854.267074,4.701271941
2020-03-29,83,1050.685613,2.134449628
2020-03-29,84,4282.89254,5.220633472
2020-03-29,88,7469.720759,8.247044939
2020-03-29,89,8696.108698,10.43089129
2020-03-29,90,3312.436693,4.106298273
2020-03-29,92,6382.595365,7.544873835
2020-03-29,93,3547.566852,3.88849858
2020-03-29,95,2999.564912,3.63883044
2020-03-29,96,11389.71393,12.21915988
2020-03-29,97,3707.831158,3.752555859
2020-03-29,98,5530.328468,7.055230694
2020-03-30,10,13633.92855,14.60121046
2020-03-30,103,5452.02305,5.975020668
2020-03-30,105,10501.7434,11.03537483
2020-03-30,108,3587.296627,6.001765252
2020-03-30,11,9294.329255,10.69188884
2020-03-30,110,13656.17033,14.60121046
2020-03-30,111,9231.848221,10.69188884
2020-03-30,115,4497.451755,5.870642489
2020-03-30,118,3137.248054,3.465905041
2020-03-30,119,2770.95549,3.617714172
2020-03-30,120,6856.889541,8.248744374
2020-03-30,122,2614.935437,3.369606875
2020-03-30,123,1520.850219,2.153730451
2020-03-30,125,9702.536194,10.5662303
2020-03-30,126,6551.6918,6.821104634
2020-03-30,127,1093.808215,1.445990565
2020-03-30,128,10323.30901,12.4311164
2020-03-30,131,6724.679913,7.408714658
2020-03-30,133,1296.651498,1.455367122
2020-03-30,135,1203.578905,1.550288651
2020-03-30,136,2946.277271,3.638724267
2020-03-30,138,7990.852798,10.4250861
2020-03-30,139,916.2100679,1.596659983
2020-03-30,141,4526.769799,5.287423142
2020-03-30,142,847.5891323,0.8735734765
2020-03-30,144,9560.094668,11.07438438
2020-03-30,145,6477.689875,6.935351867
2020-03-30,146,2940.328376,3.333779965
2020-03-30,149,2999.197651,3.566657359
2020-03-30,15,4444.306172,5.870642489
2020-03-30,151,10599.69974,12.03038715
2020-03-30,152,5560.78382,6.567469772
2020-03-30,155,5089.268467,5.585130664
2020-03-30,157,3426.665182,4.505384066
2020-03-30,159,10232.47598,11.31720131
2020-03-30,161,939.1598037,1.173159831
2020-03-30,163,6149.602786,6.869219981
2020-03-30,164,1302.877795,1.748388588
2020-03-30,166,7719.365615,8.440232354
2020-03-30,168,17068.64399,19.99139532
2020-03-30,169,5838.288928,7.154562712
2020-03-30,171,3478.629532,4.672431639
2020-03-30,172,2949.054647,3.662832741
2020-03-30,173,5911.482625,7.10144919
2020-03-30,174,3111.592995,4.395200622
2020-03-30,175,3616.496851,4.322936281
2020-03-30,177,3950.999622,4.691312751
2020-03-30,18,3127.50995,3.465905041
2020-03-30,180,3680.244648,4.312626986
2020-03-30,181,4003.985281,4.15285844
2020-03-30,183,1071.271177,1.517914948
2020-03-30,184,4301.697309,5.126869751
2020-03-30,188,7469.762423,8.442717297
2020-03-30,189,8650.273074,10.67139168
2020-03-30,19,2746.27816,3.617714172
2020-03-30,190,3288.231661,4.938194771
2020-03-30,192,6281.362822,7.654177311
2020-03-30,193,3675.555241,3.952036546
2020-03-30,195,2961.881739,3.191850076
2020-03-30,196,11415.78708,13.1535781
2020-03-30,197,3804.09313,4.068219213
2020-03-30,198,5553.390077,6.203380337
2020-03-30,20,6795.489451,8.248744374
2020-03-30,22,2665.534326,3.369606875
2020-03-30,23,1529.837529,2.153730451
2020-03-30,25,9745.529933,10.5662303
2020-03-30,26,6525.815354,6.821104634
2020-03-30,27,1093.954153,1.445990565
2020-03-30,28,10411.03405,12.4311164
2020-03-30,3,5350.048008,5.975020668
2020-03-30,31,6698.757421,7.408714658
2020-03-30,33,1316.847311,1.455367122
2020-03-30,35,1217.61901,1.550288651
2020-03-30,36,2992.250375,3.638724267
2020-03-30,38,7987.064058,10.4250861
2020-03-30,39,921.5652509,1.596659983
2020-03-30,41,4493.273543,5.287423142
2020-03-30,42,836.6302831,0.8735734765
2020-03-30,44,9803.056114,11.07438438
2020-03-30,45,6361.013833,6.935351867
2020-03-30,46,2909.003194,3.333779965
2020-03-30,49,3020.784492,3.566657359
2020-03-30,5,10759.1909,11.03537483
2020-03-30,51,10659.97157,12.03038715
2020-03-30,52,5547.062269,6.567469772
2020-03-30,55,5045.008867,5.585130664
2020-03-30,57,3410.869082,4.505384066
2020-03-30,59,10299.8176,11.31720131
2020-03-30,61,950.9225606,1.173159831
2020-03-30,63,6164.483718,6.869219981
2020-03-30,64,1276.877905,1.748388588
2020-03-30,66,7754.742296,8.440232354
2020-03-30,68,17425.03293,19.99139532
2020-03-30,69,5837.31949,7.154562712
2020-03-30,71,3524.333271,4.672431639
2020-03-30,72,2981.805791,3.662832741
2020-03-30,73,5942.485682,7.10144919
2020-03-30,74,3085.084142,4.395200622
2020-03-30,75,3584.28197,4.322936281
2020-03-30,77,3942.614544,4.691312751
2020-03-30,8,3592.170173,6.001765252
2020-03-30,80,3612.555857,4.312626986
2020-03-30,81,3936.749724,4.15285844
2020-03-30,83,1066.361938,1.517914948
2020-03-30,84,4343.704795,5.126869751
2020-03-30,88,7453.857072,8.442717297
2020-03-30,89,8636.946914,10.67139168
2020-03-30,90,3317.825047,4.938194771
2020-03-30,92,6258.699518,7.654177311
2020-03-30,93,3702.133761,3.952036546
2020-03-30,95,2980.769962,3.191850076
2020-03-30,96,11194.35475,13.1535781
2020-03-30,97,3677.355107,4.068219213
2020-03-30,98,5610.806387,6.203380337
2020-03-31,10,13859.21692,15.56801758
2020-03-31,103,5282.774029,5.877084619
2020-03-31,105,10664.31928,11.21601064
2020-03-31,108,3627.736209,5.116257385
2020-03-31,11,9431.009432,10.93791733
2020-03-31,110,13936.11667,15.56801758
2020-03-31,111,9321.056022,10.93791733
2020-03-31,115,4454.744403,5.220568364
2020-03-31,118,3148.141049,3.486749221
2020-03-31,119,2697.4681,4.102422368
2020-03-31,120,6802.409365,9.205411382
2020-03-31,122,2679.993788,3.147463529
2020-03-31,123,1537.440386,1.533071369
2020-03-31,125,10024.1857,10.67567064
2020-03-31,126,6591.460671,6.911364503
2020-03-31,127,1106.159078,1.244725011
2020-03-31,128,10500.59109,12.12701076
2020-03-31,131,6785.628921,7.41878811
2020-03-31,133,1336.491572,2.173676216
2020-03-31,135,1232.946656,1.365359094
2020-03-31,136,2987.440514,3.478246275
2020-03-31,138,8023.286447,8.634334414
2020-03-31,139,942.3227304,1.235028693
2020-03-31,141,4571.676932,6.30490707
2020-03-31,142,845.1290121,1.044855301
2020-03-31,144,9759.403464,10.31321595
2020-03-31,145,6523.858666,6.708242767
2020-03-31,146,2914.780312,4.107545555
2020-03-31,149,3145.436322,4.016479392
2020-03-31,15,4427.31816,5.220568364
2020-03-31,151,10758.25288,12.32912393
2020-03-31,152,5431.916615,6.787223093
2020-03-31,155,5037.572915,5.749990433
2020-03-31,157,3452.856909,4.143534319
2020-03-31,159,10270.15816,11.38109787
2020-03-31,161,929.3093076,1.172399357
2020-03-31,163,6311.195199,6.523656333
2020-03-31,164,1300.513119,2.057878119
2020-03-31,166,7809.18005,8.773431047
2020-03-31,168,17921.28523,19.9159236
2020-03-31,169,5804.152542,7.484307754
2020-03-31,171,3572.609387,4.063395668
2020-03-31,172,3017.406358,4.607547748
2020-03-31,173,5914.311697,6.687920823
2020-03-31,174,3092.784984,3.307678035
2020-03-31,175,3581.495273,3.854757812
2020-03-31,177,3887.881197,4.553632777
2020-03-31,18,3058.776621,3.486749221
2020-03-31,180,3641.438212,4.621704613
2020-03-31,181,3940.358491,4.359048886
2020-03-31,183,1085.616135,2.469482679
2020-03-31,184,4461.287652,4.824090835
2020-03-31,188,7628.49048,9.663827396
2020-03-31,189,8687.251375,10.47027426
2020-03-31,19,2721.214107,4.102422368
2020-03-31,190,3279.760656,3.661544773
2020-03-31,192,6415.131013,7.703554476
2020-03-31,193,3739.498855,4.097063215
2020-03-31,195,3023.448016,3.824510934
2020-03-31,196,11442.64234,13.27728243
2020-03-31,197,3774.706678,4.845651568
2020-03-31,198,5592.271727,7.718944444
2020-03-31,20,6830.315484,9.205411382
2020-03-31,22,2722.359527,3.147463529
2020-03-31,23,1530.534538,1.533071369
2020-03-31,25,9901.765924,10.67567064
2020-03-31,26,6495.050239,6.911364503
2020-03-31,27,1122.122228,1.244725011
2020-03-31,28,10475.57761,12.12701076
2020-03-31,3,5315.305335,5.877084619
2020-03-31,31,6793.274588,7.41878811
2020-03-31,33,1330.96373,2.173676216
2020-03-31,35,1237.22563,1.365359094
2020-03-31,36,3003.694173,3.478246275
2020-03-31,38,8028.534201,8.634334414
2020-03-31,39,937.4678263,1.235028693
2020-03-31,41,4588.567288,6.30490707
2020-03-31,42,848.26712,1.044855301
2020-03-31,44,9873.954152,10.31321595
2020-03-31,45,6409.527273,6.708242767
2020-03-31,46,2939.804159,4.107545555
2020-03-31,49,3104.669071,4.016479392
2020-03-31,5,10717.82021,11.21601064
2020-03-31,51,10695.94024,12.32912393
2020-03-31,52,5505.686063,6.787223093
2020-03-31,55,5043.109428,5.749990433
2020-03-31,57,3405.25902,4.143534319
2020-03-31,59,10378.89801,11.38109787
2020-03-31,61,958.2383253,1.172399357
2020-03-31,63,6242.224563,6.523656333
2020-03-31,64,1280.210933,2.057878119
2020-03-31,66,7760.136324,8.773431047
2020-03-31,68,17739.58489,19.9159236
2020-03-31,69,5850.012871,7.484307754
2020-03-31,71,3591.704,4.063395668
2020-03-31,72,3061.175058,4.607547748
2020-03-31,73,6015.334669,6.687920823
2020-03-31,74,3078.344771,3.307678035
2020-03-31,75,3569.250226,3.854757812
2020-03-31,77,3935.383362,4.553632777
2020-03-31,8,3660.935733,5.116257385
2020-03-31,80,3607.615407,4.621704613
2020-03-31,81,3963.109982,4.359048886
2020-03-31,83,1071.989582,2.469482679
2020-03-31,84,4340.323816,4.824090835
2020-03-31,88,7516.902957,9.663827396
2020-03-31,89,8654.336422,10.47027426
2020-03-31,90,3312.171094,3.661544773
2020-03-31,92,6277.809688,7.703554476
2020-03-31,93,3735.19981,4.097063215
2020-03-31,95,3009.889103,3.824510934
2020-03-31,96,11433.60919,13.27728243
2020-03-31,97,3748.99741,4.845651568
2020-03-31,98,5633.606326,7.718944444
2020-04-01,10,13830.78837,16.65281543
2020-04-01,103,5250.069233,6.152553792
2020-04-01,105,10829.872,10.66260947
2020-04-01,108,3750.490865,4.156085782
2020-04-01,11,9373.539016,10.55788649
2020-04-01,110,13849.40908,16.65281543
2020-04-01,111,9332.145726,10.55788649
2020-04-01,115,4311.28734,4.903853361
2020-04-01,118,3048.432759,4.150791947
2020-04-01,119,2765.603727,4.508304085
2020-04-01,120,6854.816012,7.31510859
2020-04-01,122,2724.883291,3.361678365
2020-04-01,123,1608.759564,1.936601933
2020-04-01,125,9972.879539,10.79533128
2020-04-01,126,6554.61393,6.74604641
2020-04-01,127,1133.809722,1.298357755
2020-04-01,128,10644.84667,12.83212026
2020-04-01,131,6921.323058,8.034234721
2020-04-01,133,1327.74671,1.610380425
2020-04-01,135,1234.146274,2.103262173
2020-04-01,136,3012.751909,4.142335575
2020-04-01,138,8160.039061,8.947418193
2020-04-01,139,923.5767283,0.9548866677
2020-04-01,141,4668.428625,5.989850096
2020-04-01,142,850.0755389,1.875298178
2020-04-01,144,10066.26493,10.67674209
2020-04-01,145,6369.015614,6.7035906
2020-04-01,146,2937.392222,4.114468218
2020-04-01,149,3117.943218,4.889268934
2020-04-01,15,4336.453774,4.903853361
2020-04-01,151,10846.84371,12.90783923
2020-04-01,152,5553.499855,6.312276089
2020-04-01,155,5077.373965,6.22291687
2020-04-01,157,3416.309697,4.694119227
2020-04-01,159,10442.52681,10.77104518
2020-04-01,161,925.3991085,1.501791838
2020-04-01,163,6254.505469,6.509098862
2020-04-01,164,1247.982388,2.537352021
2020-04-01,166,7787.634088,9.197839813
2020-04-01,168,18057.17794,19.29887763
2020-04-01,169,5886.859437,6.719973558
2020-04-01,171,3632.753914,4.032979522
2020-04-01,172,3098.122169,4.285916288
2020-04-01,173,5964.4791,6.931980369
2020-04-01,174,3006.943475,4.511721284
2020-04-01,175,3530.049688,4.490948816
2020-04-01,177,3916.972648,4.888473127
2020-04-01,18,3052.939512,4.150791947
2020-04-01,180,3632.932584,5.136592482
2020-04-01,181,3911.993486,4.299476127
2020-04-01,183,1105.218385,1.542138052
2020-04-01,184,4281.418447,4.813253005
2020-04-01,188,7625.859628,8.077514896
2020-04-01,189,8599.723725,9.309021049
2020-04-01,19,2740.667467,4.508304085
2020-04-01,190,3334.641437,4.308877588
2020-04-01,192,6346.416049,6.771498902
2020-04-01,193,3706.937093,4.131822281
2020-04-01,195,3094.477069,3.924943114
2020-04-01,196,11600.09792,12.50436563
2020-04-01,197,3782.47022,4.501371697
2020-04-01,198,5725.413492,6.963438677
2020-04-01,20,6867.601804,7.31510859
2020-04-01,22,2724.823362,3.361678365
2020-04-01,23,1557.412189,1.936601933
2020-04-01,25,9970.002993,10.79533128
2020-04-01,26,6560.124564,6.74604641
2020-04-01,27,1138.172728,1.298357755
2020-04-01,28,10557.23489,12.83212026
2020-04-01,3,5302.158496,6.152553792
2020-04-01,31,6861.501115,8.034234721
2020-04-01,33,1318.812571,1.610380425
2020-04-01,35,1251.395849,2.103262173
2020-04-01,36,3028.343814,4.142335575
2020-04-01,38,8141.63626,8.947418193
2020-04-01,39,933.1546669,0.9548866677
2020-04-01,41,4625.695483,5.989850096
2020-04-01,42,851.1177422,1.875298178
2020-04-01,44,10049.58532,10.67674209
2020-04-01,45,6421.310556,6.7035906
2020-04-01,46,2971.214195,4.114468218
2020-04-01,49,3151.95093,4.889268934
2020-04-01,5,10470.47329,10.66260947
2020-04-01,51,10836.19162,12.90783923
2020-04-01,52,5556.064148,6.312276089
2020-04-01,55,5005.544875,6.22291687
2020-04-01,57,3445.856479,4.694119227
2020-04-01,59,10525.72372,10.77104518
2020-04-01,61,932.8181021,1.501791838
2020-04-01,63,6170.958249,6.509098862
2020-04-01,64,1289.511241,2.537352021
2020-04-01,66,7742.824675,9.197839813
2020-04-01,68,17918.89361,19.29887763
2020-04-01,69,5838.803306,6.719973558
2020-04-01,71,3556.462095,4.032979522
2020-04-01,72,3107.647126,4.285916288
2020-04-01,73,6010.220552,6.931980369
2020-04-01,74,3028.933887,4.511721284
2020-04-01,75,3591.64406,4.490948816
2020-04-01,77,3934.096082,4.888473127
2020-04-01,8,3705.392067,4.156085782
2020-04-01,80,3621.602594,5.136592482
2020-04-01,81,3930.121553,4.299476127
2020-04-01,83,1086.34444,1.542138052
2020-04-01,84,4284.505376,4.813253005
2020-04-01,88,7579.670249,8.077514896
2020-04-01,89,8714.415647,9.309021049
2020-04-01,90,3296.728625,4.308877588
2020-04-01,92,6309.26018,6.771498902
2020-04-01,93,3807.535255,4.131822281
2020-04-01,95,3049.509581,3.924943114
2020-04-01,96,11565.64163,12.50436563
2020-04-01,97,3774.593933,4.501371697
2020-04-01,98,5668.574131,6.963438677
2020-04-02,10,13871.51194,15.45351785
2020-04-02,103,5372.642241,5.816700043
2020-04-02,105,10923.72246,11.24387611
2020-04-02,108,3668.103259,4.069999484
2020-04-02,11,9438.824105,11.25795912
2020-04-02,110,13740.0292,15.45351785
2020-04-02,111,9343.774812,11.25795912
2020-04-02,115,4373.384261,5.342509284
2020-04-02,118,3080.806427,4.04649823
2020-04-02,119,2817.396353,4.117288135
2020-04-02,120,6955.583356,9.385538264
2020-04-02,122,2761.044338,4.013441262
2020-04-02,123,1602.151969,2.029198148
2020-04-02,125,10130.3573,11.46439173
2020-04-02,126,6656.829341,7.961183637
2020-04-02,127,1141.27731,1.70779791
2020-04-02,128,10690.80925,13.59182996
2020-04-02,131,6945.389838,8.272982772
2020-04-02,133,1359.869517,1.492150908
2020-04-02,135,1291.35921,2.042277086
2020-04-02,136,3097.749502,4.525317294
2020-04-02,138,8300.960905,9.125543246
2020-04-02,139,949.3525516,1.334723037
2020-04-02,141,4588.084128,7.081705077
2020-04-02,142,879.2271614,0.9689955722
2020-04-02,144,9891.289659,10.74248188
2020-04-02,145,6463.018074,7.372345323
2020-04-02,146,3021.823713,3.914540537
2020-04-02,149,3208.516405,4.508796306
2020-04-02,15,4353.346548,5.342509284
2020-04-02,151,10815.73087,12.55189904
2020-04-02,152,5721.910918,6.093968122
2020-04-02,155,4950.821885,5.384730983
2020-04-02,157,3503.325615,4.333171638
2020-04-02,159,10645.93461,11.2689614
2020-04-02,161,952.8073889,1.538843902
2020-04-02,163,6204.050443,7.188677347
2020-04-02,164,1314.338527,2.409261568
2020-04-02,166,7869.435077,9.622923235
2020-04-02,168,17736.2105,20.06196704
2020-04-02,169,5922.74706,7.204543847
2020-04-02,171,3614.837182,4.653642062
2020-04-02,172,3093.280689,4.482750193
2020-04-02,173,5936.802555,7.272405105
2020-04-02,174,3037.5845,4.03649255
2020-04-02,175,3606.163842,4.053098134
2020-04-02,177,4006.299593,4.604598912
2020-04-02,18,3057.547999,4.04649823
2020-04-02,180,3686.8162,3.937344065
2020-04-02,181,3973.715628,4.194099657
2020-04-02,183,1130.673884,1.26166571
2020-04-02,184,4308.666906,5.021417176
2020-04-02,188,7812.167757,8.971348424
2020-04-02,189,8656.387069,10.58880372
2020-04-02,19,2824.353677,4.117288135
2020-04-02,190,3316.533636,4.151876701
2020-04-02,192,6219.580155,7.743257613
2020-04-02,193,3835.546757,3.981775126
2020-04-02,195,3059.317771,3.786212215
2020-04-02,196,12187.34987,12.80333266
2020-04-02,197,3872.489419,4.274266882
2020-04-02,198,5504.342578,7.336438825
2020-04-02,20,6953.088398,9.385538264
2020-04-02,22,2775.234702,4.013441262
2020-04-02,23,1610.762281,2.029198148
2020-04-02,25,10157.44474,11.46439173
2020-04-02,26,6633.840761,7.961183637
2020-04-02,27,1127.18239,1.70779791
2020-04-02,28,10728.12582,13.59182996
2020-04-02,3,5425.741098,5.816700043
2020-04-02,31,6987.103228,8.272982772
2020-04-02,33,1335.113144,1.492150908
2020-04-02,35,1265.834025,2.042277086
2020-04-02,36,3100.637765,4.525317294
2020-04-02,38,8202.988402,9.125543246
2020-04-02,39,938.2703078,1.334723037
2020-04-02,41,4644.964998,7.081705077
2020-04-02,42,888.8565563,0.9689955722
2020-04-02,44,10230.3649,10.74248188
2020-04-02,45,6500.413706,7.372345323
2020-04-02,46,2962.274662,3.914540537
2020-04-02,49,3181.162277,4.508796306
2020-04-02,5,10797.12471,11.24387611
2020-04-02,51,10948.77373,12.55189904
2020-04-02,52,5640.997055,6.093968122
2020-04-02,55,4968.69103,5.384730983
2020-04-02,57,3473.804186,4.333171638
2020-04-02,59,10585.49855,11.2689614
2020-04-02,61,965.2065851,1.538843902
2020-04-02,63,6223.640027,7.188677347
2020-04-02,64,1314.897101,2.409261568
2020-04-02,66,7820.956267,9.622923235
2020-04-02,68,18101.76336,20.06196704
2020-04-02,69,5959.056684,7.204543847
2020-04-02,71,3660.372443,4.653642062
2020-04-02,72,3113.416795,4.482750193
2020-04-02,73,5970.927554,7.272405105
2020-04-02,74,3044.568084,4.03649255
2020-04-02,75,3617.609997,4.053098134
2020-04-02,77,4031.994511,4.604598912
2020-04-02,8,3710.8578,4.069999484
2020-04-02,80,3688.744215,3.937344065
2020-04-02,81,4002.018263,4.194099657
2020-04-02,83,1123.632182,1.26166571
2020-04-02,84,4348.720533,5.021417176
2020-04-02,88,7675.339694,8.971348424
2020-04-02,89,8740.305123,10.58880372
2020-04-02,90,3339.210107,4.151876701
2020-04-02,92,6293.666492,7.743257613
2020-04-02,93,3833.403058,3.981775126
2020-04-02,95,3059.662299,3.786212215
2020-04-02,96,11896.01009,12.80333266
2020-04-02,97,3838.186679,4.274266882
2020-04-02,98,5570.94102,7.336438825
2020-04-03,10,14101.97812,16.73858487
2020-04-03,103,5304.209881,5.580155081
2020-04-03,105,11006.12841,10.87684819
2020-04-03,108,3726.632185,4.480763651
2020-04-03,11,9450.406718,12.54030539
2020-04-03,110,14151.37112,16.73858487
2020-04-03,111,9560.417008,12.54030539
2020-04-03,115,4407.635268,4.969439616
2020-04-03,118,3098.442729,3.653569786
2020-04-03,119,2844.804606,4.471519612
2020-04-03,120,6994.253658,8.427097328
2020-04-03,122,2760.451022,3.214575632
2020-04-03,123,1592.809236,2.369889006
2020-04-03,125,10148.05101,11.44182935
2020-04-03,126,6590.985235,7.743229214
2020-04-03,127,1125.810989,1.422255252
2020-04-03,128,10662.71855,12.00205885
2020-04-03,131,7138.829312,8.393103028
2020-04-03,133,1312.720945,1.448365212
2020-04-03,135,1254.35964,1.835217009
2020-04-03,136,3156.257786,4.476142634
2020-04-03,138,8334.473488,9.945846274
2020-04-03,139,944.5104468,0.9967845039
2020-04-03,141,4598.887187,5.892522347
2020-04-03,142,914.0970082,1.065402429
2020-04-03,144,10317.75753,11.0982047
2020-04-03,145,6475.780781,7.358654856
2020-04-03,146,2977.493694,3.541885036
2020-04-03,149,3213.235125,4.973952071
2020-04-03,15,4348.387125,4.969439616
2020-04-03,151,11161.1588,12.44029728
2020-04-03,152,5591.215575,6.907124841
2020-04-03,155,4849.640936,4.95478327
2020-04-03,157,3527.255723,5.134338903
2020-04-03,159,10577.36919,11.86604028
2020-04-03,161,983.6799133,1.125008561
2020-04-03,163,6417.021064,7.590323597
2020-04-03,164,1356.071829,1.794388016
2020-04-03,166,7855.22127,8.615817473
2020-04-03,168,18364.87963,19.25403231
2020-04-03,169,6034.456444,6.749406281
2020-04-03,171,3768.701943,4.018956694
2020-04-03,172,3084.748055,3.664408269
2020-04-03,173,5956.65001,6.981881569
2020-04-03,174,3069.814689,3.31884527
2020-04-03,175,3623.334637,3.77929441
2020-04-03,177,4022.085181,4.667984099
2020-04-03,18,3068.537635,3.653569786
2020-04-03,180,3722.656073,4.232080606
2020-04-03,181,4063.832545,4.975090855
2020-04-03,183,1089.259445,1.649516371
2020-04-03,184,4268.127933,5.095709618
2020-04-03,188,7777.167465,8.681650378
2020-04-03,189,8769.059856,9.63946251
2020-04-03,19,2869.729893,4.471519612
2020-04-03,190,3364.162392,4.146581048
2020-04-03,192,6265.9092,7.472777616
2020-04-03,193,3833.29787,4.050696361
2020-04-03,195,2979.272763,3.501569069
2020-04-03,196,12194.39814,13.28828265
2020-04-03,197,3849.739499,4.086774675
2020-04-03,198,5485.756921,6.623094837
2020-04-03,20,6983.639887,8.427097328
2020-04-03,22,2751.283669,3.214575632
2020-04-03,23,1579.984335,2.369889006
2020-04-03,25,10184.83184,11.44182935
2020-04-03,26,6537.950683,7.743229214
2020-04-03,27,1125.578713,1.422255252
2020-04-03,28,10704.10045,12.00205885
2020-04-03,3,5339.483042,5.580155081
2020-04-03,31,7014.176278,8.393103028
2020-04-03,33,1316.17283,1.448365212
2020-04-03,35,1240.580747,1.835217009
2020-04-03,36,3099.643351,4.476142634
2020-04-03,38,8175.407116,9.945846274
2020-04-03,39,942.8777844,0.9967845039
2020-04-03,41,4594.397743,5.892522347
2020-04-03,42,913.5588211,1.065402429
2020-04-03,44,10290.94926,11.0982047
2020-04-03,45,6559.048279,7.358654856
2020-04-03,46,2957.055398,3.541885036
2020-04-03,49,3185.450119,4.973952071
2020-04-03,5,10749.00587,10.87684819
2020-04-03,51,11147.26603,12.44029728
2020-04-03,52,5582.902418,6.907124841
2020-04-03,55,4796.372046,4.95478327
2020-04-03,57,3534.77421,5.134338903
2020-04-03,59,10671.03688,11.86604028
2020-04-03,61,976.2990628,1.125008561
2020-04-03,63,6293.888766,7.590323597
2020-04-03,64,1339.561512,1.794388016
2020-04-03,66,7726.138136,8.615817473
2020-04-03,68,18145.91393,19.25403231
2020-04-03,69,6062.091508,6.749406281
2020-04-03,71,3689.95282,4.018956694
2020-04-03,72,3138.157777,3.664408269
2020-04-03,73,6023.042701,6.981881569
2020-04-03,74,3037.794987,3.31884527
2020-04-03,75,3622.406391,3.77929441
2020-04-03,77,3972.013216,4.667984099
2020-04-03,8,3717.534918,4.480763651
2020-04-03,80,3668.970176,4.232080606
2020-04-03,81,4032.666106,4.975090855
2020-04-03,83,1122.054259,1.649516371
2020-04-03,84,4296.473387,5.095709618
2020-04-03,88,7661.975651,8.681650378
2020-04-03,89,8733.818251,9.63946251
2020-04-03,90,3312.414554,4.146581048
2020-04-03,92,6290.62447,7.472777616
2020-04-03,93,3871.2632,4.050696361
2020-04-03,95,2994.237686,3.501569069
2020-04-03,96,11821.78406,13.28828265
2020-04-03,97,3851.346031,4.086774675
2020-04-03,98,5493.024532,6.623094837
2020-04-04,10,13957.59693,16.88082643
2020-04-04,103,5355.332999,6.173353728
2020-04-04,105,11072.16374,10.94700011
2020-04-04,108,3694.463546,4.022577901
2020-04-04,11,9268.975412,11.39703878
2020-04-04,110,13924.89733,16.88082643
2020-04-04,111,9358.819033,11.39703878
2020-04-04,115,4209.061966,4.745039104
2020-04-04,118,2969.214985,3.498624324
2020-04-04,119,2847.73202,3.564606268
2020-04-04,120,6925.596889,7.565252021
2020-04-04,122,2767.050491,3.924181066
2020-04-04,123,1550.917658,1.977243161
2020-04-04,125,10061.30536,12.36596971
2020-04-04,126,6377.25257,7.382796659
2020-04-04,127,1103.890209,1.506005237
2020-04-04,128,10527.70449,11.46754834
2020-04-04,131,7076.679758,7.355736981
2020-04-04,133,1335.539015,1.48135884
2020-04-04,135,1246.354116,1.431684691
2020-04-04,136,3082.982685,3.596662942
2020-04-04,138,8108.64602,9.042382221
2020-04-04,139,946.3628155,1.345670912
2020-04-04,141,4532.158699,6.345263628
2020-04-04,142,879.0822087,1.498379288
2020-04-04,144,10419.57815,11.36773842
2020-04-04,145,6586.776262,6.843292287
2020-04-04,146,3014.158335,4.03489442
2020-04-04,149,3182.401398,3.22910631
2020-04-04,15,4299.561706,4.745039104
2020-04-04,151,10810.11566,11.88871741
2020-04-04,152,5582.440528,6.015959375
2020-04-04,155,4586.732083,5.040080352
2020-04-04,157,3477.593768,5.713501046
2020-04-04,159,10617.13033,11.47489084
2020-04-04,161,955.5702489,2.077106347
2020-04-04,163,6385.98723,7.35932619
2020-04-04,164,1357.487336,1.535100357
2020-04-04,166,7672.405223,9.169479153
2020-04-04,168,17923.17126,19.57923563
2020-04-04,169,6136.941818,6.978067556
2020-04-04,171,3778.327281,4.271563407
2020-04-04,172,3069.814622,4.086151278
2020-04-04,173,5781.013585,6.476984667
2020-04-04,174,2989.994142,3.560725119
2020-04-04,175,3620.708025,4.355556997
2020-04-04,177,3927.122322,5.297520612
2020-04-04,18,2988.988188,3.498624324
2020-04-04,180,3682.764265,4.710171599
2020-04-04,181,4023.186808,5.347529416
2020-04-04,183,1134.032282,2.052622935
2020-04-04,184,4238.728362,4.653846315
2020-04-04,188,7603.01438,8.384176263
2020-04-04,189,8609.005488,9.603567311
2020-04-04,19,2825.184032,3.564606268
2020-04-04,190,3270.307162,4.064138408
2020-04-04,192,6337.118303,7.752102872
2020-04-04,193,3833.855592,4.518250082
2020-04-04,195,2928.812554,3.732778542
2020-04-04,196,11532.6364,13.50618003
2020-04-04,197,3796.541567,4.333171525
2020-04-04,198,5392.407293,7.547915712
2020-04-04,20,6946.822032,7.565252021
2020-04-04,22,2756.767759,3.924181066
2020-04-04,23,1535.82087,1.977243161
2020-04-04,25,10017.50316,12.36596971
2020-04-04,26,6372.488498,7.382796659
2020-04-04,27,1106.053216,1.506005237
2020-04-04,28,10541.23788,11.46754834
2020-04-04,3,5358.183663,6.173353728
2020-04-04,31,6936.314784,7.355736981
2020-04-04,33,1334.56539,1.48135884
2020-04-04,35,1243.54631,1.431684691
2020-04-04,36,3099.583833,3.596662942
2020-04-04,38,8093.277936,9.042382221
2020-04-04,39,930.1418531,1.345670912
2020-04-04,41,4527.743776,6.345263628
2020-04-04,42,894.3138462,1.498379288
2020-04-04,44,10341.1074,11.36773842
2020-04-04,45,6581.74201,6.843292287
2020-04-04,46,2977.369121,4.03489442
2020-04-04,49,3162.468752,3.22910631
2020-04-04,5,10854.69372,10.94700011
2020-04-04,51,10890.49025,11.88871741
2020-04-04,52,5586.71867,6.015959375
2020-04-04,55,4662.345649,5.040080352
2020-04-04,57,3470.115103,5.713501046
2020-04-04,59,10655.79903,11.47489084
2020-04-04,61,962.987551,2.077106347
2020-04-04,63,6304.319938,7.35932619
2020-04-04,64,1358.530544,1.535100357
2020-04-04,66,7715.621359,9.169479153
2020-04-04,68,17884.06213,19.57923563
2020-04-04,69,6073.411748,6.978067556
2020-04-04,71,3716.743726,4.271563407
2020-04-04,72,3099.251849,4.086151278
2020-04-04,73,5905.598331,6.476984667
2020-04-04,74,2997.675914,3.560725119
2020-04-04,75,3606.775984,4.355556997
2020-04-04,77,3948.8387,5.297520612
2020-04-04,8,3688.330938,4.022577901
2020-04-04,80,3655.56211,4.710171599
2020-04-04,81,3975.067713,5.347529416
2020-04-04,83,1091.710068,2.052622935
2020-04-04,84,4256.641776,4.653846315
2020-04-04,88,7572.060708,8.384176263
2020-04-04,89,8639.529019,9.603567311
2020-04-04,90,3269.784115,4.064138408
2020-04-04,92,6315.992969,7.752102872
2020-04-04,93,3846.38832,4.518250082
2020-04-04,95,2932.667474,3.732778542
2020-04-04,96,11551.06991,13.50618003
2020-04-04,97,3762.935708,4.333171525
2020-04-04,98,5449.238244,7.547915712
2020-04-05,10,13803.37043,15.69112359
2020-04-05,103,5348.301859,6.08546789
2020-04-05,105,10439.46581,11.13681369
2020-04-05,108,3622.23446,4.175634442
2020-04-05,11,9293.712619,10.22067563
2020-04-05,110,13731.42435,15.69112359
2020-04-05,111,9328.470718,10.22067563
2020-04-05,115,4224.594135,4.61124605
2020-04-05,118,2942.735713,3.914832237
2020-04-05,119,2894.440049,3.598209134
2020-04-05,120,6754.487794,9.70952361
2020-04-05,122,2706.784963,3.48023785
2020-04-05,123,1515.788576,2.05198675
2020-04-05,125,10078.88222,11.38826322
2020-04-05,126,6225.031865,6.862120336
2020-04-05,127,1029.197381,1.201510997
2020-04-05,128,10432.93389,10.88238984
2020-04-05,131,6908.820932,8.461068891
2020-04-05,133,1345.307349,1.574046532
2020-04-05,135,1247.33968,1.965142276
2020-04-05,136,3099.711945,3.33995415
2020-04-05,138,8098.123448,10.22216947
2020-04-05,139,887.8794208,1.480444969
2020-04-05,141,4499.201171,5.124501197
2020-04-05,142,868.1138416,0.9189119874
2020-04-05,144,10412.86036,10.81397394
2020-04-05,145,6567.969436,8.105689125
2020-04-05,146,2923.015605,3.741498306
2020-04-05,149,3201.097055,3.986594229
2020-04-05,15,4158.754315,4.61124605
2020-04-05,151,10627.67538,13.67900074
2020-04-05,152,5500.038217,5.974357806
2020-04-05,155,4656.598347,5.343225578
2020-04-05,157,3540.620579,3.973101561
2020-04-05,159,10630.62665,11.65829117
2020-04-05,161,956.2186179,1.230595089
2020-04-05,163,6321.873759,6.576041146
2020-04-05,164,1364.414726,1.720023017
2020-04-05,166,7620.791549,8.409126093
2020-04-05,168,18006.40978,19.44035228
2020-04-05,169,6217.060926,7.30484419
2020-04-05,171,3566.108696,4.518160801
2020-04-05,172,3023.687828,3.526850921
2020-04-05,173,5724.21065,6.606673197
2020-04-05,174,2993.621968,3.456989096
2020-04-05,175,3633.129037,3.775882221
2020-04-05,177,3907.164277,5.878242802
2020-04-05,18,2960.588698,3.914832237
2020-04-05,180,3572.905195,3.902139142
2020-04-05,181,3977.933509,4.484824371
2020-04-05,183,1090.449734,1.778059612
2020-04-05,184,4373.998239,4.539795846
2020-04-05,188,7481.157476,8.361988208
2020-04-05,189,8539.269163,10.56621795
2020-04-05,19,2898.023583,3.598209134
2020-04-05,190,3208.149834,3.863138056
2020-04-05,192,6348.652883,7.43791946
2020-04-05,193,3840.149299,4.025235341
2020-04-05,195,2905.291561,3.579897352
2020-04-05,196,11220.30673,11.96600283
2020-04-05,197,3693.382325,4.080523754
2020-04-05,198,5334.270926,6.410113988
2020-04-05,20,6869.859194,9.70952361
2020-04-05,22,2745.55315,3.48023785
2020-04-05,23,1523.389324,2.05198675
2020-04-05,25,10010.68569,11.38826322
2020-04-05,26,6315.204523,6.862120336
2020-04-05,27,1066.161168,1.201510997
2020-04-05,28,10456.29205,10.88238984
2020-04-05,3,5390.004072,6.08546789
2020-04-05,31,6820.019206,8.461068891
2020-04-05,33,1367.052759,1.574046532
2020-04-05,35,1241.799355,1.965142276
2020-04-05,36,3080.047589,3.33995415
2020-04-05,38,8020.590197,10.22216947
2020-04-05,39,901.3460797,1.480444969
2020-04-05,41,4456.875929,5.124501197
2020-04-05,42,875.7997161,0.9189119874
2020-04-05,44,10281.79959,10.81397394
2020-04-05,45,6488.219826,8.105689125
2020-04-05,46,2926.769673,3.741498306
2020-04-05,49,3164.340554,3.986594229
2020-04-05,5,10636.07447,11.13681369
2020-04-05,51,10790.19282,13.67900074
2020-04-05,52,5518.088071,5.974357806
2020-04-05,55,4645.400275,5.343225578
2020-04-05,57,3464.095301,3.973101561
2020-04-05,59,10589.65595,11.65829117
2020-04-05,61,954.7185615,1.230595089
2020-04-05,63,6204.93351,6.576041146
2020-04-05,64,1366.703729,1.720023017
2020-04-05,66,7631.435207,8.409126093
2020-04-05,68,17729.27676,19.44035228
2020-04-05,69,6152.18313,7.30484419
2020-04-05,71,3610.699158,4.518160801
2020-04-05,72,3079.194444,3.526850921
2020-04-05,73,5725.260624,6.606673197
2020-04-05,74,2975.651663,3.456989096
2020-04-05,75,3594.554846,3.775882221
2020-04-05,77,3919.03029,5.878242802
2020-04-05,8,3684.052474,4.175634442
2020-04-05,80,3656.852896,3.902139142
2020-04-05,81,3948.207688,4.484824371
2020-04-05,83,1089.426635,1.778059612
2020-04-05,84,4264.509691,4.539795846
2020-04-05,88,7450.477686,8.361988208
2020-04-05,89,8623.978192,10.56621795
2020-04-05,90,3201.102777,3.863138056
2020-04-05,92,6339.633442,7.43791946
2020-04-05,93,3903.041369,4.025235341
2020-04-05,95,2940.782784,3.579897352
2020-04-05,96,11239.48345,11.96600283
2020-04-05,97,3691.554543,4.080523754
2020-04-05,98,5356.529462,6.410113988
2020-04-06,10,13901.86704,15.29683753
2020-04-06,103,5397.146591,6.697593997
2020-04-06,105,10763.59759,10.6783222
2020-04-06,108,3659.37924,4.930041247
2020-04-06,11,9308.367241,9.827597605
2020-04-06,110,13768.35255,15.29683753
2020-04-06,111,9236.262856,9.827597605
2020-04-06,115,4172.270859,5.36531108
2020-04-06,118,2955.674229,3.657631997
2020-04-06,119,2923.728893,3.91599949
2020-04-06,120,6860.958833,7.884181416
2020-04-06,122,2686.5815,4.23237073
2020-04-06,123,1575.151903,1.906167694
2020-04-06,125,9964.41042,11.076391
2020-04-06,126,6563.086312,6.919527316
2020-04-06,127,1063.126471,1.079872933
2020-04-06,128,10767.4307,12.22915948
2020-04-06,131,6865.98906,8.644960217
2020-04-06,133,1351.032934,1.663229044
2020-04-06,135,1269.152952,1.569579061
2020-04-06,136,2978.263255,3.189492109
2020-04-06,138,8149.778968,9.989191625
2020-04-06,139,912.9383133,1.470374524
2020-04-06,141,4480.457577,6.267087273
2020-04-06,142,880.3695773,1.693063078
2020-04-06,144,10282.54859,10.37308605
2020-04-06,145,6386.951832,7.96438075
2020-04-06,146,2931.216606,5.272298923
2020-04-06,149,3226.104608,3.499561404
2020-04-06,15,4182.565657,5.36531108
2020-04-06,151,10863.15319,13.28659779
2020-04-06,152,5526.470418,6.261884865
2020-04-06,155,4735.41154,5.96860266
2020-04-06,157,3483.930857,3.8327554
2020-04-06,159,10467.43928,11.48580721
2020-04-06,161,950.5462027,1.070265127
2020-04-06,163,6142.838997,6.580002164
2020-04-06,164,1359.851479,1.409947383
2020-04-06,166,7578.999833,8.619874667
2020-04-06,168,17687.68904,18.17388719
2020-04-06,169,6157.416756,6.532121057
2020-04-06,171,3604.768342,4.71858166
2020-04-06,172,3131.423677,4.404568969
2020-04-06,173,5796.737186,6.24632731
2020-04-06,174,2996.26695,4.221252094
2020-04-06,175,3587.839999,4.337186902
2020-04-06,177,3886.119362,4.207968133
2020-04-06,18,2958.65597,3.657631997
2020-04-06,180,3654.66781,4.56513879
2020-04-06,181,4015.331817,5.069660028
2020-04-06,183,1101.667926,1.892201631
2020-04-06,184,4182.769147,4.992394447
2020-04-06,188,7406.014342,8.358086286
2020-04-06,189,8632.162758,10.28083445
2020-04-06,19,2905.449548,3.91599949
2020-04-06,190,3246.346408,4.245794173
2020-04-06,192,6487.137397,7.040465194
2020-04-06,193,3843.58947,4.271926651
2020-04-06,195,2950.880113,4.15892356
2020-04-06,196,11385.62808,12.03760262
2020-04-06,197,3764.377219,4.22137558
2020-04-06,198,5365.180066,7.031500212
2020-04-06,20,6889.005871,7.884181416
2020-04-06,22,2710.555753,4.23237073
2020-04-06,23,1517.850938,1.906167694
2020-04-06,25,9933.174423,11.076391
2020-04-06,26,6450.445298,6.919527316
2020-04-06,27,1048.205904,1.079872933
2020-04-06,28,10710.04338,12.22915948
2020-04-06,3,5414.7436,6.697593997
2020-04-06,31,6846.613722,8.644960217
2020-04-06,33,1359.554066,1.663229044
2020-04-06,35,1240.487497,1.569579061
2020-04-06,36,3068.808161,3.189492109
2020-04-06,38,8090.991384,9.989191625
2020-04-06,39,916.7022591,1.470374524
2020-04-06,41,4424.033171,6.267087273
2020-04-06,42,889.58039,1.693063078
2020-04-06,44,10271.52637,10.37308605
2020-04-06,45,6424.331696,7.96438075
2020-04-06,46,2946.293806,5.272298923
2020-04-06,49,3196.944086,3.499561404
2020-04-06,5,10622.04312,10.6783222
2020-04-06,51,10836.85845,13.28659779
2020-04-06,52,5505.538406,6.261884865
2020-04-06,55,4729.940435,5.96860266
2020-04-06,57,3433.617957,3.8327554
2020-04-06,59,10562.73363,11.48580721
2020-04-06,61,943.3332135,1.070265127
2020-04-06,63,6169.227165,6.580002164
2020-04-06,64,1347.841779,1.409947383
2020-04-06,66,7609.192608,8.619874667
2020-04-06,68,17731.40867,18.17388719
2020-04-06,69,6150.215856,6.532121057
2020-04-06,71,3594.082011,4.71858166
2020-04-06,72,3067.775363,4.404568969
2020-04-06,73,5753.110854,6.24632731
2020-04-06,74,2966.341364,4.221252094
2020-04-06,75,3593.397349,4.337186902
2020-04-06,77,3945.543831,4.207968133
2020-04-06,8,3688.567681,4.930041247
2020-04-06,80,3624.283729,4.56513879
2020-04-06,81,3996.466035,5.069660028
2020-04-06,83,1081.364463,1.892201631
2020-04-06,84,4204.117646,4.992394447
2020-04-06,88,7464.58913,8.358086286
2020-04-06,89,8664.371841,10.28083445
2020-04-06,90,3195.547322,4.245794173
2020-04-06,92,6429.935523,7.040465194
2020-04-06,93,3891.95208,4.271926651
2020-04-06,95,2920.806041,4.15892356
2020-04-06,96,11350.85399,12.03760262
2020-04-06,97,3695.507493,4.22137558
2020-04-06,98,5412.324073,7.031500212
2020-04-07,10,14003.70151,16.42018397
2020-04-07,103,5522.287548,6.346504197
2020-04-07,105,10984.81246,11.1343843
2020-04-07,108,3790.514213,4.282305722
2020-04-07,11,9425.055503,11.14458196
2020-04-07,110,13924.69609,16.42018397
2020-04-07,111,9409.156222,11.14458196
2020-04-07,115,4282.197042,5.233404471
2020-04-07,118,2961.749724,4.138001102
2020-04-07,119,2972.416546,3.956094926
2020-04-07,120,6962.124978,7.336415881
2020-04-07,122,2668.842077,3.193567522
2020-04-07,123,1527.081139,2.171353615
2020-04-07,125,9925.322399,11.99383356
2020-04-07,126,6429.870695,7.439333883
2020-04-07,127,1037.994614,1.513905754
2020-04-07,128,10912.59056,12.3457544
2020-04-07,131,6770.836659,8.850725851
2020-04-07,133,1404.792858,1.453288697
2020-04-07,135,1254.235011,1.675671948
2020-04-07,136,3126.600275,4.973145338
2020-04-07,138,8021.461145,9.141402825
2020-04-07,139,927.1298009,1.36974843
2020-04-07,141,4485.757956,6.232291889
2020-04-07,142,913.3684438,1.246906636
2020-04-07,144,10403.38524,11.04494416
2020-04-07,145,6463.573326,7.012417784
2020-04-07,146,3041.963462,3.19295476
2020-04-07,149,3265.630509,3.848640849
2020-04-07,15,4218.131124,5.233404471
2020-04-07,151,10931.20663,13.15145978
2020-04-07,152,5632.88971,6.286846694
2020-04-07,155,4762.292746,5.32102883
2020-04-07,157,3529.06659,3.817172974
2020-04-07,159,10570.31059,12.28919552
2020-04-07,161,996.9392715,1.539321223
2020-04-07,163,6261.783931,7.083646769
2020-04-07,164,1387.475779,2.765424238
2020-04-07,166,7661.73651,8.652989202
2020-04-07,168,17694.83923,18.50770246
2020-04-07,169,6102.332004,7.350380505
2020-04-07,171,3661.196037,4.040966709
2020-04-07,172,3066.742884,3.74003057
2020-04-07,173,5870.563458,6.483903241
2020-04-07,174,3045.312338,3.351286812
2020-04-07,175,3604.907171,5.621345538
2020-04-07,177,3966.246625,4.764569865
2020-04-07,18,3001.538613,4.138001102
2020-04-07,180,3640.815522,4.599669171
2020-04-07,181,3987.840609,5.764326418
2020-04-07,183,1105.549549,1.500757074
2020-04-07,184,4235.502243,5.88325804
2020-04-07,188,7493.869491,9.124953036
2020-04-07,189,8928.687204,11.42746756
2020-04-07,19,2936.835278,3.956094926
2020-04-07,190,3192.495575,4.200494156
2020-04-07,192,6344.583041,7.28224292
2020-04-07,193,3830.388021,4.513780363
2020-04-07,195,2882.036594,3.221595566
2020-04-07,196,11335.19055,12.27645941
2020-04-07,197,3714.381405,4.258189156
2020-04-07,198,5332.634715,6.881060803
2020-04-07,20,7013.090975,7.336415881
2020-04-07,22,2687.828628,3.193567522
2020-04-07,23,1515.413019,2.171353615
2020-04-07,25,9974.183982,11.99383356
2020-04-07,26,6511.499533,7.439333883
2020-04-07,27,1046.307155,1.513905754
2020-04-07,28,10879.6906,12.3457544
2020-04-07,3,5453.358408,6.346504197
2020-04-07,31,6859.012382,8.850725851
2020-04-07,33,1370.47784,1.453288697
2020-04-07,35,1244.270017,1.675671948
2020-04-07,36,3100.786918,4.973145338
2020-04-07,38,8135.885762,9.141402825
2020-04-07,39,921.9008469,1.36974843
2020-04-07,41,4439.088186,6.232291889
2020-04-07,42,912.9606725,1.246906636
2020-04-07,44,10307.74604,11.04494416
2020-04-07,45,6435.304158,7.012417784
2020-04-07,46,2963.222976,3.19295476
2020-04-07,49,3229.33998,3.848640849
2020-04-07,5,10832.65877,11.1343843
2020-04-07,51,10898.64094,13.15145978
2020-04-07,52,5581.964041,6.286846694
2020-04-07,55,4796.511786,5.32102883
2020-04-07,57,3515.420832,3.817172974
2020-04-07,59,10551.91109,12.28919552
2020-04-07,61,983.9865953,1.539321223
2020-04-07,63,6271.778358,7.083646769
2020-04-07,64,1387.543702,2.765424238
2020-04-07,66,7619.918175,8.652989202
2020-04-07,68,17827.50895,18.50770246
2020-04-07,69,6125.227568,7.350380505
2020-04-07,71,3646.179044,4.040966709
2020-04-07,72,3079.322271,3.74003057
2020-04-07,73,6001.687412,6.483903241
2020-04-07,74,3005.793033,3.351286812
2020-04-07,75,3609.648163,5.621345538
2020-04-07,77,3979.297373,4.764569865
2020-04-07,8,3760.721166,4.282305722
2020-04-07,80,3644.080317,4.599669171
2020-04-07,81,4020.748386,5.764326418
2020-04-07,83,1099.469169,1.500757074
2020-04-07,84,4213.081956,5.88325804
2020-04-07,88,7517.492058,9.124953036
2020-04-07,89,8774.707823,11.42746756
2020-04-07,90,3203.148389,4.200494156
2020-04-07,92,6361.700171,7.28224292
2020-04-07,93,3866.916212,4.513780363
2020-04-07,95,2936.572251,3.221595566
2020-04-07,96,11562.12416,12.27645941
2020-04-07,97,3716.244065,4.258189156
2020-04-07,98,5458.195414,6.881060803
2020-04-08,10,14126.9262,15.88290982
2020-04-08,103,5290.540445,6.529128342
2020-04-08,105,10710.46753,11.39351868
2020-04-08,108,3914.705883,5.245423061
2020-04-08,11,9507.991484,10.69158763
2020-04-08,110,14157.08191,15.88290982
2020-04-08,111,9561.805343,10.69158763
2020-04-08,115,4245.61305,4.721387712
2020-04-08,118,3023.557459,3.552499572
2020-04-08,119,2906.960317,3.718931209
2020-04-08,120,6954.705355,7.654623108
2020-04-08,122,2653.645315,3.807447065
2020-04-08,123,1494.166327,1.58499967
2020-04-08,125,9834.272852,10.96263192
2020-04-08,126,6589.935854,7.696457894
2020-04-08,127,1037.686168,1.36059809
2020-04-08,128,10672.2915,11.9107459
2020-04-08,131,6672.155638,8.019970449
2020-04-08,133,1378.396151,1.503995981
2020-04-08,135,1221.411091,1.695603134
2020-04-08,136,3084.043435,3.490404056
2020-04-08,138,8155.297207,9.238935617
2020-04-08,139,915.6533329,2.494103359
2020-04-08,141,4558.753134,5.397148129
2020-04-08,142,893.0408153,0.9990905069
2020-04-08,144,10282.73649,10.60219722
2020-04-08,145,6546.327014,6.56083714
2020-04-08,146,2882.963719,3.462165902
2020-04-08,149,3142.518137,5.058113858
2020-04-08,15,4219.916589,4.721387712
2020-04-08,151,11127.53709,13.10317954
2020-04-08,152,5695.998411,7.374675217
2020-04-08,155,4832.558572,6.431834252
2020-04-08,157,3528.358707,4.270943243
2020-04-08,159,10497.84234,11.44271704
2020-04-08,161,962.638293,1.328487288
2020-04-08,163,6370.028679,7.810371633
2020-04-08,164,1394.09112,1.534234091
2020-04-08,166,7563.439675,8.870190286
2020-04-08,168,17208.97243,19.52376234
2020-04-08,169,6155.724896,7.822319991
2020-04-08,171,3563.650934,4.6952908
2020-04-08,172,3126.01398,3.935049864
2020-04-08,173,5947.641465,7.056094574
2020-04-08,174,3070.776715,3.182982154
2020-04-08,175,3587.364161,4.640618715
2020-04-08,177,3902.154678,4.504309137
2020-04-08,18,3041.922788,3.552499572
2020-04-08,180,3600.844988,4.279220251
2020-04-08,181,3950.435324,4.189715865
2020-04-08,183,1112.147372,1.413721782
2020-04-08,184,4133.806851,4.494743142
2020-04-08,188,7280.894122,8.541174867
2020-04-08,189,8837.534889,9.858387987
2020-04-08,19,2913.155495,3.718931209
2020-04-08,190,3260.417414,4.678257473
2020-04-08,192,6335.472995,8.004534039
2020-04-08,193,3905.495424,4.003802555
2020-04-08,195,2891.572769,4.460117319
2020-04-08,196,11652.07722,12.1899486
2020-04-08,197,3722.255007,4.130226625
2020-04-08,198,5522.947123,7.254585116
2020-04-08,20,6950.200787,7.654623108
2020-04-08,22,2671.537418,3.807447065
2020-04-08,23,1530.643548,1.58499967
2020-04-08,25,9926.763129,10.96263192
2020-04-08,26,6600.135496,7.696457894
2020-04-08,27,1029.349445,1.36059809
2020-04-08,28,10799.07597,11.9107459
2020-04-08,3,5393.939869,6.529128342
2020-04-08,31,6703.819239,8.019970449
2020-04-08,33,1390.404919,1.503995981
2020-04-08,35,1223.285611,1.695603134
2020-04-08,36,3088.683075,3.490404056
2020-04-08,38,8059.813224,9.238935617
2020-04-08,39,914.6951509,2.494103359
2020-04-08,41,4479.603776,5.397148129
2020-04-08,42,909.1813328,0.9990905069
2020-04-08,44,10272.84327,10.60219722
2020-04-08,45,6477.76849,6.56083714
2020-04-08,46,2947.903694,3.462165902
2020-04-08,49,3191.572202,5.058113858
2020-04-08,5,10783.5641,11.39351868
2020-04-08,51,11059.30151,13.10317954
2020-04-08,52,5652.672144,7.374675217
2020-04-08,55,4830.114661,6.431834252
2020-04-08,57,3501.26922,4.270943243
2020-04-08,59,10421.54165,11.44271704
2020-04-08,61,956.7163145,1.328487288
2020-04-08,63,6302.549795,7.810371633
2020-04-08,64,1406.249818,1.534234091
2020-04-08,66,7559.90418,8.870190286
2020-04-08,68,17859.33562,19.52376234
2020-04-08,69,6095.943693,7.822319991
2020-04-08,71,3535.615823,4.6952908
2020-04-08,72,3126.266097,3.935049864
2020-04-08,73,5963.274011,7.056094574
2020-04-08,74,3015.701571,3.182982154
2020-04-08,75,3585.299159,4.640618715
2020-04-08,77,3926.915534,4.504309137
2020-04-08,8,3837.770593,5.245423061
2020-04-08,80,3636.774542,4.279220251
2020-04-08,81,4005.359553,4.189715865
2020-04-08,83,1098.236253,1.413721782
2020-04-08,84,4179.762169,4.494743142
2020-04-08,88,7425.426011,8.541174867
2020-04-08,89,8822.277277,9.858387987
2020-04-08,90,3253.319025,4.678257473
2020-04-08,92,6338.56363,8.004534039
2020-04-08,93,3916.092379,4.003802555
2020-04-08,95,2928.584548,4.460117319
2020-04-08,96,11646.10912,12.1899486
2020-04-08,97,3711.209168,4.130226625
2020-04-08,98,5513.321683,7.254585116
2020-04-09,10,14323.7024,16.19269005
2020-04-09,103,5474.237674,5.89825109
2020-04-09,105,11223.44899,11.13673264
2020-04-09,108,3755.290843,4.321654498
2020-04-09,11,9645.02724,11.03733673
2020-04-09,110,14444.55031,16.19269005
2020-04-09,111,9598.05538,11.03733673
2020-04-09,115,4204.876753,4.459442409
2020-04-09,118,3063.685614,4.227073737
2020-04-09,119,2870.734441,3.113770735
2020-04-09,120,6882.477295,9.269774276
2020-04-09,122,2692.050404,2.935488572
2020-04-09,123,1567.064848,1.932451023
2020-04-09,125,9922.33885,11.52403863
2020-04-09,126,6649.086939,7.556709543
2020-04-09,127,1014.437126,1.064533958
2020-04-09,128,10972.66881,12.24880869
2020-04-09,131,6603.059564,8.165029934
2020-04-09,133,1384.26954,1.898962384
2020-04-09,135,1261.698061,2.199429376
2020-04-09,136,3188.872687,4.105816503
2020-04-09,138,8089.977232,9.39815958
2020-04-09,139,944.0073878,1.332797964
2020-04-09,141,4469.534484,5.343602657
2020-04-09,142,951.9365684,1.205585099
2020-04-09,144,10387.36761,12.01374858
2020-04-09,145,6529.42018,6.712957855
2020-04-09,146,2919.74153,3.562153173
2020-04-09,149,3231.406225,3.507089451
2020-04-09,15,4216.496845,4.459442409
2020-04-09,151,11227.94955,13.77362709
2020-04-09,152,5537.99382,7.520398933
2020-04-09,155,4883.897031,5.123246535
2020-04-09,157,3509.804567,3.796971106
2020-04-09,159,10339.5785,11.88159927
2020-04-09,161,959.8035322,1.050716552
2020-04-09,163,6321.571536,7.090884662
2020-04-09,164,1438.754237,1.679245261
2020-04-09,166,7523.89088,9.380310427
2020-04-09,168,18005.95604,18.92688278
2020-04-09,169,6108.268726,7.162400936
2020-04-09,171,3581.035908,4.606941848
2020-04-09,172,3100.75003,3.855439927
2020-04-09,173,6078.374704,6.504184902
2020-04-09,174,3000.203729,4.58869363
2020-04-09,175,3650.310774,4.674738498
2020-04-09,177,3888.87966,4.438907364
2020-04-09,18,3096.465912,4.227073737
2020-04-09,180,3756.448195,5.374711988
2020-04-09,181,3979.756416,4.427106974
2020-04-09,183,1124.740947,1.265166103
2020-04-09,184,4246.246614,5.024545964
2020-04-09,188,7415.308749,8.642093861
2020-04-09,189,8699.302305,10.52391132
2020-04-09,19,2876.875666,3.113770735
2020-04-09,190,3256.816942,4.194070301
2020-04-09,192,6281.439414,8.618996538
2020-04-09,193,3919.663429,4.419972634
2020-04-09,195,2971.826547,3.661557694
2020-04-09,196,11756.94859,12.36731823
2020-04-09,197,3801.798636,4.28923593
2020-04-09,198,5460.170112,7.407295453
2020-04-09,20,6935.710351,9.269774276
2020-04-09,22,2692.800878,2.935488572
2020-04-09,23,1546.552581,1.932451023
2020-04-09,25,9930.254258,11.52403863
2020-04-09,26,6629.033102,7.556709543
2020-04-09,27,1044.909575,1.064533958
2020-04-09,28,10783.89045,12.24880869
2020-04-09,3,5362.332906,5.89825109
2020-04-09,31,6707.77109,8.165029934
2020-04-09,33,1408.516224,1.898962384
2020-04-09,35,1248.380911,2.199429376
2020-04-09,36,3131.917286,4.105816503
2020-04-09,38,8019.550277,9.39815958
2020-04-09,39,928.7347567,1.332797964
2020-04-09,41,4485.107198,5.343602657
2020-04-09,42,956.9829907,1.205585099
2020-04-09,44,10266.84914,12.01374858
2020-04-09,45,6409.868414,6.712957855
2020-04-09,46,2947.476199,3.562153173
2020-04-09,49,3244.494796,3.507089451
2020-04-09,5,11072.55606,11.13673264
2020-04-09,51,11198.91295,13.77362709
2020-04-09,52,5660.104835,7.520398933
2020-04-09,55,4883.892109,5.123246535
2020-04-09,57,3510.1637,3.796971106
2020-04-09,59,10458.66085,11.88159927
2020-04-09,61,959.3373335,1.050716552
2020-04-09,63,6252.281086,7.090884662
2020-04-09,64,1430.158534,1.679245261
2020-04-09,66,7566.778651,9.380310427
2020-04-09,68,18143.6342,18.92688278
2020-04-09,69,6136.421391,7.162400936
2020-04-09,71,3567.829692,4.606941848
2020-04-09,72,3171.661869,3.855439927
2020-04-09,73,6075.577403,6.504184902
2020-04-09,74,3021.540361,4.58869363
2020-04-09,75,3593.701195,4.674738498
2020-04-09,77,3967.503876,4.438907364
2020-04-09,8,3808.796458,4.321654498
2020-04-09,80,3721.146381,5.374711988
2020-04-09,81,4040.947399,4.427106974
2020-04-09,83,1090.991567,1.265166103
2020-04-09,84,4192.230694,5.024545964
2020-04-09,88,7559.407523,8.642093861
2020-04-09,89,8821.320737,10.52391132
2020-04-09,90,3235.742213,4.194070301
2020-04-09,92,6362.628833,8.618996538
2020-04-09,93,3958.536894,4.419972634
2020-04-09,95,2969.340047,3.661557694
2020-04-09,96,11727.75979,12.36731823
2020-04-09,97,3740.921537,4.28923593
2020-04-09,98,5540.37386,7.407295453
2020-04-10,10,14463.11399,16.20455451
2020-04-10,103,5238.511425,5.86776762
2020-04-10,105,10672.46741,11.28328967
2020-04-10,108,3839.812438,4.049603691
2020-04-10,11,9543.893605,10.64268832
2020-04-10,110,14564.1427,16.20455451
2020-04-10,111,9513.106089,10.64268832
2020-04-10,115,4193.938264,4.510686731
2020-04-10,118,3074.800649,3.593744153
2020-04-10,119,2868.75979,3.405020754
2020-04-10,120,6902.674462,8.188864819
2020-04-10,122,2674.68946,3.021518148
2020-04-10,123,1607.398566,2.465143236
2020-04-10,125,10052.33737,10.87548188
2020-04-10,126,6419.496086,7.700705878
2020-04-10,127,1056.237709,1.191353807
2020-04-10,128,10900.33159,12.38436773
2020-04-10,131,6631.557106,8.07580506
2020-04-10,133,1433.52716,2.014913573
2020-04-10,135,1181.457019,1.332710655
2020-04-10,136,3075.368022,4.483341558
2020-04-10,138,8019.067709,9.229460208
2020-04-10,139,932.0007144,1.961081486
2020-04-10,141,4505.924147,6.250584495
2020-04-10,142,956.5900506,1.03346084
2020-04-10,144,10344.09643,10.81874021
2020-04-10,145,6420.486897,7.717787293
2020-04-10,146,2902.208073,4.13820883
2020-04-10,149,3282.341939,3.438940228
2020-04-10,15,4198.751744,4.510686731
2020-04-10,151,11312.2398,13.23993923
2020-04-10,152,5724.363628,7.085040165
2020-04-10,155,4770.491482,5.682995908
2020-04-10,157,3559.71523,4.24530415
2020-04-10,159,10467.94958,10.80287295
2020-04-10,161,958.5214536,1.145142617
2020-04-10,163,6129.72533,7.12050951
2020-04-10,164,1439.140697,1.493963432
2020-04-10,166,7574.999312,9.911491024
2020-04-10,168,17659.70997,20.72372239
2020-04-10,169,6188.652232,9.088497529
2020-04-10,171,3601.972741,3.699043099
2020-04-10,172,3223.925298,4.517124034
2020-04-10,173,5952.16052,6.718139583
2020-04-10,174,3082.084436,4.25308981
2020-04-10,175,3571.228905,4.876583363
2020-04-10,177,3899.06826,4.647837063
2020-04-10,18,3042.751146,3.593744153
2020-04-10,180,3688.646618,5.227287969
2020-04-10,181,4120.008451,4.33429284
2020-04-10,183,1099.673575,1.354450865
2020-04-10,184,4262.997432,5.391696763
2020-04-10,188,7654.671886,8.456620452
2020-04-10,189,8707.557718,10.21793742
2020-04-10,19,2843.389702,3.405020754
2020-04-10,190,3235.88079,3.809519114
2020-04-10,192,6345.620805,8.133225137
2020-04-10,193,4085.908034,4.256873031
2020-04-10,195,2938.40905,3.965949728
2020-04-10,196,11537.93658,12.06332009
2020-04-10,197,3811.958203,4.094955907
2020-04-10,198,5552.538499,6.522101552
2020-04-10,20,6850.696417,8.188864819
2020-04-10,22,2710.375725,3.021518148
2020-04-10,23,1599.419799,2.465143236
2020-04-10,25,9992.266593,10.87548188
2020-04-10,26,6462.394125,7.700705878
2020-04-10,27,1052.871709,1.191353807
2020-04-10,28,10842.24293,12.38436773
2020-04-10,3,5287.029078,5.86776762
2020-04-10,31,6619.562459,8.07580506
2020-04-10,33,1423.488651,2.014913573
2020-04-10,35,1214.378502,1.332710655
2020-04-10,36,3071.074619,4.483341558
2020-04-10,38,7959.389728,9.229460208
2020-04-10,39,939.7412682,1.961081486
2020-04-10,41,4543.935737,6.250584495
2020-04-10,42,940.5962946,1.03346084
2020-04-10,44,10199.57749,10.81874021
2020-04-10,45,6371.936112,7.717787293
2020-04-10,46,2931.24418,4.13820883
2020-04-10,49,3227.971525,3.438940228
2020-04-10,5,11056.15478,11.28328967
2020-04-10,51,11277.39143,13.23993923
2020-04-10,52,5706.725317,7.085040165
2020-04-10,55,4804.310404,5.682995908
2020-04-10,57,3520.727407,4.24530415
2020-04-10,59,10468.92693,10.80287295
2020-04-10,61,970.5170015,1.145142617
2020-04-10,63,6211.207677,7.12050951
2020-04-10,64,1434.578308,1.493963432
2020-04-10,66,7523.848127,9.911491024
2020-04-10,68,17798.8102,20.72372239
2020-04-10,69,6153.766413,9.088497529
2020-04-10,71,3586.184061,3.699043099
2020-04-10,72,3178.014257,4.517124034
2020-04-10,73,6075.868859,6.718139583
2020-04-10,74,3058.318559,4.25308981
2020-04-10,75,3605.967132,4.876583363
2020-04-10,77,3923.14335,4.647837063
2020-04-10,8,3872.895092,4.049603691
2020-04-10,80,3715.604184,5.227287969
2020-04-10,81,4113.449654,4.33429284
2020-04-10,83,1110.862742,1.354450865
2020-04-10,84,4302.665526,5.391696763
2020-04-10,88,7531.964241,8.456620452
2020-04-10,89,8785.512982,10.21793742
2020-04-10,90,3217.983615,3.809519114
2020-04-10,92,6311.542144,8.133225137
2020-04-10,93,4014.272721,4.256873031
2020-04-10,95,2952.260566,3.965949728
2020-04-10,96,11712.06916,12.06332009
2020-04-10,97,3762.498719,4.094955907
2020-04-10,98,5508.390857,6.522101552
2020-04-11,10,14175.92032,16.4520109
2020-04-11,103,5290.534221,6.669723965
2020-04-11,105,10985.77248,11.77590005
2020-04-11,108,3835.757624,4.307331322
2020-04-11,11,9459.116464,12.13059086
2020-04-11,110,14135.87314,16.4520109
2020-04-11,111,9553.497709,12.13059086
2020-04-11,115,4155.487515,4.648320327
2020-04-11,118,3044.884006,3.326668902
2020-04-11,119,2829.311059,3.333678366
2020-04-11,120,6735.508469,9.20843639
2020-04-11,122,2668.050418,3.396972332
2020-04-11,123,1598.475653,2.354198035
2020-04-11,125,9875.438048,10.97455505
2020-04-11,126,6273.917273,6.507567632
2020-04-11,127,1071.219733,1.434178549
2020-04-11,128,10541.65938,12.54436833
2020-04-11,131,6651.653911,8.158488486
2020-04-11,133,1421.165671,1.476347073
2020-04-11,135,1216.026462,1.300953285
2020-04-11,136,3029.457774,3.229333525
2020-04-11,138,7845.256248,9.987857009
2020-04-11,139,946.0596031,1.108328787
2020-04-11,141,4482.416503,5.587611004
2020-04-11,142,957.2738832,1.767228605
2020-04-11,144,9979.376258,10.67580636
2020-04-11,145,6344.871058,6.815744274
2020-04-11,146,2875.558696,4.456086177
2020-04-11,149,3175.117706,3.747361947
2020-04-11,15,4174.785514,4.648320327
2020-04-11,151,11261.23987,13.29454295
2020-04-11,152,5781.448129,6.423380129
2020-04-11,155,4810.648015,5.678214927
2020-04-11,157,3506.967031,4.19804382
2020-04-11,159,10609.22764,12.11452242
2020-04-11,161,987.4373573,1.601632902
2020-04-11,163,6188.815277,6.764386513
2020-04-11,164,1365.658505,2.175832272
2020-04-11,166,7522.6754,8.689072935
2020-04-11,168,17731.09592,19.91518377
2020-04-11,169,6014.538528,7.28432511
2020-04-11,171,3536.439864,4.740077108
2020-04-11,172,3093.595612,3.668460098
2020-04-11,173,6171.304929,6.745099856
2020-04-11,174,3108.97312,4.868675242
2020-04-11,175,3593.271545,4.149449929
2020-04-11,177,3906.350642,4.432528111
2020-04-11,18,3039.127021,3.326668902
2020-04-11,180,3721.449728,4.513677168
2020-04-11,181,4046.41462,4.704919213
2020-04-11,183,1121.257206,1.340229388
2020-04-11,184,4226.809263,4.840772608
2020-04-11,188,7485.285053,7.73336772
2020-04-11,189,8824.023773,9.983266211
2020-04-11,19,2825.42499,3.333678366
2020-04-11,190,3171.00833,4.249774597
2020-04-11,192,6338.849473,7.118827617
2020-04-11,193,3948.263548,4.192590906
2020-04-11,195,2913.648759,3.995104466
2020-04-11,196,11492.45019,12.14223106
2020-04-11,197,3612.898064,3.6401084
2020-04-11,198,5457.461796,6.251142954
2020-04-11,20,6721.058917,9.20843639
2020-04-11,22,2669.792603,3.396972332
2020-04-11,23,1590.270598,2.354198035
2020-04-11,25,9969.040122,10.97455505
2020-04-11,26,6377.874739,6.507567632
2020-04-11,27,1047.711762,1.434178549
2020-04-11,28,10669.63699,12.54436833
2020-04-11,3,5224.400712,6.669723965
2020-04-11,31,6651.570396,8.158488486
2020-04-11,33,1432.50308,1.476347073
2020-04-11,35,1188.275524,1.300953285
2020-04-11,36,3044.904851,3.229333525
2020-04-11,38,7939.642671,9.987857009
2020-04-11,39,939.5246968,1.108328787
2020-04-11,41,4510.040748,5.587611004
2020-04-11,42,945.9139973,1.767228605
2020-04-11,44,10003.80441,10.67580636
2020-04-11,45,6356.631029,6.815744274
2020-04-11,46,2928.660624,4.456086177
2020-04-11,49,3156.528732,3.747361947
2020-04-11,5,10960.53729,11.77590005
2020-04-11,51,11282.50263,13.29454295
2020-04-11,52,5718.922393,6.423380129
2020-04-11,55,4836.579733,5.678214927
2020-04-11,57,3460.511867,4.19804382
2020-04-11,59,10514.08667,12.11452242
2020-04-11,61,979.0405593,1.601632902
2020-04-11,63,6212.371363,6.764386513
2020-04-11,64,1384.989882,2.175832272
2020-04-11,66,7527.33682,8.689072935
2020-04-11,68,17580.61517,19.91518377
2020-04-11,69,6073.1831,7.28432511
2020-04-11,71,3558.221508,4.740077108
2020-04-11,72,3150.099655,3.668460098
2020-04-11,73,6027.65084,6.745099856
2020-04-11,74,3054.095021,4.868675242
2020-04-11,75,3567.483294,4.149449929
2020-04-11,77,3887.927856,4.432528111
2020-04-11,8,3902.891888,4.307331322
2020-04-11,80,3663.025325,4.513677168
2020-04-11,81,4083.771902,4.704919213
2020-04-11,83,1101.611848,1.340229388
2020-04-11,84,4226.815899,4.840772608
2020-04-11,88,7431.521253,7.73336772
2020-04-11,89,8837.301281,9.983266211
2020-04-11,90,3164.912104,4.249774597
2020-04-11,92,6289.674169,7.118827617
2020-04-11,93,3995.285455,4.192590906
2020-04-11,95,2933.050197,3.995104466
2020-04-11,96,11423.77737,12.14223106
2020-04-11,97,3637.3668,3.6401084
2020-04-11,98,5482.465817,6.251142954
2020-04-12,10,14041.58215,14.81660834
2020-04-12,103,5198.969934,6.38000055
2020-04-12,105,10886.87536,11.13861716
2020-04-12,108,3838.129483,4.426531161
2020-04-12,11,9498.353127,11.24455132
2020-04-12,110,13952.06933,14.81660834
2020-04-12,111,9438.017368,11.24455132
2020-04-12,115,4112.49675,5.783691716
2020-04-12,118,3005.672205,3.648839016
2020-04-12,119,2769.260931,3.65284717
2020-04-12,120,6555.725097,8.393925611
2020-04-12,122,2686.686154,3.211068382
2020-04-12,123,1605.846227,2.117034061
2020-04-12,125,9828.114278,10.9360421
2020-04-12,126,6323.629642,7.641900898
2020-04-12,127,1042.580388,1.82918393
2020-04-12,128,10508.36784,11.59390493
2020-04-12,131,6528.856774,7.947039858
2020-04-12,133,1380.486609,1.757888472
2020-04-12,135,1177.154968,2.187431065
2020-04-12,136,2987.94628,3.989640224
2020-04-12,138,7848.118358,8.618765518
2020-04-12,139,913.0424763,1.822505875
2020-04-12,141,4515.64801,5.9987968
2020-04-12,142,945.3913099,1.190813559
2020-04-12,144,10007.91456,10.24883913
2020-04-12,145,6254.831001,6.848623422
2020-04-12,146,2887.995179,4.196284717
2020-04-12,149,3004.531123,3.278434381
2020-04-12,15,4112.000751,5.783691716
2020-04-12,151,11127.43615,14.18634906
2020-04-12,152,5499.766347,6.613845482
2020-04-12,155,4827.329641,5.269002768
2020-04-12,157,3458.46915,4.052355995
2020-04-12,159,10280.79047,12.19682613
2020-04-12,161,964.3488703,1.551764509
2020-04-12,163,6237.729045,6.884310421
2020-04-12,164,1411.672371,1.699336346
2020-04-12,166,7358.833141,8.372439313
2020-04-12,168,17584.46332,19.51917565
2020-04-12,169,6084.864987,7.639832557
2020-04-12,171,3502.28492,4.378239068
2020-04-12,172,3141.590609,4.149179613
2020-04-12,173,5982.307855,7.172873986
2020-04-12,174,2962.93438,4.085926079
2020-04-12,175,3430.775268,4.674452711
2020-04-12,177,3977.796756,4.685675063
2020-04-12,18,3010.01386,3.648839016
2020-04-12,180,3593.408896,3.732568168
2020-04-12,181,4097.339963,4.893519616
2020-04-12,183,1133.11988,1.151126491
2020-04-12,184,4165.822538,4.726324323
2020-04-12,188,7289.272702,8.104026693
2020-04-12,189,8617.4371,10.05558933
2020-04-12,19,2775.429051,3.65284717
2020-04-12,190,3161.972822,4.129626031
2020-04-12,192,6308.943195,6.618712726
2020-04-12,193,3965.892373,4.82357564
2020-04-12,195,2887.881717,3.754714525
2020-04-12,196,11415.93605,13.01351788
2020-04-12,197,3619.88594,3.792201978
2020-04-12,198,5362.11296,6.214032653
2020-04-12,20,6581.633306,8.393925611
2020-04-12,22,2679.638119,3.211068382
2020-04-12,23,1598.473978,2.117034061
2020-04-12,25,9858.182772,10.9360421
2020-04-12,26,6344.248045,7.641900898
2020-04-12,27,1055.279321,1.82918393
2020-04-12,28,10641.63918,11.59390493
2020-04-12,3,5233.196818,6.38000055
2020-04-12,31,6546.3045,7.947039858
2020-04-12,33,1402.476848,1.757888472
2020-04-12,35,1182.794443,2.187431065
2020-04-12,36,3024.418063,3.989640224
2020-04-12,38,7831.184253,8.618765518
2020-04-12,39,919.2704859,1.822505875
2020-04-12,41,4522.210944,5.9987968
2020-04-12,42,951.979744,1.190813559
2020-04-12,44,10039.85767,10.24883913
2020-04-12,45,6254.43218,6.848623422
2020-04-12,46,2919.416199,4.196284717
2020-04-12,49,3082.477788,3.278434381
2020-04-12,5,10859.52008,11.13861716
2020-04-12,51,11182.82612,14.18634906
2020-04-12,52,5584.553277,6.613845482
2020-04-12,55,4741.963446,5.269002768
2020-04-12,57,3476.392341,4.052355995
2020-04-12,59,10182.5715,12.19682613
2020-04-12,61,971.0284054,1.551764509
2020-04-12,63,6138.734616,6.884310421
2020-04-12,64,1414.823881,1.699336346
2020-04-12,66,7455.301581,8.372439313
2020-04-12,68,17538.08817,19.51917565
2020-04-12,69,6112.386917,7.639832557
2020-04-12,71,3542.068635,4.378239068
2020-04-12,72,3136.709041,4.149179613
2020-04-12,73,6029.187677,7.172873986
2020-04-12,74,2985.387856,4.085926079
2020-04-12,75,3463.990796,4.674452711
2020-04-12,77,3928.523745,4.685675063
2020-04-12,8,3834.645169,4.426531161
2020-04-12,80,3612.867582,3.732568168
2020-04-12,81,4067.69343,4.893519616
2020-04-12,83,1094.726222,1.151126491
2020-04-12,84,4211.542795,4.726324323
2020-04-12,88,7331.853728,8.104026693
2020-04-12,89,8740.046358,10.05558933
2020-04-12,90,3116.008386,4.129626031
2020-04-12,92,6205.286337,6.618712726
2020-04-12,93,3983.672208,4.82357564
2020-04-12,95,2875.916634,3.754714525
2020-04-12,96,11407.56498,13.01351788
2020-04-12,97,3625.538733,3.792201978
2020-04-12,98,5364.676424,6.214032653
2020-04-13,10,13955.35766,15.16777823
2020-04-13,103,5407.772186,5.675627962
2020-04-13,105,10642.2095,11.26589934
2020-04-13,108,3857.796721,4.866048059
2020-04-13,11,9350.534472,10.1380578
2020-04-13,110,13842.20634,15.16777823
2020-04-13,111,9410.467863,10.1380578
2020-04-13,115,4080.767249,5.659898719
2020-04-13,118,3008.943121,3.855375322
2020-04-13,119,2733.5638,4.024808075
2020-04-13,120,6737.326116,8.074399059
2020-04-13,122,2610.482829,3.789950821
2020-04-13,123,1602.791219,1.659691239
2020-04-13,125,10112.07222,11.57910371
2020-04-13,126,6421.746408,6.730371656
2020-04-13,127,1079.892186,1.26231846
2020-04-13,128,10908.16431,12.74689223
2020-04-13,131,6571.76014,7.96930391
2020-04-13,133,1457.838719,1.7589232
2020-04-13,135,1250.310041,1.612562326
2020-04-13,136,3021.91128,4.129801571
2020-04-13,138,8081.09539,9.45013094
2020-04-13,139,901.4153555,1.805529734
2020-04-13,141,4561.187171,5.024337817
2020-04-13,142,941.7501048,1.001021614
2020-04-13,144,10072.69705,11.05591988
2020-04-13,145,6207.324587,7.119011403
2020-04-13,146,2910.527342,3.466387646
2020-04-13,149,3094.369422,4.059180284
2020-04-13,15,4095.835234,5.659898719
2020-04-13,151,11384.47607,14.00795472
2020-04-13,152,5659.819026,6.876531921
2020-04-13,155,4796.946606,5.562832346
2020-04-13,157,3436.082892,3.57725538
2020-04-13,159,10119.27963,12.90755901
2020-04-13,161,995.1530974,1.411745549
2020-04-13,163,6089.02655,6.891489624
2020-04-13,164,1429.509447,1.523024379
2020-04-13,166,7444.704108,8.711742747
2020-04-13,168,17363.4378,18.31245703
2020-04-13,169,5903.027553,7.07854367
2020-04-13,171,3504.89504,4.870030185
2020-04-13,172,3207.625504,4.746937196
2020-04-13,173,6154.860274,6.875841932
2020-04-13,174,2906.203386,4.417936517
2020-04-13,175,3445.237979,3.893796156
2020-04-13,177,3924.870454,4.756251485
2020-04-13,18,3013.811091,3.855375322
2020-04-13,180,3621.255294,4.505637736
2020-04-13,181,4036.772371,6.186375297
2020-04-13,183,1083.729332,1.358476481
2020-04-13,184,4264.253321,5.062324474
2020-04-13,188,7416.882244,8.916411142
2020-04-13,189,8684.711874,10.03638834
2020-04-13,19,2775.189165,4.024808075
2020-04-13,190,3143.775956,4.157262469
2020-04-13,192,6091.181176,7.418532306
2020-04-13,193,3939.02192,4.888985501
2020-04-13,195,2837.417524,3.702983042
2020-04-13,196,11178.17389,11.35500392
2020-04-13,197,3636.443336,4.051239987
2020-04-13,198,5436.962632,7.549689301
2020-04-13,20,6692.064479,8.074399059
2020-04-13,22,2641.865552,3.789950821
2020-04-13,23,1595.615634,1.659691239
2020-04-13,25,9972.038201,11.57910371
2020-04-13,26,6394.634874,6.730371656
2020-04-13,27,1076.434646,1.26231846
2020-04-13,28,10697.11489,12.74689223
2020-04-13,3,5299.948923,5.675627962
2020-04-13,31,6523.055249,7.96930391
2020-04-13,33,1416.716041,1.7589232
2020-04-13,35,1212.734702,1.612562326
2020-04-13,36,3020.543826,4.129801571
2020-04-13,38,7967.777281,9.45013094
2020-04-13,39,905.6509317,1.805529734
2020-04-13,41,4495.067142,5.024337817
2020-04-13,42,935.2069582,1.001021614
2020-04-13,44,10102.94154,11.05591988
2020-04-13,45,6200.225294,7.119011403
2020-04-13,46,2948.472747,3.466387646
2020-04-13,49,3070.88003,4.059180284
2020-04-13,5,10740.2173,11.26589934
2020-04-13,51,11311.17986,14.00795472
2020-04-13,52,5583.849041,6.876531921
2020-04-13,55,4722.901614,5.562832346
2020-04-13,57,3421.579091,3.57725538
2020-04-13,59,10092.64376,12.90755901
2020-04-13,61,983.8564564,1.411745549
2020-04-13,63,6128.670287,6.891489624
2020-04-13,64,1407.239921,1.523024379
2020-04-13,66,7469.515899,8.711742747
2020-04-13,68,17435.23653,18.31245703
2020-04-13,69,5973.485286,7.07854367
2020-04-13,71,3532.074748,4.870030185
2020-04-13,72,3193.025994,4.746937196
2020-04-13,73,6047.624499,6.875841932
2020-04-13,74,2939.319998,4.417936517
2020-04-13,75,3466.759836,3.893796156
2020-04-13,77,3909.632006,4.756251485
2020-04-13,8,3805.920273,4.866048059
2020-04-13,80,3600.30129,4.505637736
2020-04-13,81,4031.286675,6.186375297
2020-04-13,83,1104.308367,1.358476481
2020-04-13,84,4269.907281,5.062324474
2020-04-13,88,7360.719896,8.916411142
2020-04-13,89,8662.626858,10.03638834
2020-04-13,90,3118.047991,4.157262469
2020-04-13,92,6132.848466,7.418532306
2020-04-13,93,3981.096356,4.888985501
2020-04-13,95,2869.339366,3.702983042
2020-04-13,96,11168.63768,11.35500392
2020-04-13,97,3674.605691,4.051239987
2020-04-13,98,5459.389403,7.549689301
2020-04-14,10,14020.24906,16.27309657
2020-04-14,103,5440.20035,5.93123228
2020-04-14,105,10816.39482,11.8026856
2020-04-14,108,3855.444625,4.895531368
2020-04-14,11,9317.734921,11.98798943
2020-04-14,110,14072.81576,16.27309657
2020-04-14,111,9336.871196,11.98798943
2020-04-14,115,4093.423608,4.393790027
2020-04-14,118,3025.709179,3.853905787
2020-04-14,119,2812.497725,3.81485351
2020-04-14,120,6771.65023,8.05363175
2020-04-14,122,2655.315207,3.859634018
2020-04-14,123,1580.972048,2.270626918
2020-04-14,125,10053.23285,11.07216761
2020-04-14,126,6425.668837,7.659365013
2020-04-14,127,1063.636068,1.763247484
2020-04-14,128,10580.84161,11.85285444
2020-04-14,131,6616.53881,7.508645704
2020-04-14,133,1424.742483,1.932738819
2020-04-14,135,1199.662898,1.831516054
2020-04-14,136,3115.657976,3.721681386
2020-04-14,138,7945.674207,9.225048734
2020-04-14,139,917.8426157,1.077549308
2020-04-14,141,4576.041326,5.932171831
2020-04-14,142,943.1640602,1.192391812
2020-04-14,144,10018.25265,11.35072268
2020-04-14,145,6261.081093,6.908106493
2020-04-14,146,2931.652553,3.483365748
2020-04-14,149,3108.039009,3.755456418
2020-04-14,15,4068.384588,4.393790027
2020-04-14,151,11505.82553,13.38594087
2020-04-14,152,5545.007767,7.154150321
2020-04-14,155,4761.262237,6.079655779
2020-04-14,157,3420.919363,4.418384841
2020-04-14,159,10131.68501,11.59905624
2020-04-14,161,1004.830942,1.01427755
2020-04-14,163,6225.451889,7.043315373
2020-04-14,164,1472.514716,1.567403041
2020-04-14,166,7523.485795,9.866345783
2020-04-14,168,18026.47982,18.95276941
2020-04-14,169,5983.092546,6.758875586
2020-04-14,171,3615.703285,4.416120875
2020-04-14,172,3204.497676,3.680189946
2020-04-14,173,6052.49251,6.374258189
2020-04-14,174,2930.522356,3.304797816
2020-04-14,175,3457.793278,4.089165825
2020-04-14,177,3933.62673,4.263527045
2020-04-14,18,3033.735491,3.853905787
2020-04-14,180,3722.514844,4.298282091
2020-04-14,181,4019.541396,5.708908815
2020-04-14,183,1112.008183,1.189335054
2020-04-14,184,4132.396674,5.038703042
2020-04-14,188,7571.103759,8.062264268
2020-04-14,189,8636.226678,10.20468461
2020-04-14,19,2760.719139,3.81485351
2020-04-14,190,3127.800051,3.620378846
2020-04-14,192,6415.57929,7.144105453
2020-04-14,193,4268.704786,4.277828454
2020-04-14,195,2928.141205,3.766315362
2020-04-14,196,11145.76887,12.10691207
2020-04-14,197,3801.653354,4.270137043
2020-04-14,198,5421.109285,6.38733708
2020-04-14,20,6841.707362,8.05363175
2020-04-14,22,2686.49073,3.859634018
2020-04-14,23,1603.785259,2.270626918
2020-04-14,25,10080.33236,11.07216761
2020-04-14,26,6500.49162,7.659365013
2020-04-14,27,1063.705276,1.763247484
2020-04-14,28,10671.00576,11.85285444
2020-04-14,3,5344.792765,5.93123228
2020-04-14,31,6589.019363,7.508645704
2020-04-14,33,1437.791968,1.932738819
2020-04-14,35,1205.622387,1.831516054
2020-04-14,36,3051.200969,3.721681386
2020-04-14,38,7975.945857,9.225048734
2020-04-14,39,913.8869353,1.077549308
2020-04-14,41,4556.61268,5.932171831
2020-04-14,42,942.3727242,1.192391812
2020-04-14,44,10017.0516,11.35072268
2020-04-14,45,6310.795879,6.908106493
2020-04-14,46,2940.250794,3.483365748
2020-04-14,49,3123.995078,3.755456418
2020-04-14,5,10732.43211,11.8026856
2020-04-14,51,11418.74121,13.38594087
2020-04-14,52,5567.453252,7.154150321
2020-04-14,55,4766.099268,6.079655779
2020-04-14,57,3411.672432,4.418384841
2020-04-14,59,10117.63439,11.59905624
2020-04-14,61,993.4959555,1.01427755
2020-04-14,63,6289.469459,7.043315373
2020-04-14,64,1433.761709,1.567403041
2020-04-14,66,7521.072225,9.866345783
2020-04-14,68,17762.64247,18.95276941
2020-04-14,69,5946.572212,6.758875586
2020-04-14,71,3594.333371,4.416120875
2020-04-14,72,3209.939627,3.680189946
2020-04-14,73,5985.857605,6.374258189
2020-04-14,74,2934.806484,3.304797816
2020-04-14,75,3489.627344,4.089165825
2020-04-14,77,3970.978174,4.263527045
2020-04-14,8,3870.868663,4.895531368
2020-04-14,80,3682.346431,4.298282091
2020-04-14,81,4051.844383,5.708908815
2020-04-14,83,1110.853546,1.189335054
2020-04-14,84,4179.090251,5.038703042
2020-04-14,88,7529.141443,8.062264268
2020-04-14,89,8757.017901,10.20468461
2020-04-14,90,3127.439878,3.620378846
2020-04-14,92,6353.270069,7.144105453
2020-04-14,93,4119.346992,4.277828454
2020-04-14,95,2911.40893,3.766315362
2020-04-14,96,11094.37475,12.10691207
2020-04-14,97,3796.665803,4.270137043
2020-04-14,98,5451.91187,6.38733708
2020-04-15,10,13854.04785,17.15606578
2020-04-15,103,5199.32532,5.803394331
2020-04-15,105,11137.09079,11.55427679
2020-04-15,108,3894.441944,4.222596659
2020-04-15,11,9283.435663,10.89111145
2020-04-15,110,13923.7902,17.15606578
2020-04-15,111,9284.075855,10.89111145
2020-04-15,115,3983.950199,4.541058989
2020-04-15,118,3094.366302,4.124751322
2020-04-15,119,2816.556901,3.263735489
2020-04-15,120,6915.577076,8.877825517
2020-04-15,122,2642.230406,3.915005366
2020-04-15,123,1632.584196,1.824048754
2020-04-15,125,10161.30783,12.87604423
2020-04-15,126,6463.722332,7.75766428
2020-04-15,127,1057.809667,1.502346203
2020-04-15,128,10632.41069,13.15758278
2020-04-15,131,6513.455369,7.011703757
2020-04-15,133,1421.665705,1.604572535
2020-04-15,135,1239.429122,1.482754358
2020-04-15,136,3068.722914,3.294033842
2020-04-15,138,7960.198996,8.641815259
2020-04-15,139,933.438603,1.223510587
2020-04-15,141,4578.88908,6.272210673
2020-04-15,142,945.0264271,1.581549975
2020-04-15,144,10003.22289,10.97295822
2020-04-15,145,6587.16247,7.234028474
2020-04-15,146,3027.558168,3.715351908
2020-04-15,149,3125.975128,3.857055743
2020-04-15,15,3979.145481,4.541058989
2020-04-15,151,11394.98459,13.23530312
2020-04-15,152,5636.254843,7.169527697
2020-04-15,155,4796.646133,6.294918465
2020-04-15,157,3440.324509,3.923036052
2020-04-15,159,10236.71077,11.83261467
2020-04-15,161,969.4769134,1.034974223
2020-04-15,163,6250.092723,7.418793713
2020-04-15,164,1449.972992,1.789572634
2020-04-15,166,7467.015516,9.98369707
2020-04-15,168,17823.44777,18.56854001
2020-04-15,169,5992.897183,7.334865277
2020-04-15,171,3519.936521,3.651778485
2020-04-15,172,3150.195316,3.939063472
2020-04-15,173,6078.11307,6.571211084
2020-04-15,174,2935.939768,3.655980155
2020-04-15,175,3573.830618,4.313244581
2020-04-15,177,3955.201384,4.275319882
2020-04-15,18,3061.680959,4.124751322
2020-04-15,180,3780.177236,4.39535055
2020-04-15,181,4005.444192,4.929394249
2020-04-15,183,1110.038418,1.492063001
2020-04-15,184,4172.18895,4.496289346
2020-04-15,188,7545.004144,9.084793699
2020-04-15,189,8816.746249,10.14507686
2020-04-15,19,2800.351644,3.263735489
2020-04-15,190,3195.73245,4.072349413
2020-04-15,192,6363.540232,7.131694668
2020-04-15,193,4083.075724,4.082919134
2020-04-15,195,2998.430262,3.244243982
2020-04-15,196,10740.77065,11.8573763
2020-04-15,197,3782.084634,4.262119337
2020-04-15,198,5441.724584,6.952570102
2020-04-15,20,6923.683335,8.877825517
2020-04-15,22,2643.252587,3.915005366
2020-04-15,23,1595.087426,1.824048754
2020-04-15,25,10175.13223,12.87604423
2020-04-15,26,6498.165941,7.75766428
2020-04-15,27,1058.433187,1.502346203
2020-04-15,28,10637.93109,13.15758278
2020-04-15,3,5274.288274,5.803394331
2020-04-15,31,6604.412859,7.011703757
2020-04-15,33,1446.682199,1.604572535
2020-04-15,35,1214.621889,1.482754358
2020-04-15,36,3066.047534,3.294033842
2020-04-15,38,8031.609459,8.641815259
2020-04-15,39,933.0594614,1.223510587
2020-04-15,41,4523.996271,6.272210673
2020-04-15,42,956.833682,1.581549975
2020-04-15,44,10096.35371,10.97295822
2020-04-15,45,6517.598374,7.234028474
2020-04-15,46,2994.084495,3.715351908
2020-04-15,49,3125.993474,3.857055743
2020-04-15,5,10941.59004,11.55427679
2020-04-15,51,11378.60042,13.23530312
2020-04-15,52,5600.652547,7.169527697
2020-04-15,55,4791.964922,6.294918465
2020-04-15,57,3425.582466,3.923036052
2020-04-15,59,10142.95645,11.83261467
2020-04-15,61,982.4565656,1.034974223
2020-04-15,63,6273.456719,7.418793713
2020-04-15,64,1460.348309,1.789572634
2020-04-15,66,7470.204813,9.98369707
2020-04-15,68,17531.78137,18.56854001
2020-04-15,69,5990.827963,7.334865277
2020-04-15,71,3523.319687,3.651778485
2020-04-15,72,3266.138463,3.939063472
2020-04-15,73,5978.576792,6.571211084
2020-04-15,74,2959.98933,3.655980155
2020-04-15,75,3593.317785,4.313244581
2020-04-15,77,3977.913407,4.275319882
2020-04-15,8,3887.666992,4.222596659
2020-04-15,80,3670.021117,4.39535055
2020-04-15,81,3999.494865,4.929394249
2020-04-15,83,1113.217155,1.492063001
2020-04-15,84,4182.577307,4.496289346
2020-04-15,88,7424.19871,9.084793699
2020-04-15,89,8727.670609,10.14507686
2020-04-15,90,3132.5855,4.072349413
2020-04-15,92,6347.142229,7.131694668
2020-04-15,93,4026.31473,4.082919134
2020-04-15,95,2954.69964,3.244243982
2020-04-15,96,10994.40706,11.8573763
2020-04-15,97,3809.845499,4.262119337
2020-04-15,98,5499.027381,6.952570102
2020-04-16,10,13941.27859,15.44189996
2020-04-16,103,5143.924644,6.946706112
2020-04-16,105,11450.80158,11.87442495
2020-04-16,108,3889.615383,4.742332244
2020-04-16,11,9350.112175,10.85133333
2020-04-16,110,13922.26939,15.44189996
2020-04-16,111,9262.427963,10.85133333
2020-04-16,115,4075.450613,4.460309961
2020-04-16,118,3028.744919,5.317966931
2020-04-16,119,2824.910687,3.161854846
2020-04-16,120,6958.974738,8.242027327
2020-04-16,122,2677.431861,2.940996579
2020-04-16,123,1566.805777,1.608385348
2020-04-16,125,10237.32611,11.57568949
2020-04-16,126,6612.302687,6.980126879
2020-04-16,127,1033.578051,1.396703345
2020-04-16,128,10546.57467,11.41366967
2020-04-16,131,6642.397447,8.050402736
2020-04-16,133,1487.261769,1.578003727
2020-04-16,135,1205.579148,1.278824941
2020-04-16,136,3036.085182,4.249906755
2020-04-16,138,8192.733567,9.149741304
2020-04-16,139,950.4082545,1.409566781
2020-04-16,141,4530.869141,6.526541719
2020-04-16,142,965.5896604,1.010828828
2020-04-16,144,10326.00725,10.60668427
2020-04-16,145,6542.683868,7.26197062
2020-04-16,146,3053.534812,3.406199655
2020-04-16,149,3142.200677,4.003654438
2020-04-16,15,4041.261929,4.460309961
2020-04-16,151,11600.08651,14.26235551
2020-04-16,152,5826.097168,6.222051987
2020-04-16,155,4832.550766,5.660913682
2020-04-16,157,3434.393534,3.685919815
2020-04-16,159,10260.81167,10.73617675
2020-04-16,161,981.9720081,0.9935183536
2020-04-16,163,6273.394169,7.024494813
2020-04-16,164,1498.612139,1.785505398
2020-04-16,166,7324.429786,8.577890429
2020-04-16,168,17732.66324,18.86635973
2020-04-16,169,6007.404318,6.99272338
2020-04-16,171,3476.623964,4.478989721
2020-04-16,172,3275.122386,4.661325971
2020-04-16,173,5978.671946,6.572362764
2020-04-16,174,2977.64763,3.667009544
2020-04-16,175,3668.876728,4.169923814
2020-04-16,177,3898.721384,4.19377993
2020-04-16,18,3075.130804,5.317966931
2020-04-16,180,3716.877439,4.275961935
2020-04-16,181,4112.897779,5.326532697
2020-04-16,183,1122.125449,1.267010396
2020-04-16,184,4238.729948,4.917385178
2020-04-16,188,7446.766228,8.496920497
2020-04-16,189,8715.267828,11.0231695
2020-04-16,19,2804.769191,3.161854846
2020-04-16,190,3102.801666,3.865849373
2020-04-16,192,6305.246732,8.458710324
2020-04-16,193,4091.071543,4.543377309
2020-04-16,195,2947.198839,3.73267223
2020-04-16,196,11383.78742,12.30759814
2020-04-16,197,3762.981584,3.939674891
2020-04-16,198,5555.501398,6.496019656
2020-04-16,20,6926.473882,8.242027327
2020-04-16,22,2668.330828,2.940996579
2020-04-16,23,1588.96863,1.608385348
2020-04-16,25,10219.86283,11.57568949
2020-04-16,26,6612.793896,6.980126879
2020-04-16,27,1063.184469,1.396703345
2020-04-16,28,10610.82138,11.41366967
2020-04-16,3,5220.779852,6.946706112
2020-04-16,31,6613.651411,8.050402736
2020-04-16,33,1465.925387,1.578003727
2020-04-16,35,1224.312929,1.278824941
2020-04-16,36,3085.217826,4.249906755
2020-04-16,38,8159.570674,9.149741304
2020-04-16,39,957.2808713,1.409566781
2020-04-16,41,4521.48503,6.526541719
2020-04-16,42,978.0247533,1.010828828
2020-04-16,44,10207.25401,10.60668427
2020-04-16,45,6527.373421,7.26197062
2020-04-16,46,3019.03011,3.406199655
2020-04-16,49,3125.735962,4.003654438
2020-04-16,5,11362.05961,11.87442495
2020-04-16,51,11464.3012,14.26235551
2020-04-16,52,5705.143497,6.222051987
2020-04-16,55,4871.874755,5.660913682
2020-04-16,57,3440.601735,3.685919815
2020-04-16,59,10321.01564,10.73617675
2020-04-16,61,976.0073144,0.9935183536
2020-04-16,63,6251.754269,7.024494813
2020-04-16,64,1481.503615,1.785505398
2020-04-16,66,7442.614629,8.577890429
2020-04-16,68,17833.47722,18.86635973
2020-04-16,69,5971.269166,6.99272338
2020-04-16,71,3491.305737,4.478989721
2020-04-16,72,3294.110211,4.661325971
2020-04-16,73,5970.707151,6.572362764
2020-04-16,74,3002.847345,3.667009544
2020-04-16,75,3687.226125,4.169923814
2020-04-16,77,3937.859747,4.19377993
2020-04-16,8,3961.038786,4.742332244
2020-04-16,80,3685.531798,4.275961935
2020-04-16,81,4078.185322,5.326532697
2020-04-16,83,1103.536657,1.267010396
2020-04-16,84,4189.802058,4.917385178
2020-04-16,88,7525.601273,8.496920497
2020-04-16,89,8668.676203,11.0231695
2020-04-16,90,3163.1845,3.865849373
2020-04-16,92,6398.012183,8.458710324
2020-04-16,93,4005.979934,4.543377309
2020-04-16,95,2966.114035,3.73267223
2020-04-16,96,11251.66743,12.30759814
2020-04-16,97,3866.182016,3.939674891
2020-04-16,98,5488.274013,6.496019656
2020-04-17,10,13953.41404,15.6607283
2020-04-17,103,5277.701897,5.964547962
2020-04-17,105,11562.41945,11.75724542
2020-04-17,108,3917.758235,4.503985001
2020-04-17,11,9352.677982,11.75376145
2020-04-17,110,13919.14096,15.6607283
2020-04-17,111,9240.162158,11.75376145
2020-04-17,115,4028.445428,4.68365261
2020-04-17,118,3063.092562,3.491580823
2020-04-17,119,2810.019177,4.8794627
2020-04-17,120,6962.901296,9.33137318
2020-04-17,122,2666.150742,3.114054789
2020-04-17,123,1608.227332,2.046954718
2020-04-17,125,10342.21726,10.88777815
2020-04-17,126,6686.376513,7.465846927
2020-04-17,127,1045.170834,1.526476653
2020-04-17,128,10523.12823,11.24091712
2020-04-17,131,6476.790069,7.755743228
2020-04-17,133,1481.546261,1.638244914
2020-04-17,135,1212.623743,1.830941517
2020-04-17,136,3047.692151,4.040976102
2020-04-17,138,8180.07876,9.268439032
2020-04-17,139,951.0270383,1.934513601
2020-04-17,141,4521.681762,6.147799236
2020-04-17,142,981.4167724,1.480124865
2020-04-17,144,10170.17768,11.34732349
2020-04-17,145,6388.253243,7.144704925
2020-04-17,146,3041.20613,3.779088732
2020-04-17,149,3194.798729,3.440434305
2020-04-17,15,4023.218143,4.68365261
2020-04-17,151,11469.84358,13.5856698
2020-04-17,152,5668.756343,6.311249456
2020-04-17,155,4797.399688,5.760576742
2020-04-17,157,3497.171504,4.710464451
2020-04-17,159,10281.54017,11.63137748
2020-04-17,161,971.7999232,1.09466979
2020-04-17,163,6386.105853,6.989849527
2020-04-17,164,1436.174507,1.872545852
2020-04-17,166,7523.849756,9.626247515
2020-04-17,168,18282.48915,20.26792564
2020-04-17,169,5835.507508,7.929763552
2020-04-17,171,3507.863763,3.735082526
2020-04-17,172,3299.392271,3.556397907
2020-04-17,173,6036.765833,7.098011496
2020-04-17,174,3045.636699,3.266923252
2020-04-17,175,3779.179343,4.231289329
2020-04-17,177,4044.997682,4.554926953
2020-04-17,18,3084.212794,3.491580823
2020-04-17,180,3722.337148,5.721689195
2020-04-17,181,4042.197794,4.679395258
2020-04-17,183,1081.260295,1.891606829
2020-04-17,184,4174.605812,4.176028107
2020-04-17,188,7367.979179,9.197554805
2020-04-17,189,8566.410483,10.34367216
2020-04-17,19,2766.809735,4.8794627
2020-04-17,190,3286.263678,3.709854745
2020-04-17,192,6402.114137,7.497619326
2020-04-17,193,4097.429031,4.692129394
2020-04-17,195,2923.373943,3.526449053
2020-04-17,196,11294.3438,11.96756499
2020-04-17,197,3947.498648,4.275790233
2020-04-17,198,5608.710174,6.520815941
2020-04-17,20,6939.406952,9.33137318
2020-04-17,22,2665.381037,3.114054789
2020-04-17,23,1564.776231,2.046954718
2020-04-17,25,10241.76654,10.88777815
2020-04-17,26,6639.711572,7.465846927
2020-04-17,27,1054.129805,1.526476653
2020-04-17,28,10542.10961,11.24091712
2020-04-17,3,5238.37612,5.964547962
2020-04-17,31,6523.389433,7.755743228
2020-04-17,33,1475.834415,1.638244914
2020-04-17,35,1245.665105,1.830941517
2020-04-17,36,3075.783713,4.040976102
2020-04-17,38,8168.318046,9.268439032
2020-04-17,39,979.2038799,1.934513601
2020-04-17,41,4522.82491,6.147799236
2020-04-17,42,971.9521527,1.480124865
2020-04-17,44,10199.01734,11.34732349
2020-04-17,45,6488.260811,7.144704925
2020-04-17,46,3018.034031,3.779088732
2020-04-17,49,3117.486897,3.440434305
2020-04-17,5,11383.80394,11.75724542
2020-04-17,51,11531.09551,13.5856698
2020-04-17,52,5679.846605,6.311249456
2020-04-17,55,4817.823945,5.760576742
2020-04-17,57,3475.440171,4.710464451
2020-04-17,59,10214.02776,11.63137748
2020-04-17,61,981.3108002,1.09466979
2020-04-17,63,6349.943976,6.989849527
2020-04-17,64,1464.940729,1.872545852
2020-04-17,66,7502.894403,9.626247515
2020-04-17,68,18185.623,20.26792564
2020-04-17,69,5977.97635,7.929763552
2020-04-17,71,3472.534522,3.735082526
2020-04-17,72,3262.778069,3.556397907
2020-04-17,73,6069.067398,7.098011496
2020-04-17,74,3000.006666,3.266923252
2020-04-17,75,3686.350571,4.231289329
2020-04-17,77,3966.909023,4.554926953
2020-04-17,8,3916.161743,4.503985001
2020-04-17,80,3708.635465,5.721689195
2020-04-17,81,3991.414788,4.679395258
2020-04-17,83,1090.069191,1.891606829
2020-04-17,84,4134.563034,4.176028107
2020-04-17,88,7514.165997,9.197554805
2020-04-17,89,8555.186642,10.34367216
2020-04-17,90,3188.338159,3.709854745
2020-04-17,92,6397.616628,7.497619326
2020-04-17,93,4073.110604,4.692129394
2020-04-17,95,2940.405498,3.526449053
2020-04-17,96,11272.13106,11.96756499
2020-04-17,97,3901.986705,4.275790233
2020-04-17,98,5502.4068,6.520815941
2020-04-18,10,13935.59853,15.68525487
2020-04-18,103,5208.392202,5.782848356
2020-04-18,105,11392.7323,11.84177329
2020-04-18,108,3904.909892,4.854089843
2020-04-18,11,9212.734228,11.18599768
2020-04-18,110,13903.30933,15.68525487
2020-04-18,111,9089.13195,11.18599768
2020-04-18,115,3939.200228,4.695503114
2020-04-18,118,3070.986352,4.445234218
2020-04-18,119,2818.982878,3.109832348
2020-04-18,120,6791.205192,9.1123829
2020-04-18,122,2648.634122,2.754420563
2020-04-18,123,1591.327938,1.87995036
2020-04-18,125,9964.732862,12.12271729
2020-04-18,126,6620.306176,6.993523192
2020-04-18,127,1057.460681,1.068464936
2020-04-18,128,10457.21012,11.70522454
2020-04-18,131,6256.932861,7.335750344
2020-04-18,133,1396.534539,1.663455915
2020-04-18,135,1242.512687,1.562015644
2020-04-18,136,2990.962026,3.453854984
2020-04-18,138,8084.430077,9.910783199
2020-04-18,139,991.6175547,1.001446558
2020-04-18,141,4461.689333,5.446914634
2020-04-18,142,976.1728989,1.180440658
2020-04-18,144,10289.59663,10.52216426
2020-04-18,145,6434.469824,7.024385171
2020-04-18,146,2896.111686,3.539635809
2020-04-18,149,3045.911477,3.750720731
2020-04-18,15,3965.341144,4.695503114
2020-04-18,151,11509.93389,13.17641254
2020-04-18,152,5497.383679,5.878316267
2020-04-18,155,4712.506388,5.620120515
2020-04-18,157,3445.945627,4.686111898
2020-04-18,159,10091.68544,11.53829835
2020-04-18,161,973.392821,1.055206466
2020-04-18,163,6189.049435,7.008325865
2020-04-18,164,1454.184074,1.791222803
2020-04-18,166,7377.432451,8.532506259
2020-04-18,168,17677.71396,19.00285066
2020-04-18,169,5820.605899,6.594817604
2020-04-18,171,3466.338035,4.654365449
2020-04-18,172,3210.920592,3.839768301
2020-04-18,173,5994.637016,6.175276952
2020-04-18,174,2946.783158,3.569516778
2020-04-18,175,3665.582183,4.15501345
2020-04-18,177,3984.041211,4.704513711
2020-04-18,18,3068.361588,4.445234218
2020-04-18,180,3751.828898,4.174561204
2020-04-18,181,4016.475664,5.109323427
2020-04-18,183,1073.71868,1.282362186
2020-04-18,184,4160.268224,4.462317376
2020-04-18,188,7471.962103,10.04878612
2020-04-18,189,8550.497447,10.12989282
2020-04-18,19,2760.570396,3.109832348
2020-04-18,190,3177.465947,3.874156037
2020-04-18,192,6370.590765,7.6732189
2020-04-18,193,4006.475026,4.740065269
2020-04-18,195,2887.354116,3.460412086
2020-04-18,196,10922.25682,11.58769486
2020-04-18,197,4018.755468,4.396826819
2020-04-18,198,5411.491702,6.769746538
2020-04-18,20,6836.748953,9.1123829
2020-04-18,22,2672.035588,2.754420563
2020-04-18,23,1594.596589,1.87995036
2020-04-18,25,10085.72659,12.12271729
2020-04-18,26,6588.698688,6.993523192
2020-04-18,27,1044.915264,1.068464936
2020-04-18,28,10325.42127,11.70522454
2020-04-18,3,5225.005722,5.782848356
2020-04-18,31,6344.494224,7.335750344
2020-04-18,33,1434.19319,1.663455915
2020-04-18,35,1245.416577,1.562015644
2020-04-18,36,3068.570598,3.453854984
2020-04-18,38,8031.823943,9.910783199
2020-04-18,39,983.2810991,1.001446558
2020-04-18,41,4454.946333,5.446914634
2020-04-18,42,987.302925,1.180440658
2020-04-18,44,10297.52434,10.52216426
2020-04-18,45,6296.773652,7.024385171
2020-04-18,46,2965.260433,3.539635809
2020-04-18,49,3039.175069,3.750720731
2020-04-18,5,11454.79951,11.84177329
2020-04-18,51,11436.04092,13.17641254
2020-04-18,52,5563.55547,5.878316267
2020-04-18,55,4681.576694,5.620120515
2020-04-18,57,3482.204213,4.686111898
2020-04-18,59,10055.02249,11.53829835
2020-04-18,61,980.6420487,1.055206466
2020-04-18,63,6115.101143,7.008325865
2020-04-18,64,1439.976345,1.791222803
2020-04-18,66,7404.982045,8.532506259
2020-04-18,68,17736.52053,19.00285066
2020-04-18,69,5901.511294,6.594817604
2020-04-18,71,3437.516833,4.654365449
2020-04-18,72,3249.718684,3.839768301
2020-04-18,73,6003.963175,6.175276952
2020-04-18,74,2928.02677,3.569516778
2020-04-18,75,3598.010281,4.15501345
2020-04-18,77,3949.296502,4.704513711
2020-04-18,8,3876.909558,4.854089843
2020-04-18,80,3701.035251,4.174561204
2020-04-18,81,3974.170174,5.109323427
2020-04-18,83,1083.368226,1.282362186
2020-04-18,84,4131.523989,4.462317376
2020-04-18,88,7509.073636,10.04878612
2020-04-18,89,8479.61686,10.12989282
2020-04-18,90,3164.255084,3.874156037
2020-04-18,92,6287.81152,7.6732189
2020-04-18,93,4065.529628,4.740065269
2020-04-18,95,2846.946162,3.460412086
2020-04-18,96,10994.90287,11.58769486
2020-04-18,97,3919.919228,4.396826819
2020-04-18,98,5435.207493,6.769746538
2020-04-19,10,13805.08339,16.12666308
2020-04-19,103,5094.564406,6.21488744
2020-04-19,105,11442.29919,11.83550067
2020-04-19,108,3895.205556,3.95925626
2020-04-19,11,9136.423758,9.984322297
2020-04-19,110,13827.25983,16.12666308
2020-04-19,111,9087.661036,9.984322297
2020-04-19,115,3846.752986,4.878307148
2020-04-19,118,3134.719738,4.05155688
2020-04-19,119,2704.94303,3.535390541
2020-04-19,120,6770.796433,8.611378152
2020-04-19,122,2691.649022,3.284697742
2020-04-19,123,1587.837726,2.667030792
2020-04-19,125,9995.78363,11.54710015
2020-04-19,126,6532.67007,8.079270473
2020-04-19,127,1057.712613,1.528140541
2020-04-19,128,10416.02137,12.21828025
2020-04-19,131,6366.012357,8.568697726
2020-04-19,133,1414.948352,1.75537803
2020-04-19,135,1263.611849,1.719360554
2020-04-19,136,3072.641993,3.241545298
2020-04-19,138,7953.484199,10.12857405
2020-04-19,139,965.1778168,1.026526494
2020-04-19,141,4397.749232,5.768196872
2020-04-19,142,980.8985679,1.313365389
2020-04-19,144,10200.4907,10.54985426
2020-04-19,145,6308.747935,6.776865359
2020-04-19,146,2973.302516,3.647296955
2020-04-19,149,3067.267178,4.472578395
2020-04-19,15,3863.019446,4.878307148
2020-04-19,151,11586.10661,12.81718935
2020-04-19,152,5431.382206,6.191744783
2020-04-19,155,4631.91322,6.251123013
2020-04-19,157,3532.695545,4.562417723
2020-04-19,159,10108.95596,11.27767952
2020-04-19,161,982.4390813,1.721863329
2020-04-19,163,6006.820326,7.444934879
2020-04-19,164,1433.657179,2.133776776
2020-04-19,166,7317.974643,8.902941453
2020-04-19,168,17354.26793,18.72032973
2020-04-19,169,5869.971437,7.38407852
2020-04-19,171,3375.666903,4.098367075
2020-04-19,172,3214.035819,3.925257996
2020-04-19,173,5856.578951,6.450078553
2020-04-19,174,2947.330747,3.598128706
2020-04-19,175,3588.070032,4.242182941
2020-04-19,177,3980.113505,4.419287991
2020-04-19,18,3063.771808,4.05155688
2020-04-19,180,3672.853319,4.289723046
2020-04-19,181,3907.562573,4.869051525
2020-04-19,183,1074.016241,1.225581645
2020-04-19,184,4061.801688,5.072767862
2020-04-19,188,7419.503838,8.418256124
2020-04-19,189,8474.94632,10.15998684
2020-04-19,19,2721.855806,3.535390541
2020-04-19,190,3138.012133,3.648167179
2020-04-19,192,6028.284665,7.192963409
2020-04-19,193,4094.881218,4.527392389
2020-04-19,195,2825.531637,3.491612815
2020-04-19,196,10995.51663,11.1468423
2020-04-19,197,4035.45283,4.430548092
2020-04-19,198,5392.369501,5.930498087
2020-04-19,20,6740.328867,8.611378152
2020-04-19,22,2667.726245,3.284697742
2020-04-19,23,1582.102694,2.667030792
2020-04-19,25,9935.39927,11.54710015
2020-04-19,26,6642.469623,8.079270473
2020-04-19,27,1049.434998,1.528140541
2020-04-19,28,10385.82336,12.21828025
2020-04-19,3,5174.757877,6.21488744
2020-04-19,31,6353.633264,8.568697726
2020-04-19,33,1424.828336,1.75537803
2020-04-19,35,1269.209392,1.719360554
2020-04-19,36,3018.289129,3.241545298
2020-04-19,38,7889.088214,10.12857405
2020-04-19,39,959.5913185,1.026526494
2020-04-19,41,4403.973963,5.768196872
2020-04-19,42,971.6813569,1.313365389
2020-04-19,44,10227.36461,10.54985426
2020-04-19,45,6294.376943,6.776865359
2020-04-19,46,2970.933742,3.647296955
2020-04-19,49,3058.348449,4.472578395
2020-04-19,5,11297.04566,11.83550067
2020-04-19,51,11485.53516,12.81718935
2020-04-19,52,5486.537438,6.191744783
2020-04-19,55,4672.405958,6.251123013
2020-04-19,57,3464.933732,4.562417723
2020-04-19,59,9941.488028,11.27767952
2020-04-19,61,974.3676505,1.721863329
2020-04-19,63,6059.845284,7.444934879
2020-04-19,64,1426.190678,2.133776776
2020-04-19,66,7298.810205,8.902941453
2020-04-19,68,17450.55251,18.72032973
2020-04-19,69,5916.245906,7.38407852
2020-04-19,71,3378.94762,4.098367075
2020-04-19,72,3220.789652,3.925257996
2020-04-19,73,5913.864734,6.450078553
2020-04-19,74,2935.8662,3.598128706
2020-04-19,75,3592.876425,4.242182941
2020-04-19,77,3961.136198,4.419287991
2020-04-19,8,3842.089443,3.95925626
2020-04-19,80,3678.464329,4.289723046
2020-04-19,81,3964.838279,4.869051525
2020-04-19,83,1076.860703,1.225581645
2020-04-19,84,4058.162751,5.072767862
2020-04-19,88,7495.23724,8.418256124
2020-04-19,89,8416.047489,10.15998684
2020-04-19,90,3135.012288,3.648167179
2020-04-19,92,6119.531196,7.192963409
2020-04-19,93,4153.545243,4.527392389
2020-04-19,95,2815.057699,3.491612815
2020-04-19,96,10831.20128,11.1468423
2020-04-19,97,3980.355934,4.430548092
2020-04-19,98,5331.996979,5.930498087
2020-04-20,10,13816.69357,15.43299662
2020-04-20,103,5280.300464,5.58064045
2020-04-20,105,11125.43815,11.53667261
2020-04-20,108,3894.648595,4.719763938
2020-04-20,11,8954.961395,11.02091598
2020-04-20,110,13758.34866,15.43299662
2020-04-20,111,8969.554458,11.02091598
2020-04-20,115,3886.394654,4.408871062
2020-04-20,118,3078.182334,4.075625423
2020-04-20,119,2785.210764,3.166507318
2020-04-20,120,6722.73824,8.191725414
2020-04-20,122,2694.484687,3.991024676
2020-04-20,123,1548.744716,2.000656786
2020-04-20,125,9752.994824,11.11622361
2020-04-20,126,6645.065935,7.385493262
2020-04-20,127,1045.769378,1.166889242
2020-04-20,128,10541.67076,11.12933387
2020-04-20,131,6514.282845,7.753179415
2020-04-20,133,1416.403439,1.829358832
2020-04-20,135,1285.982593,1.56087059
2020-04-20,136,2975.575499,3.887306454
2020-04-20,138,7913.837966,9.137471433
2020-04-20,139,962.5856062,1.734377929
2020-04-20,141,4473.625838,6.735960946
2020-04-20,142,947.6681198,1.621074083
2020-04-20,144,9969.427449,11.01690349
2020-04-20,145,6299.451954,7.169520823
2020-04-20,146,2880.247527,3.146125754
2020-04-20,149,3025.936344,4.09229974
2020-04-20,15,3875.475751,4.408871062
2020-04-20,151,11675.47301,13.29731392
2020-04-20,152,5367.718226,5.807465623
2020-04-20,155,4684.308055,5.576000487
2020-04-20,157,3376.980467,3.694061008
2020-04-20,159,9850.235588,10.49409407
2020-04-20,161,948.5656009,1.280762134
2020-04-20,163,6063.450291,7.463420028
2020-04-20,164,1401.428142,1.497713848
2020-04-20,166,7243.903517,9.301589742
2020-04-20,168,17265.04348,19.01140938
2020-04-20,169,5896.001919,6.820464792
2020-04-20,171,3440.218844,4.215878977
2020-04-20,172,3201.480746,3.400636836
2020-04-20,173,5896.565552,6.429428334
2020-04-20,174,2940.949703,3.80095416
2020-04-20,175,3644.855837,3.924161607
2020-04-20,177,4102.490285,5.441837608
2020-04-20,18,3088.707099,4.075625423
2020-04-20,180,3630.649442,4.574107167
2020-04-20,181,3913.086044,5.79175221
2020-04-20,183,1038.987552,1.369996459
2020-04-20,184,4063.109155,5.014274529
2020-04-20,188,7528.464818,9.121532221
2020-04-20,189,8524.512043,9.993211679
2020-04-20,19,2717.877459,3.166507318
2020-04-20,190,3130.375558,3.573236875
2020-04-20,192,6062.373877,7.805420021
2020-04-20,193,3896.278368,4.554416778
2020-04-20,195,2785.034266,4.43076827
2020-04-20,196,10922.77902,11.30734544
2020-04-20,197,3883.691473,4.528965142
2020-04-20,198,5362.443101,6.44123697
2020-04-20,20,6712.641114,8.191725414
2020-04-20,22,2692.628001,3.991024676
2020-04-20,23,1533.615409,2.000656786
2020-04-20,25,9856.376036,11.11622361
2020-04-20,26,6702.784541,7.385493262
2020-04-20,27,1035.543738,1.166889242
2020-04-20,28,10452.10413,11.12933387
2020-04-20,3,5193.216955,5.58064045
2020-04-20,31,6394.447943,7.753179415
2020-04-20,33,1425.977161,1.829358832
2020-04-20,35,1269.998838,1.56087059
2020-04-20,36,3031.995244,3.887306454
2020-04-20,38,7836.700111,9.137471433
2020-04-20,39,959.4098072,1.734377929
2020-04-20,41,4427.665528,6.735960946
2020-04-20,42,970.1512672,1.621074083
2020-04-20,44,10089.39831,11.01690349
2020-04-20,45,6243.570828,7.169520823
2020-04-20,46,2928.604925,3.146125754
2020-04-20,49,3056.541444,4.09229974
2020-04-20,5,11379.29934,11.53667261
2020-04-20,51,11570.70473,13.29731392
2020-04-20,52,5361.463619,5.807465623
2020-04-20,55,4680.851707,5.576000487
2020-04-20,57,3387.723199,3.694061008
2020-04-20,59,9930.241399,10.49409407
2020-04-20,61,959.3214044,1.280762134
2020-04-20,63,5988.885311,7.463420028
2020-04-20,64,1406.72258,1.497713848
2020-04-20,66,7240.251006,9.301589742
2020-04-20,68,17212.17285,19.01140938
2020-04-20,69,5882.113298,6.820464792
2020-04-20,71,3421.189546,4.215878977
2020-04-20,72,3195.991805,3.400636836
2020-04-20,73,5861.722905,6.429428334
2020-04-20,74,2962.369006,3.80095416
2020-04-20,75,3622.973195,3.924161607
2020-04-20,77,4036.029857,5.441837608
2020-04-20,8,3883.871466,4.719763938
2020-04-20,80,3684.7385,4.574107167
2020-04-20,81,3919.210379,5.79175221
2020-04-20,83,1041.986591,1.369996459
2020-04-20,84,4075.68375,5.014274529
2020-04-20,88,7537.619659,9.121532221
2020-04-20,89,8484.5112,9.993211679
2020-04-20,90,3084.528584,3.573236875
2020-04-20,92,6053.18719,7.805420021
2020-04-20,93,4103.47987,4.554416778
2020-04-20,95,2825.886496,4.43076827
2020-04-20,96,10851.32082,11.30734544
2020-04-20,97,3869.444298,4.528965142
2020-04-20,98,5334.725654,6.44123697
2020-04-21,10,13738.44497,15.47115003
2020-04-21,103,5314.975489,6.412011952
2020-04-21,105,11816.78327,11.76750937
2020-04-21,108,3904.211074,5.378992915
2020-04-21,11,9136.533282,11.39643861
2020-04-21,110,13499.14173,15.47115003
2020-04-21,111,9278.862447,11.39643861
2020-04-21,115,3834.35907,4.982162731
2020-04-21,118,3175.650571,3.555317164
2020-04-21,119,2783.612461,4.032242141
2020-04-21,120,6897.688755,8.949122359
2020-04-21,122,2705.174843,3.364031535
2020-04-21,123,1516.046547,2.305677314
2020-04-21,125,9973.007715,10.76779648
2020-04-21,126,6900.888714,7.273212451
2020-04-21,127,1056.834599,1.278192591
2020-04-21,128,10501.85633,11.21555438
2020-04-21,131,6483.592521,7.362649816
2020-04-21,133,1474.446372,1.818717041
2020-04-21,135,1285.923041,2.125681254
2020-04-21,136,2997.546991,3.201149478
2020-04-21,138,7877.198214,9.797323989
2020-04-21,139,962.2968151,1.774577297
2020-04-21,141,4542.848952,5.538068555
2020-04-21,142,952.614859,0.9988782166
2020-04-21,144,10046.31282,10.90852329
2020-04-21,145,6353.255958,7.337230862
2020-04-21,146,2976.906936,4.068513969
2020-04-21,149,2982.514981,3.658822352
2020-04-21,15,3935.582096,4.982162731
2020-04-21,151,11829.27078,13.39282481
2020-04-21,152,5387.533928,6.093203583
2020-04-21,155,4693.082076,5.170523881
2020-04-21,157,3418.51699,4.341393513
2020-04-21,159,10076.00952,10.61410861
2020-04-21,161,971.4978162,1.377809842
2020-04-21,163,6102.698765,6.383420498
2020-04-21,164,1402.953893,1.50180402
2020-04-21,166,7292.177711,8.774937933
2020-04-21,168,17854.00314,19.77086794
2020-04-21,169,5949.224387,7.238783098
2020-04-21,171,3470.528224,3.570335448
2020-04-21,172,3241.921168,4.105929401
2020-04-21,173,5857.279797,7.159268515
2020-04-21,174,2987.333419,4.245582706
2020-04-21,175,3686.815316,3.798719318
2020-04-21,177,4042.657528,4.403718149
2020-04-21,18,3170.224284,3.555317164
2020-04-21,180,3722.30596,4.468905466
2020-04-21,181,3933.779701,4.245969778
2020-04-21,183,1037.218185,2.083185464
2020-04-21,184,4080.231222,5.10401385
2020-04-21,188,7635.076536,8.340789911
2020-04-21,189,8481.754982,9.326938794
2020-04-21,19,2768.495792,4.032242141
2020-04-21,190,3108.026518,4.123835748
2020-04-21,192,6241.899227,7.421369569
2020-04-21,193,4156.064296,4.508759593
2020-04-21,195,2856.351755,3.405444594
2020-04-21,196,10734.8184,11.75144871
2020-04-21,197,4124.505852,4.168963543
2020-04-21,198,5315.376842,6.448949121
2020-04-21,20,6826.913184,8.949122359
2020-04-21,22,2694.865693,3.364031535
2020-04-21,23,1497.755566,2.305677314
2020-04-21,25,10007.65481,10.76779648
2020-04-21,26,6908.070254,7.273212451
2020-04-21,27,1047.975063,1.278192591
2020-04-21,28,10440.4845,11.21555438
2020-04-21,3,5334.393414,6.412011952
2020-04-21,31,6488.899172,7.362649816
2020-04-21,33,1458.459958,1.818717041
2020-04-21,35,1295.811247,2.125681254
2020-04-21,36,3003.444432,3.201149478
2020-04-21,38,7849.032472,9.797323989
2020-04-21,39,965.2740599,1.774577297
2020-04-21,41,4530.709817,5.538068555
2020-04-21,42,958.4080154,0.9988782166
2020-04-21,44,10080.67521,10.90852329
2020-04-21,45,6367.89602,7.337230862
2020-04-21,46,2964.729232,4.068513969
2020-04-21,49,3011.683457,3.658822352
2020-04-21,5,11758.73244,11.76750937
2020-04-21,51,11703.31605,13.39282481
2020-04-21,52,5348.379515,6.093203583
2020-04-21,55,4658.398582,5.170523881
2020-04-21,57,3414.383439,4.341393513
2020-04-21,59,9995.788272,10.61410861
2020-04-21,61,963.7450135,1.377809842
2020-04-21,63,6083.972953,6.383420498
2020-04-21,64,1430.847411,1.50180402
2020-04-21,66,7271.531779,8.774937933
2020-04-21,68,17599.60323,19.77086794
2020-04-21,69,5971.586035,7.238783098
2020-04-21,71,3438.535894,3.570335448
2020-04-21,72,3215.816275,4.105929401
2020-04-21,73,5895.845561,7.159268515
2020-04-21,74,2969.258554,4.245582706
2020-04-21,75,3655.328492,3.798719318
2020-04-21,77,4025.051141,4.403718149
2020-04-21,8,3935.836926,5.378992915
2020-04-21,80,3703.226524,4.468905466
2020-04-21,81,3917.785326,4.245969778
2020-04-21,83,1029.667245,2.083185464
2020-04-21,84,4097.141497,5.10401385
2020-04-21,88,7638.364145,8.340789911
2020-04-21,89,8494.820784,9.326938794
2020-04-21,90,3134.131232,4.123835748
2020-04-21,92,6141.665942,7.421369569
2020-04-21,93,4117.373819,4.508759593
2020-04-21,95,2800.633112,3.405444594
2020-04-21,96,10927.19899,11.75144871
2020-04-21,97,3978.515653,4.168963543
2020-04-21,98,5310.591763,6.448949121
2020-04-22,10,13880.02869,15.60718839
2020-04-22,103,5356.33077,6.267481512
2020-04-22,105,11758.03868,11.68751818
2020-04-22,108,3962.859734,4.825770831
2020-04-22,11,8912.133052,11.0258576
2020-04-22,110,13686.20631,15.60718839
2020-04-22,111,8927.517831,11.0258576
2020-04-22,115,3959.27035,4.678395611
2020-04-22,118,3124.854028,3.831406359
2020-04-22,119,2813.548429,3.797396705
2020-04-22,120,6917.227757,7.790102135
2020-04-22,122,2666.242024,3.483448309
2020-04-22,123,1465.47757,1.499094302
2020-04-22,125,9896.34505,10.49698498
2020-04-22,126,6822.472013,8.580401112
2020-04-22,127,1044.178448,1.274920645
2020-04-22,128,10316.74825,11.39247929
2020-04-22,131,6448.897724,7.331150174
2020-04-22,133,1476.723871,1.981278103
2020-04-22,135,1294.353257,1.652468021
2020-04-22,136,3088.470097,3.675302576
2020-04-22,138,8014.203692,8.832494837
2020-04-22,139,953.3619801,1.035610161
2020-04-22,141,4429.144222,7.442980565
2020-04-22,142,934.5234738,1.286862352
2020-04-22,144,10046.2706,12.14238656
2020-04-22,145,6422.127382,7.01040058
2020-04-22,146,3013.580572,4.358145078
2020-04-22,149,3026.632011,3.290488077
2020-04-22,15,3953.32288,4.678395611
2020-04-22,151,11745.19225,14.5439738
2020-04-22,152,5297.264136,6.288643888
2020-04-22,155,4671.506455,5.617806784
2020-04-22,157,3489.720568,4.017451244
2020-04-22,159,9966.924851,11.20846349
2020-04-22,161,939.0068894,1.317497416
2020-04-22,163,6075.857461,6.779977288
2020-04-22,164,1473.878703,1.787077247
2020-04-22,166,7352.035138,8.869140984
2020-04-22,168,17454.02229,19.10862043
2020-04-22,169,6110.322725,6.976313261
2020-04-22,171,3467.948383,4.409147546
2020-04-22,172,3336.933321,3.954934698
2020-04-22,173,5847.337221,6.51477774
2020-04-22,174,2964.057,3.662336109
2020-04-22,175,3701.250326,4.357953617
2020-04-22,177,3948.029641,5.032650264
2020-04-22,18,3134.502626,3.831406359
2020-04-22,180,3749.851547,4.310174972
2020-04-22,181,3877.121907,4.75286451
2020-04-22,183,1043.883376,1.053728838
2020-04-22,184,4165.462774,5.79271515
2020-04-22,188,7616.665415,8.044714352
2020-04-22,189,8445.250889,10.2255397
2020-04-22,19,2798.944092,3.797396705
2020-04-22,190,3182.971935,3.846512102
2020-04-22,192,6154.928603,6.640263077
2020-04-22,193,4174.351518,4.9826896
2020-04-22,195,2742.75942,3.409726819
2020-04-22,196,10610.60101,11.1041659
2020-04-22,197,4001.981234,3.988125627
2020-04-22,198,5167.461289,6.288362321
2020-04-22,20,6866.749673,7.790102135
2020-04-22,22,2669.96786,3.483448309
2020-04-22,23,1479.212486,1.499094302
2020-04-22,25,10097.59885,10.49698498
2020-04-22,26,6845.773799,8.580401112
2020-04-22,27,1052.826566,1.274920645
2020-04-22,28,10332.07173,11.39247929
2020-04-22,3,5353.870894,6.267481512
2020-04-22,31,6374.585812,7.331150174
2020-04-22,33,1445.232318,1.981278103
2020-04-22,35,1291.057791,1.652468021
2020-04-22,36,3047.115459,3.675302576
2020-04-22,38,7919.579303,8.832494837
2020-04-22,39,947.8111907,1.035610161
2020-04-22,41,4454.733333,7.442980565
2020-04-22,42,951.9650615,1.286862352
2020-04-22,44,10038.9951,12.14238656
2020-04-22,45,6416.942385,7.01040058
2020-04-22,46,3051.946991,4.358145078
2020-04-22,49,3039.227558,3.290488077
2020-04-22,5,11657.40547,11.68751818
2020-04-22,51,11687.13605,14.5439738
2020-04-22,52,5301.062457,6.288643888
2020-04-22,55,4607.405512,5.617806784
2020-04-22,57,3472.741094,4.017451244
2020-04-22,59,9956.120054,11.20846349
2020-04-22,61,959.3171198,1.317497416
2020-04-22,63,6113.388436,6.779977288
2020-04-22,64,1423.057955,1.787077247
2020-04-22,66,7311.224038,8.869140984
2020-04-22,68,17448.62208,19.10862043
2020-04-22,69,5970.523576,6.976313261
2020-04-22,71,3446.426312,4.409147546
2020-04-22,72,3321.320382,3.954934698
2020-04-22,73,5766.455793,6.51477774
2020-04-22,74,2939.823295,3.662336109
2020-04-22,75,3713.194043,4.357953617
2020-04-22,77,4022.319946,5.032650264
2020-04-22,8,3999.267326,4.825770831
2020-04-22,80,3726.711957,4.310174972
2020-04-22,81,3915.324081,4.75286451
2020-04-22,83,1032.860274,1.053728838
2020-04-22,84,4108.494375,5.79271515
2020-04-22,88,7542.896066,8.044714352
2020-04-22,89,8516.660248,10.2255397
2020-04-22,90,3119.574645,3.846512102
2020-04-22,92,6171.755256,6.640263077
2020-04-22,93,4167.616668,4.9826896
2020-04-22,95,2760.36484,3.409726819
2020-04-22,96,10752.09558,11.1041659
2020-04-22,97,3958.163948,3.988125627
2020-04-22,98,5248.925581,6.288362321
2020-04-23,10,14013.35419,15.98948856
2020-04-23,103,5477.639858,5.922193966
2020-04-23,105,12176.77165,12.23368083
2020-04-23,108,3946.848555,4.734080576
2020-04-23,11,9047.178703,10.1195406
2020-04-23,110,14080.96045,15.98948856
2020-04-23,111,9054.358142,10.1195406
2020-04-23,115,4030.71248,4.59018904
2020-04-23,118,3081.585373,3.426347322
2020-04-23,119,2854.192678,3.659666468
2020-04-23,120,6931.285024,9.21666832
2020-04-23,122,2713.816405,3.208134473
2020-04-23,123,1479.336282,2.681174262
2020-04-23,125,10382.63882,13.30882249
2020-04-23,126,7009.0499,8.023212971
2020-04-23,127,1028.161566,1.126365689
2020-04-23,128,10420.31036,12.02614681
2020-04-23,131,6480.484049,8.189287373
2020-04-23,133,1440.54306,1.953377251
2020-04-23,135,1330.908112,2.043940298
2020-04-23,136,3027.366176,4.028870953
2020-04-23,138,7955.337371,8.44841399
2020-04-23,139,972.3640704,1.869446583
2020-04-23,141,4521.248964,5.143395852
2020-04-23,142,949.6707351,2.614461736
2020-04-23,144,10165.62805,10.75263451
2020-04-23,145,6608.129307,7.327156568
2020-04-23,146,3038.723528,3.334227361
2020-04-23,149,2973.439703,3.887462053
2020-04-23,15,3979.984226,4.59018904
2020-04-23,151,11916.44784,13.0116522
2020-04-23,152,5375.434455,5.475256007
2020-04-23,155,4685.371294,6.564182338
2020-04-23,157,3468.985856,4.597586076
2020-04-23,159,10036.19467,11.32026282
2020-04-23,161,1003.11276,2.073397249
2020-04-23,163,6195.099139,7.239583153
2020-04-23,164,1440.270806,1.565185663
2020-04-23,166,7336.077413,8.922633405
2020-04-23,168,17269.4261,20.11568191
2020-04-23,169,5969.918598,6.784772289
2020-04-23,171,3556.503088,3.917766296
2020-04-23,172,3360.868903,4.345155466
2020-04-23,173,5911.020813,6.30977435
2020-04-23,174,2967.934133,3.25763726
2020-04-23,175,3829.02591,4.633669209
2020-04-23,177,3904.890813,4.788239111
2020-04-23,18,3125.704035,3.426347322
2020-04-23,180,3739.559883,4.866689203
2020-04-23,181,3802.866584,4.876675864
2020-04-23,183,1014.277558,1.333725291
2020-04-23,184,4136.867951,5.034245652
2020-04-23,188,7649.87452,8.854125412
2020-04-23,189,8811.549173,9.519233981
2020-04-23,19,2840.645935,3.659666468
2020-04-23,190,3154.300822,3.974084114
2020-04-23,192,6218.64452,8.058115955
2020-04-23,193,4203.537979,4.320816673
2020-04-23,195,2780.244082,2.907892753
2020-04-23,196,10987.16168,12.04406808
2020-04-23,197,3913.450748,4.228635623
2020-04-23,198,5225.860809,6.503642158
2020-04-23,20,6985.329169,9.21666832
2020-04-23,22,2701.247387,3.208134473
2020-04-23,23,1488.4987,2.681174262
2020-04-23,25,10205.87725,13.30882249
2020-04-23,26,7017.175181,8.023212971
2020-04-23,27,1032.519934,1.126365689
2020-04-23,28,10373.59013,12.02614681
2020-04-23,3,5477.672575,5.922193966
2020-04-23,31,6469.292346,8.189287373
2020-04-23,33,1468.598578,1.953377251
2020-04-23,35,1334.172331,2.043940298
2020-04-23,36,3068.333806,4.028870953
2020-04-23,38,7852.724557,8.44841399
2020-04-23,39,985.094062,1.869446583
2020-04-23,41,4505.920571,5.143395852
2020-04-23,42,947.3118598,2.614461736
2020-04-23,44,10098.14358,10.75263451
2020-04-23,45,6476.301933,7.327156568
2020-04-23,46,3075.968336,3.334227361
2020-04-23,49,3046.694166,3.887462053
2020-04-23,5,11758.96589,12.23368083
2020-04-23,51,11856.21571,13.0116522
2020-04-23,52,5377.874191,5.475256007
2020-04-23,55,4653.128565,6.564182338
2020-04-23,57,3504.887431,4.597586076
2020-04-23,59,10009.75771,11.32026282
2020-04-23,61,1001.133364,2.073397249
2020-04-23,63,6189.284832,7.239583153
2020-04-23,64,1415.205841,1.565185663
2020-04-23,66,7350.230934,8.922633405
2020-04-23,68,17449.22396,20.11568191
2020-04-23,69,5970.47927,6.784772289
2020-04-23,71,3543.693891,3.917766296
2020-04-23,72,3342.623568,4.345155466
2020-04-23,73,5825.076562,6.30977435
2020-04-23,74,2975.995854,3.25763726
2020-04-23,75,3810.54846,4.633669209
2020-04-23,77,4033.087001,4.788239111
2020-04-23,8,4009.164778,4.734080576
2020-04-23,80,3762.976133,4.866689203
2020-04-23,81,3893.467976,4.876675864
2020-04-23,83,1049.826588,1.333725291
2020-04-23,84,4131.596771,5.034245652
2020-04-23,88,7606.547454,8.854125412
2020-04-23,89,8652.411481,9.519233981
2020-04-23,90,3160.477624,3.974084114
2020-04-23,92,6240.001141,8.058115955
2020-04-23,93,4233.660979,4.320816673
2020-04-23,95,2784.179514,2.907892753
2020-04-23,96,10935.47647,12.04406808
2020-04-23,97,3986.273841,4.228635623
2020-04-23,98,5259.690942,6.503642158
2020-04-24,10,14131.17436,15.94165861
2020-04-24,103,5445.821401,6.276978847
2020-04-24,105,11637.64637,12.44040275
2020-04-24,108,4023.963674,5.308466013
2020-04-24,11,9088.45583,11.53604876
2020-04-24,110,14127.72838,15.94165861
2020-04-24,111,9119.767347,11.53604876
2020-04-24,115,3947.988304,4.116842282
2020-04-24,118,3141.918372,3.524867831
2020-04-24,119,2865.693786,3.871690276
2020-04-24,120,6897.44068,8.630316048
2020-04-24,122,2782.046536,4.549091669
2020-04-24,123,1522.277396,1.592311791
2020-04-24,125,10323.76142,11.21612941
2020-04-24,126,6956.956837,8.328705215
2020-04-24,127,1018.813645,1.122545777
2020-04-24,128,10509.3036,12.06728497
2020-04-24,131,6415.401055,7.841420428
2020-04-24,133,1454.393675,2.08447431
2020-04-24,135,1348.436481,1.804289756
2020-04-24,136,3090.823393,3.848950095
2020-04-24,138,7970.398643,9.379487067
2020-04-24,139,968.4326598,1.333738572
2020-04-24,141,4544.678373,6.175825494
2020-04-24,142,960.9983013,1.064506452
2020-04-24,144,10016.90833,10.63172476
2020-04-24,145,6612.179743,7.162658642
2020-04-24,146,3123.206985,3.472702525
2020-04-24,149,3017.121917,4.601437967
2020-04-24,15,3917.032634,4.116842282
2020-04-24,151,11909.43113,14.05147231
2020-04-24,152,5354.105411,6.069391718
2020-04-24,155,4603.526023,5.318380685
2020-04-24,157,3615.376276,3.747714863
2020-04-24,159,10220.78776,11.35235601
2020-04-24,161,970.6199642,1.20704644
2020-04-24,163,6059.794695,7.523247361
2020-04-24,164,1440.278827,1.5880773
2020-04-24,166,7356.514702,8.951469577
2020-04-24,168,17413.75813,18.09665378
2020-04-24,169,5853.224991,6.786209084
2020-04-24,171,3583.688975,4.09234538
2020-04-24,172,3385.376062,3.797027629
2020-04-24,173,6002.617635,6.567717743
2020-04-24,174,2969.261451,3.64273251
2020-04-24,175,3707.290389,4.841518551
2020-04-24,177,4101.885905,5.236303408
2020-04-24,18,3184.825912,3.524867831
2020-04-24,180,3859.140233,4.957176758
2020-04-24,181,3868.464713,4.705392582
2020-04-24,183,1043.418877,1.451780235
2020-04-24,184,4115.605702,4.972578441
2020-04-24,188,7556.101818,9.205690935
2020-04-24,189,8630.608551,9.675692018
2020-04-24,19,2850.473454,3.871690276
2020-04-24,190,3176.467705,3.795880181
2020-04-24,192,6205.094144,6.784706577
2020-04-24,193,4163.990883,5.099790569
2020-04-24,195,2701.741716,3.205696602
2020-04-24,196,10887.5698,11.84638672
2020-04-24,197,3801.181191,3.950323515
2020-04-24,198,5236.449286,6.852270369
2020-04-24,20,6904.902727,8.630316048
2020-04-24,22,2741.886495,4.549091669
2020-04-24,23,1483.038288,1.592311791
2020-04-24,25,10244.34646,11.21612941
2020-04-24,26,6977.332876,8.328705215
2020-04-24,27,1024.873497,1.122545777
2020-04-24,28,10473.91516,12.06728497
2020-04-24,3,5379.745224,6.276978847
2020-04-24,31,6400.516426,7.841420428
2020-04-24,33,1457.019201,2.08447431
2020-04-24,35,1305.789833,1.804289756
2020-04-24,36,3086.296358,3.848950095
2020-04-24,38,7905.725285,9.379487067
2020-04-24,39,975.5687535,1.333738572
2020-04-24,41,4553.688987,6.175825494
2020-04-24,42,959.6246725,1.064506452
2020-04-24,44,9921.610411,10.63172476
2020-04-24,45,6578.742341,7.162658642
2020-04-24,46,3059.484189,3.472702525
2020-04-24,49,3052.998185,4.601437967
2020-04-24,5,11813.71357,12.44040275
2020-04-24,51,11914.64955,14.05147231
2020-04-24,52,5362.68796,6.069391718
2020-04-24,55,4602.144146,5.318380685
2020-04-24,57,3557.2044,3.747714863
2020-04-24,59,10006.08792,11.35235601
2020-04-24,61,995.3996393,1.20704644
2020-04-24,63,6145.25818,7.523247361
2020-04-24,64,1438.306087,1.5880773
2020-04-24,66,7242.776937,8.951469577
2020-04-24,68,17199.5505,18.09665378
2020-04-24,69,5885.632507,6.786209084
2020-04-24,71,3596.790241,4.09234538
2020-04-24,72,3331.947919,3.797027629
2020-04-24,73,5941.032671,6.567717743
2020-04-24,74,2965.04494,3.64273251
2020-04-24,75,3777.404613,4.841518551
2020-04-24,77,4090.814349,5.236303408
2020-04-24,8,4040.868906,5.308466013
2020-04-24,80,3840.770376,4.957176758
2020-04-24,81,3890.021207,4.705392582
2020-04-24,83,1061.081462,1.451780235
2020-04-24,84,4124.359014,4.972578441
2020-04-24,88,7552.355011,9.205690935
2020-04-24,89,8627.541203,9.675692018
2020-04-24,90,3153.451518,3.795880181
2020-04-24,92,6136.875255,6.784706577
2020-04-24,93,4233.561718,5.099790569
2020-04-24,95,2746.172413,3.205696602
2020-04-24,96,11037.36064,11.84638672
2020-04-24,97,3902.786976,3.950323515
2020-04-24,98,5204.206471,6.852270369
2020-04-25,10,13936.91822,15.2988314
2020-04-25,103,5360.211001,5.462668191
2020-04-25,105,11411.37232,11.93764157
2020-04-25,108,3998.449353,4.999102477
2020-04-25,11,8990.736636,9.574564905
2020-04-25,110,14042.27394,15.2988314
2020-04-25,111,8928.429172,9.574564905
2020-04-25,115,3920.001607,4.384504153
2020-04-25,118,3129.909491,4.04558861
2020-04-25,119,2897.76134,4.160064831
2020-04-25,120,6943.404756,9.191256629
2020-04-25,122,2670.509875,3.488482529
2020-04-25,123,1437.391131,2.062541145
2020-04-25,125,10215.13499,11.85975095
2020-04-25,126,7127.21652,8.16444782
2020-04-25,127,982.3427814,1.319573589
2020-04-25,128,10384.95163,11.58334753
2020-04-25,131,6370.838322,7.250729655
2020-04-25,133,1392.818154,1.564406571
2020-04-25,135,1249.1276,1.652612272
2020-04-25,136,3046.001044,4.194969177
2020-04-25,138,7861.675759,8.306534433
2020-04-25,139,956.32978,1.48413924
2020-04-25,141,4495.688519,5.69714688
2020-04-25,142,964.6223234,1.492489255
2020-04-25,144,9897.374043,10.11752146
2020-04-25,145,6341.13055,6.975269036
2020-04-25,146,2963.33362,4.274878019
2020-04-25,149,2934.755358,3.094471555
2020-04-25,15,3838.533353,4.384504153
2020-04-25,151,11935.42928,12.79451926
2020-04-25,152,5255.833558,6.046837037
2020-04-25,155,4519.778971,5.076659868
2020-04-25,157,3577.823637,4.505185211
2020-04-25,159,9805.20072,10.85469702
2020-04-25,161,981.6767125,1.127326365
2020-04-25,163,6046.549304,6.922368276
2020-04-25,164,1443.506458,1.443321003
2020-04-25,166,7140.587309,8.695732647
2020-04-25,168,16806.86578,17.38787692
2020-04-25,169,5822.333819,6.558679458
2020-04-25,171,3656.63857,4.319338021
2020-04-25,172,3346.221144,4.41300818
2020-04-25,173,5820.731945,6.490990004
2020-04-25,174,2982.740307,3.102335375
2020-04-25,175,3793.64408,4.647593486
2020-04-25,177,3952.522976,4.324051473
2020-04-25,18,3167.506685,4.04558861
2020-04-25,180,3793.350877,4.468278214
2020-04-25,181,3771.374016,4.2354237
2020-04-25,183,1057.733028,1.241786537
2020-04-25,184,4027.327639,4.640055544
2020-04-25,188,7482.033972,8.179831207
2020-04-25,189,8678.326113,10.62983528
2020-04-25,19,2879.008652,4.160064831
2020-04-25,190,3095.856176,3.536807962
2020-04-25,192,6109.372549,7.310056206
2020-04-25,193,4369.988658,4.331180624
2020-04-25,195,2760.57476,3.589115344
2020-04-25,196,10952.01492,11.45665099
2020-04-25,197,3739.44482,4.283149168
2020-04-25,198,5126.373805,6.199727789
2020-04-25,20,6834.262455,9.191256629
2020-04-25,22,2672.123169,3.488482529
2020-04-25,23,1497.83753,2.062541145
2020-04-25,25,10138.82592,11.85975095
2020-04-25,26,7035.812445,8.16444782
2020-04-25,27,992.6000673,1.319573589
2020-04-25,28,10324.35637,11.58334753
2020-04-25,3,5377.69885,5.462668191
2020-04-25,31,6300.940671,7.250729655
2020-04-25,33,1420.957116,1.564406571
2020-04-25,35,1266.595245,1.652612272
2020-04-25,36,3046.814344,4.194969177
2020-04-25,38,7835.369505,8.306534433
2020-04-25,39,949.6652816,1.48413924
2020-04-25,41,4525.811731,5.69714688
2020-04-25,42,960.9606057,1.492489255
2020-04-25,44,9877.274059,10.11752146
2020-04-25,45,6400.926397,6.975269036
2020-04-25,46,3016.406116,4.274878019
2020-04-25,49,3014.743868,3.094471555
2020-04-25,5,11784.79907,11.93764157
2020-04-25,51,11808.91746,12.79451926
2020-04-25,52,5273.56203,6.046837037
2020-04-25,55,4539.131798,5.076659868
2020-04-25,57,3550.24113,4.505185211
2020-04-25,59,9912.265432,10.85469702
2020-04-25,61,983.6884842,1.127326365
2020-04-25,63,6006.626464,6.922368276
2020-04-25,64,1431.530254,1.443321003
2020-04-25,66,7179.789575,8.695732647
2020-04-25,68,17012.21321,17.38787692
2020-04-25,69,5864.31161,6.558679458
2020-04-25,71,3613.652685,4.319338021
2020-04-25,72,3308.5821,4.41300818
2020-04-25,73,5860.877454,6.490990004
2020-04-25,74,2940.962573,3.102335375
2020-04-25,75,3797.882216,4.647593486
2020-04-25,77,4026.752854,4.324051473
2020-04-25,8,4006.364184,4.999102477
2020-04-25,80,3836.304399,4.468278214
2020-04-25,81,3744.88741,4.2354237
2020-04-25,83,1052.423052,1.241786537
2020-04-25,84,4020.945566,4.640055544
2020-04-25,88,7450.81677,8.179831207
2020-04-25,89,8642.334767,10.62983528
2020-04-25,90,3084.010986,3.536807962
2020-04-25,92,6050.878145,7.310056206
2020-04-25,93,4266.558184,4.331180624
2020-04-25,95,2679.927497,3.589115344
2020-04-25,96,10959.20887,11.45665099
2020-04-25,97,3757.674606,4.283149168
2020-04-25,98,5097.147051,6.199727789
2020-04-26,10,13887.64026,15.67931176
2020-04-26,103,5388.197842,6.204389432
2020-04-26,105,12032.83698,12.22132212
2020-04-26,108,4085.076947,4.20558469
2020-04-26,11,8981.947708,11.48489831
2020-04-26,110,13975.87129,15.67931176
2020-04-26,111,9137.742629,11.48489831
2020-04-26,115,3817.749453,4.267268272
2020-04-26,118,3142.969999,4.513009929
2020-04-26,119,2891.351663,3.314674505
2020-04-26,120,6789.344924,8.257941488
2020-04-26,122,2682.728929,3.779740259
2020-04-26,123,1467.298837,2.494627454
2020-04-26,125,9934.854798,11.17749613
2020-04-26,126,6996.734177,7.312334017
2020-04-26,127,995.621668,1.413849604
2020-04-26,128,10432.95135,11.54797721
2020-04-26,131,6215.687202,6.955422937
2020-04-26,133,1426.867735,2.074498858
2020-04-26,135,1234.250248,1.994425363
2020-04-26,136,3061.306639,3.745857539
2020-04-26,138,7936.340095,8.776759912
2020-04-26,139,961.7670446,0.9639008774
2020-04-26,141,4521.54966,6.030152161
2020-04-26,142,910.3883767,1.022268831
2020-04-26,144,9755.473396,9.947691551
2020-04-26,145,6398.31469,9.061480463
2020-04-26,146,2960.826215,3.651157695
2020-04-26,149,3014.09472,3.443754458
2020-04-26,15,3795.096978,4.267268272
2020-04-26,151,11811.59611,13.09031991
2020-04-26,152,5217.093109,6.28591684
2020-04-26,155,4440.318904,6.623855464
2020-04-26,157,3643.002784,4.168354164
2020-04-26,159,9836.688242,10.37163212
2020-04-26,161,972.4068017,2.066133947
2020-04-26,163,6062.229077,6.807037923
2020-04-26,164,1437.59358,1.723362373
2020-04-26,166,7042.691414,9.25127603
2020-04-26,168,17178.11543,17.94987711
2020-04-26,169,5719.429752,7.15682887
2020-04-26,171,3615.543598,4.025167248
2020-04-26,172,3315.617709,5.163108484
2020-04-26,173,5871.152203,6.193734016
2020-04-26,174,2946.793126,3.383555621
2020-04-26,175,3750.213687,3.971282482
2020-04-26,177,3991.16234,5.665284825
2020-04-26,18,3143.652573,4.513009929
2020-04-26,180,3738.710404,5.577497806
2020-04-26,181,3659.293451,4.446798384
2020-04-26,183,1021.403704,1.620654541
2020-04-26,184,4034.188347,5.255852369
2020-04-26,188,7355.495171,8.702313569
2020-04-26,189,8505.387907,10.16370882
2020-04-26,19,2889.906963,3.314674505
2020-04-26,190,2981.854629,3.712564532
2020-04-26,192,5865.728429,6.78573139
2020-04-26,193,4155.117115,4.468578353
2020-04-26,195,2609.926649,3.078478399
2020-04-26,196,10450.18796,12.03624771
2020-04-26,197,3754.401275,3.872140058
2020-04-26,198,5129.571488,5.941228218
2020-04-26,20,6796.566855,8.257941488
2020-04-26,22,2668.565002,3.779740259
2020-04-26,23,1460.554815,2.494627454
2020-04-26,25,10019.11574,11.17749613
2020-04-26,26,7032.820644,7.312334017
2020-04-26,27,971.4990771,1.413849604
2020-04-26,28,10385.02124,11.54797721
2020-04-26,3,5355.359286,6.204389432
2020-04-26,31,6219.783422,6.955422937
2020-04-26,33,1405.105771,2.074498858
2020-04-26,35,1223.755605,1.994425363
2020-04-26,36,3002.697289,3.745857539
2020-04-26,38,7823.549252,8.776759912
2020-04-26,39,956.1038034,0.9639008774
2020-04-26,41,4487.824608,6.030152161
2020-04-26,42,937.5419117,1.022268831
2020-04-26,44,9725.74735,9.947691551
2020-04-26,45,6374.469711,9.061480463
2020-04-26,46,2983.133212,3.651157695
2020-04-26,49,3023.797089,3.443754458
2020-04-26,5,11871.32815,12.22132212
2020-04-26,51,11843.45703,13.09031991
2020-04-26,52,5238.726167,6.28591684
2020-04-26,55,4414.582532,6.623855464
2020-04-26,57,3601.36043,4.168354164
2020-04-26,59,9820.923309,10.37163212
2020-04-26,61,1003.525773,2.066133947
2020-04-26,63,6067.278113,6.807037923
2020-04-26,64,1411.387721,1.723362373
2020-04-26,66,7093.366726,9.25127603
2020-04-26,68,16994.88937,17.94987711
2020-04-26,69,5729.972342,7.15682887
2020-04-26,71,3648.40716,4.025167248
2020-04-26,72,3280.540253,5.163108484
2020-04-26,73,5867.730781,6.193734016
2020-04-26,74,2929.097304,3.383555621
2020-04-26,75,3747.590646,3.971282482
2020-04-26,77,3961.870613,5.665284825
2020-04-26,8,3997.064659,4.20558469
2020-04-26,80,3797.628325,5.577497806
2020-04-26,81,3699.717922,4.446798384
2020-04-26,83,1045.963371,1.620654541
2020-04-26,84,4033.414079,5.255852369
2020-04-26,88,7430.943879,8.702313569
2020-04-26,89,8501.19375,10.16370882
2020-04-26,90,3017.653462,3.712564532
2020-04-26,92,5945.168529,6.78573139
2020-04-26,93,4247.390911,4.468578353
2020-04-26,95,2628.380551,3.078478399
2020-04-26,96,10579.12923,12.03624771
2020-04-26,97,3728.560092,3.872140058
2020-04-26,98,5083.201494,5.941228218
2020-04-27,10,13939.49642,17.08399338
2020-04-27,103,5297.640285,5.983980215
2020-04-27,105,12190.77093,12.13443749
2020-04-27,108,3927.986494,4.255827952
2020-04-27,11,8912.287384,10.18086076
2020-04-27,110,13805.29745,17.08399338
2020-04-27,111,8893.334138,10.18086076
2020-04-27,115,3685.266325,4.015291878
2020-04-27,118,3210.129924,3.740071482
2020-04-27,119,2863.115895,3.06731854
2020-04-27,120,6771.753352,9.318262418
2020-04-27,122,2625.793811,4.179285751
2020-04-27,123,1459.9565,1.592026766
2020-04-27,125,9660.510554,12.44957029
2020-04-27,126,7269.334582,8.73023279
2020-04-27,127,976.6012216,1.229625228
2020-04-27,128,10573.80766,11.18526577
2020-04-27,131,6153.578193,7.664428504
2020-04-27,133,1363.855713,1.661666458
2020-04-27,135,1219.823194,1.512038573
2020-04-27,136,3097.181806,4.376365721
2020-04-27,138,7848.424736,9.566357028
2020-04-27,139,967.2395182,1.04726385
2020-04-27,141,4487.128843,5.661115582
2020-04-27,142,935.3725499,1.694910632
2020-04-27,144,9652.15745,10.35485871
2020-04-27,145,6497.073478,7.464182665
2020-04-27,146,2993.323393,3.389072141
2020-04-27,149,3111.717066,3.545908504
2020-04-27,15,3718.075474,4.015291878
2020-04-27,151,11672.4545,13.67518783
2020-04-27,152,5194.541254,6.040931965
2020-04-27,155,4404.218714,4.704201616
2020-04-27,157,3619.783783,4.246190021
2020-04-27,159,9912.72757,10.58056095
2020-04-27,161,994.0234814,1.958893785
2020-04-27,163,6053.924509,6.99144306
2020-04-27,164,1423.734707,2.374152759
2020-04-27,166,7069.45016,8.669440055
2020-04-27,168,17057.40426,18.46319056
2020-04-27,169,5664.181895,6.062859372
2020-04-27,171,3624.465943,4.055126848
2020-04-27,172,3222.722502,3.918455281
2020-04-27,173,5841.565675,6.613082999
2020-04-27,174,2982.61942,3.496660777
2020-04-27,175,3575.85041,4.323372155
2020-04-27,177,3921.892157,4.61612941
2020-04-27,18,3178.085006,3.740071482
2020-04-27,180,3807.774743,4.712298273
2020-04-27,181,3744.011638,4.049592552
2020-04-27,183,1023.732372,1.346931835
2020-04-27,184,4037.241271,4.347119036
2020-04-27,188,7549.495205,8.342516919
2020-04-27,189,8548.682505,10.18512838
2020-04-27,19,2853.694988,3.06731854
2020-04-27,190,3059.886141,3.976542428
2020-04-27,192,5931.676819,6.881050324
2020-04-27,193,4311.693637,4.683195039
2020-04-27,195,2618.95425,3.332937864
2020-04-27,196,10729.44571,12.26941079
2020-04-27,197,3816.680012,4.146778584
2020-04-27,198,5048.199001,6.157295749
2020-04-27,20,6826.250059,9.318262418
2020-04-27,22,2658.459162,4.179285751
2020-04-27,23,1447.051741,1.592026766
2020-04-27,25,9882.635428,12.44957029
2020-04-27,26,7136.137343,8.73023279
2020-04-27,27,971.4831807,1.229625228
2020-04-27,28,10434.29658,11.18526577
2020-04-27,3,5373.314294,5.983980215
2020-04-27,31,6197.335467,7.664428504
2020-04-27,33,1372.250262,1.661666458
2020-04-27,35,1223.697669,1.512038573
2020-04-27,36,3060.338012,4.376365721
2020-04-27,38,7785.654858,9.566357028
2020-04-27,39,958.599822,1.04726385
2020-04-27,41,4511.852888,5.661115582
2020-04-27,42,961.7075472,1.694910632
2020-04-27,44,9732.592634,10.35485871
2020-04-27,45,6424.705108,7.464182665
2020-04-27,46,2980.512753,3.389072141
2020-04-27,49,3072.09121,3.545908504
2020-04-27,5,12129.43759,12.13443749
2020-04-27,51,11732.37563,13.67518783
2020-04-27,52,5243.621166,6.040931965
2020-04-27,55,4379.652055,4.704201616
2020-04-27,57,3610.284964,4.246190021
2020-04-27,59,9877.149313,10.58056095
2020-04-27,61,993.2556747,1.958893785
2020-04-27,63,5970.346817,6.99144306
2020-04-27,64,1423.580355,2.374152759
2020-04-27,66,7091.059771,8.669440055
2020-04-27,68,17038.82999,18.46319056
2020-04-27,69,5628.460765,6.062859372
2020-04-27,71,3652.364977,4.055126848
2020-04-27,72,3271.898464,3.918455281
2020-04-27,73,5841.90156,6.613082999
2020-04-27,74,2929.730612,3.496660777
2020-04-27,75,3596.119982,4.323372155
2020-04-27,77,3991.610283,4.61612941
2020-04-27,8,3946.658969,4.255827952
2020-04-27,80,3816.203721,4.712298273
2020-04-27,81,3707.120177,4.049592552
2020-04-27,83,1024.1326,1.346931835
2020-04-27,84,4058.953346,4.347119036
2020-04-27,88,7524.013643,8.342516919
2020-04-27,89,8502.98676,10.18512838
2020-04-27,90,3004.605308,3.976542428
2020-04-27,92,5849.302117,6.881050324
2020-04-27,93,4285.176542,4.683195039
2020-04-27,95,2626.427413,3.332937864
2020-04-27,96,10676.69193,12.26941079
2020-04-27,97,3737.495027,4.146778584
2020-04-27,98,5091.499872,6.157295749
2020-04-28,10,14072.71355,15.62757668
2020-04-28,103,5516.991063,6.290347258
2020-04-28,105,12240.58464,12.34362667
2020-04-28,108,3890.76207,4.831424739
2020-04-28,11,8945.99734,9.406998426
2020-04-28,110,14108.00307,15.62757668
2020-04-28,111,8989.525289,9.406998426
2020-04-28,115,3740.417285,4.995991902
2020-04-28,118,3289.508911,3.734921487
2020-04-28,119,2876.214182,3.768431488
2020-04-28,120,6880.99762,9.509314106
2020-04-28,122,2700.468238,3.233514329
2020-04-28,123,1459.333248,1.576306094
2020-04-28,125,10148.18199,12.50106055
2020-04-28,126,7273.304863,7.769871338
2020-04-28,127,1009.051641,1.28603881
2020-04-28,128,10590.35029,11.78698026
2020-04-28,131,6347.29511,7.0751824
2020-04-28,133,1350.269049,1.871715465
2020-04-28,135,1303.433128,1.259123937
2020-04-28,136,3007.912291,3.367891951
2020-04-28,138,7875.789337,8.97956381
2020-04-28,139,958.2024787,1.24646652
2020-04-28,141,4508.997712,5.173131925
2020-04-28,142,973.5245332,1.606403938
2020-04-28,144,10219.59232,10.25961493
2020-04-28,145,6509.476564,6.913347447
2020-04-28,146,3025.276686,3.335359711
2020-04-28,149,3081.869441,3.487890004
2020-04-28,15,3780.487005,4.995991902
2020-04-28,151,12049.09804,14.09389137
2020-04-28,152,5345.853926,6.584313294
2020-04-28,155,4238.706389,5.24214739
2020-04-28,157,3624.655827,3.962269931
2020-04-28,159,9820.023127,10.68963475
2020-04-28,161,986.918729,1.21512598
2020-04-28,163,5799.701542,6.682158482
2020-04-28,164,1467.199532,2.211529456
2020-04-28,166,7176.385004,8.855134493
2020-04-28,168,17268.62458,19.20401574
2020-04-28,169,5758.826153,7.46229148
2020-04-28,171,3694.637513,4.383055124
2020-04-28,172,3236.170205,4.55852912
2020-04-28,173,5998.537698,6.435426367
2020-04-28,174,2972.117536,3.263413277
2020-04-28,175,3681.592105,4.482421758
2020-04-28,177,4030.069056,5.202015466
2020-04-28,18,3272.322493,3.734921487
2020-04-28,180,3804.516238,4.407887553
2020-04-28,181,3730.461662,4.476517914
2020-04-28,183,1050.764242,1.66538054
2020-04-28,184,4049.272493,4.982008817
2020-04-28,188,7561.182579,8.315301462
2020-04-28,189,8594.599764,11.14432729
2020-04-28,19,2884.106575,3.768431488
2020-04-28,190,3018.029341,3.299305447
2020-04-28,192,5863.08657,7.09049253
2020-04-28,193,4243.635697,4.353148618
2020-04-28,195,2671.848394,4.227138598
2020-04-28,196,10328.06707,10.92886854
2020-04-28,197,3795.446133,3.827119907
2020-04-28,198,5141.480698,6.757365707
2020-04-28,20,6875.37335,9.509314106
2020-04-28,22,2691.888636,3.233514329
2020-04-28,23,1448.670749,1.576306094
2020-04-28,25,10056.59188,12.50106055
2020-04-28,26,7297.94442,7.769871338
2020-04-28,27,986.3532538,1.28603881
2020-04-28,28,10572.40758,11.78698026
2020-04-28,3,5518.67879,6.290347258
2020-04-28,31,6217.030636,7.0751824
2020-04-28,33,1363.310826,1.871715465
2020-04-28,35,1256.862314,1.259123937
2020-04-28,36,3070.929823,3.367891951
2020-04-28,38,7947.437713,8.97956381
2020-04-28,39,957.5054444,1.24646652
2020-04-28,41,4490.75946,5.173131925
2020-04-28,42,966.3391276,1.606403938
2020-04-28,44,9866.312561,10.25961493
2020-04-28,45,6565.261207,6.913347447
2020-04-28,46,2994.315665,3.335359711
2020-04-28,49,3076.301893,3.487890004
2020-04-28,5,12278.76261,12.34362667
2020-04-28,51,11934.13445,14.09389137
2020-04-28,52,5341.652783,6.584313294
2020-04-28,55,4324.247693,5.24214739
2020-04-28,57,3610.322995,3.962269931
2020-04-28,59,9918.028421,10.68963475
2020-04-28,61,1004.978921,1.21512598
2020-04-28,63,5793.674982,6.682158482
2020-04-28,64,1442.788591,2.211529456
2020-04-28,66,7161.61823,8.855134493
2020-04-28,68,17260.08969,19.20401574
2020-04-28,69,5681.288556,7.46229148
2020-04-28,71,3679.385267,4.383055124
2020-04-28,72,3251.940957,4.55852912
2020-04-28,73,6039.078585,6.435426367
2020-04-28,74,2964.30008,3.263413277
2020-04-28,75,3616.550908,4.482421758
2020-04-28,77,4004.098389,5.202015466
2020-04-28,8,3921.556991,4.831424739
2020-04-28,80,3810.803581,4.407887553
2020-04-28,81,3746.234073,4.476517914
2020-04-28,83,1034.048704,1.66538054
2020-04-28,84,4064.739816,4.982008817
2020-04-28,88,7564.455342,8.315301462
2020-04-28,89,8502.300515,11.14432729
2020-04-28,90,3020.59778,3.299305447
2020-04-28,92,5804.303383,7.09049253
2020-04-28,93,4339.869852,4.353148618
2020-04-28,95,2687.519855,4.227138598
2020-04-28,96,10521.41779,10.92886854
2020-04-28,97,3825.026775,3.827119907
2020-04-28,98,5152.614932,6.757365707
2020-04-29,10,13912.45203,16.15351134
2020-04-29,103,5686.643328,6.036735493
2020-04-29,105,12174.91664,12.57571719
2020-04-29,108,3905.851979,4.389801104
2020-04-29,11,8936.827858,10.79346637
2020-04-29,110,13689.48968,16.15351134
2020-04-29,111,9011.65826,10.79346637
2020-04-29,115,3805.519306,5.449799553
2020-04-29,118,3246.790769,3.29822988
2020-04-29,119,2959.989511,3.49412925
2020-04-29,120,6876.146453,8.608009056
2020-04-29,122,2665.99914,3.248286054
2020-04-29,123,1441.244048,1.821790576
2020-04-29,125,10294.03145,12.83055038
2020-04-29,126,7277.610295,7.950631183
2020-04-29,127,1018.219801,1.499536124
2020-04-29,128,10505.04774,11.35281063
2020-04-29,131,6198.975401,8.293270152
2020-04-29,133,1363.473236,1.372205641
2020-04-29,135,1264.559031,1.75538597
2020-04-29,136,3063.716411,4.263320052
2020-04-29,138,7939.29992,9.479902216
2020-04-29,139,942.5731614,1.645506473
2020-04-29,141,4432.166434,5.735673529
2020-04-29,142,945.1395635,1.145672314
2020-04-29,144,9986.681467,10.548553
2020-04-29,145,6604.732185,7.751786214
2020-04-29,146,3091.100369,4.585949272
2020-04-29,149,2942.158522,3.820841065
2020-04-29,15,3831.085645,5.449799553
2020-04-29,151,11868.75505,13.98406617
2020-04-29,152,5314.768952,5.70966076
2020-04-29,155,4299.608333,5.098321372
2020-04-29,157,3645.336722,4.572600594
2020-04-29,159,10057.79187,10.58852111
2020-04-29,161,1045.021157,1.350529858
2020-04-29,163,5715.416877,7.129685182
2020-04-29,164,1422.707776,1.697144824
2020-04-29,166,7212.952202,8.41163223
2020-04-29,168,17071.44077,18.36927764
2020-04-29,169,5679.724344,7.713506808
2020-04-29,171,3707.390337,4.575941678
2020-04-29,172,3201.252492,3.767687063
2020-04-29,173,6087.356828,6.40059101
2020-04-29,174,2950.866703,3.820987754
2020-04-29,175,3713.455664,3.759802612
2020-04-29,177,4111.447737,4.592024335
2020-04-29,18,3253.502229,3.29822988
2020-04-29,180,3817.252876,4.743385529
2020-04-29,181,3710.127936,4.316256041
2020-04-29,183,1045.415642,1.429401144
2020-04-29,184,4087.925782,5.022661705
2020-04-29,188,7357.591495,9.387321764
2020-04-29,189,8474.043058,10.18135417
2020-04-29,19,2966.398774,3.49412925
2020-04-29,190,2991.677721,3.375173195
2020-04-29,192,5648.039916,6.741113414
2020-04-29,193,4235.346666,4.697508679
2020-04-29,195,2702.391137,3.144700459
2020-04-29,196,10415.63061,11.56898146
2020-04-29,197,3913.011001,4.607065852
2020-04-29,198,5103.163402,5.834655225
2020-04-29,20,6859.961634,8.608009056
2020-04-29,22,2709.581393,3.248286054
2020-04-29,23,1441.810873,1.821790576
2020-04-29,25,10178.17519,12.83055038
2020-04-29,26,7237.864084,7.950631183
2020-04-29,27,999.0173748,1.499536124
2020-04-29,28,10568.77492,11.35281063
2020-04-29,3,5567.059131,6.036735493
2020-04-29,31,6160.130056,8.293270152
2020-04-29,33,1348.044907,1.372205641
2020-04-29,35,1257.624517,1.75538597
2020-04-29,36,3040.478007,4.263320052
2020-04-29,38,7989.217,9.479902216
2020-04-29,39,950.4260852,1.645506473
2020-04-29,41,4459.084387,5.735673529
2020-04-29,42,977.2885531,1.145672314
2020-04-29,44,10030.61537,10.548553
2020-04-29,45,6532.129382,7.751786214
2020-04-29,46,3056.841021,4.585949272
2020-04-29,49,3003.172261,3.820841065
2020-04-29,5,12283.47938,12.57571719
2020-04-29,51,11915.93603,13.98406617
2020-04-29,52,5336.370628,5.70966076
2020-04-29,55,4318.264635,5.098321372
2020-04-29,57,3597.519031,4.572600594
2020-04-29,59,9990.821515,10.58852111
2020-04-29,61,1025.28477,1.350529858
2020-04-29,63,5835.713963,7.129685182
2020-04-29,64,1427.670909,1.697144824
2020-04-29,66,7230.92136,8.41163223
2020-04-29,68,17240.33462,18.36927764
2020-04-29,69,5681.685244,7.713506808
2020-04-29,71,3683.338637,4.575941678
2020-04-29,72,3285.550146,3.767687063
2020-04-29,73,6095.376366,6.40059101
2020-04-29,74,2970.786991,3.820987754
2020-04-29,75,3597.021704,3.759802612
2020-04-29,77,4034.208209,4.592024335
2020-04-29,8,3957.078452,4.389801104
2020-04-29,80,3812.764768,4.743385529
2020-04-29,81,3708.085403,4.316256041
2020-04-29,83,1052.896874,1.429401144
2020-04-29,84,4044.075049,5.022661705
2020-04-29,88,7474.178423,9.387321764
2020-04-29,89,8525.62742,10.18135417
2020-04-29,90,3002.814381,3.375173195
2020-04-29,92,5755.451033,6.741113414
2020-04-29,93,4367.072193,4.697508679
2020-04-29,95,2664.239796,3.144700459
2020-04-29,96,10450.81403,11.56898146
2020-04-29,97,3928.725829,4.607065852
2020-04-29,98,5142.558431,5.834655225
2020-04-30,10,14006.43698,16.26234865
2020-04-30,103,5597.969649,6.291074304
2020-04-30,105,12424.79556,12.54056668
2020-04-30,108,3913.641807,4.6144941
2020-04-30,11,8974.618123,10.36468755
2020-04-30,110,14105.5366,16.26234865
2020-04-30,111,9149.892958,10.36468755
2020-04-30,115,3883.003938,4.712426182
2020-04-30,118,3343.298311,3.705273214
2020-04-30,119,3105.620541,4.568399757
2020-04-30,120,6880.036414,8.475250099
2020-04-30,122,2738.039798,3.727115277
2020-04-30,123,1502.640106,1.494886313
2020-04-30,125,10432.15658,12.45749767
2020-04-30,126,7533.529878,8.825796014
2020-04-30,127,1037.066031,1.666212414
2020-04-30,128,10874.47951,11.9865215
2020-04-30,131,6285.91526,7.633744958
2020-04-30,133,1371.469846,1.581859256
2020-04-30,135,1277.537835,1.534271233
2020-04-30,136,3087.695878,3.661296726
2020-04-30,138,8187.674518,8.974016037
2020-04-30,139,975.4947092,1.078764016
2020-04-30,141,4449.353693,4.934575408
2020-04-30,142,967.2182516,1.378042295
2020-04-30,144,10091.53872,10.68749952
2020-04-30,145,6334.126606,6.826733056
2020-04-30,146,3071.490752,4.050713603
2020-04-30,149,3153.021602,3.171925129
2020-04-30,15,3911.765003,4.712426182
2020-04-30,151,11851.71788,13.49866347
2020-04-30,152,5329.66548,5.954731719
2020-04-30,155,4366.462056,5.889066183
2020-04-30,157,3577.766497,5.541761905
2020-04-30,159,10105.49097,12.26212086
2020-04-30,161,1046.722323,1.694064375
2020-04-30,163,5876.018771,6.379519285
2020-04-30,164,1426.220338,1.946550964
2020-04-30,166,7213.380027,8.930670132
2020-04-30,168,17115.5354,18.05882753
2020-04-30,169,5689.035147,7.168172802
2020-04-30,171,3701.261346,4.587646969
2020-04-30,172,3290.293415,4.254938962
2020-04-30,173,6107.588264,6.189263634
2020-04-30,174,2954.309496,3.108652956
2020-04-30,175,3677.53926,3.818080507
2020-04-30,177,4035.942398,4.563707379
2020-04-30,18,3282.945449,3.705273214
2020-04-30,180,3845.742911,4.905320564
2020-04-30,181,3724.141163,3.931560785
2020-04-30,183,1078.983256,1.134527246
2020-04-30,184,4180.800842,4.514269714
2020-04-30,188,7453.472732,9.344476445
2020-04-30,189,8557.838677,10.2733854
2020-04-30,19,3020.142541,4.568399757
2020-04-30,190,3061.888391,3.292709389
2020-04-30,192,5765.639413,6.687388873
2020-04-30,193,4331.670249,4.733246423
2020-04-30,195,2740.892408,3.163429886
2020-04-30,196,10594.98609,11.43151476
2020-04-30,197,3807.146339,4.767734574
2020-04-30,198,5203.099149,6.674237025
2020-04-30,20,6880.097522,8.475250099
2020-04-30,22,2709.755755,3.727115277
2020-04-30,23,1460.398581,1.494886313
2020-04-30,25,10332.95876,12.45749767
2020-04-30,26,7475.768979,8.825796014
2020-04-30,27,1012.780141,1.666212414
2020-04-30,28,10740.07716,11.9865215
2020-04-30,3,5559.92671,6.291074304
2020-04-30,31,6288.031947,7.633744958
2020-04-30,33,1344.73598,1.581859256
2020-04-30,35,1264.538533,1.534271233
2020-04-30,36,3092.67521,3.661296726
2020-04-30,38,8100.57003,8.974016037
2020-04-30,39,961.7867172,1.078764016
2020-04-30,41,4511.995887,4.934575408
2020-04-30,42,969.8018623,1.378042295
2020-04-30,44,10091.11788,10.68749952
2020-04-30,45,6443.389474,6.826733056
2020-04-30,46,3077.325879,4.050713603
2020-04-30,49,3075.191427,3.171925129
2020-04-30,5,12277.54577,12.54056668
2020-04-30,51,11906.92764,13.49866347
2020-04-30,52,5284.310055,5.954731719
2020-04-30,55,4416.538155,5.889066183
2020-04-30,57,3606.48085,5.541761905
2020-04-30,59,9915.450936,12.26212086
2020-04-30,61,1032.4587,1.694064375
2020-04-30,63,5834.790533,6.379519285
2020-04-30,64,1412.726917,1.946550964
2020-04-30,66,7234.022025,8.930670132
2020-04-30,68,17258.67581,18.05882753
2020-04-30,69,5667.582414,7.168172802
2020-04-30,71,3712.419238,4.587646969
2020-04-30,72,3316.385932,4.254938962
2020-04-30,73,6131.155442,6.189263634
2020-04-30,74,2979.77226,3.108652956
2020-04-30,75,3638.245942,3.818080507
2020-04-30,77,4021.245597,4.563707379
2020-04-30,8,3916.851971,4.6144941
2020-04-30,80,3837.220961,4.905320564
2020-04-30,81,3744.262187,3.931560785
2020-04-30,83,1066.422977,1.134527246
2020-04-30,84,4108.464078,4.514269714
2020-04-30,88,7435.813935,9.344476445
2020-04-30,89,8637.378244,10.2733854
2020-04-30,90,3056.394802,3.292709389
2020-04-30,92,5788.96329,6.687388873
2020-04-30,93,4298.389693,4.733246423
2020-04-30,95,2694.657052,3.163429886
2020-04-30,96,10625.00474,11.43151476
2020-04-30,97,3910.395539,4.767734574
2020-04-30,98,5224.312681,6.674237025