date,location,conversions,spend_cell_1,spend_cell_2
2020-01-01,10,1217.186754,13.961282,13.961282
2020-01-01,103,478.7548505,5.360182842,5.360182842
2020-01-01,105,1077.686355,11.0703539,11.0703539
2020-01-01,108,347.5165323,4.956830216,4.956830216
2020-01-01,11,914.8362022,10.87281349,10.87281349
2020-01-01,110,1221.415655,13.961282,13.961282
2020-01-01,111,912.4994569,10.87281349,10.87281349
2020-01-01,115,539.2484315,5.949981521,5.949981521
2020-01-01,118,285.7799835,3.054599366,3.054599366
2020-01-01,119,266.4801479,2.859278474,2.859278474
2020-01-01,120,708.5858145,8.932934988,8.932934988
2020-01-01,122,263.332883,3.631729955,3.631729955
2020-01-01,123,146.4565041,1.844583045,1.844583045
2020-01-01,125,990.9383459,12.64519217,12.64519217
2020-01-01,126,612.2417494,6.839509355,6.839509355
2020-01-01,127,111.6118869,1.284362522,1.284362522
2020-01-01,128,1126.256667,12.95504201,12.95504201
2020-01-01,131,651.2610426,7.813847131,7.813847131
2020-01-01,133,127.7834485,1.947226341,1.947226341
2020-01-01,135,117.5498421,1.194753863,1.194753863
2020-01-01,136,264.4995048,3.421256163,3.421256163
2020-01-01,138,734.1846821,9.866778177,9.866778177
2020-01-01,139,116.818775,1.682987262,1.682987262
2020-01-01,141,444.3842694,5.288502415,5.288502415
2020-01-01,142,103.2452497,2.058825834,2.058825834
2020-01-01,144,890.147785,10.76820115,10.76820115
2020-01-01,145,528.2642858,6.55121343,6.55121343
2020-01-01,146,390.0416076,4.240116168,4.240116168
2020-01-01,149,319.2333964,3.705726087,3.705726087
2020-01-01,15,537.7475627,5.949981521,5.949981521
2020-01-01,151,1233.938441,13.67503799,13.67503799
2020-01-01,152,682.4295582,8.163252537,8.163252537
2020-01-01,155,480.4902782,5.486657863,5.486657863
2020-01-01,157,341.2440728,4.34802846,4.34802846
2020-01-01,159,1190.619312,13.82887629,13.82887629
2020-01-01,161,105.6923248,1.460290222,1.460290222
2020-01-01,163,490.1277451,6.18081217,6.18081217
2020-01-01,164,132.9990187,1.64328401,1.64328401
2020-01-01,166,816.9737468,9.440370413,9.440370413
2020-01-01,168,1934.13371,20.46197918,20.46197918
2020-01-01,169,621.1456701,7.599849137,7.599849137
2020-01-01,171,384.0012373,4.653659726,4.653659726
2020-01-01,172,303.992396,3.77417399,3.77417399
2020-01-01,173,611.6577103,6.467089194,6.467089194
2020-01-01,174,269.2963195,3.181697872,3.181697872
2020-01-01,175,381.7901749,4.78629761,4.78629761
2020-01-01,177,431.9525411,5.046338463,5.046338463
2020-01-01,18,285.3782915,3.054599366,3.054599366
2020-01-01,180,360.6548166,4.523824539,4.523824539
2020-01-01,181,441.4373813,4.710384373,4.710384373
2020-01-01,183,130.5206535,1.771423866,1.771423866
2020-01-01,184,421.0855669,5.175764786,5.175764786
2020-01-01,188,816.3660648,9.828182856,9.828182856
2020-01-01,189,857.5118343,10.57917461,10.57917461
2020-01-01,19,267.115942,2.859278474,2.859278474
2020-01-01,190,303.3771082,4.033299782,4.033299782
2020-01-01,192,660.5692215,6.910295865,6.910295865
2020-01-01,193,311.1332464,3.656194961,3.656194961
2020-01-01,195,292.8436681,4.190815909,4.190815909
2020-01-01,196,1061.73584,12.42604947,12.42604947
2020-01-01,197,350.8228246,3.817834953,3.817834953
2020-01-01,198,639.7496582,7.146736294,7.146736294
2020-01-01,20,701.0324424,8.932934988,8.932934988
2020-01-01,22,268.2219332,3.631729955,3.631729955
2020-01-01,23,147.4959498,1.844583045,1.844583045
2020-01-01,25,996.6282252,12.64519217,12.64519217
2020-01-01,26,609.946293,6.839509355,6.839509355
2020-01-01,27,112.5373462,1.284362522,1.284362522
2020-01-01,28,1115.499353,12.95504201,12.95504201
2020-01-01,3,471.5556012,5.360182842,5.360182842
2020-01-01,31,645.7825202,7.813847131,7.813847131
2020-01-01,33,127.6893471,1.947226341,1.947226341
2020-01-01,35,118.0849093,1.194753863,1.194753863
2020-01-01,36,263.2107908,3.421256163,3.421256163
2020-01-01,38,736.9584971,9.866778177,9.866778177
2020-01-01,39,114.7789348,1.682987262,1.682987262
2020-01-01,41,449.2338352,5.288502415,5.288502415
2020-01-01,42,102.3960286,2.058825834,2.058825834
2020-01-01,44,910.6949897,10.76820115,10.76820115
2020-01-01,45,537.0974185,6.55121343,6.55121343
2020-01-01,46,392.8818515,4.240116168,4.240116168
2020-01-01,49,316.726325,3.705726087,3.705726087
2020-01-01,5,1065.829407,11.0703539,11.0703539
2020-01-01,51,1222.183649,13.67503799,13.67503799
2020-01-01,52,679.1744787,8.163252537,8.163252537
2020-01-01,55,478.5011465,5.486657863,5.486657863
2020-01-01,57,339.2291808,4.34802846,4.34802846
2020-01-01,59,1185.899854,13.82887629,13.82887629
2020-01-01,61,105.7093797,1.460290222,1.460290222
2020-01-01,63,490.8966075,6.18081217,6.18081217
2020-01-01,64,133.1541159,1.64328401,1.64328401
2020-01-01,66,832.2136149,9.440370413,9.440370413
2020-01-01,68,1983.539011,20.46197918,20.46197918
2020-01-01,69,618.7443128,7.599849137,7.599849137
2020-01-01,71,383.8905278,4.653659726,4.653659726
2020-01-01,72,306.4535033,3.77417399,3.77417399
2020-01-01,73,613.0493196,6.467089194,6.467089194
2020-01-01,74,264.7638115,3.181697872,3.181697872
2020-01-01,75,382.68499,4.78629761,4.78629761
2020-01-01,77,429.2041191,5.046338463,5.046338463
2020-01-01,8,347.7615361,4.956830216,4.956830216
2020-01-01,80,358.5023503,4.523824539,4.523824539
2020-01-01,81,443.9187988,4.710384373,4.710384373
2020-01-01,83,130.6916251,1.771423866,1.771423866
2020-01-01,84,420.8329083,5.175764786,5.175764786
2020-01-01,88,819.2160944,9.828182856,9.828182856
2020-01-01,89,863.7080555,10.57917461,10.57917461
2020-01-01,90,304.7897072,4.033299782,4.033299782
2020-01-01,92,656.1802166,6.910295865,6.910295865
2020-01-01,93,316.4339691,3.656194961,3.656194961
2020-01-01,95,292.157355,4.190815909,4.190815909
2020-01-01,96,1075.830323,12.42604947,12.42604947
2020-01-01,97,359.3722813,3.817834953,3.817834953
2020-01-01,98,638.9463666,7.146736294,7.146736294
2020-01-02,10,1236.099407,15.10631294,15.10631294
2020-01-02,103,484.0656831,5.822785147,5.822785147
2020-01-02,105,1067.083612,10.78218648,10.78218648
2020-01-02,108,347.3084693,4.556771395,4.556771395
2020-01-02,11,929.130587,10.83947026,10.83947026
2020-01-02,110,1221.988377,15.10631294,15.10631294
2020-01-02,111,934.9222478,10.83947026,10.83947026
2020-01-02,115,539.2567033,7.164716116,7.164716116
2020-01-02,118,288.9118686,3.206235943,3.206235943
2020-01-02,119,272.0022489,3.126549498,3.126549498
2020-01-02,120,712.7404587,8.617155125,8.617155125
2020-01-02,122,274.9373612,3.096689729,3.096689729
2020-01-02,123,147.5969141,1.594874652,1.594874652
2020-01-02,125,1008.291498,12.19160722,12.19160722
2020-01-02,126,596.7427795,6.477278677,6.477278677
2020-01-02,127,112.8627093,1.953793925,1.953793925
2020-01-02,128,1160.309632,11.79497171,11.79497171
2020-01-02,131,674.3696552,7.162212348,7.162212348
2020-01-02,133,129.3816427,2.315881056,2.315881056
2020-01-02,135,115.839359,1.286842281,1.286842281
2020-01-02,136,271.4968139,3.165297121,3.165297121
2020-01-02,138,740.3797054,8.680700371,8.680700371
2020-01-02,139,116.698059,1.591156949,1.591156949
2020-01-02,141,449.1558882,5.931873966,5.931873966
2020-01-02,142,104.1494315,2.108283073,2.108283073
2020-01-02,144,892.2626265,9.447363077,9.447363077
2020-01-02,145,542.9021586,7.022130765,7.022130765
2020-01-02,146,394.3854952,4.259049905,4.259049905
2020-01-02,149,314.7638732,3.888116917,3.888116917
2020-01-02,15,541.4769041,7.164716116,7.164716116
2020-01-02,151,1242.902289,13.50994798,13.50994798
2020-01-02,152,667.1026178,7.344784736,7.344784736
2020-01-02,155,477.5035511,4.930098731,4.930098731
2020-01-02,157,345.748366,4.016457303,4.016457303
2020-01-02,159,1221.392049,14.08717601,14.08717601
2020-01-02,161,106.5468268,1.253761849,1.253761849
2020-01-02,163,504.2836674,6.30161842,6.30161842
2020-01-02,164,135.4762533,1.458406711,1.458406711
2020-01-02,166,850.1267076,9.352724029,9.352724029
2020-01-02,168,1971.471063,21.60621408,21.60621408
2020-01-02,169,606.425508,7.095380076,7.095380076
2020-01-02,171,386.4286423,4.606076001,4.606076001
2020-01-02,172,310.4963916,4.101157257,4.101157257
2020-01-02,173,622.402087,6.621539685,6.621539685
2020-01-02,174,275.2280687,3.478132123,3.478132123
2020-01-02,175,379.6434073,4.382373828,4.382373828
2020-01-02,177,439.8285299,4.563447706,4.563447706
2020-01-02,18,287.0442933,3.206235943,3.206235943
2020-01-02,180,363.4457811,4.893611033,4.893611033
2020-01-02,181,451.3091875,4.842011779,4.842011779
2020-01-02,183,129.5485012,1.436353437,1.436353437
2020-01-02,184,419.9605366,5.13758365,5.13758365
2020-01-02,188,827.0816141,8.886407698,8.886407698
2020-01-02,189,883.1055637,9.116104829,9.116104829
2020-01-02,19,270.476759,3.126549498,3.126549498
2020-01-02,190,306.5729736,3.881687519,3.881687519
2020-01-02,192,644.9067187,7.443388134,7.443388134
2020-01-02,193,321.0208519,3.44996588,3.44996588
2020-01-02,195,284.0455014,3.255940265,3.255940265
2020-01-02,196,1069.812514,11.30123476,11.30123476
2020-01-02,197,354.1020707,4.021672845,4.021672845
2020-01-02,198,639.1924598,7.105769198,7.105769198
2020-01-02,20,707.4802046,8.617155125,8.617155125
2020-01-02,22,270.9915993,3.096689729,3.096689729
2020-01-02,23,148.2480562,1.594874652,1.594874652
2020-01-02,25,1011.861123,12.19160722,12.19160722
2020-01-02,26,611.8029287,6.477278677,6.477278677
2020-01-02,27,111.5652261,1.953793925,1.953793925
2020-01-02,28,1133.516121,11.79497171,11.79497171
2020-01-02,3,474.883631,5.822785147,5.822785147
2020-01-02,31,670.35472,7.162212348,7.162212348
2020-01-02,33,129.5091592,2.315881056,2.315881056
2020-01-02,35,119.1279744,1.286842281,1.286842281
2020-01-02,36,267.5066107,3.165297121,3.165297121
2020-01-02,38,746.6639871,8.680700371,8.680700371
2020-01-02,39,116.9339143,1.591156949,1.591156949
2020-01-02,41,452.4047848,5.931873966,5.931873966
2020-01-02,42,103.9673202,2.108283073,2.108283073
2020-01-02,44,899.7782597,9.447363077,9.447363077
2020-01-02,45,540.1342307,7.022130765,7.022130765
2020-01-02,46,384.6867628,4.259049905,4.259049905
2020-01-02,49,321.8432954,3.888116917,3.888116917
2020-01-02,5,1058.737128,10.78218648,10.78218648
2020-01-02,51,1222.041474,13.50994798,13.50994798
2020-01-02,52,674.7049923,7.344784736,7.344784736
2020-01-02,55,476.2183672,4.930098731,4.930098731
2020-01-02,57,345.7567363,4.016457303,4.016457303
2020-01-02,59,1194.338626,14.08717601,14.08717601
2020-01-02,61,105.3817385,1.253761849,1.253761849
2020-01-02,63,499.346624,6.30161842,6.30161842
2020-01-02,64,136.315531,1.458406711,1.458406711
2020-01-02,66,841.2045075,9.352724029,9.352724029
2020-01-02,68,1974.954526,21.60621408,21.60621408
2020-01-02,69,612.5136485,7.095380076,7.095380076
2020-01-02,71,382.629035,4.606076001,4.606076001
2020-01-02,72,306.6790126,4.101157257,4.101157257
2020-01-02,73,611.7862822,6.621539685,6.621539685
2020-01-02,74,272.8083316,3.478132123,3.478132123
2020-01-02,75,390.1774994,4.382373828,4.382373828
2020-01-02,77,433.9720731,4.563447706,4.563447706
2020-01-02,8,350.6730291,4.556771395,4.556771395
2020-01-02,80,361.1185218,4.893611033,4.893611033
2020-01-02,81,448.8862162,4.842011779,4.842011779
2020-01-02,83,129.8768472,1.436353437,1.436353437
2020-01-02,84,424.3892413,5.13758365,5.13758365
2020-01-02,88,826.3201395,8.886407698,8.886407698
2020-01-02,89,885.2327372,9.116104829,9.116104829
2020-01-02,90,309.1808663,3.881687519,3.881687519
2020-01-02,92,659.1492229,7.443388134,7.443388134
2020-01-02,93,320.5219414,3.44996588,3.44996588
2020-01-02,95,290.6799168,3.255940265,3.255940265
2020-01-02,96,1080.639309,11.30123476,11.30123476
2020-01-02,97,358.2754297,4.021672845,4.021672845
2020-01-02,98,640.3435918,7.105769198,7.105769198
2020-01-03,10,1230.350099,13.28965729,13.28965729
2020-01-03,103,486.6032984,5.79013566,5.79013566
2020-01-03,105,1072.130562,11.1180756,11.1180756
2020-01-03,108,355.7916928,3.559413945,3.559413945
2020-01-03,11,922.8488239,10.68056864,10.68056864
2020-01-03,110,1225.131692,13.28965729,13.28965729
2020-01-03,111,939.045797,10.68056864,10.68056864
2020-01-03,115,557.2543072,7.062456329,7.062456329
2020-01-03,118,290.9831059,3.397085569,3.397085569
2020-01-03,119,268.2014927,3.64799084,3.64799084
2020-01-03,120,718.081579,9.277332095,9.277332095
2020-01-03,122,275.3928549,3.175652854,3.175652854
2020-01-03,123,142.3438382,1.61122517,1.61122517
2020-01-03,125,997.5067075,12.53385394,12.53385394
2020-01-03,126,615.0224265,7.05535326,7.05535326
2020-01-03,127,112.4683033,1.185693735,1.185693735
2020-01-03,128,1114.506828,12.05205734,12.05205734
2020-01-03,131,675.9376224,7.795426161,7.795426161
2020-01-03,133,127.6484255,1.477848686,1.477848686
2020-01-03,135,117.6148678,1.264807659,1.264807659
2020-01-03,136,265.4202731,3.096766995,3.096766995
2020-01-03,138,737.4874171,9.450426159,9.450426159
2020-01-03,139,116.7087506,1.433845436,1.433845436
2020-01-03,141,447.2657925,5.359638158,5.359638158
2020-01-03,142,103.8928585,1.461572552,1.461572552
2020-01-03,144,902.3097254,9.299820982,9.299820982
2020-01-03,145,545.0854417,6.111291774,6.111291774
2020-01-03,146,377.4612169,4.691001941,4.691001941
2020-01-03,149,326.7678883,4.005111009,4.005111009
2020-01-03,15,546.1152283,7.062456329,7.062456329
2020-01-03,151,1212.344707,12.77687956,12.77687956
2020-01-03,152,697.5801279,7.613582191,7.613582191
2020-01-03,155,465.2172702,5.399777308,5.399777308
2020-01-03,157,349.3547222,3.684609208,3.684609208
2020-01-03,159,1190.7033,12.94182665,12.94182665
2020-01-03,161,105.9781183,1.569974101,1.569974101
2020-01-03,163,493.1865657,5.840803692,5.840803692
2020-01-03,164,141.6340348,1.704612199,1.704612199
2020-01-03,166,823.6055433,10.15778379,10.15778379
2020-01-03,168,1949.332352,20.99150123,20.99150123
2020-01-03,169,609.5723449,6.491732277,6.491732277
2020-01-03,171,379.687938,5.471182787,5.471182787
2020-01-03,172,301.658987,4.821306088,4.821306088
2020-01-03,173,601.3765655,7.197157381,7.197157381
2020-01-03,174,275.1473987,3.579741295,3.579741295
2020-01-03,175,389.0139052,4.681065206,4.681065206
2020-01-03,177,441.6982177,4.623001438,4.623001438
2020-01-03,18,290.8841426,3.397085569,3.397085569
2020-01-03,180,362.7021943,4.183003817,4.183003817
2020-01-03,181,446.981539,5.426185901,5.426185901
2020-01-03,183,129.1462531,1.951655505,1.951655505
2020-01-03,184,418.5765493,4.588302475,4.588302475
2020-01-03,188,823.2456447,9.459282324,9.459282324
2020-01-03,189,905.3093357,11.75340576,11.75340576
2020-01-03,19,266.5613259,3.64799084,3.64799084
2020-01-03,190,316.466939,3.905731361,3.905731361
2020-01-03,192,654.0642381,7.647606494,7.647606494
2020-01-03,193,332.4848235,3.86385992,3.86385992
2020-01-03,195,291.5309441,3.92441187,3.92441187
2020-01-03,196,1085.545347,11.78760746,11.78760746
2020-01-03,197,359.1959393,4.281795809,4.281795809
2020-01-03,198,628.9914655,7.483454552,7.483454552
2020-01-03,20,710.6146671,9.277332095,9.277332095
2020-01-03,22,272.3214778,3.175652854,3.175652854
2020-01-03,23,145.1321615,1.61122517,1.61122517
2020-01-03,25,1007.987981,12.53385394,12.53385394
2020-01-03,26,612.6009326,7.05535326,7.05535326
2020-01-03,27,114.1378434,1.185693735,1.185693735
2020-01-03,28,1124.399478,12.05205734,12.05205734
2020-01-03,3,484.0861108,5.79013566,5.79013566
2020-01-03,31,676.3342151,7.795426161,7.795426161
2020-01-03,33,128.0933546,1.477848686,1.477848686
2020-01-03,35,118.9880189,1.264807659,1.264807659
2020-01-03,36,261.6133939,3.096766995,3.096766995
2020-01-03,38,742.8358955,9.450426159,9.450426159
2020-01-03,39,116.5440912,1.433845436,1.433845436
2020-01-03,41,452.7586855,5.359638158,5.359638158
2020-01-03,42,102.9658541,1.461572552,1.461572552
2020-01-03,44,900.5696032,9.299820982,9.299820982
2020-01-03,45,537.1389185,6.111291774,6.111291774
2020-01-03,46,383.8646369,4.691001941,4.691001941
2020-01-03,49,325.3795299,4.005111009,4.005111009
2020-01-03,5,1041.553968,11.1180756,11.1180756
2020-01-03,51,1209.780317,12.77687956,12.77687956
2020-01-03,52,681.5422691,7.613582191,7.613582191
2020-01-03,55,476.0018892,5.399777308,5.399777308
2020-01-03,57,347.7773862,3.684609208,3.684609208
2020-01-03,59,1197.104392,12.94182665,12.94182665
2020-01-03,61,108.4400967,1.569974101,1.569974101
2020-01-03,63,496.9142305,5.840803692,5.840803692
2020-01-03,64,138.7345426,1.704612199,1.704612199
2020-01-03,66,834.0144956,10.15778379,10.15778379
2020-01-03,68,1944.975837,20.99150123,20.99150123
2020-01-03,69,608.0354437,6.491732277,6.491732277
2020-01-03,71,380.0431096,5.471182787,5.471182787
2020-01-03,72,305.4882821,4.821306088,4.821306088
2020-01-03,73,603.5998328,7.197157381,7.197157381
2020-01-03,74,275.2874747,3.579741295,3.579741295
2020-01-03,75,385.4647639,4.681065206,4.681065206
2020-01-03,77,437.0511637,4.623001438,4.623001438
2020-01-03,8,351.1108036,3.559413945,3.559413945
2020-01-03,80,363.8299139,4.183003817,4.183003817
2020-01-03,81,443.3701604,5.426185901,5.426185901
2020-01-03,83,129.4935444,1.951655505,1.951655505
2020-01-03,84,421.9097268,4.588302475,4.588302475
2020-01-03,88,823.3566898,9.459282324,9.459282324
2020-01-03,89,895.5744799,11.75340576,11.75340576
2020-01-03,90,315.9401775,3.905731361,3.905731361
2020-01-03,92,656.097535,7.647606494,7.647606494
2020-01-03,93,328.3284024,3.86385992,3.86385992
2020-01-03,95,291.0096988,3.92441187,3.92441187
2020-01-03,96,1090.021131,11.78760746,11.78760746
2020-01-03,97,354.2955712,4.281795809,4.281795809
2020-01-03,98,635.6584113,7.483454552,7.483454552
2020-01-04,10,1230.299028,13.25606103,13.25606103
2020-01-04,103,473.6388772,5.004523924,5.004523924
2020-01-04,105,1060.614984,11.13618526,11.13618526
2020-01-04,108,350.4101465,4.096317321,4.096317321
2020-01-04,11,899.0747332,11.60044977,11.60044977
2020-01-04,110,1234.377657,13.25606103,13.25606103
2020-01-04,111,883.196577,11.60044977,11.60044977
2020-01-04,115,535.6909068,6.57920116,6.57920116
2020-01-04,118,283.1448383,3.527293321,3.527293321
2020-01-04,119,259.1457282,3.032598336,3.032598336
2020-01-04,120,715.1732447,7.977817988,7.977817988
2020-01-04,122,269.1556755,3.060863296,3.060863296
2020-01-04,123,146.9110929,1.911863761,1.911863761
2020-01-04,125,998.0896239,11.48054405,11.48054405
2020-01-04,126,602.954449,6.93991683,6.93991683
2020-01-04,127,115.0110434,1.432166026,1.432166026
2020-01-04,128,1095.1218,12.3376075,12.3376075
2020-01-04,131,670.9689496,7.8898879,7.8898879
2020-01-04,133,128.0742375,1.902938228,1.902938228
2020-01-04,135,119.146615,1.35146682,1.35146682
2020-01-04,136,260.4538785,3.118430482,3.118430482
2020-01-04,138,732.6423561,8.907795276,8.907795276
2020-01-04,139,117.6312845,1.708993238,1.708993238
2020-01-04,141,449.2545966,6.203110046,6.203110046
2020-01-04,142,103.3723229,1.272974688,1.272974688
2020-01-04,144,869.8614104,9.69198207,9.69198207
2020-01-04,145,530.4763243,6.010603411,6.010603411
2020-01-04,146,374.2884807,4.965930952,4.965930952
2020-01-04,149,323.0568383,3.833077166,3.833077166
2020-01-04,15,543.0181143,6.57920116,6.57920116
2020-01-04,151,1208.235314,13.17887194,13.17887194
2020-01-04,152,662.823464,8.083924499,8.083924499
2020-01-04,155,475.2555994,5.646344432,5.646344432
2020-01-04,157,343.555458,3.691556141,3.691556141
2020-01-04,159,1210.319968,12.34954404,12.34954404
2020-01-04,161,106.0353271,1.526113083,1.526113083
2020-01-04,163,498.3636108,5.530026537,5.530026537
2020-01-04,164,147.4367754,1.719979965,1.719979965
2020-01-04,166,812.0612396,9.028529813,9.028529813
2020-01-04,168,1901.261676,20.27164214,20.27164214
2020-01-04,169,589.1246889,7.716059422,7.716059422
2020-01-04,171,367.242436,3.988741038,3.988741038
2020-01-04,172,296.1402225,3.411652333,3.411652333
2020-01-04,173,608.7643078,6.29463581,6.29463581
2020-01-04,174,273.2453144,3.347203274,3.347203274
2020-01-04,175,394.2192214,4.385986527,4.385986527
2020-01-04,177,425.5671056,4.543909628,4.543909628
2020-01-04,18,285.1790269,3.527293321,3.527293321
2020-01-04,180,357.5196989,4.739834126,4.739834126
2020-01-04,181,433.2078178,5.82438614,5.82438614
2020-01-04,183,126.2814853,2.509378888,2.509378888
2020-01-04,184,411.62353,5.373588928,5.373588928
2020-01-04,188,809.1317527,10.07578891,10.07578891
2020-01-04,189,901.9416874,10.84447922,10.84447922
2020-01-04,19,263.3828983,3.032598336,3.032598336
2020-01-04,190,308.6768407,3.272962917,3.272962917
2020-01-04,192,653.1830902,7.306547456,7.306547456
2020-01-04,193,326.9738535,3.302254357,3.302254357
2020-01-04,195,287.5135244,3.567986011,3.567986011
2020-01-04,196,1069.022439,12.12333161,12.12333161
2020-01-04,197,357.7168877,3.575108585,3.575108585
2020-01-04,198,626.9839191,8.386500291,8.386500291
2020-01-04,20,706.0759689,7.977817988,7.977817988
2020-01-04,22,269.3212119,3.060863296,3.060863296
2020-01-04,23,147.2680235,1.911863761,1.911863761
2020-01-04,25,1007.339424,11.48054405,11.48054405
2020-01-04,26,605.0973763,6.93991683,6.93991683
2020-01-04,27,111.6792486,1.432166026,1.432166026
2020-01-04,28,1113.576397,12.3376075,12.3376075
2020-01-04,3,479.0852426,5.004523924,5.004523924
2020-01-04,31,669.2247452,7.8898879,7.8898879
2020-01-04,33,128.6261203,1.902938228,1.902938228
2020-01-04,35,119.1316329,1.35146682,1.35146682
2020-01-04,36,260.0214699,3.118430482,3.118430482
2020-01-04,38,735.8545518,8.907795276,8.907795276
2020-01-04,39,118.2620391,1.708993238,1.708993238
2020-01-04,41,450.0245248,6.203110046,6.203110046
2020-01-04,42,103.7547073,1.272974688,1.272974688
2020-01-04,44,890.9850479,9.69198207,9.69198207
2020-01-04,45,535.2939379,6.010603411,6.010603411
2020-01-04,46,375.2493002,4.965930952,4.965930952
2020-01-04,49,322.6286014,3.833077166,3.833077166
2020-01-04,5,1063.816095,11.13618526,11.13618526
2020-01-04,51,1196.84291,13.17887194,13.17887194
2020-01-04,52,676.1648042,8.083924499,8.083924499
2020-01-04,55,472.903126,5.646344432,5.646344432
2020-01-04,57,343.6126773,3.691556141,3.691556141
2020-01-04,59,1203.221465,12.34954404,12.34954404
2020-01-04,61,107.2615634,1.526113083,1.526113083
2020-01-04,63,493.8888209,5.530026537,5.530026537
2020-01-04,64,142.0119083,1.719979965,1.719979965
2020-01-04,66,819.426963,9.028529813,9.028529813
2020-01-04,68,1904.216151,20.27164214,20.27164214
2020-01-04,69,594.1659934,7.716059422,7.716059422
2020-01-04,71,374.4718445,3.988741038,3.988741038
2020-01-04,72,298.3563027,3.411652333,3.411652333
2020-01-04,73,610.8492746,6.29463581,6.29463581
2020-01-04,74,270.9445414,3.347203274,3.347203274
2020-01-04,75,385.6880474,4.385986527,4.385986527
2020-01-04,77,425.6806515,4.543909628,4.543909628
2020-01-04,8,352.2542598,4.096317321,4.096317321
2020-01-04,80,357.583495,4.739834126,4.739834126
2020-01-04,81,439.8891337,5.82438614,5.82438614
2020-01-04,83,127.0737807,2.509378888,2.509378888
2020-01-04,84,414.7557807,5.373588928,5.373588928
2020-01-04,88,818.7477887,10.07578891,10.07578891
2020-01-04,89,886.8820758,10.84447922,10.84447922
2020-01-04,90,311.6597358,3.272962917,3.272962917
2020-01-04,92,649.9911275,7.306547456,7.306547456
2020-01-04,93,323.7679757,3.302254357,3.302254357
2020-01-04,95,288.5586321,3.567986011,3.567986011
2020-01-04,96,1060.952733,12.12333161,12.12333161
2020-01-04,97,355.4162587,3.575108585,3.575108585
2020-01-04,98,630.1830404,8.386500291,8.386500291
2020-01-05,10,1212.494786,13.40411663,13.40411663
2020-01-05,103,463.4196047,4.826274396,4.826274396
2020-01-05,105,1062.403406,11.10386785,11.10386785
2020-01-05,108,350.5791412,3.679205144,3.679205144
2020-01-05,11,893.4617999,9.964720719,9.964720719
2020-01-05,110,1219.036424,13.40411663,13.40411663
2020-01-05,111,899.9768925,9.964720719,9.964720719
2020-01-05,115,532.5787564,6.390862468,6.390862468
2020-01-05,118,292.8986744,3.564607116,3.564607116
2020-01-05,119,263.9068456,4.104659189,4.104659189
2020-01-05,120,702.5657624,9.240202807,9.240202807
2020-01-05,122,272.8524296,2.950507677,2.950507677
2020-01-05,123,144.2892071,1.772362077,1.772362077
2020-01-05,125,1003.782212,11.72011448,11.72011448
2020-01-05,126,596.8731874,7.019669925,7.019669925
2020-01-05,127,111.4273633,1.425840423,1.425840423
2020-01-05,128,1095.16836,12.2975919,12.2975919
2020-01-05,131,662.9887094,7.869239959,7.869239959
2020-01-05,133,130.9531839,1.357662307,1.357662307
2020-01-05,135,118.1520862,2.073694445,2.073694445
2020-01-05,136,264.4609919,3.830028534,3.830028534
2020-01-05,138,741.4669923,7.951307052,7.951307052
2020-01-05,139,118.8831184,1.350125034,1.350125034
2020-01-05,141,450.3225969,5.041754157,5.041754157
2020-01-05,142,104.3187731,1.39450567,1.39450567
2020-01-05,144,884.878361,9.357068521,9.357068521
2020-01-05,145,537.6798626,6.029393474,6.029393474
2020-01-05,146,373.0923416,4.363988844,4.363988844
2020-01-05,149,311.6148834,3.937418636,3.937418636
2020-01-05,15,542.1306979,6.390862468,6.390862468
2020-01-05,151,1163.968088,13.48726728,13.48726728
2020-01-05,152,681.4031711,7.125701905,7.125701905
2020-01-05,155,466.1759197,5.404370411,5.404370411
2020-01-05,157,344.5728493,4.841435313,4.841435313
2020-01-05,159,1201.561992,13.23639202,13.23639202
2020-01-05,161,107.9074811,1.394452828,1.394452828
2020-01-05,163,498.2593762,5.772483582,5.772483582
2020-01-05,164,138.7897393,1.521410319,1.521410319
2020-01-05,166,811.8492505,10.23298055,10.23298055
2020-01-05,168,1872.874034,20.33792646,20.33792646
2020-01-05,169,611.4749703,8.152346774,8.152346774
2020-01-05,171,369.7027318,4.185122396,4.185122396
2020-01-05,172,300.5200397,3.745193366,3.745193366
2020-01-05,173,604.1668766,6.546304821,6.546304821
2020-01-05,174,274.5433624,3.312938902,3.312938902
2020-01-05,175,389.8201417,4.317451104,4.317451104
2020-01-05,177,418.0064187,4.776380615,4.776380615
2020-01-05,18,287.5030984,3.564607116,3.564607116
2020-01-05,180,354.3475277,3.548949231,3.548949231
2020-01-05,181,429.9385572,4.953864667,4.953864667
2020-01-05,183,124.0796496,1.909683601,1.909683601
2020-01-05,184,409.6068077,4.997175566,4.997175566
2020-01-05,188,807.5119937,9.915454569,9.915454569
2020-01-05,189,891.8905353,10.48773398,10.48773398
2020-01-05,19,263.0290398,4.104659189,4.104659189
2020-01-05,190,315.0353946,3.799289802,3.799289802
2020-01-05,192,642.9433557,7.407717436,7.407717436
2020-01-05,193,331.0195462,5.026520708,5.026520708
2020-01-05,195,292.3775951,4.267513033,4.267513033
2020-01-05,196,1036.876362,11.40805085,11.40805085
2020-01-05,197,359.9926607,3.635007573,3.635007573
2020-01-05,198,632.5059291,7.795758115,7.795758115
2020-01-05,20,708.1929391,9.240202807,9.240202807
2020-01-05,22,269.8454795,2.950507677,2.950507677
2020-01-05,23,145.9003432,1.772362077,1.772362077
2020-01-05,25,1002.741864,11.72011448,11.72011448
2020-01-05,26,598.2578677,7.019669925,7.019669925
2020-01-05,27,110.3682928,1.425840423,1.425840423
2020-01-05,28,1101.373906,12.2975919,12.2975919
2020-01-05,3,474.6744692,4.826274396,4.826274396
2020-01-05,31,662.8282505,7.869239959,7.869239959
2020-01-05,33,129.9451833,1.357662307,1.357662307
2020-01-05,35,117.1172737,2.073694445,2.073694445
2020-01-05,36,262.6481469,3.830028534,3.830028534
2020-01-05,38,739.0554165,7.951307052,7.951307052
2020-01-05,39,116.2051927,1.350125034,1.350125034
2020-01-05,41,447.8488415,5.041754157,5.041754157
2020-01-05,42,103.4044083,1.39450567,1.39450567
2020-01-05,44,885.3308036,9.357068521,9.357068521
2020-01-05,45,539.9256803,6.029393474,6.029393474
2020-01-05,46,371.6863521,4.363988844,4.363988844
2020-01-05,49,317.9064221,3.937418636,3.937418636
2020-01-05,5,1060.641178,11.10386785,11.10386785
2020-01-05,51,1172.421919,13.48726728,13.48726728
2020-01-05,52,669.1697506,7.125701905,7.125701905
2020-01-05,55,470.6861783,5.404370411,5.404370411
2020-01-05,57,339.4427187,4.841435313,4.841435313
2020-01-05,59,1187.800108,13.23639202,13.23639202
2020-01-05,61,106.4142871,1.394452828,1.394452828
2020-01-05,63,495.0732078,5.772483582,5.772483582
2020-01-05,64,141.1802877,1.521410319,1.521410319
2020-01-05,66,817.3218227,10.23298055,10.23298055
2020-01-05,68,1865.874936,20.33792646,20.33792646
2020-01-05,69,597.030488,8.152346774,8.152346774
2020-01-05,71,367.7695773,4.185122396,4.185122396
2020-01-05,72,295.7117664,3.745193366,3.745193366
2020-01-05,73,608.5418417,6.546304821,6.546304821
2020-01-05,74,270.1457887,3.312938902,3.312938902
2020-01-05,75,389.0362757,4.317451104,4.317451104
2020-01-05,77,421.9259908,4.776380615,4.776380615
2020-01-05,8,350.9767487,3.679205144,3.679205144
2020-01-05,80,350.9940408,3.548949231,3.548949231
2020-01-05,81,428.373672,4.953864667,4.953864667
2020-01-05,83,124.3470506,1.909683601,1.909683601
2020-01-05,84,408.3483583,4.997175566,4.997175566
2020-01-05,88,814.5110542,9.915454569,9.915454569
2020-01-05,89,893.1745321,10.48773398,10.48773398
2020-01-05,90,314.1995797,3.799289802,3.799289802
2020-01-05,92,647.2420888,7.407717436,7.407717436
2020-01-05,93,325.131033,5.026520708,5.026520708
2020-01-05,95,289.4059305,4.267513033,4.267513033
2020-01-05,96,1034.138331,11.40805085,11.40805085
2020-01-05,97,358.4216364,3.635007573,3.635007573
2020-01-05,98,623.93458,7.795758115,7.795758115
2020-01-06,10,1211.6877,15.1060521,15.1060521
2020-01-06,103,460.1656065,5.052686626,5.052686626
2020-01-06,105,1081.696474,11.27689949,11.27689949
2020-01-06,108,354.7905809,4.253998569,4.253998569
2020-01-06,11,899.7480166,11.39776046,11.39776046
2020-01-06,110,1214.694234,15.1060521,15.1060521
2020-01-06,111,904.8325114,11.39776046,11.39776046
2020-01-06,115,544.9117365,6.034061421,6.034061421
2020-01-06,118,284.3793294,4.698638753,4.698638753
2020-01-06,119,264.7400234,3.041700012,3.041700012
2020-01-06,120,699.7556067,8.696285396,8.696285396
2020-01-06,122,268.5043535,3.33589245,3.33589245
2020-01-06,123,147.0235332,1.600745079,1.600745079
2020-01-06,125,1021.866121,11.39224617,11.39224617
2020-01-06,126,602.3274761,6.848769013,6.848769013
2020-01-06,127,107.2801743,1.285798931,1.285798931
2020-01-06,128,1088.646677,11.40091108,11.40091108
2020-01-06,131,655.0888887,8.558181348,8.558181348
2020-01-06,133,126.4220534,1.663305095,1.663305095
2020-01-06,135,119.7862785,1.444155934,1.444155934
2020-01-06,136,265.2190174,3.026744919,3.026744919
2020-01-06,138,755.0660577,8.545537566,8.545537566
2020-01-06,139,120.1691394,1.989749278,1.989749278
2020-01-06,141,455.5242628,6.350814688,6.350814688
2020-01-06,142,101.8767041,1.303723666,1.303723666
2020-01-06,144,887.4031542,9.91658685,9.91658685
2020-01-06,145,536.5652003,6.255019727,6.255019727
2020-01-06,146,374.3316692,4.029947653,4.029947653
2020-01-06,149,313.5906788,4.171095802,4.171095802
2020-01-06,15,537.410616,6.034061421,6.034061421
2020-01-06,151,1170.495923,14.3422878,14.3422878
2020-01-06,152,668.1408159,7.388216875,7.388216875
2020-01-06,155,471.7539058,5.365533384,5.365533384
2020-01-06,157,336.1715392,4.483158598,4.483158598
2020-01-06,159,1176.501073,12.85568157,12.85568157
2020-01-06,161,107.4269594,2.017707141,2.017707141
2020-01-06,163,485.2652171,5.265038566,5.265038566
2020-01-06,164,145.2949846,1.782916096,1.782916096
2020-01-06,166,822.4510836,9.759666501,9.759666501
2020-01-06,168,1822.17614,20.13231105,20.13231105
2020-01-06,169,601.6518349,6.923322879,6.923322879
2020-01-06,171,369.2698798,4.489852246,4.489852246
2020-01-06,172,296.6120786,3.395646352,3.395646352
2020-01-06,173,593.0371794,6.727363033,6.727363033
2020-01-06,174,273.0023253,3.692024721,3.692024721
2020-01-06,175,390.5860727,5.356085066,5.356085066
2020-01-06,177,428.9962744,4.964123489,4.964123489
2020-01-06,18,288.8396682,4.698638753,4.698638753
2020-01-06,180,355.1903723,4.276758843,4.276758843
2020-01-06,181,425.744489,5.650550719,5.650550719
2020-01-06,183,126.3497575,1.366795018,1.366795018
2020-01-06,184,415.5357608,4.595887282,4.595887282
2020-01-06,188,806.1764897,11.03726436,11.03726436
2020-01-06,189,891.0410918,10.48776162,10.48776162
2020-01-06,19,263.5650545,3.041700012,3.041700012
2020-01-06,190,317.0612155,3.475289967,3.475289967
2020-01-06,192,653.8813793,7.238375292,7.238375292
2020-01-06,193,318.0872092,3.202706741,3.202706741
2020-01-06,195,293.3332084,3.787690819,3.787690819
2020-01-06,196,1037.896773,11.27448652,11.27448652
2020-01-06,197,354.7006254,3.947783021,3.947783021
2020-01-06,198,618.4027335,7.757283928,7.757283928
2020-01-06,20,702.7488751,8.696285396,8.696285396
2020-01-06,22,268.8500863,3.33589245,3.33589245
2020-01-06,23,144.655414,1.600745079,1.600745079
2020-01-06,25,1010.325399,11.39224617,11.39224617
2020-01-06,26,593.5072101,6.848769013,6.848769013
2020-01-06,27,107.876909,1.285798931,1.285798931
2020-01-06,28,1084.33904,11.40091108,11.40091108
2020-01-06,3,466.1407738,5.052686626,5.052686626
2020-01-06,31,658.5554982,8.558181348,8.558181348
2020-01-06,33,127.0457207,1.663305095,1.663305095
2020-01-06,35,118.8633547,1.444155934,1.444155934
2020-01-06,36,262.8714635,3.026744919,3.026744919
2020-01-06,38,748.9586796,8.545537566,8.545537566
2020-01-06,39,118.0732917,1.989749278,1.989749278
2020-01-06,41,446.9776617,6.350814688,6.350814688
2020-01-06,42,102.5158342,1.303723666,1.303723666
2020-01-06,44,883.9221359,9.91658685,9.91658685
2020-01-06,45,534.6809489,6.255019727,6.255019727
2020-01-06,46,371.2607363,4.029947653,4.029947653
2020-01-06,49,318.5281275,4.171095802,4.171095802
2020-01-06,5,1089.524712,11.27689949,11.27689949
2020-01-06,51,1176.594409,14.3422878,14.3422878
2020-01-06,52,662.1312589,7.388216875,7.388216875
2020-01-06,55,469.538694,5.365533384,5.365533384
2020-01-06,57,342.4450657,4.483158598,4.483158598
2020-01-06,59,1179.71786,12.85568157,12.85568157
2020-01-06,61,106.141198,2.017707141,2.017707141
2020-01-06,63,492.6698448,5.265038566,5.265038566
2020-01-06,64,144.1415848,1.782916096,1.782916096
2020-01-06,66,819.7419882,9.759666501,9.759666501
2020-01-06,68,1869.568346,20.13231105,20.13231105
2020-01-06,69,601.0682888,6.923322879,6.923322879
2020-01-06,71,370.4742627,4.489852246,4.489852246
2020-01-06,72,298.6462711,3.395646352,3.395646352
2020-01-06,73,595.3039595,6.727363033,6.727363033
2020-01-06,74,269.8193277,3.692024721,3.692024721
2020-01-06,75,393.997985,5.356085066,5.356085066
2020-01-06,77,427.0078649,4.964123489,4.964123489
2020-01-06,8,352.0929861,4.253998569,4.253998569
2020-01-06,80,355.5592942,4.276758843,4.276758843
2020-01-06,81,422.3795592,5.650550719,5.650550719
2020-01-06,83,124.8312187,1.366795018,1.366795018
2020-01-06,84,407.9027503,4.595887282,4.595887282
2020-01-06,88,813.7060127,11.03726436,11.03726436
2020-01-06,89,888.2859925,10.48776162,10.48776162
2020-01-06,90,319.9379617,3.475289967,3.475289967
2020-01-06,92,648.7660581,7.238375292,7.238375292
2020-01-06,93,320.0086505,3.202706741,3.202706741
2020-01-06,95,290.5779481,3.787690819,3.787690819
2020-01-06,96,1029.829526,11.27448652,11.27448652
2020-01-06,97,351.7556819,3.947783021,3.947783021
2020-01-06,98,624.0049156,7.757283928,7.757283928
2020-01-07,10,1220.973563,14.46325581,14.46325581
2020-01-07,103,460.5549118,5.145455415,5.145455415
2020-01-07,105,1104.096728,11.11309937,11.11309937
2020-01-07,108,352.7857603,4.364359919,4.364359919
2020-01-07,11,899.0494637,10.6866157,10.6866157
2020-01-07,110,1234.827205,14.46325581,14.46325581
2020-01-07,111,887.5644462,10.6866157,10.6866157
2020-01-07,115,534.6133341,6.465876385,6.465876385
2020-01-07,118,281.6411699,3.884187958,3.884187958
2020-01-07,119,266.8080402,3.553732052,3.553732052
2020-01-07,120,702.0784428,9.652214008,9.652214008
2020-01-07,122,266.3455804,4.157782948,4.157782948
2020-01-07,123,149.3577049,1.606208964,1.606208964
2020-01-07,125,1020.488803,12.48609391,12.48609391
2020-01-07,126,610.8109674,6.656999488,6.656999488
2020-01-07,127,109.9080261,1.43427327,1.43427327
2020-01-07,128,1068.765765,11.95503467,11.95503467
2020-01-07,131,663.0520556,7.984425593,7.984425593
2020-01-07,133,124.9249614,1.724463887,1.724463887
2020-01-07,135,120.7443433,1.792234816,1.792234816
2020-01-07,136,263.7224456,3.979626532,3.979626532
2020-01-07,138,758.580295,9.098354896,9.098354896
2020-01-07,139,118.7063523,1.541648466,1.541648466
2020-01-07,141,461.3797379,5.582977432,5.582977432
2020-01-07,142,100.4450901,1.61336628,1.61336628
2020-01-07,144,910.215478,9.577877936,9.577877936
2020-01-07,145,531.8425962,6.404012692,6.404012692
2020-01-07,146,375.1357842,3.951646154,3.951646154
2020-01-07,149,319.9563936,3.780662787,3.780662787
2020-01-07,15,537.6904357,6.465876385,6.465876385
2020-01-07,151,1178.493123,14.00359316,14.00359316
2020-01-07,152,668.2864675,7.40462628,7.40462628
2020-01-07,155,469.4029407,4.837331663,4.837331663
2020-01-07,157,346.7807786,4.541943546,4.541943546
2020-01-07,159,1219.131923,13.50035147,13.50035147
2020-01-07,161,106.873263,1.73016544,1.73016544
2020-01-07,163,491.3904655,5.753592329,5.753592329
2020-01-07,164,140.6726911,1.671695586,1.671695586
2020-01-07,166,836.1254283,9.819059254,9.819059254
2020-01-07,168,1871.170837,20.85771255,20.85771255
2020-01-07,169,625.3715258,7.227170585,7.227170585
2020-01-07,171,377.5728325,4.544611234,4.544611234
2020-01-07,172,310.1402448,3.7553746,3.7553746
2020-01-07,173,591.8900123,7.111927404,7.111927404
2020-01-07,174,279.5081592,4.240450463,4.240450463
2020-01-07,175,403.3660855,4.349961015,4.349961015
2020-01-07,177,432.496804,5.476579062,5.476579062
2020-01-07,18,285.808432,3.884187958,3.884187958
2020-01-07,180,362.876737,3.922891262,3.922891262
2020-01-07,181,424.5597651,4.942002931,4.942002931
2020-01-07,183,130.8710206,1.681310525,1.681310525
2020-01-07,184,407.8803424,4.709096072,4.709096072
2020-01-07,188,847.2565662,9.891472955,9.891472955
2020-01-07,189,897.8675243,11.07911107,11.07911107
2020-01-07,19,263.6767166,3.553732052,3.553732052
2020-01-07,190,319.0364666,3.548010667,3.548010667
2020-01-07,192,643.409518,8.229007784,8.229007784
2020-01-07,193,315.2816217,3.208806014,3.208806014
2020-01-07,195,299.9177915,3.925988663,3.925988663
2020-01-07,196,1029.686657,11.19603221,11.19603221
2020-01-07,197,351.2950223,4.650166949,4.650166949
2020-01-07,198,620.1366554,7.293909057,7.293909057
2020-01-07,20,704.386623,9.652214008,9.652214008
2020-01-07,22,269.2926379,4.157782948,4.157782948
2020-01-07,23,144.8303181,1.606208964,1.606208964
2020-01-07,25,1016.163539,12.48609391,12.48609391
2020-01-07,26,599.4024993,6.656999488,6.656999488
2020-01-07,27,110.0847018,1.43427327,1.43427327
2020-01-07,28,1077.337811,11.95503467,11.95503467
2020-01-07,3,463.633709,5.145455415,5.145455415
2020-01-07,31,666.1762888,7.984425593,7.984425593
2020-01-07,33,125.6314015,1.724463887,1.724463887
2020-01-07,35,119.5276473,1.792234816,1.792234816
2020-01-07,36,264.3809019,3.979626532,3.979626532
2020-01-07,38,760.0011167,9.098354896,9.098354896
2020-01-07,39,118.6106242,1.541648466,1.541648466
2020-01-07,41,456.8718584,5.582977432,5.582977432
2020-01-07,42,99.96347349,1.61336628,1.61336628
2020-01-07,44,908.1195916,9.577877936,9.577877936
2020-01-07,45,534.5382199,6.404012692,6.404012692
2020-01-07,46,371.3104422,3.951646154,3.951646154
2020-01-07,49,317.8645687,3.780662787,3.780662787
2020-01-07,5,1101.308319,11.11309937,11.11309937
2020-01-07,51,1195.787224,14.00359316,14.00359316
2020-01-07,52,668.4674748,7.40462628,7.40462628
2020-01-07,55,468.2465097,4.837331663,4.837331663
2020-01-07,57,343.4717227,4.541943546,4.541943546
2020-01-07,59,1195.553253,13.50035147,13.50035147
2020-01-07,61,108.2144356,1.73016544,1.73016544
2020-01-07,63,501.3081886,5.753592329,5.753592329
2020-01-07,64,142.894741,1.671695586,1.671695586
2020-01-07,66,832.2501671,9.819059254,9.819059254
2020-01-07,68,1905.075649,20.85771255,20.85771255
2020-01-07,69,618.4400561,7.227170585,7.227170585
2020-01-07,71,375.0502054,4.544611234,4.544611234
2020-01-07,72,307.4614648,3.7553746,3.7553746
2020-01-07,73,592.7691604,7.111927404,7.111927404
2020-01-07,74,279.1910255,4.240450463,4.240450463
2020-01-07,75,400.1857558,4.349961015,4.349961015
2020-01-07,77,427.0969217,5.476579062,5.476579062
2020-01-07,8,357.3433339,4.364359919,4.364359919
2020-01-07,80,361.0537109,3.922891262,3.922891262
2020-01-07,81,420.8713797,4.942002931,4.942002931
2020-01-07,83,130.4668322,1.681310525,1.681310525
2020-01-07,84,414.0550084,4.709096072,4.709096072
2020-01-07,88,832.0552,9.891472955,9.891472955
2020-01-07,89,902.4371502,11.07911107,11.07911107
2020-01-07,90,319.5038659,3.548010667,3.548010667
2020-01-07,92,652.4170066,8.229007784,8.229007784
2020-01-07,93,320.6274785,3.208806014,3.208806014
2020-01-07,95,292.5595289,3.925988663,3.925988663
2020-01-07,96,1032.744769,11.19603221,11.19603221
2020-01-07,97,352.6375218,4.650166949,4.650166949
2020-01-07,98,623.6495642,7.293909057,7.293909057
2020-01-08,10,1232.780612,13.94149866,13.94149866
2020-01-08,103,457.491461,5.757503899,5.757503899
2020-01-08,105,1109.480937,11.29885585,11.29885585
2020-01-08,108,367.1240416,4.473412578,4.473412578
2020-01-08,11,902.8971274,9.641082973,9.641082973
2020-01-08,110,1221.779159,13.94149866,13.94149866
2020-01-08,111,899.7628878,9.641082973,9.641082973
2020-01-08,115,543.1300412,6.419567739,6.419567739
2020-01-08,118,290.1319196,3.175631848,3.175631848
2020-01-08,119,264.9768064,3.227368651,3.227368651
2020-01-08,120,714.9616459,7.750399408,7.750399408
2020-01-08,122,285.7249252,3.045399818,3.045399818
2020-01-08,123,145.3377334,2.114493822,2.114493822
2020-01-08,125,1017.841192,11.53811408,11.53811408
2020-01-08,126,589.7970115,6.42992981,6.42992981
2020-01-08,127,112.1979246,1.465966398,1.465966398
2020-01-08,128,1071.755456,12.306106,12.306106
2020-01-08,131,662.1803266,8.31724818,8.31724818
2020-01-08,133,129.7984888,1.409004608,1.409004608
2020-01-08,135,114.7312246,1.529805742,1.529805742
2020-01-08,136,268.6132639,3.368065622,3.368065622
2020-01-08,138,769.415037,9.365974857,9.365974857
2020-01-08,139,114.576218,1.406556827,1.406556827
2020-01-08,141,443.8002221,5.328647285,5.328647285
2020-01-08,142,98.08894857,1.076086682,1.076086682
2020-01-08,144,886.5522335,9.365876085,9.365876085
2020-01-08,145,552.2471892,6.537823587,6.537823587
2020-01-08,146,365.9927973,5.138271753,5.138271753
2020-01-08,149,325.1151445,4.531969635,4.531969635
2020-01-08,15,539.794538,6.419567739,6.419567739
2020-01-08,151,1207.860648,14.94235897,14.94235897
2020-01-08,152,669.3650498,7.096616593,7.096616593
2020-01-08,155,471.2412673,5.771649359,5.771649359
2020-01-08,157,347.0869446,4.672010304,4.672010304
2020-01-08,159,1206.650202,13.46941328,13.46941328
2020-01-08,161,105.469862,1.286131307,1.286131307
2020-01-08,163,497.8930251,5.995994536,5.995994536
2020-01-08,164,145.6861374,1.650854389,1.650854389
2020-01-08,166,840.8887304,10.50751924,10.50751924
2020-01-08,168,1931.890885,20.31151837,20.31151837
2020-01-08,169,614.8499086,7.369469851,7.369469851
2020-01-08,171,373.9351023,4.504371926,4.504371926
2020-01-08,172,304.5776392,3.8210265,3.8210265
2020-01-08,173,603.7434942,6.61181537,6.61181537
2020-01-08,174,281.4648147,3.383149196,3.383149196
2020-01-08,175,396.3125148,4.824671376,4.824671376
2020-01-08,177,424.9961051,5.350883293,5.350883293
2020-01-08,18,289.0146229,3.175631848,3.175631848
2020-01-08,180,361.9467545,4.550235008,4.550235008
2020-01-08,181,424.4268247,4.44049016,4.44049016
2020-01-08,183,130.9186499,1.327451932,1.327451932
2020-01-08,184,402.4583912,5.827467813,5.827467813
2020-01-08,188,830.2726475,9.926037499,9.926037499
2020-01-08,189,908.2382298,11.11052112,11.11052112
2020-01-08,19,263.7615639,3.227368651,3.227368651
2020-01-08,190,320.2307521,3.41137487,3.41137487
2020-01-08,192,628.758268,7.897217356,7.897217356
2020-01-08,193,313.2746438,3.241332651,3.241332651
2020-01-08,195,291.4706741,3.726053448,3.726053448
2020-01-08,196,1033.758842,11.39242285,11.39242285
2020-01-08,197,343.9344999,4.298790221,4.298790221
2020-01-08,198,617.0159846,7.298291785,7.298291785
2020-01-08,20,706.5891614,7.750399408,7.750399408
2020-01-08,22,279.603973,3.045399818,3.045399818
2020-01-08,23,143.2007016,2.114493822,2.114493822
2020-01-08,25,1008.11851,11.53811408,11.53811408
2020-01-08,26,597.1705814,6.42992981,6.42992981
2020-01-08,27,111.4224567,1.465966398,1.465966398
2020-01-08,28,1071.118956,12.306106,12.306106
2020-01-08,3,451.5597666,5.757503899,5.757503899
2020-01-08,31,664.1363041,8.31724818,8.31724818
2020-01-08,33,128.0072521,1.409004608,1.409004608
2020-01-08,35,117.2214729,1.529805742,1.529805742
2020-01-08,36,268.8431837,3.368065622,3.368065622
2020-01-08,38,765.3353845,9.365974857,9.365974857
2020-01-08,39,115.2433871,1.406556827,1.406556827
2020-01-08,41,451.1785432,5.328647285,5.328647285
2020-01-08,42,98.42161364,1.076086682,1.076086682
2020-01-08,44,905.8261677,9.365876085,9.365876085
2020-01-08,45,541.9357037,6.537823587,6.537823587
2020-01-08,46,370.2719882,5.138271753,5.138271753
2020-01-08,49,319.9489919,4.531969635,4.531969635
2020-01-08,5,1103.870284,11.29885585,11.29885585
2020-01-08,51,1197.24657,14.94235897,14.94235897
2020-01-08,52,673.3437372,7.096616593,7.096616593
2020-01-08,55,468.8628474,5.771649359,5.771649359
2020-01-08,57,344.54815,4.672010304,4.672010304
2020-01-08,59,1194.441817,13.46941328,13.46941328
2020-01-08,61,108.2092936,1.286131307,1.286131307
2020-01-08,63,499.968913,5.995994536,5.995994536
2020-01-08,64,140.5234612,1.650854389,1.650854389
2020-01-08,66,844.4004106,10.50751924,10.50751924
2020-01-08,68,1911.898911,20.31151837,20.31151837
2020-01-08,69,611.330259,7.369469851,7.369469851
2020-01-08,71,374.1457029,4.504371926,4.504371926
2020-01-08,72,304.4213947,3.8210265,3.8210265
2020-01-08,73,602.1351659,6.61181537,6.61181537
2020-01-08,74,278.6744626,3.383149196,3.383149196
2020-01-08,75,394.9264524,4.824671376,4.824671376
2020-01-08,77,431.6415186,5.350883293,5.350883293
2020-01-08,8,363.8647713,4.473412578,4.473412578
2020-01-08,80,358.7276449,4.550235008,4.550235008
2020-01-08,81,424.2878662,4.44049016,4.44049016
2020-01-08,83,129.7046434,1.327451932,1.327451932
2020-01-08,84,403.5638616,5.827467813,5.827467813
2020-01-08,88,834.7956967,9.926037499,9.926037499
2020-01-08,89,900.6744591,11.11052112,11.11052112
2020-01-08,90,316.8227559,3.41137487,3.41137487
2020-01-08,92,628.600345,7.897217356,7.897217356
2020-01-08,93,318.4383139,3.241332651,3.241332651
2020-01-08,95,291.6551178,3.726053448,3.726053448
2020-01-08,96,1029.978466,11.39242285,11.39242285
2020-01-08,97,352.2786172,4.298790221,4.298790221
2020-01-08,98,620.9015077,7.298291785,7.298291785
2020-01-09,10,1252.858039,13.50729547,13.50729547
2020-01-09,103,477.1120394,5.372442569,5.372442569
2020-01-09,105,1133.434219,11.4607826,11.4607826
2020-01-09,108,375.0680714,4.765219144,4.765219144
2020-01-09,11,907.4761659,11.40619406,11.40619406
2020-01-09,110,1244.953976,13.50729547,13.50729547
2020-01-09,111,898.4721658,11.40619406,11.40619406
2020-01-09,115,540.0426716,6.596114744,6.596114744
2020-01-09,118,291.9384116,3.592397284,3.592397284
2020-01-09,119,271.4852834,3.72992162,3.72992162
2020-01-09,120,718.2218757,8.298754432,8.298754432
2020-01-09,122,287.8862711,3.437209586,3.437209586
2020-01-09,123,142.6941314,1.574618492,1.574618492
2020-01-09,125,1015.793284,12.64920454,12.64920454
2020-01-09,126,616.385934,6.617439592,6.617439592
2020-01-09,127,111.2187812,1.369171781,1.369171781
2020-01-09,128,1061.021097,12.56748475,12.56748475
2020-01-09,131,667.4843701,7.16210427,7.16210427
2020-01-09,133,125.4705555,1.624362229,1.624362229
2020-01-09,135,116.7868746,1.289809842,1.289809842
2020-01-09,136,265.8641122,3.773282966,3.773282966
2020-01-09,138,770.7118724,8.851008903,8.851008903
2020-01-09,139,116.3266816,1.580479034,1.580479034
2020-01-09,141,450.2723849,5.82292955,5.82292955
2020-01-09,142,97.37264175,1.90823558,1.90823558
2020-01-09,144,917.0233008,9.989080175,9.989080175
2020-01-09,145,529.698838,5.896944251,5.896944251
2020-01-09,146,380.5792587,5.039315502,5.039315502
2020-01-09,149,326.1183796,4.307174926,4.307174926
2020-01-09,15,541.4453191,6.596114744,6.596114744
2020-01-09,151,1199.190479,13.81799058,13.81799058
2020-01-09,152,681.1315747,7.73873317,7.73873317
2020-01-09,155,459.9769949,5.392023108,5.392023108
2020-01-09,157,353.501057,3.90911462,3.90911462
2020-01-09,159,1201.547544,13.39145063,13.39145063
2020-01-09,161,108.3421967,1.152930191,1.152930191
2020-01-09,163,508.5551372,5.448537059,5.448537059
2020-01-09,164,141.2784722,1.875419024,1.875419024
2020-01-09,166,850.8606251,10.66265615,10.66265615
2020-01-09,168,1921.343925,20.88521772,20.88521772
2020-01-09,169,620.8259886,7.349870892,7.349870892
2020-01-09,171,374.5790612,4.351329799,4.351329799
2020-01-09,172,305.7288949,3.555294684,3.555294684
2020-01-09,173,610.6363002,6.685927044,6.685927044
2020-01-09,174,285.1269523,3.384027313,3.384027313
2020-01-09,175,389.2637376,4.208523708,4.208523708
2020-01-09,177,433.2756304,4.706226087,4.706226087
2020-01-09,18,289.7253954,3.592397284,3.592397284
2020-01-09,180,362.3522156,4.006251776,4.006251776
2020-01-09,181,415.8514073,4.739336158,4.739336158
2020-01-09,183,133.3658648,1.549680117,1.549680117
2020-01-09,184,401.8660181,5.188148161,5.188148161
2020-01-09,188,849.0403952,10.01480074,10.01480074
2020-01-09,189,906.2425161,10.61730414,10.61730414
2020-01-09,19,268.9402642,3.72992162,3.72992162
2020-01-09,190,317.7474113,3.718045984,3.718045984
2020-01-09,192,636.438115,7.127797209,7.127797209
2020-01-09,193,322.3826347,3.519563844,3.519563844
2020-01-09,195,298.0813114,3.452952312,3.452952312
2020-01-09,196,1036.201612,10.98937175,10.98937175
2020-01-09,197,358.7957732,3.578678482,3.578678482
2020-01-09,198,630.5775467,7.213920541,7.213920541
2020-01-09,20,715.3185838,8.298754432,8.298754432
2020-01-09,22,285.8127829,3.437209586,3.437209586
2020-01-09,23,147.9742071,1.574618492,1.574618492
2020-01-09,25,1016.440009,12.64920454,12.64920454
2020-01-09,26,602.8787412,6.617439592,6.617439592
2020-01-09,27,113.3675798,1.369171781,1.369171781
2020-01-09,28,1075.603965,12.56748475,12.56748475
2020-01-09,3,463.0125667,5.372442569,5.372442569
2020-01-09,31,657.6181978,7.16210427,7.16210427
2020-01-09,33,128.1397652,1.624362229,1.624362229
2020-01-09,35,119.6662541,1.289809842,1.289809842
2020-01-09,36,265.8161607,3.773282966,3.773282966
2020-01-09,38,762.3202294,8.851008903,8.851008903
2020-01-09,39,114.5398262,1.580479034,1.580479034
2020-01-09,41,449.0690298,5.82292955,5.82292955
2020-01-09,42,99.73269961,1.90823558,1.90823558
2020-01-09,44,919.799471,9.989080175,9.989080175
2020-01-09,45,533.3290961,5.896944251,5.896944251
2020-01-09,46,375.370591,5.039315502,5.039315502
2020-01-09,49,320.1517493,4.307174926,4.307174926
2020-01-09,5,1128.617579,11.4607826,11.4607826
2020-01-09,51,1201.905141,13.81799058,13.81799058
2020-01-09,52,680.1735559,7.73873317,7.73873317
2020-01-09,55,464.5294471,5.392023108,5.392023108
2020-01-09,57,347.7411212,3.90911462,3.90911462
2020-01-09,59,1210.77972,13.39145063,13.39145063
2020-01-09,61,109.4131404,1.152930191,1.152930191
2020-01-09,63,511.4644632,5.448537059,5.448537059
2020-01-09,64,143.6887209,1.875419024,1.875419024
2020-01-09,66,844.0040717,10.66265615,10.66265615
2020-01-09,68,1923.634022,20.88521772,20.88521772
2020-01-09,69,614.6324044,7.349870892,7.349870892
2020-01-09,71,374.0158533,4.351329799,4.351329799
2020-01-09,72,310.5200841,3.555294684,3.555294684
2020-01-09,73,616.085285,6.685927044,6.685927044
2020-01-09,74,280.9332919,3.384027313,3.384027313
2020-01-09,75,398.2009148,4.208523708,4.208523708
2020-01-09,77,432.2886335,4.706226087,4.706226087
2020-01-09,8,371.5276504,4.765219144,4.765219144
2020-01-09,80,361.3185104,4.006251776,4.006251776
2020-01-09,81,427.539576,4.739336158,4.739336158
2020-01-09,83,130.6319823,1.549680117,1.549680117
2020-01-09,84,407.5048609,5.188148161,5.188148161
2020-01-09,88,851.3467647,10.01480074,10.01480074
2020-01-09,89,908.20405,10.61730414,10.61730414
2020-01-09,90,320.7365702,3.718045984,3.718045984
2020-01-09,92,638.9710076,7.127797209,7.127797209
2020-01-09,93,327.9356842,3.519563844,3.519563844
2020-01-09,95,294.8894909,3.452952312,3.452952312
2020-01-09,96,1034.139765,10.98937175,10.98937175
2020-01-09,97,356.6160378,3.578678482,3.578678482
2020-01-09,98,628.3795903,7.213920541,7.213920541
2020-01-10,10,1243.606284,14.78520008,14.78520008
2020-01-10,103,459.3978511,5.333019276,5.333019276
2020-01-10,105,1138.511878,11.44651511,11.44651511
2020-01-10,108,381.0054682,5.109974222,5.109974222
2020-01-10,11,905.4893276,10.96659321,10.96659321
2020-01-10,110,1251.218202,14.78520008,14.78520008
2020-01-10,111,893.8655987,10.96659321,10.96659321
2020-01-10,115,545.6555376,6.28320378,6.28320378
2020-01-10,118,291.032232,3.531337637,3.531337637
2020-01-10,119,264.8613572,2.895295494,2.895295494
2020-01-10,120,708.8194273,8.773459822,8.773459822
2020-01-10,122,288.464063,4.238407158,4.238407158
2020-01-10,123,149.0400123,1.541416969,1.541416969
2020-01-10,125,1001.17523,10.8497129,10.8497129
2020-01-10,126,584.2267721,6.391853583,6.391853583
2020-01-10,127,113.4829,1.30099046,1.30099046
2020-01-10,128,1072.045807,11.69996995,11.69996995
2020-01-10,131,658.1960491,8.441660683,8.441660683
2020-01-10,133,126.2698972,1.300126683,1.300126683
2020-01-10,135,116.8947956,1.694470135,1.694470135
2020-01-10,136,258.8324538,4.3081358,4.3081358
2020-01-10,138,766.7413016,10.62135989,10.62135989
2020-01-10,139,117.4621244,2.182621185,2.182621185
2020-01-10,141,449.2261971,5.031404968,5.031404968
2020-01-10,142,101.8293011,1.675211712,1.675211712
2020-01-10,144,921.9243965,9.841934637,9.841934637
2020-01-10,145,527.068933,5.638600997,5.638600997
2020-01-10,146,371.650192,4.41487043,4.41487043
2020-01-10,149,315.1057604,3.547730009,3.547730009
2020-01-10,15,537.5933183,6.28320378,6.28320378
2020-01-10,151,1184.445388,15.44388418,15.44388418
2020-01-10,152,680.3014456,8.23276463,8.23276463
2020-01-10,155,464.6696709,5.914673421,5.914673421
2020-01-10,157,342.684317,4.095949306,4.095949306
2020-01-10,159,1213.84389,13.90086631,13.90086631
2020-01-10,161,110.7047898,1.226968564,1.226968564
2020-01-10,163,499.6364498,6.227551532,6.227551532
2020-01-10,164,145.3615173,1.608330645,1.608330645
2020-01-10,166,863.6037271,10.021098,10.021098
2020-01-10,168,1966.976804,20.71088626,20.71088626
2020-01-10,169,605.1675453,6.955978461,6.955978461
2020-01-10,171,374.1168205,4.994279809,4.994279809
2020-01-10,172,307.9282383,3.923768101,3.923768101
2020-01-10,173,616.5872235,6.603961983,6.603961983
2020-01-10,174,284.0988834,3.020529041,3.020529041
2020-01-10,175,402.6115229,4.837045076,4.837045076
2020-01-10,177,436.8807122,5.323163247,5.323163247
2020-01-10,18,291.0752343,3.531337637,3.531337637
2020-01-10,180,366.6363071,4.262765641,4.262765641
2020-01-10,181,414.7901577,5.342631919,5.342631919
2020-01-10,183,137.7664216,1.71527676,1.71527676
2020-01-10,184,409.8021932,4.800312996,4.800312996
2020-01-10,188,826.5936699,9.190154306,9.190154306
2020-01-10,189,893.0116734,10.67510965,10.67510965
2020-01-10,19,266.34436,2.895295494,2.895295494
2020-01-10,190,316.835334,4.302638099,4.302638099
2020-01-10,192,642.2798743,6.57356607,6.57356607
2020-01-10,193,325.4836775,3.456079631,3.456079631
2020-01-10,195,296.3152928,3.516177595,3.516177595
2020-01-10,196,1031.032863,10.94226766,10.94226766
2020-01-10,197,347.7876505,3.649566389,3.649566389
2020-01-10,198,630.8049475,7.706714802,7.706714802
2020-01-10,20,713.3242867,8.773459822,8.773459822
2020-01-10,22,286.3395028,4.238407158,4.238407158
2020-01-10,23,148.4073103,1.541416969,1.541416969
2020-01-10,25,1001.468159,10.8497129,10.8497129
2020-01-10,26,588.6849039,6.391853583,6.391853583
2020-01-10,27,114.0924547,1.30099046,1.30099046
2020-01-10,28,1069.668084,11.69996995,11.69996995
2020-01-10,3,459.4856316,5.333019276,5.333019276
2020-01-10,31,662.9405376,8.441660683,8.441660683
2020-01-10,33,126.1792929,1.300126683,1.300126683
2020-01-10,35,117.0028577,1.694470135,1.694470135
2020-01-10,36,260.0809015,4.3081358,4.3081358
2020-01-10,38,767.1104044,10.62135989,10.62135989
2020-01-10,39,114.9832252,2.182621185,2.182621185
2020-01-10,41,447.9637576,5.031404968,5.031404968
2020-01-10,42,100.1649159,1.675211712,1.675211712
2020-01-10,44,913.8935028,9.841934637,9.841934637
2020-01-10,45,539.0310607,5.638600997,5.638600997
2020-01-10,46,375.1489483,4.41487043,4.41487043
2020-01-10,49,318.7414183,3.547730009,3.547730009
2020-01-10,5,1142.297731,11.44651511,11.44651511
2020-01-10,51,1193.416482,15.44388418,15.44388418
2020-01-10,52,694.5821946,8.23276463,8.23276463
2020-01-10,55,468.7385403,5.914673421,5.914673421
2020-01-10,57,344.9904744,4.095949306,4.095949306
2020-01-10,59,1209.980697,13.90086631,13.90086631
2020-01-10,61,109.399114,1.226968564,1.226968564
2020-01-10,63,507.4179526,6.227551532,6.227551532
2020-01-10,64,145.8746076,1.608330645,1.608330645
2020-01-10,66,854.4719257,10.021098,10.021098
2020-01-10,68,1948.410434,20.71088626,20.71088626
2020-01-10,69,612.993591,6.955978461,6.955978461
2020-01-10,71,375.502372,4.994279809,4.994279809
2020-01-10,72,309.0534027,3.923768101,3.923768101
2020-01-10,73,620.073558,6.603961983,6.603961983
2020-01-10,74,285.8546346,3.020529041,3.020529041
2020-01-10,75,399.5110373,4.837045076,4.837045076
2020-01-10,77,436.7214361,5.323163247,5.323163247
2020-01-10,8,378.2406397,5.109974222,5.109974222
2020-01-10,80,358.7372795,4.262765641,4.262765641
2020-01-10,81,416.3692404,5.342631919,5.342631919
2020-01-10,83,135.3339567,1.71527676,1.71527676
2020-01-10,84,409.5021329,4.800312996,4.800312996
2020-01-10,88,837.9335759,9.190154306,9.190154306
2020-01-10,89,902.9713407,10.67510965,10.67510965
2020-01-10,90,319.3375941,4.302638099,4.302638099
2020-01-10,92,635.2343032,6.57356607,6.57356607
2020-01-10,93,324.6860519,3.456079631,3.456079631
2020-01-10,95,295.1389766,3.516177595,3.516177595
2020-01-10,96,1026.14411,10.94226766,10.94226766
2020-01-10,97,347.6069929,3.649566389,3.649566389
2020-01-10,98,622.3378565,7.706714802,7.706714802
2020-01-11,10,1236.87664,13.55139337,13.55139337
2020-01-11,103,447.4327555,5.120673669,5.120673669
2020-01-11,105,1124.511475,11.28381201,11.28381201
2020-01-11,108,376.3883414,4.356853231,4.356853231
2020-01-11,11,893.1998465,10.23746956,10.23746956
2020-01-11,110,1242.490591,13.55139337,13.55139337
2020-01-11,111,895.7150349,10.23746956,10.23746956
2020-01-11,115,530.4827136,6.080773861,6.080773861
2020-01-11,118,293.9920138,3.680955327,3.680955327
2020-01-11,119,264.8421652,3.966009912,3.966009912
2020-01-11,120,709.0630132,8.208197982,8.208197982
2020-01-11,122,286.9447417,4.402730542,4.402730542
2020-01-11,123,146.1769677,1.75920262,1.75920262
2020-01-11,125,976.1948299,10.78305427,10.78305427
2020-01-11,126,592.9124822,6.366379271,6.366379271
2020-01-11,127,116.3637643,1.255679554,1.255679554
2020-01-11,128,1049.738254,10.9623356,10.9623356
2020-01-11,131,653.3392918,8.410804436,8.410804436
2020-01-11,133,122.2346273,2.127444016,2.127444016
2020-01-11,135,118.9265553,1.247422989,1.247422989
2020-01-11,136,259.0779552,2.783888499,2.783888499
2020-01-11,138,779.8435565,8.775877205,8.775877205
2020-01-11,139,113.6117767,1.42487439,1.42487439
2020-01-11,141,453.60536,6.546821214,6.546821214
2020-01-11,142,95.7565622,1.657774528,1.657774528
2020-01-11,144,902.5022945,10.04647585,10.04647585
2020-01-11,145,544.6412534,7.423910132,7.423910132
2020-01-11,146,370.4822381,4.208135648,4.208135648
2020-01-11,149,316.1542147,3.55020519,3.55020519
2020-01-11,15,533.6133621,6.080773861,6.080773861
2020-01-11,151,1181.076921,12.53585454,12.53585454
2020-01-11,152,668.2000482,7.872550616,7.872550616
2020-01-11,155,441.6615473,5.567062488,5.567062488
2020-01-11,157,336.6482817,3.650484475,3.650484475
2020-01-11,159,1222.320603,13.56169837,13.56169837
2020-01-11,161,109.8578982,1.710476356,1.710476356
2020-01-11,163,510.8433875,5.644201402,5.644201402
2020-01-11,164,141.067694,1.88594646,1.88594646
2020-01-11,166,833.9806501,9.982679722,9.982679722
2020-01-11,168,1929.679133,20.58794613,20.58794613
2020-01-11,169,613.1413844,8.564624985,8.564624985
2020-01-11,171,374.9141493,4.176299166,4.176299166
2020-01-11,172,320.4105845,3.276790768,3.276790768
2020-01-11,173,618.3796504,6.815548599,6.815548599
2020-01-11,174,279.2152632,3.284412095,3.284412095
2020-01-11,175,387.6803845,4.550304581,4.550304581
2020-01-11,177,437.0177786,5.843272847,5.843272847
2020-01-11,18,293.5656609,3.680955327,3.680955327
2020-01-11,180,362.9076997,4.555978494,4.555978494
2020-01-11,181,413.0117038,5.519239968,5.519239968
2020-01-11,183,133.5556529,1.510569713,1.510569713
2020-01-11,184,409.1070261,4.390335729,4.390335729
2020-01-11,188,830.9961998,9.987250887,9.987250887
2020-01-11,189,902.085988,10.20350946,10.20350946
2020-01-11,19,264.7541057,3.966009912,3.966009912
2020-01-11,190,317.8128294,3.759329593,3.759329593
2020-01-11,192,634.6183399,7.772048599,7.772048599
2020-01-11,193,310.5507132,3.844471974,3.844471974
2020-01-11,195,294.9248625,4.348601384,4.348601384
2020-01-11,196,1022.678962,11.50718789,11.50718789
2020-01-11,197,340.8668876,4.129151566,4.129151566
2020-01-11,198,615.7874695,8.244891503,8.244891503
2020-01-11,20,704.139624,8.208197982,8.208197982
2020-01-11,22,282.4321842,4.402730542,4.402730542
2020-01-11,23,148.4602217,1.75920262,1.75920262
2020-01-11,25,982.1220808,10.78305427,10.78305427
2020-01-11,26,591.1926125,6.366379271,6.366379271
2020-01-11,27,114.2167202,1.255679554,1.255679554
2020-01-11,28,1068.429396,10.9623356,10.9623356
2020-01-11,3,459.2680035,5.120673669,5.120673669
2020-01-11,31,654.8368973,8.410804436,8.410804436
2020-01-11,33,122.231877,2.127444016,2.127444016
2020-01-11,35,117.4929964,1.247422989,1.247422989
2020-01-11,36,256.6642701,2.783888499,2.783888499
2020-01-11,38,778.0816831,8.775877205,8.775877205
2020-01-11,39,112.3778709,1.42487439,1.42487439
2020-01-11,41,446.8755046,6.546821214,6.546821214
2020-01-11,42,97.2410674,1.657774528,1.657774528
2020-01-11,44,914.3085974,10.04647585,10.04647585
2020-01-11,45,544.0021607,7.423910132,7.423910132
2020-01-11,46,371.1330279,4.208135648,4.208135648
2020-01-11,49,316.9508487,3.55020519,3.55020519
2020-01-11,5,1122.442951,11.28381201,11.28381201
2020-01-11,51,1182.72577,12.53585454,12.53585454
2020-01-11,52,679.7732095,7.872550616,7.872550616
2020-01-11,55,450.642773,5.567062488,5.567062488
2020-01-11,57,339.7207072,3.650484475,3.650484475
2020-01-11,59,1211.10058,13.56169837,13.56169837
2020-01-11,61,111.8786485,1.710476356,1.710476356
2020-01-11,63,507.7498042,5.644201402,5.644201402
2020-01-11,64,145.5988725,1.88594646,1.88594646
2020-01-11,66,837.1677474,9.982679722,9.982679722
2020-01-11,68,1924.481599,20.58794613,20.58794613
2020-01-11,69,609.7015621,8.564624985,8.564624985
2020-01-11,71,374.7857889,4.176299166,4.176299166
2020-01-11,72,311.5437529,3.276790768,3.276790768
2020-01-11,73,602.7354052,6.815548599,6.815548599
2020-01-11,74,281.5209317,3.284412095,3.284412095
2020-01-11,75,391.5507391,4.550304581,4.550304581
2020-01-11,77,436.5299295,5.843272847,5.843272847
2020-01-11,8,378.2917365,4.356853231,4.356853231
2020-01-11,80,354.6127659,4.555978494,4.555978494
2020-01-11,81,411.9819525,5.519239968,5.519239968
2020-01-11,83,133.3864652,1.510569713,1.510569713
2020-01-11,84,412.7919154,4.390335729,4.390335729
2020-01-11,88,836.1529109,9.987250887,9.987250887
2020-01-11,89,900.5313032,10.20350946,10.20350946
2020-01-11,90,314.0612232,3.759329593,3.759329593
2020-01-11,92,634.0441357,7.772048599,7.772048599
2020-01-11,93,321.6421321,3.844471974,3.844471974
2020-01-11,95,292.9465491,4.348601384,4.348601384
2020-01-11,96,1017.35599,11.50718789,11.50718789
2020-01-11,97,343.2480331,4.129151566,4.129151566
2020-01-11,98,615.8999967,8.244891503,8.244891503
2020-01-12,10,1240.915976,13.65862699,13.65862699
2020-01-12,103,452.7317118,5.424690101,5.424690101
2020-01-12,105,1144.246506,11.34785854,11.34785854
2020-01-12,108,365.9902873,4.506062508,4.506062508
2020-01-12,11,883.7707118,11.77618266,11.77618266
2020-01-12,110,1240.772109,13.65862699,13.65862699
2020-01-12,111,893.5024084,11.77618266,11.77618266
2020-01-12,115,517.7355273,6.094923406,6.094923406
2020-01-12,118,294.1493837,3.578380844,3.578380844
2020-01-12,119,260.3980539,3.384999307,3.384999307
2020-01-12,120,703.6970008,8.928474032,8.928474032
2020-01-12,122,280.2571139,3.350376392,3.350376392
2020-01-12,123,146.3766767,1.847039796,1.847039796
2020-01-12,125,977.9540145,11.26434488,11.26434488
2020-01-12,126,587.8250736,6.490155836,6.490155836
2020-01-12,127,114.459659,1.833718941,1.833718941
2020-01-12,128,1057.185893,11.46629605,11.46629605
2020-01-12,131,636.8097916,7.478198396,7.478198396
2020-01-12,133,119.9234687,1.45045318,1.45045318
2020-01-12,135,116.8409254,1.361081347,1.361081347
2020-01-12,136,257.3771853,2.962855464,2.962855464
2020-01-12,138,806.4610512,8.508151738,8.508151738
2020-01-12,139,110.8720747,1.58427448,1.58427448
2020-01-12,141,440.2091393,6.362733191,6.362733191
2020-01-12,142,96.94974052,1.360017097,1.360017097
2020-01-12,144,927.1822862,9.3895495,9.3895495
2020-01-12,145,531.3865764,6.357960152,6.357960152
2020-01-12,146,371.3564369,4.244612792,4.244612792
2020-01-12,149,307.9276125,4.121003177,4.121003177
2020-01-12,15,521.9343546,6.094923406,6.094923406
2020-01-12,151,1193.081747,13.65949354,13.65949354
2020-01-12,152,668.7821962,7.391877253,7.391877253
2020-01-12,155,443.3300235,5.261714851,5.261714851
2020-01-12,157,339.9175226,4.328917503,4.328917503
2020-01-12,159,1183.313782,13.73288672,13.73288672
2020-01-12,161,108.8181218,1.653070791,1.653070791
2020-01-12,163,502.0622565,5.296291084,5.296291084
2020-01-12,164,142.3730947,2.301418654,2.301418654
2020-01-12,166,836.4234403,9.896070323,9.896070323
2020-01-12,168,1830.555454,20.73717796,20.73717796
2020-01-12,169,608.576662,7.783386582,7.783386582
2020-01-12,171,368.7900011,4.712275519,4.712275519
2020-01-12,172,316.5479953,4.581806247,4.581806247
2020-01-12,173,600.2508572,6.183624833,6.183624833
2020-01-12,174,280.7892637,3.233439449,3.233439449
2020-01-12,175,375.0503323,4.740630079,4.740630079
2020-01-12,177,432.0507418,5.106734851,5.106734851
2020-01-12,18,295.5347994,3.578380844,3.578380844
2020-01-12,180,349.1344828,4.891710365,4.891710365
2020-01-12,181,401.6872239,4.53654965,4.53654965
2020-01-12,183,131.526253,1.773231385,1.773231385
2020-01-12,184,409.9541726,4.728347744,4.728347744
2020-01-12,188,847.0593638,9.177845256,9.177845256
2020-01-12,189,877.0386684,10.74484131,10.74484131
2020-01-12,19,259.6603466,3.384999307,3.384999307
2020-01-12,190,315.7231827,3.739779734,3.739779734
2020-01-12,192,628.2511185,7.464095893,7.464095893
2020-01-12,193,318.8531948,3.783832549,3.783832549
2020-01-12,195,287.6172443,4.362391049,4.362391049
2020-01-12,196,1046.551192,11.32556953,11.32556953
2020-01-12,197,328.2818132,3.382395911,3.382395911
2020-01-12,198,613.0630207,6.958086548,6.958086548
2020-01-12,20,703.5116722,8.928474032,8.928474032
2020-01-12,22,280.8506209,3.350376392,3.350376392
2020-01-12,23,145.3776244,1.847039796,1.847039796
2020-01-12,25,983.1596535,11.26434488,11.26434488
2020-01-12,26,585.5068429,6.490155836,6.490155836
2020-01-12,27,114.7117899,1.833718941,1.833718941
2020-01-12,28,1059.250166,11.46629605,11.46629605
2020-01-12,3,453.151405,5.424690101,5.424690101
2020-01-12,31,646.7402061,7.478198396,7.478198396
2020-01-12,33,120.5260026,1.45045318,1.45045318
2020-01-12,35,118.082329,1.361081347,1.361081347
2020-01-12,36,257.1324883,2.962855464,2.962855464
2020-01-12,38,784.3717266,8.508151738,8.508151738
2020-01-12,39,111.8947185,1.58427448,1.58427448
2020-01-12,41,435.3950338,6.362733191,6.362733191
2020-01-12,42,96.2849997,1.360017097,1.360017097
2020-01-12,44,925.5689782,9.3895495,9.3895495
2020-01-12,45,536.8530338,6.357960152,6.357960152
2020-01-12,46,366.4370305,4.244612792,4.244612792
2020-01-12,49,312.3649692,4.121003177,4.121003177
2020-01-12,5,1114.013068,11.34785854,11.34785854
2020-01-12,51,1173.778925,13.65949354,13.65949354
2020-01-12,52,678.4923158,7.391877253,7.391877253
2020-01-12,55,443.3316549,5.261714851,5.261714851
2020-01-12,57,340.050272,4.328917503,4.328917503
2020-01-12,59,1204.280733,13.73288672,13.73288672
2020-01-12,61,110.2687378,1.653070791,1.653070791
2020-01-12,63,495.9038133,5.296291084,5.296291084
2020-01-12,64,141.7586923,2.301418654,2.301418654
2020-01-12,66,835.1325212,9.896070323,9.896070323
2020-01-12,68,1845.066693,20.73717796,20.73717796
2020-01-12,69,612.7049748,7.783386582,7.783386582
2020-01-12,71,371.5182573,4.712275519,4.712275519
2020-01-12,72,314.0991703,4.581806247,4.581806247
2020-01-12,73,599.9525832,6.183624833,6.183624833
2020-01-12,74,277.4412181,3.233439449,3.233439449
2020-01-12,75,386.5429148,4.740630079,4.740630079
2020-01-12,77,433.3267773,5.106734851,5.106734851
2020-01-12,8,368.8143201,4.506062508,4.506062508
2020-01-12,80,347.1875759,4.891710365,4.891710365
2020-01-12,81,404.3171816,4.53654965,4.53654965
2020-01-12,83,132.1843675,1.773231385,1.773231385
2020-01-12,84,407.505981,4.728347744,4.728347744
2020-01-12,88,841.2478092,9.177845256,9.177845256
2020-01-12,89,881.4322155,10.74484131,10.74484131
2020-01-12,90,310.5744219,3.739779734,3.739779734
2020-01-12,92,621.865947,7.464095893,7.464095893
2020-01-12,93,317.0240515,3.783832549,3.783832549
2020-01-12,95,288.6072377,4.362391049,4.362391049
2020-01-12,96,1021.462914,11.32556953,11.32556953
2020-01-12,97,337.055057,3.382395911,3.382395911
2020-01-12,98,613.4305854,6.958086548,6.958086548
2020-01-13,10,1257.174414,15.13991778,15.13991778
2020-01-13,103,455.1554188,5.514848227,5.514848227
2020-01-13,105,1117.522774,11.29029858,11.29029858
2020-01-13,108,373.7109503,5.514965646,5.514965646
2020-01-13,11,882.3096816,10.33769681,10.33769681
2020-01-13,110,1250.289418,15.13991778,15.13991778
2020-01-13,111,885.0796433,10.33769681,10.33769681
2020-01-13,115,514.0796475,6.328974859,6.328974859
2020-01-13,118,300.9867699,4.121852484,4.121852484
2020-01-13,119,257.4522904,3.669882696,3.669882696
2020-01-13,120,692.1368143,9.013122584,9.013122584
2020-01-13,122,274.7805846,4.503984152,4.503984152
2020-01-13,123,147.1887784,1.767490915,1.767490915
2020-01-13,125,978.6674916,11.74627146,11.74627146
2020-01-13,126,577.6118056,6.269386152,6.269386152
2020-01-13,127,114.2634277,2.288604284,2.288604284
2020-01-13,128,1073.743679,11.6283507,11.6283507
2020-01-13,131,642.5213773,8.699624862,8.699624862
2020-01-13,133,118.653035,2.283558706,2.283558706
2020-01-13,135,119.2227711,1.749665023,1.749665023
2020-01-13,136,268.5396397,4.147839627,4.147839627
2020-01-13,138,775.4723315,9.078191868,9.078191868
2020-01-13,139,107.844809,1.782998923,1.782998923
2020-01-13,141,435.3938232,4.49360638,4.49360638
2020-01-13,142,93.66730759,1.237670603,1.237670603
2020-01-13,144,930.5398751,10.46989636,10.46989636
2020-01-13,145,542.5226831,6.144224775,6.144224775
2020-01-13,146,379.0447182,4.440589032,4.440589032
2020-01-13,149,315.8648936,3.933965704,3.933965704
2020-01-13,15,517.3969166,6.328974859,6.328974859
2020-01-13,151,1173.641723,14.73902458,14.73902458
2020-01-13,152,653.813248,7.372285506,7.372285506
2020-01-13,155,440.1643756,4.463441748,4.463441748
2020-01-13,157,341.8776842,4.157436922,4.157436922
2020-01-13,159,1200.453491,13.32699801,13.32699801
2020-01-13,161,109.0983072,1.398317941,1.398317941
2020-01-13,163,495.8551356,5.694756457,5.694756457
2020-01-13,164,137.7239083,2.525392272,2.525392272
2020-01-13,166,843.5195986,11.08175185,11.08175185
2020-01-13,168,1781.613854,20.16558821,20.16558821
2020-01-13,169,623.0869525,7.353971086,7.353971086
2020-01-13,171,376.0390503,5.199589374,5.199589374
2020-01-13,172,313.7502704,3.635015537,3.635015537
2020-01-13,173,604.3746428,6.720303597,6.720303597
2020-01-13,174,280.2705415,4.477428889,4.477428889
2020-01-13,175,393.9013365,4.639537131,4.639537131
2020-01-13,177,432.7644905,4.618662686,4.618662686
2020-01-13,18,299.9113636,4.121852484,4.121852484
2020-01-13,180,345.8939427,4.906539447,4.906539447
2020-01-13,181,401.4328675,4.624838578,4.624838578
2020-01-13,183,129.1915763,1.389543329,1.389543329
2020-01-13,184,401.1785499,4.629877794,4.629877794
2020-01-13,188,833.0907657,9.154314408,9.154314408
2020-01-13,189,872.4344995,10.60190655,10.60190655
2020-01-13,19,257.9782238,3.669882696,3.669882696
2020-01-13,190,312.8871471,3.89894205,3.89894205
2020-01-13,192,624.7059815,6.93980981,6.93980981
2020-01-13,193,311.7950886,3.493679364,3.493679364
2020-01-13,195,289.5229527,3.497993274,3.497993274
2020-01-13,196,1046.630532,11.95345701,11.95345701
2020-01-13,197,331.3900749,3.496068788,3.496068788
2020-01-13,198,615.6833368,8.041492319,8.041492319
2020-01-13,20,704.9476548,9.013122584,9.013122584
2020-01-13,22,277.1997425,4.503984152,4.503984152
2020-01-13,23,146.8989703,1.767490915,1.767490915
2020-01-13,25,975.6070958,11.74627146,11.74627146
2020-01-13,26,579.834663,6.269386152,6.269386152
2020-01-13,27,113.5150664,2.288604284,2.288604284
2020-01-13,28,1068.703002,11.6283507,11.6283507
2020-01-13,3,458.4896082,5.514848227,5.514848227
2020-01-13,31,649.3410722,8.699624862,8.699624862
2020-01-13,33,119.6124961,2.283558706,2.283558706
2020-01-13,35,118.2672348,1.749665023,1.749665023
2020-01-13,36,267.5710242,4.147839627,4.147839627
2020-01-13,38,787.4129354,9.078191868,9.078191868
2020-01-13,39,108.7560238,1.782998923,1.782998923
2020-01-13,41,436.3751194,4.49360638,4.49360638
2020-01-13,42,94.19112579,1.237670603,1.237670603
2020-01-13,44,928.0523636,10.46989636,10.46989636
2020-01-13,45,530.4943738,6.144224775,6.144224775
2020-01-13,46,371.9430821,4.440589032,4.440589032
2020-01-13,49,317.8412441,3.933965704,3.933965704
2020-01-13,5,1108.914029,11.29029858,11.29029858
2020-01-13,51,1179.494483,14.73902458,14.73902458
2020-01-13,52,666.6470375,7.372285506,7.372285506
2020-01-13,55,431.1758759,4.463441748,4.463441748
2020-01-13,57,343.4717625,4.157436922,4.157436922
2020-01-13,59,1205.103196,13.32699801,13.32699801
2020-01-13,61,109.4732805,1.398317941,1.398317941
2020-01-13,63,498.7674325,5.694756457,5.694756457
2020-01-13,64,139.8524669,2.525392272,2.525392272
2020-01-13,66,830.3573348,11.08175185,11.08175185
2020-01-13,68,1812.391167,20.16558821,20.16558821
2020-01-13,69,607.7912267,7.353971086,7.353971086
2020-01-13,71,372.2200885,5.199589374,5.199589374
2020-01-13,72,315.8563585,3.635015537,3.635015537
2020-01-13,73,603.5627051,6.720303597,6.720303597
2020-01-13,74,274.8904572,4.477428889,4.477428889
2020-01-13,75,393.8349768,4.639537131,4.639537131
2020-01-13,77,432.2354294,4.618662686,4.618662686
2020-01-13,8,374.5059251,5.514965646,5.514965646
2020-01-13,80,349.8500664,4.906539447,4.906539447
2020-01-13,81,401.2376312,4.624838578,4.624838578
2020-01-13,83,131.4670517,1.389543329,1.389543329
2020-01-13,84,404.2112304,4.629877794,4.629877794
2020-01-13,88,837.3128913,9.154314408,9.154314408
2020-01-13,89,869.54662,10.60190655,10.60190655
2020-01-13,90,313.9271495,3.89894205,3.89894205
2020-01-13,92,620.2697865,6.93980981,6.93980981
2020-01-13,93,313.4212144,3.493679364,3.493679364
2020-01-13,95,288.9278824,3.497993274,3.497993274
2020-01-13,96,1043.711824,11.95345701,11.95345701
2020-01-13,97,338.5642993,3.496068788,3.496068788
2020-01-13,98,620.5068733,8.041492319,8.041492319
2020-01-14,10,1259.8088,15.65043333,15.65043333
2020-01-14,103,451.6254788,4.729354256,4.729354256
2020-01-14,105,1076.426617,11.39106844,11.39106844
2020-01-14,108,365.2972421,4.405037795,4.405037795
2020-01-14,11,881.3944026,9.820987351,9.820987351
2020-01-14,110,1259.827128,15.65043333,15.65043333
2020-01-14,111,884.0446404,9.820987351,9.820987351
2020-01-14,115,532.2856229,6.807502616,6.807502616
2020-01-14,118,302.8234431,3.29180585,3.29180585
2020-01-14,119,261.8079346,3.14576089,3.14576089
2020-01-14,120,712.1308615,8.829726119,8.829726119
2020-01-14,122,279.4639883,3.768921913,3.768921913
2020-01-14,123,147.2187926,1.708194492,1.708194492
2020-01-14,125,971.079564,11.80471525,11.80471525
2020-01-14,126,607.4638408,6.899440712,6.899440712
2020-01-14,127,115.2483463,1.497478828,1.497478828
2020-01-14,128,1086.600169,12.18566125,12.18566125
2020-01-14,131,653.6165316,8.543704961,8.543704961
2020-01-14,133,122.5055354,1.576679951,1.576679951
2020-01-14,135,117.0069591,1.361329913,1.361329913
2020-01-14,136,273.3191984,3.470547029,3.470547029
2020-01-14,138,790.722801,9.710569059,9.710569059
2020-01-14,139,108.4607202,1.671240034,1.671240034
2020-01-14,141,441.5748165,5.313147141,5.313147141
2020-01-14,142,96.36279341,1.429628689,1.429628689
2020-01-14,144,935.372299,10.8066372,10.8066372
2020-01-14,145,548.9990201,5.925089001,5.925089001
2020-01-14,146,370.5758239,4.790441875,4.790441875
2020-01-14,149,320.0556124,4.69431306,4.69431306
2020-01-14,15,532.184916,6.807502616,6.807502616
2020-01-14,151,1188.491697,13.72123396,13.72123396
2020-01-14,152,664.6623557,7.140823872,7.140823872
2020-01-14,155,435.9081561,5.149969528,5.149969528
2020-01-14,157,347.298173,4.352524186,4.352524186
2020-01-14,159,1185.220179,13.63487196,13.63487196
2020-01-14,161,111.35719,1.502345255,1.502345255
2020-01-14,163,502.2859393,5.872659867,5.872659867
2020-01-14,164,139.1833,2.219590914,2.219590914
2020-01-14,166,822.5185089,9.561719986,9.561719986
2020-01-14,168,1873.213626,19.11883072,19.11883072
2020-01-14,169,613.8296427,6.563145972,6.563145972
2020-01-14,171,386.6306879,4.252928136,4.252928136
2020-01-14,172,318.1658492,4.024677345,4.024677345
2020-01-14,173,608.9446269,6.521750453,6.521750453
2020-01-14,174,277.2387246,3.710589553,3.710589553
2020-01-14,175,391.7108801,4.225034286,4.225034286
2020-01-14,177,439.1554333,4.852258157,4.852258157
2020-01-14,18,305.3074893,3.29180585,3.29180585
2020-01-14,180,352.8600996,4.536274505,4.536274505
2020-01-14,181,397.4590698,5.217568322,5.217568322
2020-01-14,183,132.8340559,1.9407837,1.9407837
2020-01-14,184,412.9989254,5.234045813,5.234045813
2020-01-14,188,839.0936523,9.074765919,9.074765919
2020-01-14,189,895.4475463,10.77196993,10.77196993
2020-01-14,19,261.69509,3.14576089,3.14576089
2020-01-14,190,323.6407075,4.196012898,4.196012898
2020-01-14,192,639.7544359,7.816607909,7.816607909
2020-01-14,193,309.4732521,3.409260505,3.409260505
2020-01-14,195,289.1760209,4.229682543,4.229682543
2020-01-14,196,1045.02993,11.65554973,11.65554973
2020-01-14,197,331.4188062,3.471298027,3.471298027
2020-01-14,198,635.6098458,7.575919944,7.575919944
2020-01-14,20,708.8577357,8.829726119,8.829726119
2020-01-14,22,275.3905231,3.768921913,3.768921913
2020-01-14,23,151.6242157,1.708194492,1.708194492
2020-01-14,25,980.2655253,11.80471525,11.80471525
2020-01-14,26,597.9483555,6.899440712,6.899440712
2020-01-14,27,112.8215295,1.497478828,1.497478828
2020-01-14,28,1077.807728,12.18566125,12.18566125
2020-01-14,3,453.7739897,4.729354256,4.729354256
2020-01-14,31,659.4303386,8.543704961,8.543704961
2020-01-14,33,122.1942947,1.576679951,1.576679951
2020-01-14,35,120.2969297,1.361329913,1.361329913
2020-01-14,36,271.766624,3.470547029,3.470547029
2020-01-14,38,788.9804951,9.710569059,9.710569059
2020-01-14,39,109.5532062,1.671240034,1.671240034
2020-01-14,41,448.5560928,5.313147141,5.313147141
2020-01-14,42,95.87730092,1.429628689,1.429628689
2020-01-14,44,936.9842061,10.8066372,10.8066372
2020-01-14,45,541.9335822,5.925089001,5.925089001
2020-01-14,46,370.9678744,4.790441875,4.790441875
2020-01-14,49,321.0612988,4.69431306,4.69431306
2020-01-14,5,1089.201604,11.39106844,11.39106844
2020-01-14,51,1189.675764,13.72123396,13.72123396
2020-01-14,52,669.1698158,7.140823872,7.140823872
2020-01-14,55,432.8981902,5.149969528,5.149969528
2020-01-14,57,349.040164,4.352524186,4.352524186
2020-01-14,59,1202.341166,13.63487196,13.63487196
2020-01-14,61,110.3465016,1.502345255,1.502345255
2020-01-14,63,503.2320866,5.872659867,5.872659867
2020-01-14,64,141.2029577,2.219590914,2.219590914
2020-01-14,66,820.89803,9.561719986,9.561719986
2020-01-14,68,1822.700129,19.11883072,19.11883072
2020-01-14,69,612.471282,6.563145972,6.563145972
2020-01-14,71,381.0289303,4.252928136,4.252928136
2020-01-14,72,317.5840299,4.024677345,4.024677345
2020-01-14,73,606.0521696,6.521750453,6.521750453
2020-01-14,74,276.0634243,3.710589553,3.710589553
2020-01-14,75,392.1240748,4.225034286,4.225034286
2020-01-14,77,427.2518654,4.852258157,4.852258157
2020-01-14,8,371.6883552,4.405037795,4.405037795
2020-01-14,80,351.1008879,4.536274505,4.536274505
2020-01-14,81,403.2939529,5.217568322,5.217568322
2020-01-14,83,134.5607701,1.9407837,1.9407837
2020-01-14,84,409.3028048,5.234045813,5.234045813
2020-01-14,88,832.61862,9.074765919,9.074765919
2020-01-14,89,893.9312519,10.77196993,10.77196993
2020-01-14,90,318.3441856,4.196012898,4.196012898
2020-01-14,92,631.8429271,7.816607909,7.816607909
2020-01-14,93,319.2843164,3.409260505,3.409260505
2020-01-14,95,291.9289329,4.229682543,4.229682543
2020-01-14,96,1065.887633,11.65554973,11.65554973
2020-01-14,97,337.5924158,3.471298027,3.471298027
2020-01-14,98,631.9680964,7.575919944,7.575919944
2020-01-15,10,1255.946292,14.45559761,14.45559761
2020-01-15,103,456.1194777,5.008694143,5.008694143
2020-01-15,105,1080.589523,11.67706173,11.67706173
2020-01-15,108,371.8594984,4.36092397,4.36092397
2020-01-15,11,878.9387277,10.44894333,10.44894333
2020-01-15,110,1265.211217,14.45559761,14.45559761
2020-01-15,111,878.6434602,10.44894333,10.44894333
2020-01-15,115,529.0505221,5.514982239,5.514982239
2020-01-15,118,304.3787094,3.695688405,3.695688405
2020-01-15,119,260.4903851,4.073561291,4.073561291
2020-01-15,120,712.0446817,9.366607895,9.366607895
2020-01-15,122,270.5919259,3.016388277,3.016388277
2020-01-15,123,147.1904604,1.676010258,1.676010258
2020-01-15,125,981.8851213,10.86462496,10.86462496
2020-01-15,126,585.9341751,6.941595714,6.941595714
2020-01-15,127,111.4305029,1.206173878,1.206173878
2020-01-15,128,1081.172441,11.75249766,11.75249766
2020-01-15,131,668.1821675,7.079362709,7.079362709
2020-01-15,133,121.9600553,1.754748243,1.754748243
2020-01-15,135,122.9548113,1.406732241,1.406732241
2020-01-15,136,266.9462983,3.122434976,3.122434976
2020-01-15,138,794.1043947,9.292939135,9.292939135
2020-01-15,139,111.8511311,1.893696683,1.893696683
2020-01-15,141,442.1048106,5.215998783,5.215998783
2020-01-15,142,96.4205363,1.420745481,1.420745481
2020-01-15,144,959.1634518,9.765879986,9.765879986
2020-01-15,145,547.9462011,6.261001971,6.261001971
2020-01-15,146,367.3955038,4.54679275,4.54679275
2020-01-15,149,321.4545058,3.910436182,3.910436182
2020-01-15,15,527.0466983,5.514982239,5.514982239
2020-01-15,151,1201.349839,14.78316642,14.78316642
2020-01-15,152,665.2257714,7.417534682,7.417534682
2020-01-15,155,430.4736226,5.628469052,5.628469052
2020-01-15,157,346.9254048,3.731135639,3.731135639
2020-01-15,159,1213.639373,12.70137076,12.70137076
2020-01-15,161,110.6060438,1.315724993,1.315724993
2020-01-15,163,512.2502072,5.949379203,5.949379203
2020-01-15,164,142.5499524,2.178352954,2.178352954
2020-01-15,166,818.1176251,9.57392433,9.57392433
2020-01-15,168,1841.039168,20.2405989,20.2405989
2020-01-15,169,624.6535422,7.592646053,7.592646053
2020-01-15,171,384.7076343,4.777902846,4.777902846
2020-01-15,172,304.1739681,3.674763801,3.674763801
2020-01-15,173,607.3982197,6.504221826,6.504221826
2020-01-15,174,279.261423,3.003089656,3.003089656
2020-01-15,175,389.9105559,4.713956745,4.713956745
2020-01-15,177,429.2592912,4.478934042,4.478934042
2020-01-15,18,300.4012094,3.695688405,3.695688405
2020-01-15,180,337.9941214,4.257797997,4.257797997
2020-01-15,181,403.4897576,5.452411353,5.452411353
2020-01-15,183,131.5198988,1.735202962,1.735202962
2020-01-15,184,395.7772632,4.367023693,4.367023693
2020-01-15,188,848.8995065,10.58320372,10.58320372
2020-01-15,189,905.1263892,11.18574657,11.18574657
2020-01-15,19,260.6591261,4.073561291,4.073561291
2020-01-15,190,318.0344101,3.547809792,3.547809792
2020-01-15,192,614.5746137,7.602584998,7.602584998
2020-01-15,193,310.0367856,3.311905565,3.311905565
2020-01-15,195,290.9365882,4.239090426,4.239090426
2020-01-15,196,1091.397253,11.05964312,11.05964312
2020-01-15,197,343.0963605,3.921472591,3.921472591
2020-01-15,198,631.3860124,7.574311152,7.574311152
2020-01-15,20,716.0492305,9.366607895,9.366607895
2020-01-15,22,272.2022608,3.016388277,3.016388277
2020-01-15,23,148.5781183,1.676010258,1.676010258
2020-01-15,25,995.2689681,10.86462496,10.86462496
2020-01-15,26,583.0620377,6.941595714,6.941595714
2020-01-15,27,111.1562108,1.206173878,1.206173878
2020-01-15,28,1076.002109,11.75249766,11.75249766
2020-01-15,3,450.0177589,5.008694143,5.008694143
2020-01-15,31,668.0618317,7.079362709,7.079362709
2020-01-15,33,120.8516402,1.754748243,1.754748243
2020-01-15,35,120.9176746,1.406732241,1.406732241
2020-01-15,36,269.2115147,3.122434976,3.122434976
2020-01-15,38,803.5713518,9.292939135,9.292939135
2020-01-15,39,111.2987128,1.893696683,1.893696683
2020-01-15,41,440.0877319,5.215998783,5.215998783
2020-01-15,42,96.34522295,1.420745481,1.420745481
2020-01-15,44,939.324261,9.765879986,9.765879986
2020-01-15,45,549.757683,6.261001971,6.261001971
2020-01-15,46,368.4012974,4.54679275,4.54679275
2020-01-15,49,323.4347503,3.910436182,3.910436182
2020-01-15,5,1075.71471,11.67706173,11.67706173
2020-01-15,51,1187.798705,14.78316642,14.78316642
2020-01-15,52,661.0522667,7.417534682,7.417534682
2020-01-15,55,433.450614,5.628469052,5.628469052
2020-01-15,57,347.6509834,3.731135639,3.731135639
2020-01-15,59,1205.455216,12.70137076,12.70137076
2020-01-15,61,111.9944163,1.315724993,1.315724993
2020-01-15,63,507.3106189,5.949379203,5.949379203
2020-01-15,64,143.3319104,2.178352954,2.178352954
2020-01-15,66,823.6709232,9.57392433,9.57392433
2020-01-15,68,1828.697799,20.2405989,20.2405989
2020-01-15,69,611.2475302,7.592646053,7.592646053
2020-01-15,71,381.7668818,4.777902846,4.777902846
2020-01-15,72,307.6794098,3.674763801,3.674763801
2020-01-15,73,607.5643532,6.504221826,6.504221826
2020-01-15,74,277.8267773,3.003089656,3.003089656
2020-01-15,75,388.5607781,4.713956745,4.713956745
2020-01-15,77,430.9154931,4.478934042,4.478934042
2020-01-15,8,370.0478744,4.36092397,4.36092397
2020-01-15,80,346.9136376,4.257797997,4.257797997
2020-01-15,81,403.791604,5.452411353,5.452411353
2020-01-15,83,131.3479834,1.735202962,1.735202962
2020-01-15,84,402.0824844,4.367023693,4.367023693
2020-01-15,88,847.3092365,10.58320372,10.58320372
2020-01-15,89,896.3480163,11.18574657,11.18574657
2020-01-15,90,317.2215423,3.547809792,3.547809792
2020-01-15,92,619.1855498,7.602584998,7.602584998
2020-01-15,93,314.4616238,3.311905565,3.311905565
2020-01-15,95,292.8087206,4.239090426,4.239090426
2020-01-15,96,1075.793077,11.05964312,11.05964312
2020-01-15,97,340.6932136,3.921472591,3.921472591
2020-01-15,98,634.2073033,7.574311152,7.574311152
2020-01-16,10,1270.972294,15.3071019,15.3071019
2020-01-16,103,456.9261312,5.862605445,5.862605445
2020-01-16,105,1134.419641,11.70342004,11.70342004
2020-01-16,108,370.1999796,4.845222587,4.845222587
2020-01-16,11,885.6803905,9.618207238,9.618207238
2020-01-16,110,1266.514473,15.3071019,15.3071019
2020-01-16,111,891.3485445,9.618207238,9.618207238
2020-01-16,115,532.5315354,5.667876976,5.667876976
2020-01-16,118,306.6376261,4.287055943,4.287055943
2020-01-16,119,256.555267,3.683361618,3.683361618
2020-01-16,120,700.4419866,8.84106797,8.84106797
2020-01-16,122,278.8185536,4.340479989,4.340479989
2020-01-16,123,158.6557719,1.6801325,1.6801325
2020-01-16,125,1002.937178,12.49762669,12.49762669
2020-01-16,126,582.0603987,6.697399643,6.697399643
2020-01-16,127,114.088264,1.417714346,1.417714346
2020-01-16,128,1086.55063,12.0816901,12.0816901
2020-01-16,131,673.9532258,7.334412303,7.334412303
2020-01-16,133,122.5667231,1.318353666,1.318353666
2020-01-16,135,122.27383,1.565669524,1.565669524
2020-01-16,136,274.2657725,3.323531056,3.323531056
2020-01-16,138,816.6167425,8.682568307,8.682568307
2020-01-16,139,110.4068894,1.227837063,1.227837063
2020-01-16,141,439.2405369,6.094622762,6.094622762
2020-01-16,142,95.76644716,1.498201267,1.498201267
2020-01-16,144,950.8961522,10.15426398,10.15426398
2020-01-16,145,559.2555294,6.026301878,6.026301878
2020-01-16,146,373.6633782,4.138986625,4.138986625
2020-01-16,149,323.9676167,5.054667389,5.054667389
2020-01-16,15,532.6206141,5.667876976,5.667876976
2020-01-16,151,1212.382648,13.64038634,13.64038634
2020-01-16,152,653.5566793,6.762396098,6.762396098
2020-01-16,155,437.8066557,5.73633454,5.73633454
2020-01-16,157,363.344295,3.629884195,3.629884195
2020-01-16,159,1217.173512,13.66580308,13.66580308
2020-01-16,161,118.6683019,2.062397309,2.062397309
2020-01-16,163,512.5523181,5.947481476,5.947481476
2020-01-16,164,140.762831,1.455702634,1.455702634
2020-01-16,166,822.2924043,9.649491893,9.649491893
2020-01-16,168,1868.699087,20.8886967,20.8886967
2020-01-16,169,617.332532,8.092198988,8.092198988
2020-01-16,171,375.6026942,4.120998557,4.120998557
2020-01-16,172,316.9177671,3.451083951,3.451083951
2020-01-16,173,607.3263343,7.861633429,7.861633429
2020-01-16,174,280.7196952,3.22845366,3.22845366
2020-01-16,175,387.8084133,4.102012271,4.102012271
2020-01-16,177,431.400354,5.364267448,5.364267448
2020-01-16,18,303.1707526,4.287055943,4.287055943
2020-01-16,180,347.862795,3.848109307,3.848109307
2020-01-16,181,410.1830851,4.942541838,4.942541838
2020-01-16,183,132.5529993,1.413781399,1.413781399
2020-01-16,184,398.788842,4.82896058,4.82896058
2020-01-16,188,877.9074838,9.99096166,9.99096166
2020-01-16,189,894.0637289,10.75826009,10.75826009
2020-01-16,19,258.8655581,3.683361618,3.683361618
2020-01-16,190,321.9667755,4.330834952,4.330834952
2020-01-16,192,631.4523836,7.831203867,7.831203867
2020-01-16,193,307.352118,3.726818127,3.726818127
2020-01-16,195,300.9078228,3.642715103,3.642715103
2020-01-16,196,1117.431072,11.91846752,11.91846752
2020-01-16,197,341.3721408,3.398956875,3.398956875
2020-01-16,198,647.4222163,7.866590438,7.866590438
2020-01-16,20,717.2709168,8.84106797,8.84106797
2020-01-16,22,276.4790369,4.340479989,4.340479989
2020-01-16,23,153.7527127,1.6801325,1.6801325
2020-01-16,25,1003.791581,12.49762669,12.49762669
2020-01-16,26,591.3052054,6.697399643,6.697399643
2020-01-16,27,114.4828133,1.417714346,1.417714346
2020-01-16,28,1080.791869,12.0816901,12.0816901
2020-01-16,3,457.4743738,5.862605445,5.862605445
2020-01-16,31,673.3728372,7.334412303,7.334412303
2020-01-16,33,124.8619851,1.318353666,1.318353666
2020-01-16,35,123.0358298,1.565669524,1.565669524
2020-01-16,36,273.6966516,3.323531056,3.323531056
2020-01-16,38,808.5269499,8.682568307,8.682568307
2020-01-16,39,110.4086877,1.227837063,1.227837063
2020-01-16,41,443.7452625,6.094622762,6.094622762
2020-01-16,42,97.18329694,1.498201267,1.498201267
2020-01-16,44,951.7108646,10.15426398,10.15426398
2020-01-16,45,554.0048207,6.026301878,6.026301878
2020-01-16,46,373.0020272,4.138986625,4.138986625
2020-01-16,49,323.0797335,5.054667389,5.054667389
2020-01-16,5,1093.451545,11.70342004,11.70342004
2020-01-16,51,1206.859851,13.64038634,13.64038634
2020-01-16,52,659.0522763,6.762396098,6.762396098
2020-01-16,55,441.7655496,5.73633454,5.73633454
2020-01-16,57,357.8484308,3.629884195,3.629884195
2020-01-16,59,1225.30105,13.66580308,13.66580308
2020-01-16,61,116.0606194,2.062397309,2.062397309
2020-01-16,63,518.6068551,5.947481476,5.947481476
2020-01-16,64,144.1717036,1.455702634,1.455702634
2020-01-16,66,833.108982,9.649491893,9.649491893
2020-01-16,68,1845.714958,20.8886967,20.8886967
2020-01-16,69,615.2774136,8.092198988,8.092198988
2020-01-16,71,380.0996205,4.120998557,4.120998557
2020-01-16,72,312.3277072,3.451083951,3.451083951
2020-01-16,73,609.5636223,7.861633429,7.861633429
2020-01-16,74,285.8914478,3.22845366,3.22845366
2020-01-16,75,392.4360773,4.102012271,4.102012271
2020-01-16,77,433.7493065,5.364267448,5.364267448
2020-01-16,8,371.9341109,4.845222587,4.845222587
2020-01-16,80,352.1958613,3.848109307,3.848109307
2020-01-16,81,409.9898108,4.942541838,4.942541838
2020-01-16,83,133.0332478,1.413781399,1.413781399
2020-01-16,84,395.1646347,4.82896058,4.82896058
2020-01-16,88,866.9922182,9.99096166,9.99096166
2020-01-16,89,903.5433325,10.75826009,10.75826009
2020-01-16,90,322.8699637,4.330834952,4.330834952
2020-01-16,92,626.472361,7.831203867,7.831203867
2020-01-16,93,312.4072829,3.726818127,3.726818127
2020-01-16,95,298.1488754,3.642715103,3.642715103
2020-01-16,96,1117.983497,11.91846752,11.91846752
2020-01-16,97,338.0883022,3.398956875,3.398956875
2020-01-16,98,644.2752925,7.866590438,7.866590438
2020-01-17,10,1284.015728,14.42995332,14.42995332
2020-01-17,103,459.8287686,5.013179215,5.013179215
2020-01-17,105,1057.374264,11.08927447,11.08927447
2020-01-17,108,371.4314837,4.287593701,4.287593701
2020-01-17,11,869.7162403,10.12867259,10.12867259
2020-01-17,110,1293.523175,14.42995332,14.42995332
2020-01-17,111,866.7631906,10.12867259,10.12867259
2020-01-17,115,524.1552531,5.509037117,5.509037117
2020-01-17,118,306.1101006,3.513396335,3.513396335
2020-01-17,119,257.4737241,3.350270929,3.350270929
2020-01-17,120,717.3276716,9.933347736,9.933347736
2020-01-17,122,279.3564515,3.855286181,3.855286181
2020-01-17,123,153.464227,1.790390943,1.790390943
2020-01-17,125,1021.406877,12.630875,12.630875
2020-01-17,126,580.5737761,6.204041152,6.204041152
2020-01-17,127,115.9190939,1.566387649,1.566387649
2020-01-17,128,1079.000936,11.45227278,11.45227278
2020-01-17,131,671.1457777,8.413541842,8.413541842
2020-01-17,133,127.2565341,1.796775174,1.796775174
2020-01-17,135,123.2477873,1.407881286,1.407881286
2020-01-17,136,269.0794034,3.051085413,3.051085413
2020-01-17,138,800.5947939,10.41690159,10.41690159
2020-01-17,139,113.7730904,1.131706629,1.131706629
2020-01-17,141,453.632741,4.87185782,4.87185782
2020-01-17,142,94.41160254,2.022960168,2.022960168
2020-01-17,144,957.1884546,9.689914509,9.689914509
2020-01-17,145,543.9476893,5.59136656,5.59136656
2020-01-17,146,370.4838619,4.294720679,4.294720679
2020-01-17,149,321.3941371,3.354076176,3.354076176
2020-01-17,15,522.8727217,5.509037117,5.509037117
2020-01-17,151,1220.453559,13.25474854,13.25474854
2020-01-17,152,651.5781816,7.106336108,7.106336108
2020-01-17,155,443.7957453,4.739588332,4.739588332
2020-01-17,157,360.5863079,4.540976393,4.540976393
2020-01-17,159,1187.138423,13.61224113,13.61224113
2020-01-17,161,111.6438558,1.612999333,1.612999333
2020-01-17,163,517.4320162,5.538618454,5.538618454
2020-01-17,164,145.019694,1.646545574,1.646545574
2020-01-17,166,832.8156787,9.916168654,9.916168654
2020-01-17,168,1878.197093,20.80524268,20.80524268
2020-01-17,169,613.8962004,7.058590389,7.058590389
2020-01-17,171,377.6427068,5.530313617,5.530313617
2020-01-17,172,315.4291295,3.411610571,3.411610571
2020-01-17,173,599.6071335,7.58572389,7.58572389
2020-01-17,174,288.9106,3.970020973,3.970020973
2020-01-17,175,384.5836097,4.050341829,4.050341829
2020-01-17,177,440.8624955,4.768216104,4.768216104
2020-01-17,18,307.2709251,3.513396335,3.513396335
2020-01-17,180,355.9408391,3.937637367,3.937637367
2020-01-17,181,394.2835051,4.574283943,4.574283943
2020-01-17,183,137.1861353,1.792549345,1.792549345
2020-01-17,184,392.3886103,5.042257047,5.042257047
2020-01-17,188,867.9792067,9.797390486,9.797390486
2020-01-17,189,895.4684295,10.50177641,10.50177641
2020-01-17,19,260.6032582,3.350270929,3.350270929
2020-01-17,190,327.2347004,4.103503424,4.103503424
2020-01-17,192,625.4460009,8.395578898,8.395578898
2020-01-17,193,320.5078633,3.216363877,3.216363877
2020-01-17,195,302.4945117,4.65599101,4.65599101
2020-01-17,196,1092.648467,11.97037438,11.97037438
2020-01-17,197,340.7904317,3.879001769,3.879001769
2020-01-17,198,655.6321623,7.266448799,7.266448799
2020-01-17,20,717.1184842,9.933347736,9.933347736
2020-01-17,22,277.4983696,3.855286181,3.855286181
2020-01-17,23,152.4037656,1.790390943,1.790390943
2020-01-17,25,1023.462645,12.630875,12.630875
2020-01-17,26,577.4238733,6.204041152,6.204041152
2020-01-17,27,115.3060419,1.566387649,1.566387649
2020-01-17,28,1071.210413,11.45227278,11.45227278
2020-01-17,3,462.5236291,5.013179215,5.013179215
2020-01-17,31,670.8381875,8.413541842,8.413541842
2020-01-17,33,125.6729176,1.796775174,1.796775174
2020-01-17,35,122.2284658,1.407881286,1.407881286
2020-01-17,36,270.2777884,3.051085413,3.051085413
2020-01-17,38,803.6138809,10.41690159,10.41690159
2020-01-17,39,111.2769396,1.131706629,1.131706629
2020-01-17,41,448.485534,4.87185782,4.87185782
2020-01-17,42,95.06433102,2.022960168,2.022960168
2020-01-17,44,953.7201773,9.689914509,9.689914509
2020-01-17,45,543.5004281,5.59136656,5.59136656
2020-01-17,46,369.5003495,4.294720679,4.294720679
2020-01-17,49,322.7768749,3.354076176,3.354076176
2020-01-17,5,1088.315856,11.08927447,11.08927447
2020-01-17,51,1201.066323,13.25474854,13.25474854
2020-01-17,52,649.2366332,7.106336108,7.106336108
2020-01-17,55,436.0448801,4.739588332,4.739588332
2020-01-17,57,359.2887804,4.540976393,4.540976393
2020-01-17,59,1191.004516,13.61224113,13.61224113
2020-01-17,61,113.0240288,1.612999333,1.612999333
2020-01-17,63,520.570575,5.538618454,5.538618454
2020-01-17,64,144.9884095,1.646545574,1.646545574
2020-01-17,66,835.7500131,9.916168654,9.916168654
2020-01-17,68,1851.469506,20.80524268,20.80524268
2020-01-17,69,616.143868,7.058590389,7.058590389
2020-01-17,71,375.5263438,5.530313617,5.530313617
2020-01-17,72,309.682429,3.411610571,3.411610571
2020-01-17,73,594.4352155,7.58572389,7.58572389
2020-01-17,74,290.558257,3.970020973,3.970020973
2020-01-17,75,380.4117052,4.050341829,4.050341829
2020-01-17,77,441.8403409,4.768216104,4.768216104
2020-01-17,8,373.6949405,4.287593701,4.287593701
2020-01-17,80,356.5080594,3.937637367,3.937637367
2020-01-17,81,399.7826635,4.574283943,4.574283943
2020-01-17,83,134.3657024,1.792549345,1.792549345
2020-01-17,84,393.5973698,5.042257047,5.042257047
2020-01-17,88,862.7733611,9.797390486,9.797390486
2020-01-17,89,904.4649166,10.50177641,10.50177641
2020-01-17,90,325.6150516,4.103503424,4.103503424
2020-01-17,92,624.7210898,8.395578898,8.395578898
2020-01-17,93,313.0126915,3.216363877,3.216363877
2020-01-17,95,299.5317135,4.65599101,4.65599101
2020-01-17,96,1118.365077,11.97037438,11.97037438
2020-01-17,97,342.8890323,3.879001769,3.879001769
2020-01-17,98,637.7710788,7.266448799,7.266448799
2020-01-18,10,1264.814556,14.07472853,14.07472853
2020-01-18,103,465.8730325,5.693063142,5.693063142
2020-01-18,105,1113.46824,11.73366437,11.73366437
2020-01-18,108,361.8375209,3.949534842,3.949534842
2020-01-18,11,860.6457934,11.10989025,11.10989025
2020-01-18,110,1272.955637,14.07472853,14.07472853
2020-01-18,111,857.0768984,11.10989025,11.10989025
2020-01-18,115,503.3095516,5.343694587,5.343694587
2020-01-18,118,304.2058332,3.901531995,3.901531995
2020-01-18,119,263.3305342,3.247678255,3.247678255
2020-01-18,120,699.7547751,8.63549624,8.63549624
2020-01-18,122,281.592559,3.207122666,3.207122666
2020-01-18,123,149.7457372,1.767007245,1.767007245
2020-01-18,125,1016.923286,11.98363621,11.98363621
2020-01-18,126,593.1476282,6.525056979,6.525056979
2020-01-18,127,114.7054853,1.17541282,1.17541282
2020-01-18,128,1045.679878,11.9073551,11.9073551
2020-01-18,131,665.3274383,7.737763978,7.737763978
2020-01-18,133,127.7507978,1.647974202,1.647974202
2020-01-18,135,116.6269672,1.275165949,1.275165949
2020-01-18,136,266.706302,3.492614336,3.492614336
2020-01-18,138,793.0956191,8.979736085,8.979736085
2020-01-18,139,110.2045542,1.713370939,1.713370939
2020-01-18,141,455.8570654,5.345998251,5.345998251
2020-01-18,142,93.78184964,1.983543777,1.983543777
2020-01-18,144,908.0779318,10.12216801,10.12216801
2020-01-18,145,551.2725471,6.671268673,6.671268673
2020-01-18,146,369.4475526,4.940919166,4.940919166
2020-01-18,149,323.712916,4.452011252,4.452011252
2020-01-18,15,514.5260026,5.343694587,5.343694587
2020-01-18,151,1181.732604,14.67710491,14.67710491
2020-01-18,152,640.3940618,6.934206313,6.934206313
2020-01-18,155,422.0724852,5.614780045,5.614780045
2020-01-18,157,358.8088521,4.236867808,4.236867808
2020-01-18,159,1150.649715,12.34590267,12.34590267
2020-01-18,161,111.5574941,1.249849341,1.249849341
2020-01-18,163,525.0966699,5.568533139,5.568533139
2020-01-18,164,149.0819009,2.186871752,2.186871752
2020-01-18,166,826.2681033,10.6132893,10.6132893
2020-01-18,168,1821.450501,20.98374668,20.98374668
2020-01-18,169,607.8592507,7.125314017,7.125314017
2020-01-18,171,375.2441335,4.743335703,4.743335703
2020-01-18,172,310.802915,4.269227506,4.269227506
2020-01-18,173,573.8260127,7.250288288,7.250288288
2020-01-18,174,287.6347038,4.89073875,4.89073875
2020-01-18,175,388.9313137,4.369375666,4.369375666
2020-01-18,177,435.0619184,4.81426832,4.81426832
2020-01-18,18,304.8011011,3.901531995,3.901531995
2020-01-18,180,357.9974969,3.862618963,3.862618963
2020-01-18,181,398.9738812,4.33529074,4.33529074
2020-01-18,183,133.9745015,1.371178469,1.371178469
2020-01-18,184,393.7020393,5.224430195,5.224430195
2020-01-18,188,850.8806383,9.487305739,9.487305739
2020-01-18,189,903.0149283,9.7524856,9.7524856
2020-01-18,19,260.7421989,3.247678255,3.247678255
2020-01-18,190,323.7370656,4.209571038,4.209571038
2020-01-18,192,627.3814151,7.171073927,7.171073927
2020-01-18,193,308.0846898,3.14219287,3.14219287
2020-01-18,195,300.1400923,4.250664736,4.250664736
2020-01-18,196,1111.734619,11.4886813,11.4886813
2020-01-18,197,341.3431895,3.502001295,3.502001295
2020-01-18,198,626.0864545,8.091719989,8.091719989
2020-01-18,20,696.7876216,8.63549624,8.63549624
2020-01-18,22,275.724449,3.207122666,3.207122666
2020-01-18,23,150.7681799,1.767007245,1.767007245
2020-01-18,25,1009.58922,11.98363621,11.98363621
2020-01-18,26,580.570784,6.525056979,6.525056979
2020-01-18,27,115.237618,1.17541282,1.17541282
2020-01-18,28,1053.423299,11.9073551,11.9073551
2020-01-18,3,463.6493606,5.693063142,5.693063142
2020-01-18,31,659.0681021,7.737763978,7.737763978
2020-01-18,33,126.4581052,1.647974202,1.647974202
2020-01-18,35,120.8568941,1.275165949,1.275165949
2020-01-18,36,266.9121221,3.492614336,3.492614336
2020-01-18,38,795.5128102,8.979736085,8.979736085
2020-01-18,39,112.2104522,1.713370939,1.713370939
2020-01-18,41,456.8229304,5.345998251,5.345998251
2020-01-18,42,92.52056772,1.983543777,1.983543777
2020-01-18,44,920.2394373,10.12216801,10.12216801
2020-01-18,45,540.0979071,6.671268673,6.671268673
2020-01-18,46,367.8813695,4.940919166,4.940919166
2020-01-18,49,318.4513756,4.452011252,4.452011252
2020-01-18,5,1100.784217,11.73366437,11.73366437
2020-01-18,51,1201.46425,14.67710491,14.67710491
2020-01-18,52,644.5124147,6.934206313,6.934206313
2020-01-18,55,425.0873631,5.614780045,5.614780045
2020-01-18,57,356.8604446,4.236867808,4.236867808
2020-01-18,59,1155.210486,12.34590267,12.34590267
2020-01-18,61,110.8993269,1.249849341,1.249849341
2020-01-18,63,521.3373025,5.568533139,5.568533139
2020-01-18,64,146.4172495,2.186871752,2.186871752
2020-01-18,66,825.7187713,10.6132893,10.6132893
2020-01-18,68,1845.169765,20.98374668,20.98374668
2020-01-18,69,606.7056847,7.125314017,7.125314017
2020-01-18,71,375.6946294,4.743335703,4.743335703
2020-01-18,72,309.7192922,4.269227506,4.269227506
2020-01-18,73,577.4560937,7.250288288,7.250288288
2020-01-18,74,288.4137228,4.89073875,4.89073875
2020-01-18,75,386.0686146,4.369375666,4.369375666
2020-01-18,77,435.0263889,4.81426832,4.81426832
2020-01-18,8,370.1862151,3.949534842,3.949534842
2020-01-18,80,358.5516638,3.862618963,3.862618963
2020-01-18,81,396.4139434,4.33529074,4.33529074
2020-01-18,83,131.8276124,1.371178469,1.371178469
2020-01-18,84,393.1039864,5.224430195,5.224430195
2020-01-18,88,847.6195493,9.487305739,9.487305739
2020-01-18,89,895.3946883,9.7524856,9.7524856
2020-01-18,90,316.8328932,4.209571038,4.209571038
2020-01-18,92,623.315067,7.171073927,7.171073927
2020-01-18,93,311.1248868,3.14219287,3.14219287
2020-01-18,95,301.5139123,4.250664736,4.250664736
2020-01-18,96,1105.811468,11.4886813,11.4886813
2020-01-18,97,341.8557919,3.502001295,3.502001295
2020-01-18,98,638.3208701,8.091719989,8.091719989
2020-01-19,10,1254.443966,14.1934249,14.1934249
2020-01-19,103,468.4362672,5.275288756,5.275288756
2020-01-19,105,1090.041273,10.88428592,10.88428592
2020-01-19,108,363.3419224,4.325526727,4.325526727
2020-01-19,11,853.4938203,10.29806708,10.29806708
2020-01-19,110,1242.854115,14.1934249,14.1934249
2020-01-19,111,859.9779326,10.29806708,10.29806708
2020-01-19,115,509.0261119,5.714682873,5.714682873
2020-01-19,118,306.3198494,3.449478129,3.449478129
2020-01-19,119,257.8410872,3.472329746,3.472329746
2020-01-19,120,689.8195757,7.499148529,7.499148529
2020-01-19,122,274.313471,3.90890006,3.90890006
2020-01-19,123,152.4416117,1.865810059,1.865810059
2020-01-19,125,989.2543092,12.52481069,12.52481069
2020-01-19,126,586.0377894,6.552702665,6.552702665
2020-01-19,127,116.7509882,1.276724785,1.276724785
2020-01-19,128,1060.372834,11.63138149,11.63138149
2020-01-19,131,646.6901802,7.431445702,7.431445702
2020-01-19,133,127.1482555,1.357783939,1.357783939
2020-01-19,135,120.5560236,2.024348966,2.024348966
2020-01-19,136,262.9632314,3.180789889,3.180789889
2020-01-19,138,790.1301787,8.645423099,8.645423099
2020-01-19,139,108.7140511,1.225625598,1.225625598
2020-01-19,141,452.9364569,5.438491644,5.438491644
2020-01-19,142,91.88861805,1.498753692,1.498753692
2020-01-19,144,926.4916078,9.750370569,9.750370569
2020-01-19,145,556.6506487,6.389471534,6.389471534
2020-01-19,146,362.6677658,3.998151566,3.998151566
2020-01-19,149,306.9805285,3.927539362,3.927539362
2020-01-19,15,510.1561019,5.714682873,5.714682873
2020-01-19,151,1183.270983,14.10649088,14.10649088
2020-01-19,152,639.8206638,7.459688279,7.459688279
2020-01-19,155,439.1395987,5.163362953,5.163362953
2020-01-19,157,364.3182642,5.126110904,5.126110904
2020-01-19,159,1164.600587,13.92487727,13.92487727
2020-01-19,161,113.6880823,1.931939778,1.931939778
2020-01-19,163,505.5597323,5.681054522,5.681054522
2020-01-19,164,141.0502493,1.871158259,1.871158259
2020-01-19,166,824.5544099,9.122741746,9.122741746
2020-01-19,168,1866.310751,21.08522261,21.08522261
2020-01-19,169,608.2504011,6.739738023,6.739738023
2020-01-19,171,374.4651864,4.146597507,4.146597507
2020-01-19,172,298.3669939,3.810663463,3.810663463
2020-01-19,173,583.2245472,5.905486986,5.905486986
2020-01-19,174,296.8116849,4.902922391,4.902922391
2020-01-19,175,380.9155776,4.253543194,4.253543194
2020-01-19,177,429.1960881,5.214792636,5.214792636
2020-01-19,18,307.0125924,3.449478129,3.449478129
2020-01-19,180,352.4302577,4.431820962,4.431820962
2020-01-19,181,391.2591171,5.122367875,5.122367875
2020-01-19,183,131.2004672,2.083128117,2.083128117
2020-01-19,184,389.4619342,5.394270782,5.394270782
2020-01-19,188,836.6052556,9.081711243,9.081711243
2020-01-19,189,878.1177444,10.77589096,10.77589096
2020-01-19,19,259.5100457,3.472329746,3.472329746
2020-01-19,190,317.8130204,3.983795954,3.983795954
2020-01-19,192,606.6390969,6.763255845,6.763255845
2020-01-19,193,311.496183,3.636295615,3.636295615
2020-01-19,195,299.592786,3.417967153,3.417967153
2020-01-19,196,1098.372982,11.80036415,11.80036415
2020-01-19,197,333.9779846,3.539255393,3.539255393
2020-01-19,198,626.0481148,7.79834364,7.79834364
2020-01-19,20,693.0878697,7.499148529,7.499148529
2020-01-19,22,275.0130461,3.90890006,3.90890006
2020-01-19,23,148.9587397,1.865810059,1.865810059
2020-01-19,25,989.8147689,12.52481069,12.52481069
2020-01-19,26,574.9269899,6.552702665,6.552702665
2020-01-19,27,115.8858529,1.276724785,1.276724785
2020-01-19,28,1055.729289,11.63138149,11.63138149
2020-01-19,3,465.391205,5.275288756,5.275288756
2020-01-19,31,646.3356777,7.431445702,7.431445702
2020-01-19,33,126.0656096,1.357783939,1.357783939
2020-01-19,35,119.9600309,2.024348966,2.024348966
2020-01-19,36,266.0836181,3.180789889,3.180789889
2020-01-19,38,793.7693283,8.645423099,8.645423099
2020-01-19,39,107.724149,1.225625598,1.225625598
2020-01-19,41,456.879895,5.438491644,5.438491644
2020-01-19,42,92.01379058,1.498753692,1.498753692
2020-01-19,44,920.0430996,9.750370569,9.750370569
2020-01-19,45,549.5193363,6.389471534,6.389471534
2020-01-19,46,364.1461323,3.998151566,3.998151566
2020-01-19,49,310.8594271,3.927539362,3.927539362
2020-01-19,5,1070.598841,10.88428592,10.88428592
2020-01-19,51,1196.161103,14.10649088,14.10649088
2020-01-19,52,641.8878657,7.459688279,7.459688279
2020-01-19,55,427.7713007,5.163362953,5.163362953
2020-01-19,57,360.5687916,5.126110904,5.126110904
2020-01-19,59,1142.0689,13.92487727,13.92487727
2020-01-19,61,111.5506011,1.931939778,1.931939778
2020-01-19,63,511.0015798,5.681054522,5.681054522
2020-01-19,64,144.2057576,1.871158259,1.871158259
2020-01-19,66,814.1688916,9.122741746,9.122741746
2020-01-19,68,1844.775023,21.08522261,21.08522261
2020-01-19,69,606.0598284,6.739738023,6.739738023
2020-01-19,71,373.9591245,4.146597507,4.146597507
2020-01-19,72,300.9134587,3.810663463,3.810663463
2020-01-19,73,574.4055966,5.905486986,5.905486986
2020-01-19,74,290.718031,4.902922391,4.902922391
2020-01-19,75,381.6216946,4.253543194,4.253543194
2020-01-19,77,435.2513095,5.214792636,5.214792636
2020-01-19,8,362.6304875,4.325526727,4.325526727
2020-01-19,80,357.026905,4.431820962,4.431820962
2020-01-19,81,391.2387173,5.122367875,5.122367875
2020-01-19,83,127.3239325,2.083128117,2.083128117
2020-01-19,84,391.964421,5.394270782,5.394270782
2020-01-19,88,845.5475695,9.081711243,9.081711243
2020-01-19,89,867.7205472,10.77589096,10.77589096
2020-01-19,90,316.9949976,3.983795954,3.983795954
2020-01-19,92,605.6259735,6.763255845,6.763255845
2020-01-19,93,314.5833732,3.636295615,3.636295615
2020-01-19,95,297.2131383,3.417967153,3.417967153
2020-01-19,96,1095.10559,11.80036415,11.80036415
2020-01-19,97,332.7845987,3.539255393,3.539255393
2020-01-19,98,632.9050975,7.79834364,7.79834364
2020-01-20,10,1262.373268,15.13901814,15.13901814
2020-01-20,103,471.914128,5.523639907,5.523639907
2020-01-20,105,1047.615235,10.64504904,10.64504904
2020-01-20,108,359.4697586,4.115327251,4.115327251
2020-01-20,11,855.0966863,9.586827791,9.586827791
2020-01-20,110,1271.998938,15.13901814,15.13901814
2020-01-20,111,863.3846935,9.586827791,9.586827791
2020-01-20,115,503.6155194,6.226319979,6.226319979
2020-01-20,118,305.3879403,3.79569908,3.79569908
2020-01-20,119,258.1762959,4.25266028,4.25266028
2020-01-20,120,688.4516078,8.884937952,8.884937952
2020-01-20,122,268.7524448,3.023575989,3.023575989
2020-01-20,123,145.7490201,2.012154065,2.012154065
2020-01-20,125,971.0293746,10.63429918,10.63429918
2020-01-20,126,584.8309197,6.912846285,6.912846285
2020-01-20,127,114.6256004,1.323533572,1.323533572
2020-01-20,128,1047.564673,11.28125049,11.28125049
2020-01-20,131,643.8719215,6.809407939,6.809407939
2020-01-20,133,125.820992,1.622152689,1.622152689
2020-01-20,135,112.6477492,1.472335056,1.472335056
2020-01-20,136,269.8761729,3.522707951,3.522707951
2020-01-20,138,793.5701007,9.703202606,9.703202606
2020-01-20,139,112.2231926,1.210960013,1.210960013
2020-01-20,141,445.5100501,5.567468184,5.567468184
2020-01-20,142,94.44357036,1.314125564,1.314125564
2020-01-20,144,929.6277678,10.50603529,10.50603529
2020-01-20,145,553.574778,5.858939612,5.858939612
2020-01-20,146,370.6410762,5.336239049,5.336239049
2020-01-20,149,310.6593162,3.730402847,3.730402847
2020-01-20,15,502.7965176,6.226319979,6.226319979
2020-01-20,151,1175.989279,14.78506289,14.78506289
2020-01-20,152,637.4034853,6.770603194,6.770603194
2020-01-20,155,434.8720152,5.63247977,5.63247977
2020-01-20,157,356.9163958,4.16633941,4.16633941
2020-01-20,159,1130.840875,12.35481468,12.35481468
2020-01-20,161,105.6546036,1.444913419,1.444913419
2020-01-20,163,505.3806834,5.593897153,5.593897153
2020-01-20,164,148.0812621,1.706755796,1.706755796
2020-01-20,166,836.5617308,9.849807623,9.849807623
2020-01-20,168,1842.829008,20.3217096,20.3217096
2020-01-20,169,602.092939,7.103198738,7.103198738
2020-01-20,171,374.018968,4.41191301,4.41191301
2020-01-20,172,306.6503648,3.799813361,3.799813361
2020-01-20,173,594.4009326,6.501035158,6.501035158
2020-01-20,174,286.979867,4.670915388,4.670915388
2020-01-20,175,390.2526883,4.437705765,4.437705765
2020-01-20,177,445.271208,4.782507259,4.782507259
2020-01-20,18,306.0670475,3.79569908,3.79569908
2020-01-20,180,363.2708622,3.924684263,3.924684263
2020-01-20,181,381.0882765,5.313350476,5.313350476
2020-01-20,183,127.8034438,1.876206934,1.876206934
2020-01-20,184,396.9552947,4.472031213,4.472031213
2020-01-20,188,848.9751552,9.601030091,9.601030091
2020-01-20,189,874.361826,9.9824439,9.9824439
2020-01-20,19,261.8823332,4.25266028,4.25266028
2020-01-20,190,314.8031363,3.327917122,3.327917122
2020-01-20,192,585.8491596,6.874934856,6.874934856
2020-01-20,193,318.1624731,3.484198222,3.484198222
2020-01-20,195,301.171928,4.515442901,4.515442901
2020-01-20,196,1082.267613,12.12996025,12.12996025
2020-01-20,197,328.4484775,3.770988832,3.770988832
2020-01-20,198,640.4817887,7.816944476,7.816944476
2020-01-20,20,694.8747234,8.884937952,8.884937952
2020-01-20,22,270.2705932,3.023575989,3.023575989
2020-01-20,23,147.6755725,2.012154065,2.012154065
2020-01-20,25,980.137291,10.63429918,10.63429918
2020-01-20,26,580.1734795,6.912846285,6.912846285
2020-01-20,27,113.040245,1.323533572,1.323533572
2020-01-20,28,1050.618268,11.28125049,11.28125049
2020-01-20,3,468.3678406,5.523639907,5.523639907
2020-01-20,31,642.4993844,6.809407939,6.809407939
2020-01-20,33,127.2802219,1.622152689,1.622152689
2020-01-20,35,117.1666216,1.472335056,1.472335056
2020-01-20,36,269.3241458,3.522707951,3.522707951
2020-01-20,38,787.6218023,9.703202606,9.703202606
2020-01-20,39,108.7837487,1.210960013,1.210960013
2020-01-20,41,451.7448325,5.567468184,5.567468184
2020-01-20,42,92.79945947,1.314125564,1.314125564
2020-01-20,44,930.6249823,10.50603529,10.50603529
2020-01-20,45,557.6601402,5.858939612,5.858939612
2020-01-20,46,368.8090152,5.336239049,5.336239049
2020-01-20,49,310.8949369,3.730402847,3.730402847
2020-01-20,5,1042.862745,10.64504904,10.64504904
2020-01-20,51,1197.76435,14.78506289,14.78506289
2020-01-20,52,630.5872777,6.770603194,6.770603194
2020-01-20,55,433.906526,5.63247977,5.63247977
2020-01-20,57,358.7390934,4.16633941,4.16633941
2020-01-20,59,1125.437455,12.35481468,12.35481468
2020-01-20,61,107.9851547,1.444913419,1.444913419
2020-01-20,63,504.8224195,5.593897153,5.593897153
2020-01-20,64,145.3582743,1.706755796,1.706755796
2020-01-20,66,820.1562989,9.849807623,9.849807623
2020-01-20,68,1852.426105,20.3217096,20.3217096
2020-01-20,69,601.0113909,7.103198738,7.103198738
2020-01-20,71,375.2240073,4.41191301,4.41191301
2020-01-20,72,302.7986649,3.799813361,3.799813361
2020-01-20,73,576.8858805,6.501035158,6.501035158
2020-01-20,74,286.4473182,4.670915388,4.670915388
2020-01-20,75,385.6443901,4.437705765,4.437705765
2020-01-20,77,439.7053793,4.782507259,4.782507259
2020-01-20,8,357.9233878,4.115327251,4.115327251
2020-01-20,80,358.9264922,3.924684263,3.924684263
2020-01-20,81,384.7061312,5.313350476,5.313350476
2020-01-20,83,128.477868,1.876206934,1.876206934
2020-01-20,84,393.4024239,4.472031213,4.472031213
2020-01-20,88,845.8342593,9.601030091,9.601030091
2020-01-20,89,874.06559,9.9824439,9.9824439
2020-01-20,90,315.3902271,3.327917122,3.327917122
2020-01-20,92,599.8836475,6.874934856,6.874934856
2020-01-20,93,315.068797,3.484198222,3.484198222
2020-01-20,95,295.8157909,4.515442901,4.515442901
2020-01-20,96,1097.7956,12.12996025,12.12996025
2020-01-20,97,338.0676279,3.770988832,3.770988832
2020-01-20,98,633.0780292,7.816944476,7.816944476
2020-01-21,10,1263.412693,13.65671003,13.65671003
2020-01-21,103,470.8236293,5.017464817,5.017464817
2020-01-21,105,1017.581749,10.94587234,10.94587234
2020-01-21,108,364.6306385,4.843230148,4.843230148
2020-01-21,11,873.4861347,9.086492898,9.086492898
2020-01-21,110,1257.174046,13.65671003,13.65671003
2020-01-21,111,880.8147945,9.086492898,9.086492898
2020-01-21,115,500.1761002,5.548318694,5.548318694
2020-01-21,118,303.5616733,3.736537438,3.736537438
2020-01-21,119,266.2762227,2.765070726,2.765070726
2020-01-21,120,697.2171857,7.93712428,7.93712428
2020-01-21,122,276.3695103,3.009319751,3.009319751
2020-01-21,123,144.234505,1.722106784,1.722106784
2020-01-21,125,996.6423153,11.5040882,11.5040882
2020-01-21,126,601.1881926,6.553952212,6.553952212
2020-01-21,127,111.6461298,1.322924297,1.322924297
2020-01-21,128,1037.017606,11.33605532,11.33605532
2020-01-21,131,653.9847274,7.302182585,7.302182585
2020-01-21,133,130.7534844,1.582779437,1.582779437
2020-01-21,135,121.008033,1.465098087,1.465098087
2020-01-21,136,274.6979891,3.681902949,3.681902949
2020-01-21,138,799.0492415,8.090022131,8.090022131
2020-01-21,139,111.1800799,1.470659749,1.470659749
2020-01-21,141,461.4064606,4.885123195,4.885123195
2020-01-21,142,93.08961558,1.458241441,1.458241441
2020-01-21,144,951.9688054,9.881820809,9.881820809
2020-01-21,145,553.8525368,6.348585414,6.348585414
2020-01-21,146,371.7199452,5.726643748,5.726643748
2020-01-21,149,307.2650151,4.007847175,4.007847175
2020-01-21,15,504.9996569,5.548318694,5.548318694
2020-01-21,151,1210.234408,13.82700577,13.82700577
2020-01-21,152,643.8920814,6.584696326,6.584696326
2020-01-21,155,443.2546052,4.855307896,4.855307896
2020-01-21,157,366.5824459,3.871881479,3.871881479
2020-01-21,159,1134.027857,12.1947631,12.1947631
2020-01-21,161,112.2784001,1.170264805,1.170264805
2020-01-21,163,527.1761438,5.806452306,5.806452306
2020-01-21,164,147.7241923,2.105506702,2.105506702
2020-01-21,166,830.0653529,8.743740702,8.743740702
2020-01-21,168,1819.156844,19.31792729,19.31792729
2020-01-21,169,612.5761996,7.760384548,7.760384548
2020-01-21,171,372.8732841,4.388083526,4.388083526
2020-01-21,172,306.2698454,3.58966142,3.58966142
2020-01-21,173,580.7358261,6.09949678,6.09949678
2020-01-21,174,287.9889719,4.1594088,4.1594088
2020-01-21,175,391.8773981,4.181172259,4.181172259
2020-01-21,177,441.1445694,4.939395995,4.939395995
2020-01-21,18,305.6251731,3.736537438,3.736537438
2020-01-21,180,363.0466119,4.505417123,4.505417123
2020-01-21,181,392.2473445,4.976324672,4.976324672
2020-01-21,183,132.4273237,1.449065655,1.449065655
2020-01-21,184,402.6831929,4.504178542,4.504178542
2020-01-21,188,841.3397139,9.722839833,9.722839833
2020-01-21,189,889.7959278,9.547809248,9.547809248
2020-01-21,19,263.6057385,2.765070726,2.765070726
2020-01-21,190,327.2389773,4.381790503,4.381790503
2020-01-21,192,605.2027315,7.598704913,7.598704913
2020-01-21,193,310.0683774,4.2310301,4.2310301
2020-01-21,195,295.8447331,4.069542503,4.069542503
2020-01-21,196,1148.493355,11.88755321,11.88755321
2020-01-21,197,346.366995,3.470985413,3.470985413
2020-01-21,198,638.0259699,7.44742406,7.44742406
2020-01-21,20,698.137417,7.93712428,7.93712428
2020-01-21,22,275.0058647,3.009319751,3.009319751
2020-01-21,23,147.6163165,1.722106784,1.722106784
2020-01-21,25,992.9237155,11.5040882,11.5040882
2020-01-21,26,591.2956042,6.553952212,6.553952212
2020-01-21,27,113.5523236,1.322924297,1.322924297
2020-01-21,28,1042.363031,11.33605532,11.33605532
2020-01-21,3,472.2377656,5.017464817,5.017464817
2020-01-21,31,650.988268,7.302182585,7.302182585
2020-01-21,33,129.8781567,1.582779437,1.582779437
2020-01-21,35,122.8939739,1.465098087,1.465098087
2020-01-21,36,274.4689926,3.681902949,3.681902949
2020-01-21,38,791.2009021,8.090022131,8.090022131
2020-01-21,39,110.3475997,1.470659749,1.470659749
2020-01-21,41,456.5168954,4.885123195,4.885123195
2020-01-21,42,92.23645481,1.458241441,1.458241441
2020-01-21,44,948.1654319,9.881820809,9.881820809
2020-01-21,45,557.6291947,6.348585414,6.348585414
2020-01-21,46,373.7943119,5.726643748,5.726643748
2020-01-21,49,307.103218,4.007847175,4.007847175
2020-01-21,5,1034.97306,10.94587234,10.94587234
2020-01-21,51,1215.735581,13.82700577,13.82700577
2020-01-21,52,640.4771292,6.584696326,6.584696326
2020-01-21,55,443.2931607,4.855307896,4.855307896
2020-01-21,57,363.2034516,3.871881479,3.871881479
2020-01-21,59,1133.323186,12.1947631,12.1947631
2020-01-21,61,110.9785269,1.170264805,1.170264805
2020-01-21,63,515.7217755,5.806452306,5.806452306
2020-01-21,64,148.570921,2.105506702,2.105506702
2020-01-21,66,822.795588,8.743740702,8.743740702
2020-01-21,68,1841.561726,19.31792729,19.31792729
2020-01-21,69,610.8708998,7.760384548,7.760384548
2020-01-21,71,376.0747366,4.388083526,4.388083526
2020-01-21,72,309.2325694,3.58966142,3.58966142
2020-01-21,73,579.7268359,6.09949678,6.09949678
2020-01-21,74,290.4660965,4.1594088,4.1594088
2020-01-21,75,388.7958179,4.181172259,4.181172259
2020-01-21,77,438.1969921,4.939395995,4.939395995
2020-01-21,8,363.6656031,4.843230148,4.843230148
2020-01-21,80,361.6339672,4.505417123,4.505417123
2020-01-21,81,393.130419,4.976324672,4.976324672
2020-01-21,83,130.8481106,1.449065655,1.449065655
2020-01-21,84,395.1408465,4.504178542,4.504178542
2020-01-21,88,853.5988693,9.722839833,9.722839833
2020-01-21,89,886.769317,9.547809248,9.547809248
2020-01-21,90,320.3257707,4.381790503,4.381790503
2020-01-21,92,611.9276483,7.598704913,7.598704913
2020-01-21,93,311.3301092,4.2310301,4.2310301
2020-01-21,95,298.4305936,4.069542503,4.069542503
2020-01-21,96,1118.56851,11.88755321,11.88755321
2020-01-21,97,338.1669274,3.470985413,3.470985413
2020-01-21,98,645.3587725,7.44742406,7.44742406
2020-01-22,10,1266.65651,14.02304446,14.02304446
2020-01-22,103,478.3130565,5.055419303,5.055419303
2020-01-22,105,1006.856657,10.38758332,10.38758332
2020-01-22,108,364.3886998,4.201983363,4.201983363
2020-01-22,11,863.719322,9.91577196,9.91577196
2020-01-22,110,1266.417749,14.02304446,14.02304446
2020-01-22,111,864.6834827,9.91577196,9.91577196
2020-01-22,115,511.7772923,5.601012223,5.601012223
2020-01-22,118,301.2076467,3.659894794,3.659894794
2020-01-22,119,261.8439084,2.667525073,2.667525073
2020-01-22,120,697.6501169,8.112079704,8.112079704
2020-01-22,122,276.0392763,3.228879069,3.228879069
2020-01-22,123,144.7735692,1.76381698,1.76381698
2020-01-22,125,993.5043515,10.45384569,10.45384569
2020-01-22,126,588.5987059,6.608699138,6.608699138
2020-01-22,127,119.2940176,1.169761448,1.169761448
2020-01-22,128,1032.108916,11.20524198,11.20524198
2020-01-22,131,638.9019655,7.310767816,7.310767816
2020-01-22,133,129.895328,1.529872743,1.529872743
2020-01-22,135,125.4573786,1.269399681,1.269399681
2020-01-22,136,283.1101292,3.31411725,3.31411725
2020-01-22,138,819.2405548,8.47672302,8.47672302
2020-01-22,139,110.6825698,1.484093866,1.484093866
2020-01-22,141,465.7858807,5.470044122,5.470044122
2020-01-22,142,89.77288477,1.307399103,1.307399103
2020-01-22,144,963.2582826,10.82160428,10.82160428
2020-01-22,145,560.6319714,6.425358216,6.425358216
2020-01-22,146,379.9761287,4.1238198,4.1238198
2020-01-22,149,306.9508055,3.66755789,3.66755789
2020-01-22,15,506.3156536,5.601012223,5.601012223
2020-01-22,151,1188.841139,13.11693266,13.11693266
2020-01-22,152,628.3157057,7.08800386,7.08800386
2020-01-22,155,435.4997572,5.060044065,5.060044065
2020-01-22,157,372.7744326,4.584189553,4.584189553
2020-01-22,159,1132.439648,12.94435832,12.94435832
2020-01-22,161,111.0087462,1.117099455,1.117099455
2020-01-22,163,499.3862215,6.213328976,6.213328976
2020-01-22,164,148.4414482,1.600650332,1.600650332
2020-01-22,166,815.437777,9.304132022,9.304132022
2020-01-22,168,1866.895502,19.63575898,19.63575898
2020-01-22,169,599.0299534,7.724459899,7.724459899
2020-01-22,171,390.5891994,4.43975383,4.43975383
2020-01-22,172,307.7708153,3.640281635,3.640281635
2020-01-22,173,570.4873724,6.392119889,6.392119889
2020-01-22,174,286.143225,4.119232238,4.119232238
2020-01-22,175,375.9742719,5.115569021,5.115569021
2020-01-22,177,430.426617,5.355865803,5.355865803
2020-01-22,18,302.2529206,3.659894794,3.659894794
2020-01-22,180,370.7028836,4.439329787,4.439329787
2020-01-22,181,391.6205908,4.528879394,4.528879394
2020-01-22,183,132.8748203,1.440945138,1.440945138
2020-01-22,184,393.7421891,4.436297143,4.436297143
2020-01-22,188,848.65118,9.972517275,9.972517275
2020-01-22,189,880.1627412,10.69645253,10.69645253
2020-01-22,19,260.1725092,2.667525073,2.667525073
2020-01-22,190,326.4588823,5.242875908,5.242875908
2020-01-22,192,615.0287813,7.675472412,7.675472412
2020-01-22,193,320.6846608,3.43753834,3.43753834
2020-01-22,195,296.6416252,3.238435972,3.238435972
2020-01-22,196,1125.348813,12.17949965,12.17949965
2020-01-22,197,349.0079653,4.685740576,4.685740576
2020-01-22,198,638.3105599,6.972990762,6.972990762
2020-01-22,20,688.4482447,8.112079704,8.112079704
2020-01-22,22,272.6587495,3.228879069,3.228879069
2020-01-22,23,146.6022864,1.76381698,1.76381698
2020-01-22,25,992.8583776,10.45384569,10.45384569
2020-01-22,26,598.3507917,6.608699138,6.608699138
2020-01-22,27,115.2605229,1.169761448,1.169761448
2020-01-22,28,1038.034056,11.20524198,11.20524198
2020-01-22,3,473.7005226,5.055419303,5.055419303
2020-01-22,31,646.295126,7.310767816,7.310767816
2020-01-22,33,131.8025919,1.529872743,1.529872743
2020-01-22,35,122.8863321,1.269399681,1.269399681
2020-01-22,36,276.9740911,3.31411725,3.31411725
2020-01-22,38,801.6931709,8.47672302,8.47672302
2020-01-22,39,111.9028989,1.484093866,1.484093866
2020-01-22,41,464.9040413,5.470044122,5.470044122
2020-01-22,42,89.76229234,1.307399103,1.307399103
2020-01-22,44,946.9206891,10.82160428,10.82160428
2020-01-22,45,556.7058034,6.425358216,6.425358216
2020-01-22,46,376.2059503,4.1238198,4.1238198
2020-01-22,49,307.6718597,3.66755789,3.66755789
2020-01-22,5,1018.720708,10.38758332,10.38758332
2020-01-22,51,1197.190196,13.11693266,13.11693266
2020-01-22,52,636.2904716,7.08800386,7.08800386
2020-01-22,55,440.9035888,5.060044065,5.060044065
2020-01-22,57,365.8058308,4.584189553,4.584189553
2020-01-22,59,1142.69361,12.94435832,12.94435832
2020-01-22,61,109.7452621,1.117099455,1.117099455
2020-01-22,63,515.9197039,6.213328976,6.213328976
2020-01-22,64,144.6314997,1.600650332,1.600650332
2020-01-22,66,815.0640146,9.304132022,9.304132022
2020-01-22,68,1826.114248,19.63575898,19.63575898
2020-01-22,69,603.7090306,7.724459899,7.724459899
2020-01-22,71,383.1884255,4.43975383,4.43975383
2020-01-22,72,305.7076009,3.640281635,3.640281635
2020-01-22,73,573.5745185,6.392119889,6.392119889
2020-01-22,74,289.9434372,4.119232238,4.119232238
2020-01-22,75,385.6016462,5.115569021,5.115569021
2020-01-22,77,439.8871988,5.355865803,5.355865803
2020-01-22,8,370.5679734,4.201983363,4.201983363
2020-01-22,80,368.3167586,4.439329787,4.439329787
2020-01-22,81,386.4945919,4.528879394,4.528879394
2020-01-22,83,131.1144971,1.440945138,1.440945138
2020-01-22,84,393.099241,4.436297143,4.436297143
2020-01-22,88,846.782899,9.972517275,9.972517275
2020-01-22,89,885.9783145,10.69645253,10.69645253
2020-01-22,90,322.4851256,5.242875908,5.242875908
2020-01-22,92,618.3432354,7.675472412,7.675472412
2020-01-22,93,316.6988023,3.43753834,3.43753834
2020-01-22,95,298.3550497,3.238435972,3.238435972
2020-01-22,96,1116.29538,12.17949965,12.17949965
2020-01-22,97,349.5434899,4.685740576,4.685740576
2020-01-22,98,641.2759133,6.972990762,6.972990762
2020-01-23,10,1275.335706,14.61510716,14.61510716
2020-01-23,103,477.6629291,4.84355008,4.84355008
2020-01-23,105,1019.170474,10.93980831,10.93980831
2020-01-23,108,374.0433202,4.443674637,4.443674637
2020-01-23,11,879.6589315,11.09896098,11.09896098
2020-01-23,110,1268.417828,14.61510716,14.61510716
2020-01-23,111,884.4653324,11.09896098,11.09896098
2020-01-23,115,517.2027501,5.373672785,5.373672785
2020-01-23,118,304.8296014,3.338873588,3.338873588
2020-01-23,119,268.6140328,3.078937555,3.078937555
2020-01-23,120,683.917012,9.125830431,9.125830431
2020-01-23,122,275.4139373,3.737106923,3.737106923
2020-01-23,123,143.5183948,2.054545318,2.054545318
2020-01-23,125,994.6000606,11.78960968,11.78960968
2020-01-23,126,587.5221429,6.319992763,6.319992763
2020-01-23,127,121.6181405,1.470078082,1.470078082
2020-01-23,128,1044.213875,11.4238212,11.4238212
2020-01-23,131,672.0749722,7.941358282,7.941358282
2020-01-23,133,130.5547799,2.102936894,2.102936894
2020-01-23,135,123.5085707,1.400773967,1.400773967
2020-01-23,136,268.7440296,3.530877036,3.530877036
2020-01-23,138,814.8619314,8.431314292,8.431314292
2020-01-23,139,107.5209477,1.769518871,1.769518871
2020-01-23,141,470.3221798,5.347006494,5.347006494
2020-01-23,142,87.60978918,0.9433862146,0.9433862146
2020-01-23,144,973.7468957,10.70529926,10.70529926
2020-01-23,145,558.9233791,6.753928168,6.753928168
2020-01-23,146,375.3730456,4.499732187,4.499732187
2020-01-23,149,305.4423584,3.969612869,3.969612869
2020-01-23,15,509.9857204,5.373672785,5.373672785
2020-01-23,151,1202.026481,15.34491194,15.34491194
2020-01-23,152,666.9309923,7.734871547,7.734871547
2020-01-23,155,435.5449993,5.391096396,5.391096396
2020-01-23,157,365.0662858,4.839404092,4.839404092
2020-01-23,159,1160.879221,12.81917626,12.81917626
2020-01-23,161,109.0990129,1.249925348,1.249925348
2020-01-23,163,522.9446869,5.35253823,5.35253823
2020-01-23,164,148.5353382,1.666193146,1.666193146
2020-01-23,166,822.419404,9.277583885,9.277583885
2020-01-23,168,1830.83494,20.4904019,20.4904019
2020-01-23,169,606.9977545,6.799520257,6.799520257
2020-01-23,171,390.0892593,5.216153017,5.216153017
2020-01-23,172,314.2671369,3.440260759,3.440260759
2020-01-23,173,561.0504123,6.282900095,6.282900095
2020-01-23,174,295.4044446,3.84821953,3.84821953
2020-01-23,175,400.1123192,5.298548089,5.298548089
2020-01-23,177,443.2519119,4.80098607,4.80098607
2020-01-23,18,302.7436744,3.338873588,3.338873588
2020-01-23,180,373.366595,4.590711272,4.590711272
2020-01-23,181,394.5783316,5.767623661,5.767623661
2020-01-23,183,128.7452769,1.544374062,1.544374062
2020-01-23,184,396.0097267,5.546337031,5.546337031
2020-01-23,188,849.5451377,9.827982075,9.827982075
2020-01-23,189,885.7514125,10.3955691,10.3955691
2020-01-23,19,265.1077,3.078937555,3.078937555
2020-01-23,190,325.4256916,3.530908199,3.530908199
2020-01-23,192,609.0693323,7.195803607,7.195803607
2020-01-23,193,327.202971,3.254852052,3.254852052
2020-01-23,195,300.1247703,4.732086034,4.732086034
2020-01-23,196,1110.829102,11.98520695,11.98520695
2020-01-23,197,349.6329908,3.642826529,3.642826529
2020-01-23,198,652.1031621,6.670123241,6.670123241
2020-01-23,20,689.9154803,9.125830431,9.125830431
2020-01-23,22,273.5242924,3.737106923,3.737106923
2020-01-23,23,144.1277254,2.054545318,2.054545318
2020-01-23,25,991.6090312,11.78960968,11.78960968
2020-01-23,26,588.1158503,6.319992763,6.319992763
2020-01-23,27,119.7022933,1.470078082,1.470078082
2020-01-23,28,1051.897192,11.4238212,11.4238212
2020-01-23,3,473.3581208,4.84355008,4.84355008
2020-01-23,31,658.8702351,7.941358282,7.941358282
2020-01-23,33,133.6734874,2.102936894,2.102936894
2020-01-23,35,124.7890801,1.400773967,1.400773967
2020-01-23,36,275.77461,3.530877036,3.530877036
2020-01-23,38,811.3174617,8.431314292,8.431314292
2020-01-23,39,109.5503063,1.769518871,1.769518871
2020-01-23,41,474.0575482,5.347006494,5.347006494
2020-01-23,42,89.39287439,0.9433862146,0.9433862146
2020-01-23,44,968.4577026,10.70529926,10.70529926
2020-01-23,45,560.1832901,6.753928168,6.753928168
2020-01-23,46,373.0501688,4.499732187,4.499732187
2020-01-23,49,309.5380282,3.969612869,3.969612869
2020-01-23,5,1033.896646,10.93980831,10.93980831
2020-01-23,51,1204.145553,15.34491194,15.34491194
2020-01-23,52,653.6698856,7.734871547,7.734871547
2020-01-23,55,440.8184254,5.391096396,5.391096396
2020-01-23,57,369.562162,4.839404092,4.839404092
2020-01-23,59,1148.610046,12.81917626,12.81917626
2020-01-23,61,109.471633,1.249925348,1.249925348
2020-01-23,63,525.3478125,5.35253823,5.35253823
2020-01-23,64,145.9984915,1.666193146,1.666193146
2020-01-23,66,816.572885,9.277583885,9.277583885
2020-01-23,68,1842.39486,20.4904019,20.4904019
2020-01-23,69,612.804688,6.799520257,6.799520257
2020-01-23,71,386.8302414,5.216153017,5.216153017
2020-01-23,72,310.0611611,3.440260759,3.440260759
2020-01-23,73,563.3136439,6.282900095,6.282900095
2020-01-23,74,291.7933211,3.84821953,3.84821953
2020-01-23,75,395.625203,5.298548089,5.298548089
2020-01-23,77,442.4006393,4.80098607,4.80098607
2020-01-23,8,374.4488492,4.443674637,4.443674637
2020-01-23,80,373.5343442,4.590711272,4.590711272
2020-01-23,81,392.8704361,5.767623661,5.767623661
2020-01-23,83,130.9589543,1.544374062,1.544374062
2020-01-23,84,393.8009641,5.546337031,5.546337031
2020-01-23,88,844.9229613,9.827982075,9.827982075
2020-01-23,89,888.2446213,10.3955691,10.3955691
2020-01-23,90,323.7839774,3.530908199,3.530908199
2020-01-23,92,619.909937,7.195803607,7.195803607
2020-01-23,93,324.1766855,3.254852052,3.254852052
2020-01-23,95,295.8297967,4.732086034,4.732086034
2020-01-23,96,1113.611395,11.98520695,11.98520695
2020-01-23,97,352.5063844,3.642826529,3.642826529
2020-01-23,98,642.6425057,6.670123241,6.670123241
2020-01-24,10,1274.10741,15.06344992,15.06344992
2020-01-24,103,469.3827279,5.892372707,5.892372707
2020-01-24,105,1042.487301,10.52870993,10.52870993
2020-01-24,108,378.0976561,4.761503657,4.761503657
2020-01-24,11,876.7431179,9.556931239,9.556931239
2020-01-24,110,1271.00469,15.06344992,15.06344992
2020-01-24,111,874.4115159,9.556931239,9.556931239
2020-01-24,115,516.0692698,5.965261604,5.965261604
2020-01-24,118,308.5133811,3.616403931,3.616403931
2020-01-24,119,265.7385352,2.641657129,2.641657129
2020-01-24,120,685.9682121,8.421193593,8.421193593
2020-01-24,122,271.1744233,4.630120196,4.630120196
2020-01-24,123,140.7386304,2.397150664,2.397150664
2020-01-24,125,992.8086843,11.05285005,11.05285005
2020-01-24,126,593.5173166,6.779567525,6.779567525
2020-01-24,127,120.0032313,1.4320494,1.4320494
2020-01-24,128,1058.909071,11.84791834,11.84791834
2020-01-24,131,660.1118132,7.282102546,7.282102546
2020-01-24,133,131.5188296,1.830761714,1.830761714
2020-01-24,135,118.7495223,1.860026148,1.860026148
2020-01-24,136,275.4596305,4.52279666,4.52279666
2020-01-24,138,814.9081604,8.54523166,8.54523166
2020-01-24,139,112.5296977,1.386383032,1.386383032
2020-01-24,141,464.3741734,7.625381978,7.625381978
2020-01-24,142,91.11004853,1.03746944,1.03746944
2020-01-24,144,969.5247316,10.49275152,10.49275152
2020-01-24,145,565.4844468,6.49973993,6.49973993
2020-01-24,146,372.5551814,4.315250301,4.315250301
2020-01-24,149,306.7628182,3.637891592,3.637891592
2020-01-24,15,521.9847141,5.965261604,5.965261604
2020-01-24,151,1213.872444,14.94858384,14.94858384
2020-01-24,152,644.2711607,7.003994889,7.003994889
2020-01-24,155,447.7125533,6.271286254,6.271286254
2020-01-24,157,365.2403171,4.698668728,4.698668728
2020-01-24,159,1116.063726,13.82513514,13.82513514
2020-01-24,161,108.2051677,1.386030432,1.386030432
2020-01-24,163,528.3672256,6.055116117,6.055116117
2020-01-24,164,139.3173264,1.861446878,1.861446878
2020-01-24,166,819.0300977,9.248755591,9.248755591
2020-01-24,168,1874.835879,19.50033071,19.50033071
2020-01-24,169,622.1457611,7.309108447,7.309108447
2020-01-24,171,378.42642,4.279695938,4.279695938
2020-01-24,172,317.8808295,3.548148481,3.548148481
2020-01-24,173,573.3184185,6.661295416,6.661295416
2020-01-24,174,297.4388156,3.687138239,3.687138239
2020-01-24,175,395.7011728,4.460292572,4.460292572
2020-01-24,177,454.665884,5.372550329,5.372550329
2020-01-24,18,305.7298754,3.616403931,3.616403931
2020-01-24,180,372.8538733,4.221980256,4.221980256
2020-01-24,181,389.8691388,4.557703351,4.557703351
2020-01-24,183,126.3434212,1.530338032,1.530338032
2020-01-24,184,398.5851436,5.657368571,5.657368571
2020-01-24,188,856.139772,9.846129564,9.846129564
2020-01-24,189,905.6103886,11.67575102,11.67575102
2020-01-24,19,261.8618076,2.641657129,2.641657129
2020-01-24,190,322.9910721,4.428147872,4.428147872
2020-01-24,192,617.0755864,6.999393184,6.999393184
2020-01-24,193,339.6048571,3.632356759,3.632356759
2020-01-24,195,294.2911621,3.944285692,3.944285692
2020-01-24,196,1082.425851,11.66330233,11.66330233
2020-01-24,197,357.3095137,3.529786119,3.529786119
2020-01-24,198,642.3642658,7.218927698,7.218927698
2020-01-24,20,690.4627228,8.421193593,8.421193593
2020-01-24,22,275.6168405,4.630120196,4.630120196
2020-01-24,23,144.2305572,2.397150664,2.397150664
2020-01-24,25,1005.523478,11.05285005,11.05285005
2020-01-24,26,598.9937374,6.779567525,6.779567525
2020-01-24,27,119.7241579,1.4320494,1.4320494
2020-01-24,28,1058.621434,11.84791834,11.84791834
2020-01-24,3,473.945385,5.892372707,5.892372707
2020-01-24,31,662.6347426,7.282102546,7.282102546
2020-01-24,33,135.9184398,1.830761714,1.830761714
2020-01-24,35,123.3187307,1.860026148,1.860026148
2020-01-24,36,277.1705455,4.52279666,4.52279666
2020-01-24,38,814.2706955,8.54523166,8.54523166
2020-01-24,39,112.4365147,1.386383032,1.386383032
2020-01-24,41,466.8730117,7.625381978,7.625381978
2020-01-24,42,90.20519252,1.03746944,1.03746944
2020-01-24,44,972.6307633,10.49275152,10.49275152
2020-01-24,45,559.7797049,6.49973993,6.49973993
2020-01-24,46,375.3678574,4.315250301,4.315250301
2020-01-24,49,310.6304282,3.637891592,3.637891592
2020-01-24,5,1047.782024,10.52870993,10.52870993
2020-01-24,51,1194.046555,14.94858384,14.94858384
2020-01-24,52,650.4294879,7.003994889,7.003994889
2020-01-24,55,446.5400356,6.271286254,6.271286254
2020-01-24,57,367.6209682,4.698668728,4.698668728
2020-01-24,59,1134.509163,13.82513514,13.82513514
2020-01-24,61,108.1918593,1.386030432,1.386030432
2020-01-24,63,519.9437101,6.055116117,6.055116117
2020-01-24,64,143.243071,1.861446878,1.861446878
2020-01-24,66,824.0109709,9.248755591,9.248755591
2020-01-24,68,1864.324751,19.50033071,19.50033071
2020-01-24,69,611.9877155,7.309108447,7.309108447
2020-01-24,71,379.9393867,4.279695938,4.279695938
2020-01-24,72,312.9133118,3.548148481,3.548148481
2020-01-24,73,567.2118312,6.661295416,6.661295416
2020-01-24,74,294.9082682,3.687138239,3.687138239
2020-01-24,75,393.0107042,4.460292572,4.460292572
2020-01-24,77,449.0503937,5.372550329,5.372550329
2020-01-24,8,378.2759886,4.761503657,4.761503657
2020-01-24,80,374.236079,4.221980256,4.221980256
2020-01-24,81,392.634734,4.557703351,4.557703351
2020-01-24,83,130.399324,1.530338032,1.530338032
2020-01-24,84,392.5543302,5.657368571,5.657368571
2020-01-24,88,849.4157056,9.846129564,9.846129564
2020-01-24,89,893.7248544,11.67575102,11.67575102
2020-01-24,90,328.0438153,4.428147872,4.428147872
2020-01-24,92,620.678139,6.999393184,6.999393184
2020-01-24,93,327.4979972,3.632356759,3.632356759
2020-01-24,95,290.7411371,3.944285692,3.944285692
2020-01-24,96,1094.874874,11.66330233,11.66330233
2020-01-24,97,351.7203081,3.529786119,3.529786119
2020-01-24,98,637.0921168,7.218927698,7.218927698
2020-01-25,10,1264.858751,15.3699258,15.3699258
2020-01-25,103,473.3399579,6.049808412,6.049808412
2020-01-25,105,1041.007096,11.30973451,11.30973451
2020-01-25,108,387.5325589,4.649107426,4.649107426
2020-01-25,11,871.2011892,10.31979931,10.31979931
2020-01-25,110,1257.530967,15.3699258,15.3699258
2020-01-25,111,873.9114247,10.31979931,10.31979931
2020-01-25,115,511.4311772,6.753611657,6.753611657
2020-01-25,118,300.687826,4.147196803,4.147196803
2020-01-25,119,263.99361,3.897672116,3.897672116
2020-01-25,120,682.0039519,8.22285567,8.22285567
2020-01-25,122,266.544149,3.544243035,3.544243035
2020-01-25,123,138.22098,1.617566076,1.617566076
2020-01-25,125,985.2307456,11.38501154,11.38501154
2020-01-25,126,616.4827828,6.32257789,6.32257789
2020-01-25,127,119.3807319,1.260984877,1.260984877
2020-01-25,128,1035.281012,11.21950397,11.21950397
2020-01-25,131,677.7234626,7.58982648,7.58982648
2020-01-25,133,134.0966712,1.96250732,1.96250732
2020-01-25,135,120.7002238,1.799337188,1.799337188
2020-01-25,136,278.9075726,3.723292022,3.723292022
2020-01-25,138,813.1450716,9.883134499,9.883134499
2020-01-25,139,114.0430643,1.399079888,1.399079888
2020-01-25,141,465.81906,5.965007742,5.965007742
2020-01-25,142,86.71706365,1.638735822,1.638735822
2020-01-25,144,971.0587365,10.03571718,10.03571718
2020-01-25,145,563.7664423,6.67351565,6.67351565
2020-01-25,146,370.2026937,4.228324313,4.228324313
2020-01-25,149,301.3585162,3.517480853,3.517480853
2020-01-25,15,510.2744231,6.753611657,6.753611657
2020-01-25,151,1178.425962,13.67975281,13.67975281
2020-01-25,152,645.1450245,8.191084723,8.191084723
2020-01-25,155,456.1831853,4.937416315,4.937416315
2020-01-25,157,368.1352747,4.072881155,4.072881155
2020-01-25,159,1125.632127,13.17090924,13.17090924
2020-01-25,161,106.5779314,1.161385137,1.161385137
2020-01-25,163,524.9402387,6.246263421,6.246263421
2020-01-25,164,143.1283679,1.867613907,1.867613907
2020-01-25,166,803.409461,10.81041106,10.81041106
2020-01-25,168,1852.682418,20.1977461,20.1977461
2020-01-25,169,604.4182341,7.581238827,7.581238827
2020-01-25,171,381.872083,4.11524463,4.11524463
2020-01-25,172,302.1884648,4.160154827,4.160154827
2020-01-25,173,571.6176065,6.028886085,6.028886085
2020-01-25,174,305.8708515,4.595775654,4.595775654
2020-01-25,175,394.7431846,4.551950576,4.551950576
2020-01-25,177,453.9490172,5.001638893,5.001638893
2020-01-25,18,302.3224813,4.147196803,4.147196803
2020-01-25,180,372.2088772,4.953669426,4.953669426
2020-01-25,181,380.8535938,4.203147446,4.203147446
2020-01-25,183,125.9709455,1.628564909,1.628564909
2020-01-25,184,382.5581305,4.588958256,4.588958256
2020-01-25,188,838.0514383,9.686942956,9.686942956
2020-01-25,189,869.1325036,10.17174687,10.17174687
2020-01-25,19,260.7124252,3.897672116,3.897672116
2020-01-25,190,338.3722311,3.5146278,3.5146278
2020-01-25,192,615.5091833,7.677012498,7.677012498
2020-01-25,193,325.2276654,3.58321764,3.58321764
2020-01-25,195,289.0162587,3.783166302,3.783166302
2020-01-25,196,1070.779407,11.68470236,11.68470236
2020-01-25,197,349.9467792,4.059640125,4.059640125
2020-01-25,198,619.7713466,6.988338868,6.988338868
2020-01-25,20,682.0183862,8.22285567,8.22285567
2020-01-25,22,271.2598323,3.544243035,3.544243035
2020-01-25,23,140.8329804,1.617566076,1.617566076
2020-01-25,25,991.8282804,11.38501154,11.38501154
2020-01-25,26,590.1334204,6.32257789,6.32257789
2020-01-25,27,119.3068057,1.260984877,1.260984877
2020-01-25,28,1044.32977,11.21950397,11.21950397
2020-01-25,3,472.5153985,6.049808412,6.049808412
2020-01-25,31,658.9292722,7.58982648,7.58982648
2020-01-25,33,137.3334403,1.96250732,1.96250732
2020-01-25,35,120.2937153,1.799337188,1.799337188
2020-01-25,36,278.0292532,3.723292022,3.723292022
2020-01-25,38,807.4280719,9.883134499,9.883134499
2020-01-25,39,113.5174195,1.399079888,1.399079888
2020-01-25,41,461.3637788,5.965007742,5.965007742
2020-01-25,42,89.39859494,1.638735822,1.638735822
2020-01-25,44,962.4687248,10.03571718,10.03571718
2020-01-25,45,555.6007868,6.67351565,6.67351565
2020-01-25,46,373.4384538,4.228324313,4.228324313
2020-01-25,49,303.0990337,3.517480853,3.517480853
2020-01-25,5,1042.517487,11.30973451,11.30973451
2020-01-25,51,1166.274659,13.67975281,13.67975281
2020-01-25,52,644.3098422,8.191084723,8.191084723
2020-01-25,55,447.9127311,4.937416315,4.937416315
2020-01-25,57,367.3018018,4.072881155,4.072881155
2020-01-25,59,1126.123397,13.17090924,13.17090924
2020-01-25,61,108.8454695,1.161385137,1.161385137
2020-01-25,63,527.2340395,6.246263421,6.246263421
2020-01-25,64,142.7632828,1.867613907,1.867613907
2020-01-25,66,816.0121139,10.81041106,10.81041106
2020-01-25,68,1829.090077,20.1977461,20.1977461
2020-01-25,69,613.3132273,7.581238827,7.581238827
2020-01-25,71,377.8466278,4.11524463,4.11524463
2020-01-25,72,309.7783126,4.160154827,4.160154827
2020-01-25,73,566.4965544,6.028886085,6.028886085
2020-01-25,74,301.9418395,4.595775654,4.595775654
2020-01-25,75,392.1989453,4.551950576,4.551950576
2020-01-25,77,446.0775676,5.001638893,5.001638893
2020-01-25,8,383.0029278,4.649107426,4.649107426
2020-01-25,80,370.2472025,4.953669426,4.953669426
2020-01-25,81,384.9008663,4.203147446,4.203147446
2020-01-25,83,129.9178601,1.628564909,1.628564909
2020-01-25,84,387.8037256,4.588958256,4.588958256
2020-01-25,88,830.6003938,9.686942956,9.686942956
2020-01-25,89,875.8388541,10.17174687,10.17174687
2020-01-25,90,329.8464353,3.5146278,3.5146278
2020-01-25,92,619.7340624,7.677012498,7.677012498
2020-01-25,93,327.3487397,3.58321764,3.58321764
2020-01-25,95,288.9301871,3.783166302,3.783166302
2020-01-25,96,1085.832249,11.68470236,11.68470236
2020-01-25,97,355.4791591,4.059640125,4.059640125
2020-01-25,98,629.063743,6.988338868,6.988338868
2020-01-26,10,1259.573255,14.33944268,14.33944268
2020-01-26,103,461.3407796,4.821146617,4.821146617
2020-01-26,105,1045.257945,10.83854629,10.83854629
2020-01-26,108,381.9318649,4.486463649,4.486463649
2020-01-26,11,868.3486033,11.4352359,11.4352359
2020-01-26,110,1255.314723,14.33944268,14.33944268
2020-01-26,111,872.6353288,11.4352359,11.4352359
2020-01-26,115,488.0166052,5.222232934,5.222232934
2020-01-26,118,303.9399492,3.797727263,3.797727263
2020-01-26,119,265.0849714,3.380251897,3.380251897
2020-01-26,120,662.0640644,8.409690895,8.409690895
2020-01-26,122,263.8029273,3.79207266,3.79207266
2020-01-26,123,140.4745127,1.767675976,1.767675976
2020-01-26,125,988.3954968,11.98205858,11.98205858
2020-01-26,126,601.5960253,6.631005584,6.631005584
2020-01-26,127,118.9816096,1.527032813,1.527032813
2020-01-26,128,1034.093794,11.27381796,11.27381796
2020-01-26,131,647.971772,7.459138623,7.459138623
2020-01-26,133,135.2982294,1.743034532,1.743034532
2020-01-26,135,117.8106336,1.94200658,1.94200658
2020-01-26,136,279.9975254,3.372807535,3.372807535
2020-01-26,138,791.6424796,9.634391136,9.634391136
2020-01-26,139,111.5469828,1.450083673,1.450083673
2020-01-26,141,451.6562998,5.227299041,5.227299041
2020-01-26,142,88.32159438,0.9523028065,0.9523028065
2020-01-26,144,951.0459664,10.88412507,10.88412507
2020-01-26,145,571.5770685,6.269678365,6.269678365
2020-01-26,146,363.6589517,4.452525364,4.452525364
2020-01-26,149,301.6365963,3.716091968,3.716091968
2020-01-26,15,496.5505348,5.222232934,5.222232934
2020-01-26,151,1136.72029,13.99703471,13.99703471
2020-01-26,152,633.5385134,7.097219506,7.097219506
2020-01-26,155,455.7291213,6.216021284,6.216021284
2020-01-26,157,358.2268837,4.887096952,4.887096952
2020-01-26,159,1128.181205,13.44420419,13.44420419
2020-01-26,161,106.7309343,1.491896382,1.491896382
2020-01-26,163,530.5783083,5.61843677,5.61843677
2020-01-26,164,147.4655785,1.926499497,1.926499497
2020-01-26,166,806.0159362,8.852997995,8.852997995
2020-01-26,168,1762.879344,20.15359328,20.15359328
2020-01-26,169,613.982104,8.222062569,8.222062569
2020-01-26,171,374.2683608,3.766255205,3.766255205
2020-01-26,172,307.9834295,4.15638002,4.15638002
2020-01-26,173,566.9476015,6.295341876,6.295341876
2020-01-26,174,298.0357465,3.503551025,3.503551025
2020-01-26,175,385.6918419,4.739976802,4.739976802
2020-01-26,177,442.8535664,5.262256098,5.262256098
2020-01-26,18,305.6175536,3.797727263,3.797727263
2020-01-26,180,370.6188582,4.966374979,4.966374979
2020-01-26,181,374.7458281,4.799642287,4.799642287
2020-01-26,183,129.9717913,1.557412812,1.557412812
2020-01-26,184,380.2899494,4.661342593,4.661342593
2020-01-26,188,833.0598051,9.514504203,9.514504203
2020-01-26,189,870.2285559,10.20781452,10.20781452
2020-01-26,19,261.7591572,3.380251897,3.380251897
2020-01-26,190,332.0359924,4.349350569,4.349350569
2020-01-26,192,612.8991579,7.98425731,7.98425731
2020-01-26,193,314.447159,3.890262392,3.890262392
2020-01-26,195,284.7519255,3.361046271,3.361046271
2020-01-26,196,1117.934961,12.35921699,12.35921699
2020-01-26,197,352.828492,3.618175989,3.618175989
2020-01-26,198,627.6730908,7.418614925,7.418614925
2020-01-26,20,665.6249142,8.409690895,8.409690895
2020-01-26,22,269.3798284,3.79207266,3.79207266
2020-01-26,23,142.6264048,1.767675976,1.767675976
2020-01-26,25,986.7116185,11.98205858,11.98205858
2020-01-26,26,588.1727353,6.631005584,6.631005584
2020-01-26,27,117.0276527,1.527032813,1.527032813
2020-01-26,28,1028.10126,11.27381796,11.27381796
2020-01-26,3,465.9708542,4.821146617,4.821146617
2020-01-26,31,645.6954662,7.459138623,7.459138623
2020-01-26,33,135.8815324,1.743034532,1.743034532
2020-01-26,35,118.8144607,1.94200658,1.94200658
2020-01-26,36,277.9480874,3.372807535,3.372807535
2020-01-26,38,790.2357282,9.634391136,9.634391136
2020-01-26,39,113.0857579,1.450083673,1.450083673
2020-01-26,41,452.0457984,5.227299041,5.227299041
2020-01-26,42,89.05188498,0.9523028065,0.9523028065
2020-01-26,44,955.7143754,10.88412507,10.88412507
2020-01-26,45,557.829887,6.269678365,6.269678365
2020-01-26,46,364.8673278,4.452525364,4.452525364
2020-01-26,49,297.9418699,3.716091968,3.716091968
2020-01-26,5,1026.911176,10.83854629,10.83854629
2020-01-26,51,1147.568725,13.99703471,13.99703471
2020-01-26,52,633.0449146,7.097219506,7.097219506
2020-01-26,55,448.2097899,6.216021284,6.216021284
2020-01-26,57,361.652436,4.887096952,4.887096952
2020-01-26,59,1120.55817,13.44420419,13.44420419
2020-01-26,61,108.1478964,1.491896382,1.491896382
2020-01-26,63,526.5497164,5.61843677,5.61843677
2020-01-26,64,144.2649316,1.926499497,1.926499497
2020-01-26,66,804.4293483,8.852997995,8.852997995
2020-01-26,68,1779.51202,20.15359328,20.15359328
2020-01-26,69,614.858253,8.222062569,8.222062569
2020-01-26,71,372.9155092,3.766255205,3.766255205
2020-01-26,72,309.8078434,4.15638002,4.15638002
2020-01-26,73,572.132737,6.295341876,6.295341876
2020-01-26,74,298.3335557,3.503551025,3.503551025
2020-01-26,75,385.3062501,4.739976802,4.739976802
2020-01-26,77,444.7938834,5.262256098,5.262256098
2020-01-26,8,379.4375779,4.486463649,4.486463649
2020-01-26,80,369.7405545,4.966374979,4.966374979
2020-01-26,81,374.3537411,4.799642287,4.799642287
2020-01-26,83,127.8923131,1.557412812,1.557412812
2020-01-26,84,374.8392659,4.661342593,4.661342593
2020-01-26,88,831.0970235,9.514504203,9.514504203
2020-01-26,89,873.4092673,10.20781452,10.20781452
2020-01-26,90,327.9510565,4.349350569,4.349350569
2020-01-26,92,614.263247,7.98425731,7.98425731
2020-01-26,93,320.2225639,3.890262392,3.890262392
2020-01-26,95,283.8508464,3.361046271,3.361046271
2020-01-26,96,1101.31492,12.35921699,12.35921699
2020-01-26,97,353.1367944,3.618175989,3.618175989
2020-01-26,98,626.722527,7.418614925,7.418614925
2020-01-27,10,1251.306189,14.17457617,14.17457617
2020-01-27,103,481.7721093,6.111257643,6.111257643
2020-01-27,105,1032.929161,10.76880155,10.76880155
2020-01-27,108,377.2341401,4.344129705,4.344129705
2020-01-27,11,867.7903681,10.49088364,10.49088364
2020-01-27,110,1254.836894,14.17457617,14.17457617
2020-01-27,111,880.6550126,10.49088364,10.49088364
2020-01-27,115,496.4404754,5.464600221,5.464600221
2020-01-27,118,301.3054816,3.292712095,3.292712095
2020-01-27,119,259.9153386,3.388603719,3.388603719
2020-01-27,120,667.6250344,8.670247388,8.670247388
2020-01-27,122,266.9518072,3.218417163,3.218417163
2020-01-27,123,142.474514,1.887367582,1.887367582
2020-01-27,125,989.4628194,11.64416696,11.64416696
2020-01-27,126,584.5099571,6.780629204,6.780629204
2020-01-27,127,116.1997268,1.348684864,1.348684864
2020-01-27,128,1014.761815,11.32031809,11.32031809
2020-01-27,131,646.4774653,7.96486389,7.96486389
2020-01-27,133,136.8415444,1.364671865,1.364671865
2020-01-27,135,117.8698882,1.530477254,1.530477254
2020-01-27,136,278.8366493,4.123185511,4.123185511
2020-01-27,138,785.8831358,8.680815464,8.680815464
2020-01-27,139,111.7821031,1.193894393,1.193894393
2020-01-27,141,452.3143934,5.826454213,5.826454213
2020-01-27,142,91.3508236,1.246945524,1.246945524
2020-01-27,144,962.5999763,9.859691038,9.859691038
2020-01-27,145,569.005152,6.458438578,6.458438578
2020-01-27,146,364.2286879,4.127211299,4.127211299
2020-01-27,149,298.1848159,3.757892212,3.757892212
2020-01-27,15,491.2002376,5.464600221,5.464600221
2020-01-27,151,1139.795725,12.86477226,12.86477226
2020-01-27,152,621.0079566,6.926697403,6.926697403
2020-01-27,155,466.8573209,5.799477299,5.799477299
2020-01-27,157,365.1084124,4.973538232,4.973538232
2020-01-27,159,1120.127718,13.37947227,13.37947227
2020-01-27,161,110.1843902,1.448229432,1.448229432
2020-01-27,163,544.89198,5.831455257,5.831455257
2020-01-27,164,146.9303987,2.049645368,2.049645368
2020-01-27,166,798.9585062,10.45341673,10.45341673
2020-01-27,168,1789.780588,19.77668143,19.77668143
2020-01-27,169,620.0168885,7.213351618,7.213351618
2020-01-27,171,359.1889746,5.668720572,5.668720572
2020-01-27,172,309.4890671,3.970183446,3.970183446
2020-01-27,173,587.040451,7.095471746,7.095471746
2020-01-27,174,299.3579501,3.604905149,3.604905149
2020-01-27,175,395.7633654,5.023401183,5.023401183
2020-01-27,177,439.7125303,5.321743273,5.321743273
2020-01-27,18,303.5778178,3.292712095,3.292712095
2020-01-27,180,362.6849934,4.928116922,4.928116922
2020-01-27,181,356.7887041,5.472755013,5.472755013
2020-01-27,183,126.1874002,1.679973298,1.679973298
2020-01-27,184,379.4885884,4.509887156,4.509887156
2020-01-27,188,821.5088258,9.6892349,9.6892349
2020-01-27,189,889.1218126,9.484965715,9.484965715
2020-01-27,19,260.3022419,3.388603719,3.388603719
2020-01-27,190,320.3913258,4.680950688,4.680950688
2020-01-27,192,611.1149315,7.394941736,7.394941736
2020-01-27,193,318.3709659,3.218861803,3.218861803
2020-01-27,195,288.8868799,3.180766556,3.180766556
2020-01-27,196,1114.837852,12.04555896,12.04555896
2020-01-27,197,348.5258688,4.262546217,4.262546217
2020-01-27,198,624.0965587,7.292388122,7.292388122
2020-01-27,20,664.5587878,8.670247388,8.670247388
2020-01-27,22,269.1045255,3.218417163,3.218417163
2020-01-27,23,144.0107418,1.887367582,1.887367582
2020-01-27,25,997.3555559,11.64416696,11.64416696
2020-01-27,26,585.6980288,6.780629204,6.780629204
2020-01-27,27,114.8885232,1.348684864,1.348684864
2020-01-27,28,1022.566603,11.32031809,11.32031809
2020-01-27,3,472.1746326,6.111257643,6.111257643
2020-01-27,31,647.4218328,7.96486389,7.96486389
2020-01-27,33,136.3776799,1.364671865,1.364671865
2020-01-27,35,120.1925638,1.530477254,1.530477254
2020-01-27,36,277.3798084,4.123185511,4.123185511
2020-01-27,38,784.1992647,8.680815464,8.680815464
2020-01-27,39,110.7146077,1.193894393,1.193894393
2020-01-27,41,450.7247598,5.826454213,5.826454213
2020-01-27,42,91.23579369,1.246945524,1.246945524
2020-01-27,44,955.0570232,9.859691038,9.859691038
2020-01-27,45,566.7049925,6.458438578,6.458438578
2020-01-27,46,364.1863867,4.127211299,4.127211299
2020-01-27,49,301.8066971,3.757892212,3.757892212
2020-01-27,5,1047.644942,10.76880155,10.76880155
2020-01-27,51,1134.920278,12.86477226,12.86477226
2020-01-27,52,632.7272051,6.926697403,6.926697403
2020-01-27,55,461.5300226,5.799477299,5.799477299
2020-01-27,57,363.6411118,4.973538232,4.973538232
2020-01-27,59,1125.670314,13.37947227,13.37947227
2020-01-27,61,108.5760672,1.448229432,1.448229432
2020-01-27,63,532.6783218,5.831455257,5.831455257
2020-01-27,64,144.2572628,2.049645368,2.049645368
2020-01-27,66,800.6560841,10.45341673,10.45341673
2020-01-27,68,1765.83882,19.77668143,19.77668143
2020-01-27,69,620.577014,7.213351618,7.213351618
2020-01-27,71,365.7140648,5.668720572,5.668720572
2020-01-27,72,307.1579593,3.970183446,3.970183446
2020-01-27,73,581.4853228,7.095471746,7.095471746
2020-01-27,74,300.8347902,3.604905149,3.604905149
2020-01-27,75,386.9469438,5.023401183,5.023401183
2020-01-27,77,439.4380949,5.321743273,5.321743273
2020-01-27,8,379.5956495,4.344129705,4.344129705
2020-01-27,80,366.5970724,4.928116922,4.928116922
2020-01-27,81,368.8878647,5.472755013,5.472755013
2020-01-27,83,125.6555494,1.679973298,1.679973298
2020-01-27,84,376.7673454,4.509887156,4.509887156
2020-01-27,88,826.4994745,9.6892349,9.6892349
2020-01-27,89,876.8976938,9.484965715,9.484965715
2020-01-27,90,322.3806263,4.680950688,4.680950688
2020-01-27,92,615.7115628,7.394941736,7.394941736
2020-01-27,93,318.6836141,3.218861803,3.218861803
2020-01-27,95,286.4469234,3.180766556,3.180766556
2020-01-27,96,1107.327629,12.04555896,12.04555896
2020-01-27,97,346.6425589,4.262546217,4.262546217
2020-01-27,98,627.9138428,7.292388122,7.292388122
2020-01-28,10,1264.439957,14.32339787,14.32339787
2020-01-28,103,474.1799046,5.306706451,5.306706451
2020-01-28,105,1022.493288,11.25009616,11.25009616
2020-01-28,108,380.2480776,4.10515999,4.10515999
2020-01-28,11,872.9733334,10.87545075,10.87545075
2020-01-28,110,1286.032068,14.32339787,14.32339787
2020-01-28,111,877.3905772,10.87545075,10.87545075
2020-01-28,115,479.105864,5.560334794,5.560334794
2020-01-28,118,306.466317,4.225936467,4.225936467
2020-01-28,119,260.0990968,3.145298752,3.145298752
2020-01-28,120,674.9285326,7.589423132,7.589423132
2020-01-28,122,268.0120339,3.300795122,3.300795122
2020-01-28,123,147.0410748,1.82993939,1.82993939
2020-01-28,125,1009.688669,11.53235844,11.53235844
2020-01-28,126,599.537859,7.722881833,7.722881833
2020-01-28,127,119.0544429,1.379338902,1.379338902
2020-01-28,128,1028.961368,11.1448265,11.1448265
2020-01-28,131,656.7154648,7.396560976,7.396560976
2020-01-28,133,138.0666837,1.649504937,1.649504937
2020-01-28,135,118.9395692,2.1639709,2.1639709
2020-01-28,136,281.4387208,2.920958767,2.920958767
2020-01-28,138,793.6717276,8.608873796,8.608873796
2020-01-28,139,110.8104106,1.14292787,1.14292787
2020-01-28,141,455.3451654,6.125878131,6.125878131
2020-01-28,142,93.07708608,1.197611422,1.197611422
2020-01-28,144,971.1570248,10.51168914,10.51168914
2020-01-28,145,557.1085403,6.057695758,6.057695758
2020-01-28,146,370.8263289,4.231546652,4.231546652
2020-01-28,149,311.0267486,3.801017679,3.801017679
2020-01-28,15,487.0364606,5.560334794,5.560334794
2020-01-28,151,1129.027112,13.63901139,13.63901139
2020-01-28,152,638.8699756,7.001498816,7.001498816
2020-01-28,155,488.6123512,5.15946041,5.15946041
2020-01-28,157,368.5187385,3.895648796,3.895648796
2020-01-28,159,1134.983253,11.76730485,11.76730485
2020-01-28,161,108.292706,1.464249223,1.464249223
2020-01-28,163,528.3573467,6.078307098,6.078307098
2020-01-28,164,143.4705583,1.560174292,1.560174292
2020-01-28,166,808.2980557,9.771621287,9.771621287
2020-01-28,168,1745.383183,18.42632527,18.42632527
2020-01-28,169,614.9728522,7.482318151,7.482318151
2020-01-28,171,372.3214401,5.068467989,5.068467989
2020-01-28,172,313.88737,3.480761402,3.480761402
2020-01-28,173,575.1724062,6.958021974,6.958021974
2020-01-28,174,299.5434043,3.504029369,3.504029369
2020-01-28,175,394.28167,5.818853087,5.818853087
2020-01-28,177,431.50611,4.722881422,4.722881422
2020-01-28,18,304.1077638,4.225936467,4.225936467
2020-01-28,180,368.2672796,4.750042652,4.750042652
2020-01-28,181,373.192227,5.552187703,5.552187703
2020-01-28,183,122.7280234,2.362956454,2.362956454
2020-01-28,184,381.350677,4.279056992,4.279056992
2020-01-28,188,825.7156668,9.054193343,9.054193343
2020-01-28,189,899.3439637,11.51569978,11.51569978
2020-01-28,19,259.1560322,3.145298752,3.145298752
2020-01-28,190,338.614566,3.723412628,3.723412628
2020-01-28,192,644.7225302,7.646040765,7.646040765
2020-01-28,193,326.8171218,3.675699681,3.675699681
2020-01-28,195,289.6657543,3.112208832,3.112208832
2020-01-28,196,1105.177604,12.20562198,12.20562198
2020-01-28,197,343.1026225,3.560840926,3.560840926
2020-01-28,198,624.2475279,8.172798999,8.172798999
2020-01-28,20,674.6521235,7.589423132,7.589423132
2020-01-28,22,269.0949233,3.300795122,3.300795122
2020-01-28,23,147.6500436,1.82993939,1.82993939
2020-01-28,25,1006.75685,11.53235844,11.53235844
2020-01-28,26,589.8369497,7.722881833,7.722881833
2020-01-28,27,116.4480436,1.379338902,1.379338902
2020-01-28,28,1030.187103,11.1448265,11.1448265
2020-01-28,3,477.6455879,5.306706451,5.306706451
2020-01-28,31,655.7557998,7.396560976,7.396560976
2020-01-28,33,140.0212247,1.649504937,1.649504937
2020-01-28,35,119.6654448,2.1639709,2.1639709
2020-01-28,36,281.0339272,2.920958767,2.920958767
2020-01-28,38,791.8532587,8.608873796,8.608873796
2020-01-28,39,112.1158925,1.14292787,1.14292787
2020-01-28,41,457.2815768,6.125878131,6.125878131
2020-01-28,42,90.52444289,1.197611422,1.197611422
2020-01-28,44,966.7000254,10.51168914,10.51168914
2020-01-28,45,558.6754043,6.057695758,6.057695758
2020-01-28,46,374.2204153,4.231546652,4.231546652
2020-01-28,49,307.4998818,3.801017679,3.801017679
2020-01-28,5,1059.511084,11.25009616,11.25009616
2020-01-28,51,1129.678603,13.63901139,13.63901139
2020-01-28,52,631.3449251,7.001498816,7.001498816
2020-01-28,55,473.6417661,5.15946041,5.15946041
2020-01-28,57,365.2727724,3.895648796,3.895648796
2020-01-28,59,1136.821941,11.76730485,11.76730485
2020-01-28,61,109.1644374,1.464249223,1.464249223
2020-01-28,63,542.4774055,6.078307098,6.078307098
2020-01-28,64,144.1586331,1.560174292,1.560174292
2020-01-28,66,805.5632965,9.771621287,9.771621287
2020-01-28,68,1771.484367,18.42632527,18.42632527
2020-01-28,69,628.4010466,7.482318151,7.482318151
2020-01-28,71,368.64625,5.068467989,5.068467989
2020-01-28,72,313.3319341,3.480761402,3.480761402
2020-01-28,73,571.6401368,6.958021974,6.958021974
2020-01-28,74,304.2986917,3.504029369,3.504029369
2020-01-28,75,391.8368198,5.818853087,5.818853087
2020-01-28,77,436.9033026,4.722881422,4.722881422
2020-01-28,8,377.6284812,4.10515999,4.10515999
2020-01-28,80,369.0836066,4.750042652,4.750042652
2020-01-28,81,379.1733972,5.552187703,5.552187703
2020-01-28,83,125.5664255,2.362956454,2.362956454
2020-01-28,84,375.4880603,4.279056992,4.279056992
2020-01-28,88,824.6452299,9.054193343,9.054193343
2020-01-28,89,895.2420658,11.51569978,11.51569978
2020-01-28,90,330.0052954,3.723412628,3.723412628
2020-01-28,92,627.6770497,7.646040765,7.646040765
2020-01-28,93,326.972347,3.675699681,3.675699681
2020-01-28,95,292.5295801,3.112208832,3.112208832
2020-01-28,96,1102.898293,12.20562198,12.20562198
2020-01-28,97,344.8682838,3.560840926,3.560840926
2020-01-28,98,628.0024938,8.172798999,8.172798999
2020-01-29,10,1254.970854,15.00349839,15.00349839
2020-01-29,103,472.8109317,5.267144971,5.267144971
2020-01-29,105,1046.944537,11.20051234,11.20051234
2020-01-29,108,389.0216187,4.441611192,4.441611192
2020-01-29,11,864.8433825,9.974352905,9.974352905
2020-01-29,110,1265.862037,15.00349839,15.00349839
2020-01-29,111,845.6052814,9.974352905,9.974352905
2020-01-29,115,487.1834876,5.466050845,5.466050845
2020-01-29,118,307.3183896,3.544681322,3.544681322
2020-01-29,119,254.441709,3.441511711,3.441511711
2020-01-29,120,679.2125566,8.068436146,8.068436146
2020-01-29,122,271.8213567,3.386354608,3.386354608
2020-01-29,123,144.896881,1.46723949,1.46723949
2020-01-29,125,1015.610189,11.78434381,11.78434381
2020-01-29,126,580.5912288,6.029634759,6.029634759
2020-01-29,127,117.2708156,2.056690969,2.056690969
2020-01-29,128,1030.31177,11.88627687,11.88627687
2020-01-29,131,654.1748393,7.031313522,7.031313522
2020-01-29,133,142.0571735,2.060138447,2.060138447
2020-01-29,135,119.7842898,1.571814934,1.571814934
2020-01-29,136,281.4856006,3.433329375,3.433329375
2020-01-29,138,794.5939353,8.925160527,8.925160527
2020-01-29,139,115.7430954,1.341032097,1.341032097
2020-01-29,141,464.3602903,5.896734235,5.896734235
2020-01-29,142,92.80672243,1.228138039,1.228138039
2020-01-29,144,977.1049963,10.45752738,10.45752738
2020-01-29,145,551.3288903,6.60734412,6.60734412
2020-01-29,146,372.3322494,3.973338965,3.973338965
2020-01-29,149,298.7819327,3.816549224,3.816549224
2020-01-29,15,490.6043568,5.466050845,5.466050845
2020-01-29,151,1129.887025,14.2440346,14.2440346
2020-01-29,152,616.7273983,6.425427531,6.425427531
2020-01-29,155,480.2790465,5.434313874,5.434313874
2020-01-29,157,368.5871011,4.588689055,4.588689055
2020-01-29,159,1141.44839,11.93595155,11.93595155
2020-01-29,161,105.4107699,1.222455507,1.222455507
2020-01-29,163,550.6814639,6.415034617,6.415034617
2020-01-29,164,137.2647208,2.318861759,2.318861759
2020-01-29,166,807.1789307,10.4298944,10.4298944
2020-01-29,168,1778.507151,19.75138319,19.75138319
2020-01-29,169,626.4503229,7.416654636,7.416654636
2020-01-29,171,366.6663716,3.761619451,3.761619451
2020-01-29,172,319.7088869,3.672300607,3.672300607
2020-01-29,173,588.1463743,6.066551306,6.066551306
2020-01-29,174,300.6221252,4.293405734,4.293405734
2020-01-29,175,391.5206563,4.29993608,4.29993608
2020-01-29,177,445.8332937,5.285638899,5.285638899
2020-01-29,18,308.2083066,3.544681322,3.544681322
2020-01-29,180,366.6358534,4.153680217,4.153680217
2020-01-29,181,382.9935672,4.526648424,4.526648424
2020-01-29,183,122.994475,1.860289844,1.860289844
2020-01-29,184,372.2227781,4.29745648,4.29745648
2020-01-29,188,837.4147939,9.817780033,9.817780033
2020-01-29,189,909.4176377,10.27253345,10.27253345
2020-01-29,19,254.8230474,3.441511711,3.441511711
2020-01-29,190,327.7106535,4.629103547,4.629103547
2020-01-29,192,635.4810673,7.051025669,7.051025669
2020-01-29,193,341.3605858,3.539729121,3.539729121
2020-01-29,195,291.9971354,3.626460501,3.626460501
2020-01-29,196,1093.955637,11.77884508,11.77884508
2020-01-29,197,345.8549683,3.904801509,3.904801509
2020-01-29,198,623.901325,6.603997209,6.603997209
2020-01-29,20,676.2953922,8.068436146,8.068436146
2020-01-29,22,269.6911907,3.386354608,3.386354608
2020-01-29,23,146.6157105,1.46723949,1.46723949
2020-01-29,25,1001.816991,11.78434381,11.78434381
2020-01-29,26,576.1997771,6.029634759,6.029634759
2020-01-29,27,114.4946805,2.056690969,2.056690969
2020-01-29,28,1026.846047,11.88627687,11.88627687
2020-01-29,3,475.7004865,5.267144971,5.267144971
2020-01-29,31,652.9193201,7.031313522,7.031313522
2020-01-29,33,140.0525231,2.060138447,2.060138447
2020-01-29,35,120.3831816,1.571814934,1.571814934
2020-01-29,36,281.9205255,3.433329375,3.433329375
2020-01-29,38,795.5585473,8.925160527,8.925160527
2020-01-29,39,113.755536,1.341032097,1.341032097
2020-01-29,41,455.6834764,5.896734235,5.896734235
2020-01-29,42,92.16110971,1.228138039,1.228138039
2020-01-29,44,978.7577569,10.45752738,10.45752738
2020-01-29,45,552.4498582,6.60734412,6.60734412
2020-01-29,46,369.768947,3.973338965,3.973338965
2020-01-29,49,304.9612385,3.816549224,3.816549224
2020-01-29,5,1060.294968,11.20051234,11.20051234
2020-01-29,51,1132.607095,14.2440346,14.2440346
2020-01-29,52,621.487372,6.425427531,6.425427531
2020-01-29,55,476.3377879,5.434313874,5.434313874
2020-01-29,57,363.7994927,4.588689055,4.588689055
2020-01-29,59,1135.489178,11.93595155,11.93595155
2020-01-29,61,108.0190658,1.222455507,1.222455507
2020-01-29,63,552.2813904,6.415034617,6.415034617
2020-01-29,64,139.2383206,2.318861759,2.318861759
2020-01-29,66,803.6345988,10.4298944,10.4298944
2020-01-29,68,1771.118517,19.75138319,19.75138319
2020-01-29,69,633.8102186,7.416654636,7.416654636
2020-01-29,71,369.0584368,3.761619451,3.761619451
2020-01-29,72,318.019486,3.672300607,3.672300607
2020-01-29,73,585.8955688,6.066551306,6.066551306
2020-01-29,74,304.9136906,4.293405734,4.293405734
2020-01-29,75,387.0112262,4.29993608,4.29993608
2020-01-29,77,443.4676533,5.285638899,5.285638899
2020-01-29,8,379.8697562,4.441611192,4.441611192
2020-01-29,80,371.4992153,4.153680217,4.153680217
2020-01-29,81,384.6119691,4.526648424,4.526648424
2020-01-29,83,123.1624477,1.860289844,1.860289844
2020-01-29,84,376.8732548,4.29745648,4.29745648
2020-01-29,88,838.1539966,9.817780033,9.817780033
2020-01-29,89,903.5251358,10.27253345,10.27253345
2020-01-29,90,325.7553668,4.629103547,4.629103547
2020-01-29,92,630.4837732,7.051025669,7.051025669
2020-01-29,93,334.7011422,3.539729121,3.539729121
2020-01-29,95,289.6026037,3.626460501,3.626460501
2020-01-29,96,1102.348422,11.77884508,11.77884508
2020-01-29,97,346.9025562,3.904801509,3.904801509
2020-01-29,98,627.7168768,6.603997209,6.603997209
2020-01-30,10,1264.821967,14.35954109,14.35954109
2020-01-30,103,478.4572631,5.19475336,5.19475336
2020-01-30,105,1071.549011,11.7616817,11.7616817
2020-01-30,108,380.3755433,4.604810159,4.604810159
2020-01-30,11,880.2365356,9.96632423,9.96632423
2020-01-30,110,1267.507621,14.35954109,14.35954109
2020-01-30,111,899.9681002,9.96632423,9.96632423
2020-01-30,115,495.0330316,5.499417596,5.499417596
2020-01-30,118,311.7415717,3.229808468,3.229808468
2020-01-30,119,260.1790343,2.933871523,2.933871523
2020-01-30,120,677.7660564,7.695855923,7.695855923
2020-01-30,122,274.9273588,2.954383673,2.954383673
2020-01-30,123,147.4941795,1.455936941,1.455936941
2020-01-30,125,992.8339226,10.96068383,10.96068383
2020-01-30,126,578.5077662,6.0413441,6.0413441
2020-01-30,127,113.249742,1.359348811,1.359348811
2020-01-30,128,1038.103979,11.81920229,11.81920229
2020-01-30,131,661.5971087,7.748647431,7.748647431
2020-01-30,133,138.4680462,2.07994603,2.07994603
2020-01-30,135,122.242875,1.682034178,1.682034178
2020-01-30,136,287.468626,3.567749879,3.567749879
2020-01-30,138,808.5231642,9.246267088,9.246267088
2020-01-30,139,118.9681818,1.4071783,1.4071783
2020-01-30,141,450.9236544,5.296233976,5.296233976
2020-01-30,142,95.01732446,1.403481003,1.403481003
2020-01-30,144,991.9344259,10.40753007,10.40753007
2020-01-30,145,571.2857765,7.076354029,7.076354029
2020-01-30,146,377.7597159,3.823200357,3.823200357
2020-01-30,149,307.3603829,4.154771807,4.154771807
2020-01-30,15,504.6509025,5.499417596,5.499417596
2020-01-30,151,1135.490181,13.3146126,13.3146126
2020-01-30,152,610.3269127,7.325597287,7.325597287
2020-01-30,155,482.4552856,5.415338535,5.415338535
2020-01-30,157,370.5713917,4.24876769,4.24876769
2020-01-30,159,1146.585286,12.68813526,12.68813526
2020-01-30,161,105.1004723,1.179251906,1.179251906
2020-01-30,163,552.1309947,6.912672918,6.912672918
2020-01-30,164,140.043845,1.77101823,1.77101823
2020-01-30,166,792.8894094,10.73316428,10.73316428
2020-01-30,168,1793.849402,19.2216132,19.2216132
2020-01-30,169,636.6667774,7.472095934,7.472095934
2020-01-30,171,368.2020826,3.976238097,3.976238097
2020-01-30,172,318.2673073,3.730225847,3.730225847
2020-01-30,173,596.4327583,7.270781261,7.270781261
2020-01-30,174,310.6487764,3.234173561,3.234173561
2020-01-30,175,384.5300978,4.664502852,4.664502852
2020-01-30,177,461.7982015,5.948472918,5.948472918
2020-01-30,18,309.5800788,3.229808468,3.229808468
2020-01-30,180,366.2001228,5.033570327,5.033570327
2020-01-30,181,390.3616793,4.415524711,4.415524711
2020-01-30,183,123.4589975,1.449891825,1.449891825
2020-01-30,184,384.2789342,4.752031886,4.752031886
2020-01-30,188,864.9902837,8.963229734,8.963229734
2020-01-30,189,912.3059475,10.93285314,10.93285314
2020-01-30,19,258.5444435,2.933871523,2.933871523
2020-01-30,190,331.3064491,4.226295324,4.226295324
2020-01-30,192,641.9075113,7.303891343,7.303891343
2020-01-30,193,333.7961679,3.663589566,3.663589566
2020-01-30,195,290.4818221,3.458566157,3.458566157
2020-01-30,196,1069.358774,11.74584429,11.74584429
2020-01-30,197,352.7231609,4.009660156,4.009660156
2020-01-30,198,650.4979139,7.376186249,7.376186249
2020-01-30,20,677.8817097,7.695855923,7.695855923
2020-01-30,22,271.3329582,2.954383673,2.954383673
2020-01-30,23,144.8369281,1.455936941,1.455936941
2020-01-30,25,1001.603031,10.96068383,10.96068383
2020-01-30,26,582.6501501,6.0413441,6.0413441
2020-01-30,27,115.3342961,1.359348811,1.359348811
2020-01-30,28,1035.135265,11.81920229,11.81920229
2020-01-30,3,476.8786277,5.19475336,5.19475336
2020-01-30,31,662.5334015,7.748647431,7.748647431
2020-01-30,33,140.8239171,2.07994603,2.07994603
2020-01-30,35,121.1973371,1.682034178,1.682034178
2020-01-30,36,287.3308361,3.567749879,3.567749879
2020-01-30,38,799.231644,9.246267088,9.246267088
2020-01-30,39,115.4199461,1.4071783,1.4071783
2020-01-30,41,456.1309804,5.296233976,5.296233976
2020-01-30,42,94.24821963,1.403481003,1.403481003
2020-01-30,44,983.9757958,10.40753007,10.40753007
2020-01-30,45,558.6840773,7.076354029,7.076354029
2020-01-30,46,372.3923119,3.823200357,3.823200357
2020-01-30,49,311.4267082,4.154771807,4.154771807
2020-01-30,5,1090.484512,11.7616817,11.7616817
2020-01-30,51,1134.483353,13.3146126,13.3146126
2020-01-30,52,618.3627388,7.325597287,7.325597287
2020-01-30,55,485.1782906,5.415338535,5.415338535
2020-01-30,57,368.7345255,4.24876769,4.24876769
2020-01-30,59,1130.785907,12.68813526,12.68813526
2020-01-30,61,107.1743061,1.179251906,1.179251906
2020-01-30,63,550.2402391,6.912672918,6.912672918
2020-01-30,64,138.0711018,1.77101823,1.77101823
2020-01-30,66,798.2949862,10.73316428,10.73316428
2020-01-30,68,1785.560201,19.2216132,19.2216132
2020-01-30,69,636.2933414,7.472095934,7.472095934
2020-01-30,71,372.7815158,3.976238097,3.976238097
2020-01-30,72,315.9455629,3.730225847,3.730225847
2020-01-30,73,606.1056982,7.270781261,7.270781261
2020-01-30,74,308.3108632,3.234173561,3.234173561
2020-01-30,75,388.1460711,4.664502852,4.664502852
2020-01-30,77,454.4199358,5.948472918,5.948472918
2020-01-30,8,381.9688701,4.604810159,4.604810159
2020-01-30,80,367.4337488,5.033570327,5.033570327
2020-01-30,81,397.3175725,4.415524711,4.415524711
2020-01-30,83,123.0917717,1.449891825,1.449891825
2020-01-30,84,383.2589175,4.752031886,4.752031886
2020-01-30,88,847.2867022,8.963229734,8.963229734
2020-01-30,89,910.7520144,10.93285314,10.93285314
2020-01-30,90,331.9967542,4.226295324,4.226295324
2020-01-30,92,640.2454607,7.303891343,7.303891343
2020-01-30,93,334.1500125,3.663589566,3.663589566
2020-01-30,95,290.0199057,3.458566157,3.458566157
2020-01-30,96,1088.941725,11.74584429,11.74584429
2020-01-30,97,356.9003786,4.009660156,4.009660156
2020-01-30,98,639.8198129,7.376186249,7.376186249
2020-01-31,10,1285.110033,14.37687811,14.37687811
2020-01-31,103,483.1405575,4.968623305,4.968623305
2020-01-31,105,1077.671768,11.49570388,11.49570388
2020-01-31,108,379.7652478,4.490188691,4.490188691
2020-01-31,11,878.2344748,10.48753429,10.48753429
2020-01-31,110,1276.534822,14.37687811,14.37687811
2020-01-31,111,877.2620288,10.48753429,10.48753429
2020-01-31,115,501.7897526,5.45710467,5.45710467
2020-01-31,118,313.7955966,4.216941664,4.216941664
2020-01-31,119,263.4001455,4.151569163,4.151569163
2020-01-31,120,685.4361376,7.810248395,7.810248395
2020-01-31,122,266.5802111,3.253219003,3.253219003
2020-01-31,123,149.9111795,1.762510374,1.762510374
2020-01-31,125,1006.500669,11.84368129,11.84368129
2020-01-31,126,580.4999632,6.695496799,6.695496799
2020-01-31,127,115.41041,2.250358548,2.250358548
2020-01-31,128,1042.561116,12.3363852,12.3363852
2020-01-31,131,657.0726872,7.406604904,7.406604904
2020-01-31,133,134.1060903,2.058512918,2.058512918
2020-01-31,135,120.7438067,2.335216991,2.335216991
2020-01-31,136,289.8381753,3.933545412,3.933545412
2020-01-31,138,813.0284791,9.163082749,9.163082749
2020-01-31,139,113.9351148,1.166592366,1.166592366
2020-01-31,141,470.4677957,5.275690263,5.275690263
2020-01-31,142,92.5576759,1.415295981,1.415295981
2020-01-31,144,989.0091567,10.88780859,10.88780859
2020-01-31,145,544.7217895,7.101507296,7.101507296
2020-01-31,146,367.7459653,4.414011363,4.414011363
2020-01-31,149,303.943746,4.140698873,4.140698873
2020-01-31,15,505.1889853,5.45710467,5.45710467
2020-01-31,151,1137.347519,12.73963258,12.73963258
2020-01-31,152,618.4173333,6.657086273,6.657086273
2020-01-31,155,481.8021805,5.293329553,5.293329553
2020-01-31,157,373.8744776,5.20912305,5.20912305
2020-01-31,159,1103.211741,12.5476871,12.5476871
2020-01-31,161,107.9023879,1.759892471,1.759892471
2020-01-31,163,547.8190223,5.633336969,5.633336969
2020-01-31,164,138.304109,1.541178559,1.541178559
2020-01-31,166,795.8684423,10.7002822,10.7002822
2020-01-31,168,1788.859421,19.83551756,19.83551756
2020-01-31,169,657.8207302,7.365445481,7.365445481
2020-01-31,171,367.1388659,4.172067434,4.172067434
2020-01-31,172,315.1294543,4.334827797,4.334827797
2020-01-31,173,616.883181,6.803255964,6.803255964
2020-01-31,174,312.5584848,3.995295556,3.995295556
2020-01-31,175,385.1379917,4.999825492,4.999825492
2020-01-31,177,455.4933326,5.288653395,5.288653395
2020-01-31,18,310.4435463,4.216941664,4.216941664
2020-01-31,180,366.1850409,4.528320698,4.528320698
2020-01-31,181,395.0514683,4.102905208,4.102905208
2020-01-31,183,119.7974492,1.497440448,1.497440448
2020-01-31,184,391.9551579,4.559418973,4.559418973
2020-01-31,188,825.7698644,9.572750312,9.572750312
2020-01-31,189,896.6626247,10.23987199,10.23987199
2020-01-31,19,258.6340686,4.151569163,4.151569163
2020-01-31,190,330.7529797,4.07790768,4.07790768
2020-01-31,192,629.4250897,7.68104836,7.68104836
2020-01-31,193,321.1272057,3.604091995,3.604091995
2020-01-31,195,289.3975881,3.721627915,3.721627915
2020-01-31,196,1081.530776,11.09704181,11.09704181
2020-01-31,197,357.7060322,4.796132649,4.796132649
2020-01-31,198,632.2958723,7.164670431,7.164670431
2020-01-31,20,681.5763003,7.810248395,7.810248395
2020-01-31,22,269.5646717,3.253219003,3.253219003
2020-01-31,23,144.469814,1.762510374,1.762510374
2020-01-31,25,1000.05728,11.84368129,11.84368129
2020-01-31,26,580.5306549,6.695496799,6.695496799
2020-01-31,27,114.5565592,2.250358548,2.250358548
2020-01-31,28,1036.344524,12.3363852,12.3363852
2020-01-31,3,478.7032137,4.968623305,4.968623305
2020-01-31,31,654.5443479,7.406604904,7.406604904
2020-01-31,33,137.4483983,2.058512918,2.058512918
2020-01-31,35,123.7991533,2.335216991,2.335216991
2020-01-31,36,289.9452335,3.933545412,3.933545412
2020-01-31,38,807.9381739,9.163082749,9.163082749
2020-01-31,39,113.3358278,1.166592366,1.166592366
2020-01-31,41,461.155593,5.275690263,5.275690263
2020-01-31,42,92.85974563,1.415295981,1.415295981
2020-01-31,44,990.6400381,10.88780859,10.88780859
2020-01-31,45,549.2299786,7.101507296,7.101507296
2020-01-31,46,368.4625237,4.414011363,4.414011363
2020-01-31,49,304.1609785,4.140698873,4.140698873
2020-01-31,5,1071.503882,11.49570388,11.49570388
2020-01-31,51,1140.744687,12.73963258,12.73963258
2020-01-31,52,624.9147035,6.657086273,6.657086273
2020-01-31,55,487.5215088,5.293329553,5.293329553
2020-01-31,57,368.3973059,5.20912305,5.20912305
2020-01-31,59,1121.397282,12.5476871,12.5476871
2020-01-31,61,109.2323988,1.759892471,1.759892471
2020-01-31,63,540.6757946,5.633336969,5.633336969
2020-01-31,64,137.9569053,1.541178559,1.541178559
2020-01-31,66,800.3463515,10.7002822,10.7002822
2020-01-31,68,1766.676059,19.83551756,19.83551756
2020-01-31,69,645.864304,7.365445481,7.365445481
2020-01-31,71,373.2896729,4.172067434,4.172067434
2020-01-31,72,313.5174762,4.334827797,4.334827797
2020-01-31,73,611.5767147,6.803255964,6.803255964
2020-01-31,74,309.346797,3.995295556,3.995295556
2020-01-31,75,388.4845944,4.999825492,4.999825492
2020-01-31,77,455.3516587,5.288653395,5.288653395
2020-01-31,8,378.5889801,4.490188691,4.490188691
2020-01-31,80,366.6615307,4.528320698,4.528320698
2020-01-31,81,397.6193444,4.102905208,4.102905208
2020-01-31,83,123.3382921,1.497440448,1.497440448
2020-01-31,84,387.5230163,4.559418973,4.559418973
2020-01-31,88,831.1225064,9.572750312,9.572750312
2020-01-31,89,907.5674627,10.23987199,10.23987199
2020-01-31,90,332.78486,4.07790768,4.07790768
2020-01-31,92,649.3664041,7.68104836,7.68104836
2020-01-31,93,329.0305608,3.604091995,3.604091995
2020-01-31,95,291.5194998,3.721627915,3.721627915
2020-01-31,96,1082.515087,11.09704181,11.09704181
2020-01-31,97,357.4807487,4.796132649,4.796132649
2020-01-31,98,637.3822641,7.164670431,7.164670431
2020-02-01,10,1293.686357,14.64587943,14.64587943
2020-02-01,103,473.1086037,5.895769332,5.895769332
2020-02-01,105,1049.003091,10.83493304,10.83493304
2020-02-01,108,378.3810529,5.15718808,5.15718808
2020-02-01,11,878.0433487,10.31837533,10.31837533
2020-02-01,110,1295.112858,14.64587943,14.64587943
2020-02-01,111,877.9355096,10.31837533,10.31837533
2020-02-01,115,506.3222864,6.375950585,6.375950585
2020-02-01,118,314.9187471,3.15992974,3.15992974
2020-02-01,119,263.4992989,2.93049613,2.93049613
2020-02-01,120,682.6263937,7.595928894,7.595928894
2020-02-01,122,273.8602851,2.81578354,2.81578354
2020-02-01,123,142.5238547,1.907895584,1.907895584
2020-02-01,125,988.7353451,11.89521077,11.89521077
2020-02-01,126,565.0351564,6.842721962,6.842721962
2020-02-01,127,113.194131,1.402402945,1.402402945
2020-02-01,128,1002.233597,10.55534415,10.55534415
2020-02-01,131,653.2658643,8.744130995,8.744130995
2020-02-01,133,130.7038557,1.522573289,1.522573289
2020-02-01,135,125.2671054,1.571704022,1.571704022
2020-02-01,136,291.5825199,3.328552226,3.328552226
2020-02-01,138,804.7953864,9.468376081,9.468376081
2020-02-01,139,111.0378758,1.920692791,1.920692791
2020-02-01,141,465.054286,5.539466257,5.539466257
2020-02-01,142,92.50237865,1.118847513,1.118847513
2020-02-01,144,970.6763478,11.1402617,11.1402617
2020-02-01,145,547.2817579,5.644218537,5.644218537
2020-02-01,146,368.610019,4.698611985,4.698611985
2020-02-01,149,300.1392429,3.040880439,3.040880439
2020-02-01,15,503.3848903,6.375950585,6.375950585
2020-02-01,151,1132.071261,13.12509501,13.12509501
2020-02-01,152,637.3844974,7.444005768,7.444005768
2020-02-01,155,485.3958588,5.443871576,5.443871576
2020-02-01,157,362.4374738,4.45987646,4.45987646
2020-02-01,159,1106.821561,12.12077194,12.12077194
2020-02-01,161,110.2743438,1.104430149,1.104430149
2020-02-01,163,547.2781517,6.540605293,6.540605293
2020-02-01,164,138.9535146,1.666285878,1.666285878
2020-02-01,166,796.8649982,9.966011041,9.966011041
2020-02-01,168,1736.623267,19.49086231,19.49086231
2020-02-01,169,632.5808811,8.363346568,8.363346568
2020-02-01,171,364.8664269,4.475336913,4.475336913
2020-02-01,172,305.3592661,3.383804907,3.383804907
2020-02-01,173,595.0961642,7.218645794,7.218645794
2020-02-01,174,308.4262923,3.932624,3.932624
2020-02-01,175,390.5219325,4.725278362,4.725278362
2020-02-01,177,452.7899553,5.396998157,5.396998157
2020-02-01,18,309.5702958,3.15992974,3.15992974
2020-02-01,180,368.3321485,4.920284171,4.920284171
2020-02-01,181,386.7947712,4.97425004,4.97425004
2020-02-01,183,123.3354494,1.410464896,1.410464896
2020-02-01,184,382.5076104,4.591913961,4.591913961
2020-02-01,188,818.7728617,9.438641616,9.438641616
2020-02-01,189,877.0289948,9.55729665,9.55729665
2020-02-01,19,258.2744956,2.93049613,2.93049613
2020-02-01,190,331.8914533,4.108510711,4.108510711
2020-02-01,192,656.7703359,6.789098857,6.789098857
2020-02-01,193,327.4550807,3.586730836,3.586730836
2020-02-01,195,296.7394372,3.696621107,3.696621107
2020-02-01,196,1037.966116,11.06105387,11.06105387
2020-02-01,197,364.7741985,4.325784179,4.325784179
2020-02-01,198,627.3119752,8.025206953,8.025206953
2020-02-01,20,682.8980786,7.595928894,7.595928894
2020-02-01,22,270.7451611,2.81578354,2.81578354
2020-02-01,23,140.8659821,1.907895584,1.907895584
2020-02-01,25,991.4959588,11.89521077,11.89521077
2020-02-01,26,579.0104678,6.842721962,6.842721962
2020-02-01,27,112.1678818,1.402402945,1.402402945
2020-02-01,28,1001.813345,10.55534415,10.55534415
2020-02-01,3,472.8126705,5.895769332,5.895769332
2020-02-01,31,653.1844007,8.744130995,8.744130995
2020-02-01,33,133.9062322,1.522573289,1.522573289
2020-02-01,35,125.2233199,1.571704022,1.571704022
2020-02-01,36,292.5540852,3.328552226,3.328552226
2020-02-01,38,803.2858928,9.468376081,9.468376081
2020-02-01,39,109.7828472,1.920692791,1.920692791
2020-02-01,41,455.1469549,5.539466257,5.539466257
2020-02-01,42,91.17117954,1.118847513,1.118847513
2020-02-01,44,968.5249411,11.1402617,11.1402617
2020-02-01,45,543.4238316,5.644218537,5.644218537
2020-02-01,46,366.112667,4.698611985,4.698611985
2020-02-01,49,299.5281305,3.040880439,3.040880439
2020-02-01,5,1055.440579,10.83493304,10.83493304
2020-02-01,51,1132.044415,13.12509501,13.12509501
2020-02-01,52,622.0260701,7.444005768,7.444005768
2020-02-01,55,481.5090324,5.443871576,5.443871576
2020-02-01,57,363.3274507,4.45987646,4.45987646
2020-02-01,59,1097.750494,12.12077194,12.12077194
2020-02-01,61,109.4811579,1.104430149,1.104430149
2020-02-01,63,543.4475291,6.540605293,6.540605293
2020-02-01,64,138.7407834,1.666285878,1.666285878
2020-02-01,66,787.8938184,9.966011041,9.966011041
2020-02-01,68,1729.631403,19.49086231,19.49086231
2020-02-01,69,630.3977173,8.363346568,8.363346568
2020-02-01,71,365.1294488,4.475336913,4.475336913
2020-02-01,72,308.1268534,3.383804907,3.383804907
2020-02-01,73,596.2215908,7.218645794,7.218645794
2020-02-01,74,308.6336943,3.932624,3.932624
2020-02-01,75,387.0533087,4.725278362,4.725278362
2020-02-01,77,445.7608345,5.396998157,5.396998157
2020-02-01,8,375.3295269,5.15718808,5.15718808
2020-02-01,80,371.3844109,4.920284171,4.920284171
2020-02-01,81,391.5617389,4.97425004,4.97425004
2020-02-01,83,120.6727851,1.410464896,1.410464896
2020-02-01,84,379.1165247,4.591913961,4.591913961
2020-02-01,88,820.0741584,9.438641616,9.438641616
2020-02-01,89,880.8309574,9.55729665,9.55729665
2020-02-01,90,333.2753764,4.108510711,4.108510711
2020-02-01,92,652.0311178,6.789098857,6.789098857
2020-02-01,93,328.4301571,3.586730836,3.586730836
2020-02-01,95,288.8749513,3.696621107,3.696621107
2020-02-01,96,1049.907436,11.06105387,11.06105387
2020-02-01,97,356.496507,4.325784179,4.325784179
2020-02-01,98,630.2468735,8.025206953,8.025206953
2020-02-02,10,1283.780208,15.61246831,15.61246831
2020-02-02,103,468.1617911,5.106092463,5.106092463
2020-02-02,105,1038.682118,11.05620874,11.05620874
2020-02-02,108,369.1507386,4.83454458,4.83454458
2020-02-02,11,880.658281,9.642901549,9.642901549
2020-02-02,110,1294.297651,15.61246831,15.61246831
2020-02-02,111,877.5178299,9.642901549,9.642901549
2020-02-02,115,511.4612494,6.067817933,6.067817933
2020-02-02,118,302.2254267,3.607793442,3.607793442
2020-02-02,119,254.409878,3.349115323,3.349115323
2020-02-02,120,659.6078119,8.172735585,8.172735585
2020-02-02,122,268.4765192,3.713103104,3.713103104
2020-02-02,123,136.2823018,2.202945949,2.202945949
2020-02-02,125,977.8052884,11.20746022,11.20746022
2020-02-02,126,576.0359819,6.112496607,6.112496607
2020-02-02,127,114.3885399,1.255202298,1.255202298
2020-02-02,128,1022.682997,12.1302867,12.1302867
2020-02-02,131,656.4982631,7.024720275,7.024720275
2020-02-02,133,130.2582947,1.611343563,1.611343563
2020-02-02,135,127.282493,1.313638892,1.313638892
2020-02-02,136,293.3488721,3.444283835,3.444283835
2020-02-02,138,792.680159,9.194596123,9.194596123
2020-02-02,139,107.2292701,1.558783686,1.558783686
2020-02-02,141,457.7044809,5.319388083,5.319388083
2020-02-02,142,92.39822928,1.466162362,1.466162362
2020-02-02,144,965.3456092,10.38543595,10.38543595
2020-02-02,145,532.2659489,6.109142973,6.109142973
2020-02-02,146,363.7619598,4.628878873,4.628878873
2020-02-02,149,289.9229855,4.994697659,4.994697659
2020-02-02,15,499.5443145,6.067817933,6.067817933
2020-02-02,151,1116.837837,13.27847353,13.27847353
2020-02-02,152,618.6510759,6.87646068,6.87646068
2020-02-02,155,466.5132809,5.226322734,5.226322734
2020-02-02,157,359.0220587,4.247306109,4.247306109
2020-02-02,159,1081.989244,11.43615092,11.43615092
2020-02-02,161,104.3677639,1.298080536,1.298080536
2020-02-02,163,539.0867238,5.746688163,5.746688163
2020-02-02,164,137.5283321,1.691856344,1.691856344
2020-02-02,166,776.1422983,9.963879268,9.963879268
2020-02-02,168,1733.902642,18.31516945,18.31516945
2020-02-02,169,616.1736912,7.426083347,7.426083347
2020-02-02,171,363.3211785,4.547182583,4.547182583
2020-02-02,172,309.1759946,3.910217429,3.910217429
2020-02-02,173,589.8775514,7.030109504,7.030109504
2020-02-02,174,306.6154496,3.320310835,3.320310835
2020-02-02,175,379.81022,5.952240417,5.952240417
2020-02-02,177,438.9679365,5.839393889,5.839393889
2020-02-02,18,310.948458,3.607793442,3.607793442
2020-02-02,180,379.3165716,4.537622048,4.537622048
2020-02-02,181,398.2394562,4.78541726,4.78541726
2020-02-02,183,118.1896815,1.448860612,1.448860612
2020-02-02,184,364.4925795,4.634860369,4.634860369
2020-02-02,188,796.4019793,9.094151259,9.094151259
2020-02-02,189,881.9995708,9.953161369,9.953161369
2020-02-02,19,255.3345325,3.349115323,3.349115323
2020-02-02,190,332.615741,3.405227125,3.405227125
2020-02-02,192,644.4069591,6.792833679,6.792833679
2020-02-02,193,325.1429771,3.760778823,3.760778823
2020-02-02,195,293.9764371,3.416109677,3.416109677
2020-02-02,196,1042.154772,11.39754476,11.39754476
2020-02-02,197,347.503243,3.829918523,3.829918523
2020-02-02,198,621.8096481,6.533433426,6.533433426
2020-02-02,20,661.8093068,8.172735585,8.172735585
2020-02-02,22,268.9116483,3.713103104,3.713103104
2020-02-02,23,137.3671713,2.202945949,2.202945949
2020-02-02,25,992.3960825,11.20746022,11.20746022
2020-02-02,26,588.3026531,6.112496607,6.112496607
2020-02-02,27,112.4152153,1.255202298,1.255202298
2020-02-02,28,1021.130577,12.1302867,12.1302867
2020-02-02,3,471.1436738,5.106092463,5.106092463
2020-02-02,31,653.9234459,7.024720275,7.024720275
2020-02-02,33,131.3150396,1.611343563,1.611343563
2020-02-02,35,126.0615195,1.313638892,1.313638892
2020-02-02,36,294.6863929,3.444283835,3.444283835
2020-02-02,38,800.4615157,9.194596123,9.194596123
2020-02-02,39,108.1158199,1.558783686,1.558783686
2020-02-02,41,460.1098187,5.319388083,5.319388083
2020-02-02,42,91.88988486,1.466162362,1.466162362
2020-02-02,44,969.3781127,10.38543595,10.38543595
2020-02-02,45,540.619187,6.109142973,6.109142973
2020-02-02,46,360.6119693,4.628878873,4.628878873
2020-02-02,49,293.723346,4.994697659,4.994697659
2020-02-02,5,1038.26706,11.05620874,11.05620874
2020-02-02,51,1119.090827,13.27847353,13.27847353
2020-02-02,52,614.4719754,6.87646068,6.87646068
2020-02-02,55,476.1970578,5.226322734,5.226322734
2020-02-02,57,358.1669955,4.247306109,4.247306109
2020-02-02,59,1091.41629,11.43615092,11.43615092
2020-02-02,61,106.7156904,1.298080536,1.298080536
2020-02-02,63,537.4261832,5.746688163,5.746688163
2020-02-02,64,137.5370818,1.691856344,1.691856344
2020-02-02,66,772.4540614,9.963879268,9.963879268
2020-02-02,68,1724.800425,18.31516945,18.31516945
2020-02-02,69,624.8852426,7.426083347,7.426083347
2020-02-02,71,358.9330789,4.547182583,4.547182583
2020-02-02,72,300.7146004,3.910217429,3.910217429
2020-02-02,73,593.6083056,7.030109504,7.030109504
2020-02-02,74,303.2321908,3.320310835,3.320310835
2020-02-02,75,378.775387,5.952240417,5.952240417
2020-02-02,77,445.2622087,5.839393889,5.839393889
2020-02-02,8,375.491441,4.83454458,4.83454458
2020-02-02,80,369.9317614,4.537622048,4.537622048
2020-02-02,81,387.4403062,4.78541726,4.78541726
2020-02-02,83,118.7685791,1.448860612,1.448860612
2020-02-02,84,369.4697754,4.634860369,4.634860369
2020-02-02,88,807.658781,9.094151259,9.094151259
2020-02-02,89,886.4763251,9.953161369,9.953161369
2020-02-02,90,331.1786126,3.405227125,3.405227125
2020-02-02,92,644.3403688,6.792833679,6.792833679
2020-02-02,93,329.840756,3.760778823,3.760778823
2020-02-02,95,291.6331806,3.416109677,3.416109677
2020-02-02,96,1055.570831,11.39754476,11.39754476
2020-02-02,97,347.5798971,3.829918523,3.829918523
2020-02-02,98,617.9433628,6.533433426,6.533433426
2020-02-03,10,1288.572233,14.12967835,14.12967835
2020-02-03,103,474.6571501,5.061098299,5.061098299
2020-02-03,105,1027.412983,10.45498773,10.45498773
2020-02-03,108,372.2124932,4.941844212,4.941844212
2020-02-03,11,895.0921702,10.24721762,10.24721762
2020-02-03,110,1279.976599,14.12967835,14.12967835
2020-02-03,111,909.6256581,10.24721762,10.24721762
2020-02-03,115,491.7348822,5.567927685,5.567927685
2020-02-03,118,316.7546295,3.821673852,3.821673852
2020-02-03,119,259.9512865,3.722640416,3.722640416
2020-02-03,120,665.9756175,7.748721347,7.748721347
2020-02-03,122,262.0974894,3.719390976,3.719390976
2020-02-03,123,138.5405865,1.632975295,1.632975295
2020-02-03,125,996.3605165,10.65845467,10.65845467
2020-02-03,126,589.1710723,6.261362078,6.261362078
2020-02-03,127,112.993297,1.208111925,1.208111925
2020-02-03,128,1010.606174,12.17255607,12.17255607
2020-02-03,131,660.2703633,7.908889506,7.908889506
2020-02-03,133,132.4232542,1.484943224,1.484943224
2020-02-03,135,126.2941663,1.720563605,1.720563605
2020-02-03,136,290.5753119,4.281551039,4.281551039
2020-02-03,138,814.0039482,8.604775554,8.604775554
2020-02-03,139,108.8130421,1.705615036,1.705615036
2020-02-03,141,454.977252,5.507181681,5.507181681
2020-02-03,142,91.27503625,0.9195050539,0.9195050539
2020-02-03,144,974.5555756,9.975638948,9.975638948
2020-02-03,145,525.4927657,6.392236,6.392236
2020-02-03,146,363.0718218,3.808664039,3.808664039
2020-02-03,149,290.494348,3.984293448,3.984293448
2020-02-03,15,498.0689415,5.567927685,5.567927685
2020-02-03,151,1105.253261,12.85524033,12.85524033
2020-02-03,152,610.232699,6.940499,6.940499
2020-02-03,155,472.2347001,5.736363722,5.736363722
2020-02-03,157,345.8126723,3.703355563,3.703355563
2020-02-03,159,1081.480731,12.40859508,12.40859508
2020-02-03,161,108.6495924,1.275419998,1.275419998
2020-02-03,163,531.0593755,6.790700804,6.790700804
2020-02-03,164,132.2833752,1.93258877,1.93258877
2020-02-03,166,754.6621985,9.772728571,9.772728571
2020-02-03,168,1741.136682,19.45719509,19.45719509
2020-02-03,169,630.0355452,8.05730865,8.05730865
2020-02-03,171,353.2387016,4.315400658,4.315400658
2020-02-03,172,305.4117946,3.917887279,3.917887279
2020-02-03,173,590.0486174,6.984550528,6.984550528
2020-02-03,174,313.4144731,3.642301495,3.642301495
2020-02-03,175,375.9663137,3.824476101,3.824476101
2020-02-03,177,444.5113782,4.906267781,4.906267781
2020-02-03,18,311.7086606,3.821673852,3.821673852
2020-02-03,180,366.907246,4.807469201,4.807469201
2020-02-03,181,388.3244764,4.066559275,4.066559275
2020-02-03,183,114.8992152,1.723710793,1.723710793
2020-02-03,184,378.3087463,4.176470903,4.176470903
2020-02-03,188,809.1097521,9.580274731,9.580274731
2020-02-03,189,871.9301933,11.03248404,11.03248404
2020-02-03,19,257.3369326,3.722640416,3.722640416
2020-02-03,190,332.7478494,4.678446845,4.678446845
2020-02-03,192,641.4911175,6.819133755,6.819133755
2020-02-03,193,327.1578998,3.545085441,3.545085441
2020-02-03,195,296.8683717,4.172186558,4.172186558
2020-02-03,196,1034.273925,11.65578449,11.65578449
2020-02-03,197,347.382544,3.783056311,3.783056311
2020-02-03,198,617.3921426,8.117238323,8.117238323
2020-02-03,20,662.3473891,7.748721347,7.748721347
2020-02-03,22,264.1669513,3.719390976,3.719390976
2020-02-03,23,139.7447378,1.632975295,1.632975295
2020-02-03,25,985.4030333,10.65845467,10.65845467
2020-02-03,26,580.7704829,6.261362078,6.261362078
2020-02-03,27,112.6603301,1.208111925,1.208111925
2020-02-03,28,1020.104365,12.17255607,12.17255607
2020-02-03,3,468.5046435,5.061098299,5.061098299
2020-02-03,31,657.2005068,7.908889506,7.908889506
2020-02-03,33,134.8742168,1.484943224,1.484943224
2020-02-03,35,127.7030307,1.720563605,1.720563605
2020-02-03,36,292.2929095,4.281551039,4.281551039
2020-02-03,38,803.9566132,8.604775554,8.604775554
2020-02-03,39,109.034665,1.705615036,1.705615036
2020-02-03,41,460.6198724,5.507181681,5.507181681
2020-02-03,42,89.49036847,0.9195050539,0.9195050539
2020-02-03,44,969.9744236,9.975638948,9.975638948
2020-02-03,45,541.858562,6.392236,6.392236
2020-02-03,46,362.3140099,3.808664039,3.808664039
2020-02-03,49,291.8393217,3.984293448,3.984293448
2020-02-03,5,1042.997686,10.45498773,10.45498773
2020-02-03,51,1105.35227,12.85524033,12.85524033
2020-02-03,52,606.4783185,6.940499,6.940499
2020-02-03,55,473.6549365,5.736363722,5.736363722
2020-02-03,57,350.598595,3.703355563,3.703355563
2020-02-03,59,1089.137772,12.40859508,12.40859508
2020-02-03,61,108.3307861,1.275419998,1.275419998
2020-02-03,63,540.2726056,6.790700804,6.790700804
2020-02-03,64,134.2998522,1.93258877,1.93258877
2020-02-03,66,768.5863514,9.772728571,9.772728571
2020-02-03,68,1720.583482,19.45719509,19.45719509
2020-02-03,69,628.7250548,8.05730865,8.05730865
2020-02-03,71,354.5259878,4.315400658,4.315400658
2020-02-03,72,306.3534051,3.917887279,3.917887279
2020-02-03,73,581.7589709,6.984550528,6.984550528
2020-02-03,74,306.877212,3.642301495,3.642301495
2020-02-03,75,374.888732,3.824476101,3.824476101
2020-02-03,77,443.8335496,4.906267781,4.906267781
2020-02-03,8,371.4794731,4.941844212,4.941844212
2020-02-03,80,362.0074232,4.807469201,4.807469201
2020-02-03,81,392.8094649,4.066559275,4.066559275
2020-02-03,83,116.3577662,1.723710793,1.723710793
2020-02-03,84,376.0139405,4.176470903,4.176470903
2020-02-03,88,814.2522667,9.580274731,9.580274731
2020-02-03,89,871.6409514,11.03248404,11.03248404
2020-02-03,90,331.1573044,4.678446845,4.678446845
2020-02-03,92,642.2154588,6.819133755,6.819133755
2020-02-03,93,329.5275126,3.545085441,3.545085441
2020-02-03,95,290.9944318,4.172186558,4.172186558
2020-02-03,96,1054.978007,11.65578449,11.65578449
2020-02-03,97,349.9484024,3.783056311,3.783056311
2020-02-03,98,614.5654529,8.117238323,8.117238323
2020-02-04,10,1299.003448,14.44228998,14.44228998
2020-02-04,103,479.6663759,5.445638349,5.445638349
2020-02-04,105,1003.339854,10.50565295,10.50565295
2020-02-04,108,379.5258817,4.708194336,4.708194336
2020-02-04,11,904.5137528,11.62460515,11.62460515
2020-02-04,110,1297.255131,14.44228998,14.44228998
2020-02-04,111,904.3957487,11.62460515,11.62460515
2020-02-04,115,509.1182486,5.817088971,5.817088971
2020-02-04,118,316.9598346,4.234638837,4.234638837
2020-02-04,119,255.2782487,3.684369966,3.684369966
2020-02-04,120,671.3668647,8.426858374,8.426858374
2020-02-04,122,270.2361952,3.91872555,3.91872555
2020-02-04,123,138.7559927,2.378552585,2.378552585
2020-02-04,125,1000.370202,11.44542898,11.44542898
2020-02-04,126,573.1741021,6.522956892,6.522956892
2020-02-04,127,110.5711714,2.08667522,2.08667522
2020-02-04,128,1017.115874,12.06092437,12.06092437
2020-02-04,131,669.6044358,8.101468161,8.101468161
2020-02-04,133,138.6613072,1.996233065,1.996233065
2020-02-04,135,129.6340188,1.592699633,1.592699633
2020-02-04,136,293.5137979,3.854737901,3.854737901
2020-02-04,138,840.5398029,9.221097343,9.221097343
2020-02-04,139,109.2574328,1.277083655,1.277083655
2020-02-04,141,461.2233283,5.571870825,5.571870825
2020-02-04,142,89.83219764,0.9592752729,0.9592752729
2020-02-04,144,1013.387186,10.34812132,10.34812132
2020-02-04,145,557.183397,6.527419604,6.527419604
2020-02-04,146,365.1017128,4.306938464,4.306938464
2020-02-04,149,292.0506292,3.874971303,3.874971303
2020-02-04,15,509.1662998,5.817088971,5.817088971
2020-02-04,151,1123.097564,14.47536874,14.47536874
2020-02-04,152,613.9807376,6.343848573,6.343848573
2020-02-04,155,468.179103,5.700712324,5.700712324
2020-02-04,157,346.5324833,4.607767475,4.607767475
2020-02-04,159,1105.698421,12.19406757,12.19406757
2020-02-04,161,107.3185017,1.561059814,1.561059814
2020-02-04,163,525.6919565,5.828777212,5.828777212
2020-02-04,164,135.649779,1.753069179,1.753069179
2020-02-04,166,758.0321916,9.307522739,9.307522739
2020-02-04,168,1719.8301,19.21737848,19.21737848
2020-02-04,169,628.5735688,7.788481532,7.788481532
2020-02-04,171,353.157391,4.419563803,4.419563803
2020-02-04,172,307.0163103,4.477196485,4.477196485
2020-02-04,173,581.9247597,5.879243243,5.879243243
2020-02-04,174,298.803043,3.931720521,3.931720521
2020-02-04,175,383.3880793,4.597469188,4.597469188
2020-02-04,177,448.2635661,5.344279995,5.344279995
2020-02-04,18,317.8673986,4.234638837,4.234638837
2020-02-04,180,378.3179576,4.070311924,4.070311924
2020-02-04,181,396.900609,4.674390756,4.674390756
2020-02-04,183,114.7356361,2.22001758,2.22001758
2020-02-04,184,370.5572992,4.457246221,4.457246221
2020-02-04,188,822.4358345,9.755297763,9.755297763
2020-02-04,189,874.6933548,10.0451612,10.0451612
2020-02-04,19,258.5372768,3.684369966,3.684369966
2020-02-04,190,338.2852128,3.871255278,3.871255278
2020-02-04,192,648.0739841,7.809963266,7.809963266
2020-02-04,193,333.274963,3.361494785,3.361494785
2020-02-04,195,291.6945528,3.912979084,3.912979084
2020-02-04,196,1051.15399,11.10374027,11.10374027
2020-02-04,197,363.9839189,4.496540283,4.496540283
2020-02-04,198,625.3202264,7.381404176,7.381404176
2020-02-04,20,671.2123673,8.426858374,8.426858374
2020-02-04,22,269.8135448,3.91872555,3.91872555
2020-02-04,23,140.7142136,2.378552585,2.378552585
2020-02-04,25,999.7421606,11.44542898,11.44542898
2020-02-04,26,578.6339166,6.522956892,6.522956892
2020-02-04,27,113.1202097,2.08667522,2.08667522
2020-02-04,28,1018.725225,12.06092437,12.06092437
2020-02-04,3,476.2790348,5.445638349,5.445638349
2020-02-04,31,674.7521218,8.101468161,8.101468161
2020-02-04,33,139.3099747,1.996233065,1.996233065
2020-02-04,35,128.4756345,1.592699633,1.592699633
2020-02-04,36,293.7722634,3.854737901,3.854737901
2020-02-04,38,829.421529,9.221097343,9.221097343
2020-02-04,39,109.085993,1.277083655,1.277083655
2020-02-04,41,458.2403748,5.571870825,5.571870825
2020-02-04,42,89.32013315,0.9592752729,0.9592752729
2020-02-04,44,1002.806204,10.34812132,10.34812132
2020-02-04,45,551.4673407,6.527419604,6.527419604
2020-02-04,46,367.0784386,4.306938464,4.306938464
2020-02-04,49,292.4477504,3.874971303,3.874971303
2020-02-04,5,1035.524988,10.50565295,10.50565295
2020-02-04,51,1116.534121,14.47536874,14.47536874
2020-02-04,52,612.4459672,6.343848573,6.343848573
2020-02-04,55,472.2881153,5.700712324,5.700712324
2020-02-04,57,348.7340967,4.607767475,4.607767475
2020-02-04,59,1092.705813,12.19406757,12.19406757
2020-02-04,61,107.5965301,1.561059814,1.561059814
2020-02-04,63,537.6605296,5.828777212,5.828777212
2020-02-04,64,137.1632578,1.753069179,1.753069179
2020-02-04,66,768.3336133,9.307522739,9.307522739
2020-02-04,68,1731.331167,19.21737848,19.21737848
2020-02-04,69,632.130404,7.788481532,7.788481532
2020-02-04,71,351.9323184,4.419563803,4.419563803
2020-02-04,72,309.0320827,4.477196485,4.477196485
2020-02-04,73,582.1107258,5.879243243,5.879243243
2020-02-04,74,305.1701172,3.931720521,3.931720521
2020-02-04,75,385.5581018,4.597469188,4.597469188
2020-02-04,77,443.8551411,5.344279995,5.344279995
2020-02-04,8,376.3216258,4.708194336,4.708194336
2020-02-04,80,366.9157651,4.070311924,4.070311924
2020-02-04,81,389.3474736,4.674390756,4.674390756
2020-02-04,83,117.6140115,2.22001758,2.22001758
2020-02-04,84,373.63067,4.457246221,4.457246221
2020-02-04,88,828.1123778,9.755297763,9.755297763
2020-02-04,89,883.5416929,10.0451612,10.0451612
2020-02-04,90,339.1379067,3.871255278,3.871255278
2020-02-04,92,652.8315496,7.809963266,7.809963266
2020-02-04,93,326.798992,3.361494785,3.361494785
2020-02-04,95,289.4335502,3.912979084,3.912979084
2020-02-04,96,1042.700356,11.10374027,11.10374027
2020-02-04,97,356.8002529,4.496540283,4.496540283
2020-02-04,98,621.1992507,7.381404176,7.381404176
2020-02-05,10,1298.040413,14.78610183,14.78610183
2020-02-05,103,477.9757637,5.994437301,5.994437301
2020-02-05,105,1056.299258,10.84504996,10.84504996
2020-02-05,108,374.7411074,4.380498043,4.380498043
2020-02-05,11,898.6556645,10.38756909,10.38756909
2020-02-05,110,1296.064779,14.78610183,14.78610183
2020-02-05,111,889.9578507,10.38756909,10.38756909
2020-02-05,115,504.7698264,5.850883301,5.850883301
2020-02-05,118,315.3157325,4.076773701,4.076773701
2020-02-05,119,259.2530557,3.581821281,3.581821281
2020-02-05,120,660.775405,6.941464517,6.941464517
2020-02-05,122,271.3781818,3.782066905,3.782066905
2020-02-05,123,138.6513195,1.550364922,1.550364922
2020-02-05,125,1004.308947,10.71914535,10.71914535
2020-02-05,126,572.1402215,6.688331959,6.688331959
2020-02-05,127,112.8106968,2.011902553,2.011902553
2020-02-05,128,1016.834781,10.90233147,10.90233147
2020-02-05,131,683.8264738,8.626885432,8.626885432
2020-02-05,133,147.0099652,2.304530401,2.304530401
2020-02-05,135,129.5422854,1.453976389,1.453976389
2020-02-05,136,297.2856795,3.981868345,3.981868345
2020-02-05,138,828.161308,9.805762048,9.805762048
2020-02-05,139,104.652485,1.115355144,1.115355144
2020-02-05,141,458.6477207,6.919253009,6.919253009
2020-02-05,142,87.57887171,0.9701497228,0.9701497228
2020-02-05,144,983.8442378,10.67814114,10.67814114
2020-02-05,145,529.1048588,5.851973953,5.851973953
2020-02-05,146,375.4604324,4.278364303,4.278364303
2020-02-05,149,287.6582992,4.768932933,4.768932933
2020-02-05,15,504.7636686,5.850883301,5.850883301
2020-02-05,151,1113.745968,12.85958013,12.85958013
2020-02-05,152,612.0910425,6.968121492,6.968121492
2020-02-05,155,468.4859186,5.022807514,5.022807514
2020-02-05,157,345.7462547,3.907932903,3.907932903
2020-02-05,159,1101.585537,11.45809524,11.45809524
2020-02-05,161,108.8498657,1.082045717,1.082045717
2020-02-05,163,539.5654145,6.56433062,6.56433062
2020-02-05,164,141.1044347,1.658409843,1.658409843
2020-02-05,166,761.9728645,8.778985952,8.778985952
2020-02-05,168,1749.756191,19.0207277,19.0207277
2020-02-05,169,636.7143456,7.24594931,7.24594931
2020-02-05,171,350.0563905,4.195470666,4.195470666
2020-02-05,172,313.4517243,4.059464588,4.059464588
2020-02-05,173,592.7888693,7.214183532,7.214183532
2020-02-05,174,303.7721125,3.71451563,3.71451563
2020-02-05,175,380.1566535,4.727667533,4.727667533
2020-02-05,177,439.7339721,4.661824477,4.661824477
2020-02-05,18,318.5244984,4.076773701,4.076773701
2020-02-05,180,367.4928793,4.649270821,4.649270821
2020-02-05,181,387.1764711,4.485380521,4.485380521
2020-02-05,183,116.210766,1.571083158,1.571083158
2020-02-05,184,370.6230918,4.688648778,4.688648778
2020-02-05,188,821.0843264,9.589177331,9.589177331
2020-02-05,189,877.879785,10.19438018,10.19438018
2020-02-05,19,257.623837,3.581821281,3.581821281
2020-02-05,190,344.7989667,4.821233846,4.821233846
2020-02-05,192,655.6678269,7.644898559,7.644898559
2020-02-05,193,325.0877759,3.743753083,3.743753083
2020-02-05,195,294.4243039,3.47420868,3.47420868
2020-02-05,196,1026.508565,10.5178243,10.5178243
2020-02-05,197,356.05739,4.559500226,4.559500226
2020-02-05,198,623.0866079,7.211908716,7.211908716
2020-02-05,20,669.6895453,6.941464517,6.941464517
2020-02-05,22,268.621225,3.782066905,3.782066905
2020-02-05,23,136.4345055,1.550364922,1.550364922
2020-02-05,25,993.705331,10.71914535,10.71914535
2020-02-05,26,571.2179913,6.688331959,6.688331959
2020-02-05,27,113.9173932,2.011902553,2.011902553
2020-02-05,28,1019.132977,10.90233147,10.90233147
2020-02-05,3,474.0802083,5.994437301,5.994437301
2020-02-05,31,679.6654655,8.626885432,8.626885432
2020-02-05,33,142.5802253,2.304530401,2.304530401
2020-02-05,35,128.1347981,1.453976389,1.453976389
2020-02-05,36,295.5014799,3.981868345,3.981868345
2020-02-05,38,824.8649034,9.805762048,9.805762048
2020-02-05,39,106.0287777,1.115355144,1.115355144
2020-02-05,41,457.0797514,6.919253009,6.919253009
2020-02-05,42,89.64344882,0.9701497228,0.9701497228
2020-02-05,44,991.4446926,10.67814114,10.67814114
2020-02-05,45,539.9468229,5.851973953,5.851973953
2020-02-05,46,371.690776,4.278364303,4.278364303
2020-02-05,49,291.58371,4.768932933,4.768932933
2020-02-05,5,1034.988101,10.84504996,10.84504996
2020-02-05,51,1118.923701,12.85958013,12.85958013
2020-02-05,52,606.0851088,6.968121492,6.968121492
2020-02-05,55,474.4880692,5.022807514,5.022807514
2020-02-05,57,346.0275591,3.907932903,3.907932903
2020-02-05,59,1095.160291,11.45809524,11.45809524
2020-02-05,61,107.4865419,1.082045717,1.082045717
2020-02-05,63,542.9700701,6.56433062,6.56433062
2020-02-05,64,141.3304627,1.658409843,1.658409843
2020-02-05,66,762.1664524,8.778985952,8.778985952
2020-02-05,68,1767.844812,19.0207277,19.0207277
2020-02-05,69,637.6939785,7.24594931,7.24594931
2020-02-05,71,353.8592856,4.195470666,4.195470666
2020-02-05,72,311.930807,4.059464588,4.059464588
2020-02-05,73,575.7777932,7.214183532,7.214183532
2020-02-05,74,304.7026272,3.71451563,3.71451563
2020-02-05,75,382.2877923,4.727667533,4.727667533
2020-02-05,77,439.4422371,4.661824477,4.661824477
2020-02-05,8,374.094374,4.380498043,4.380498043
2020-02-05,80,368.8274283,4.649270821,4.649270821
2020-02-05,81,386.8638731,4.485380521,4.485380521
2020-02-05,83,115.4111786,1.571083158,1.571083158
2020-02-05,84,374.6862976,4.688648778,4.688648778
2020-02-05,88,820.9677034,9.589177331,9.589177331
2020-02-05,89,876.6329293,10.19438018,10.19438018
2020-02-05,90,336.7434555,4.821233846,4.821233846
2020-02-05,92,648.5871643,7.644898559,7.644898559
2020-02-05,93,328.9693305,3.743753083,3.743753083
2020-02-05,95,291.4186943,3.47420868,3.47420868
2020-02-05,96,1023.841588,10.5178243,10.5178243
2020-02-05,97,356.2503584,4.559500226,4.559500226
2020-02-05,98,623.5662502,7.211908716,7.211908716
2020-02-06,10,1296.464817,15.90327271,15.90327271
2020-02-06,103,479.7832872,5.317467617,5.317467617
2020-02-06,105,1026.446087,10.8114165,10.8114165
2020-02-06,108,381.8650051,4.519241745,4.519241745
2020-02-06,11,910.9085152,12.21677772,12.21677772
2020-02-06,110,1299.050531,15.90327271,15.90327271
2020-02-06,111,916.5980247,12.21677772,12.21677772
2020-02-06,115,504.3588271,6.010519557,6.010519557
2020-02-06,118,318.3131213,3.484757081,3.484757081
2020-02-06,119,266.8210866,3.290799661,3.290799661
2020-02-06,120,673.2488084,9.131180846,9.131180846
2020-02-06,122,274.9231217,4.188759224,4.188759224
2020-02-06,123,141.1043001,1.911401762,1.911401762
2020-02-06,125,1009.556499,12.05976872,12.05976872
2020-02-06,126,571.053711,6.156132729,6.156132729
2020-02-06,127,112.1165097,1.54375715,1.54375715
2020-02-06,128,1022.088571,12.12637398,12.12637398
2020-02-06,131,685.6714733,8.223340415,8.223340415
2020-02-06,133,142.2874442,1.424082583,1.424082583
2020-02-06,135,122.2215782,1.313701628,1.313701628
2020-02-06,136,296.1262162,4.253977262,4.253977262
2020-02-06,138,817.7972542,9.283615383,9.283615383
2020-02-06,139,105.2441295,1.772382386,1.772382386
2020-02-06,141,469.8998368,5.403457679,5.403457679
2020-02-06,142,95.13917503,0.989620628,0.989620628
2020-02-06,144,984.4459034,10.91618117,10.91618117
2020-02-06,145,559.5078228,6.05839874,6.05839874
2020-02-06,146,366.7781161,4.796320022,4.796320022
2020-02-06,149,301.7546003,4.017487136,4.017487136
2020-02-06,15,508.5036771,6.010519557,6.010519557
2020-02-06,151,1117.727855,13.18007896,13.18007896
2020-02-06,152,609.8738352,6.401182126,6.401182126
2020-02-06,155,481.9290718,5.616599878,5.616599878
2020-02-06,157,348.1829227,4.046261997,4.046261997
2020-02-06,159,1107.120296,11.81103176,11.81103176
2020-02-06,161,112.9844172,1.272819538,1.272819538
2020-02-06,163,561.9062722,5.898472935,5.898472935
2020-02-06,164,142.3922447,1.612680652,1.612680652
2020-02-06,166,778.0005341,9.001964382,9.001964382
2020-02-06,168,1747.841873,19.03900401,19.03900401
2020-02-06,169,645.4547351,7.108684165,7.108684165
2020-02-06,171,356.046237,3.86879582,3.86879582
2020-02-06,172,321.5402533,3.610073155,3.610073155
2020-02-06,173,580.6385439,6.242992915,6.242992915
2020-02-06,174,312.7719379,3.911751863,3.911751863
2020-02-06,175,383.5653568,4.55173584,4.55173584
2020-02-06,177,423.339385,5.2292816,5.2292816
2020-02-06,18,317.4708204,3.484757081,3.484757081
2020-02-06,180,367.210127,4.393381609,4.393381609
2020-02-06,181,393.6898924,5.827959364,5.827959364
2020-02-06,183,116.4451779,1.59365369,1.59365369
2020-02-06,184,389.520293,4.870790887,4.870790887
2020-02-06,188,829.594984,9.217533017,9.217533017
2020-02-06,189,905.5890431,10.8063754,10.8063754
2020-02-06,19,263.0362063,3.290799661,3.290799661
2020-02-06,190,348.289785,4.498666507,4.498666507
2020-02-06,192,653.2662872,7.907725117,7.907725117
2020-02-06,193,321.2741611,3.779848767,3.779848767
2020-02-06,195,301.2648346,4.229291755,4.229291755
2020-02-06,196,1049.209798,11.11079941,11.11079941
2020-02-06,197,350.3438345,4.126321288,4.126321288
2020-02-06,198,642.9096228,7.58826054,7.58826054
2020-02-06,20,679.6720574,9.131180846,9.131180846
2020-02-06,22,274.4799981,4.188759224,4.188759224
2020-02-06,23,141.1985376,1.911401762,1.911401762
2020-02-06,25,1014.268118,12.05976872,12.05976872
2020-02-06,26,568.7306005,6.156132729,6.156132729
2020-02-06,27,112.5730543,1.54375715,1.54375715
2020-02-06,28,1028.157187,12.12637398,12.12637398
2020-02-06,3,482.9043094,5.317467617,5.317467617
2020-02-06,31,683.5505037,8.223340415,8.223340415
2020-02-06,33,142.2478486,1.424082583,1.424082583
2020-02-06,35,125.5255717,1.313701628,1.313701628
2020-02-06,36,296.7292084,4.253977262,4.253977262
2020-02-06,38,827.8457414,9.283615383,9.283615383
2020-02-06,39,106.6027475,1.772382386,1.772382386
2020-02-06,41,466.4950619,5.403457679,5.403457679
2020-02-06,42,91.59282245,0.989620628,0.989620628
2020-02-06,44,999.2499398,10.91618117,10.91618117
2020-02-06,45,553.264568,6.05839874,6.05839874
2020-02-06,46,372.948365,4.796320022,4.796320022
2020-02-06,49,298.8059047,4.017487136,4.017487136
2020-02-06,5,1042.058998,10.8114165,10.8114165
2020-02-06,51,1118.391432,13.18007896,13.18007896
2020-02-06,52,605.5434852,6.401182126,6.401182126
2020-02-06,55,480.9235557,5.616599878,5.616599878
2020-02-06,57,354.3364363,4.046261997,4.046261997
2020-02-06,59,1103.581905,11.81103176,11.81103176
2020-02-06,61,110.0253948,1.272819538,1.272819538
2020-02-06,63,561.6793877,5.898472935,5.898472935
2020-02-06,64,141.6718695,1.612680652,1.612680652
2020-02-06,66,781.5084798,9.001964382,9.001964382
2020-02-06,68,1767.250263,19.03900401,19.03900401
2020-02-06,69,642.6872209,7.108684165,7.108684165
2020-02-06,71,355.5673905,3.86879582,3.86879582
2020-02-06,72,316.8131444,3.610073155,3.610073155
2020-02-06,73,575.863493,6.242992915,6.242992915
2020-02-06,74,310.1880541,3.911751863,3.911751863
2020-02-06,75,380.6966331,4.55173584,4.55173584
2020-02-06,77,432.52017,5.2292816,5.2292816
2020-02-06,8,379.1662686,4.519241745,4.519241745
2020-02-06,80,367.8932415,4.393381609,4.393381609
2020-02-06,81,391.6524246,5.827959364,5.827959364
2020-02-06,83,116.4715652,1.59365369,1.59365369
2020-02-06,84,384.9481934,4.870790887,4.870790887
2020-02-06,88,821.7732069,9.217533017,9.217533017
2020-02-06,89,898.1082633,10.8063754,10.8063754
2020-02-06,90,345.6489943,4.498666507,4.498666507
2020-02-06,92,657.6328438,7.907725117,7.907725117
2020-02-06,93,327.4764127,3.779848767,3.779848767
2020-02-06,95,297.9975577,4.229291755,4.229291755
2020-02-06,96,1060.756735,11.11079941,11.11079941
2020-02-06,97,355.9027372,4.126321288,4.126321288
2020-02-06,98,630.8684977,7.58826054,7.58826054
2020-02-07,10,1314.820513,15.45255123,15.45255123
2020-02-07,103,482.7875638,5.858815172,5.858815172
2020-02-07,105,1008.480224,11.68211985,11.68211985
2020-02-07,108,379.4230889,4.107991875,4.107991875
2020-02-07,11,910.259104,10.00346323,10.00346323
2020-02-07,110,1301.922996,15.45255123,15.45255123
2020-02-07,111,903.4046909,10.00346323,10.00346323
2020-02-07,115,506.132696,5.383980895,5.383980895
2020-02-07,118,318.1055456,4.749087327,4.749087327
2020-02-07,119,263.7134917,3.572369212,3.572369212
2020-02-07,120,680.4089135,7.400178136,7.400178136
2020-02-07,122,269.4063881,3.618335541,3.618335541
2020-02-07,123,139.4059773,1.636678316,1.636678316
2020-02-07,125,1029.767616,13.57665094,13.57665094
2020-02-07,126,570.790109,5.895853758,5.895853758
2020-02-07,127,112.6473123,1.62542564,1.62542564
2020-02-07,128,1038.243935,11.21694323,11.21694323
2020-02-07,131,688.3302477,7.547507387,7.547507387
2020-02-07,133,143.1243503,1.773545504,1.773545504
2020-02-07,135,126.4408801,1.597603043,1.597603043
2020-02-07,136,296.7890858,3.072531483,3.072531483
2020-02-07,138,836.0302459,9.326625379,9.326625379
2020-02-07,139,102.1401812,1.182835452,1.182835452
2020-02-07,141,467.9207244,5.718744517,5.718744517
2020-02-07,142,92.26713491,0.9622480542,0.9622480542
2020-02-07,144,978.9254588,10.57460455,10.57460455
2020-02-07,145,565.9204278,6.579476466,6.579476466
2020-02-07,146,364.289125,4.632807357,4.632807357
2020-02-07,149,297.4380048,3.822725882,3.822725882
2020-02-07,15,506.8370314,5.383980895,5.383980895
2020-02-07,151,1108.500194,12.23370872,12.23370872
2020-02-07,152,604.2648748,7.051041632,7.051041632
2020-02-07,155,482.2272946,5.985860712,5.985860712
2020-02-07,157,365.4767321,4.147708866,4.147708866
2020-02-07,159,1087.653114,11.35518337,11.35518337
2020-02-07,161,113.2122869,1.312396493,1.312396493
2020-02-07,163,558.6535319,6.892632354,6.892632354
2020-02-07,164,143.0173585,1.604495572,1.604495572
2020-02-07,166,770.065037,9.101775449,9.101775449
2020-02-07,168,1737.226704,19.45067329,19.45067329
2020-02-07,169,632.3285035,7.245164501,7.245164501
2020-02-07,171,363.1360906,3.983909793,3.983909793
2020-02-07,172,305.1933452,3.719843154,3.719843154
2020-02-07,173,579.1064016,6.598625313,6.598625313
2020-02-07,174,312.8777847,3.786973865,3.786973865
2020-02-07,175,375.6217484,4.122920224,4.122920224
2020-02-07,177,426.7515165,4.964206643,4.964206643
2020-02-07,18,318.8681832,4.749087327,4.749087327
2020-02-07,180,370.3250702,5.377882213,5.377882213
2020-02-07,181,387.7941486,4.515668143,4.515668143
2020-02-07,183,114.9175482,2.206436923,2.206436923
2020-02-07,184,385.7576484,4.374476801,4.374476801
2020-02-07,188,807.3145174,8.770451543,8.770451543
2020-02-07,189,897.3635561,9.750432109,9.750432109
2020-02-07,19,262.9839692,3.572369212,3.572369212
2020-02-07,190,337.1155477,3.75106993,3.75106993
2020-02-07,192,663.2566816,7.888807715,7.888807715
2020-02-07,193,332.333191,3.2864783,3.2864783
2020-02-07,195,298.1260273,3.202940967,3.202940967
2020-02-07,196,1060.803544,11.44375834,11.44375834
2020-02-07,197,362.8060048,3.933298179,3.933298179
2020-02-07,198,634.0296079,7.580289465,7.580289465
2020-02-07,20,682.2661383,7.400178136,7.400178136
2020-02-07,22,271.556097,3.618335541,3.618335541
2020-02-07,23,138.9261384,1.636678316,1.636678316
2020-02-07,25,1024.24111,13.57665094,13.57665094
2020-02-07,26,572.9706621,5.895853758,5.895853758
2020-02-07,27,112.7412332,1.62542564,1.62542564
2020-02-07,28,1034.606152,11.21694323,11.21694323
2020-02-07,3,487.5016167,5.858815172,5.858815172
2020-02-07,31,682.1843582,7.547507387,7.547507387
2020-02-07,33,142.3426501,1.773545504,1.773545504
2020-02-07,35,125.7983332,1.597603043,1.597603043
2020-02-07,36,296.1232791,3.072531483,3.072531483
2020-02-07,38,819.8328539,9.326625379,9.326625379
2020-02-07,39,102.8220103,1.182835452,1.182835452
2020-02-07,41,464.8151152,5.718744517,5.718744517
2020-02-07,42,91.58683424,0.9622480542,0.9622480542
2020-02-07,44,985.9814301,10.57460455,10.57460455
2020-02-07,45,560.1358153,6.579476466,6.579476466
2020-02-07,46,368.6236001,4.632807357,4.632807357
2020-02-07,49,295.1127052,3.822725882,3.822725882
2020-02-07,5,1021.669981,11.68211985,11.68211985
2020-02-07,51,1118.646352,12.23370872,12.23370872
2020-02-07,52,601.2035315,7.051041632,7.051041632
2020-02-07,55,484.2189995,5.985860712,5.985860712
2020-02-07,57,361.2799263,4.147708866,4.147708866
2020-02-07,59,1088.732183,11.35518337,11.35518337
2020-02-07,61,111.6678863,1.312396493,1.312396493
2020-02-07,63,563.4007761,6.892632354,6.892632354
2020-02-07,64,142.9868097,1.604495572,1.604495572
2020-02-07,66,777.5154378,9.101775449,9.101775449
2020-02-07,68,1742.374336,19.45067329,19.45067329
2020-02-07,69,634.6389336,7.245164501,7.245164501
2020-02-07,71,356.7909743,3.983909793,3.983909793
2020-02-07,72,307.7685276,3.719843154,3.719843154
2020-02-07,73,583.5577231,6.598625313,6.598625313
2020-02-07,74,309.7271651,3.786973865,3.786973865
2020-02-07,75,378.7074134,4.122920224,4.122920224
2020-02-07,77,430.2989727,4.964206643,4.964206643
2020-02-07,8,379.2830293,4.107991875,4.107991875
2020-02-07,80,366.8826437,5.377882213,5.377882213
2020-02-07,81,386.2540251,4.515668143,4.515668143
2020-02-07,83,115.668875,2.206436923,2.206436923
2020-02-07,84,386.0332264,4.374476801,4.374476801
2020-02-07,88,813.6493593,8.770451543,8.770451543
2020-02-07,89,906.5546937,9.750432109,9.750432109
2020-02-07,90,339.98592,3.75106993,3.75106993
2020-02-07,92,659.2870816,7.888807715,7.888807715
2020-02-07,93,323.0932152,3.2864783,3.2864783
2020-02-07,95,299.9335813,3.202940967,3.202940967
2020-02-07,96,1065.891153,11.44375834,11.44375834
2020-02-07,97,358.0427494,3.933298179,3.933298179
2020-02-07,98,630.7012889,7.580289465,7.580289465
2020-02-08,10,1306.943576,16.60630736,16.60630736
2020-02-08,103,482.9091483,5.062016968,5.062016968
2020-02-08,105,1014.117076,10.92411052,10.92411052
2020-02-08,108,382.5270423,4.456668234,4.456668234
2020-02-08,11,899.2548589,10.41593801,10.41593801
2020-02-08,110,1306.699786,16.60630736,16.60630736
2020-02-08,111,891.4204272,10.41593801,10.41593801
2020-02-08,115,503.8826154,6.3074745,6.3074745
2020-02-08,118,316.5508455,3.949395497,3.949395497
2020-02-08,119,259.8767254,3.28288533,3.28288533
2020-02-08,120,668.7790731,8.488262627,8.488262627
2020-02-08,122,273.2798818,4.017660728,4.017660728
2020-02-08,123,136.8953925,2.4906851,2.4906851
2020-02-08,125,1012.825246,11.74551325,11.74551325
2020-02-08,126,561.9006399,6.502446521,6.502446521
2020-02-08,127,112.2406807,1.684814129,1.684814129
2020-02-08,128,1033.382421,11.54837603,11.54837603
2020-02-08,131,679.8111889,6.819088682,6.819088682
2020-02-08,133,141.4672258,2.385520174,2.385520174
2020-02-08,135,120.3617858,1.481499806,1.481499806
2020-02-08,136,288.447828,3.419030248,3.419030248
2020-02-08,138,803.8681448,8.844098328,8.844098328
2020-02-08,139,104.3367775,1.20048755,1.20048755
2020-02-08,141,460.0855634,5.493428733,5.493428733
2020-02-08,142,86.19836295,1.470506608,1.470506608
2020-02-08,144,966.583791,10.63476989,10.63476989
2020-02-08,145,566.056059,6.109456461,6.109456461
2020-02-08,146,364.1815849,4.124545618,4.124545618
2020-02-08,149,294.8672048,3.183939946,3.183939946
2020-02-08,15,501.4980793,6.3074745,6.3074745
2020-02-08,151,1126.834596,14.37389744,14.37389744
2020-02-08,152,594.6803771,6.478601694,6.478601694
2020-02-08,155,476.0446696,5.071593039,5.071593039
2020-02-08,157,357.3131008,5.005754881,5.005754881
2020-02-08,159,1086.635108,11.67437649,11.67437649
2020-02-08,161,108.3490546,1.193142628,1.193142628
2020-02-08,163,559.6986876,5.984149817,5.984149817
2020-02-08,164,142.4407109,1.671590163,1.671590163
2020-02-08,166,762.9169039,7.886415236,7.886415236
2020-02-08,168,1710.741294,18.96160611,18.96160611
2020-02-08,169,632.3907119,7.71675112,7.71675112
2020-02-08,171,352.5131587,4.306120329,4.306120329
2020-02-08,172,306.6230671,4.433455606,4.433455606
2020-02-08,173,565.9278014,7.189280855,7.189280855
2020-02-08,174,311.6180722,4.751437785,4.751437785
2020-02-08,175,372.451834,4.123998104,4.123998104
2020-02-08,177,440.4376663,4.594616345,4.594616345
2020-02-08,18,315.8962996,3.949395497,3.949395497
2020-02-08,180,363.6064545,4.053737294,4.053737294
2020-02-08,181,380.1322581,4.574142878,4.574142878
2020-02-08,183,117.2016868,1.215055152,1.215055152
2020-02-08,184,378.714308,4.499222153,4.499222153
2020-02-08,188,807.7998295,8.941412162,8.941412162
2020-02-08,189,912.7192627,10.57846674,10.57846674
2020-02-08,19,262.6219837,3.28288533,3.28288533
2020-02-08,190,350.9373686,4.308736779,4.308736779
2020-02-08,192,650.4436686,8.043199042,8.043199042
2020-02-08,193,322.9175693,4.120599729,4.120599729
2020-02-08,195,290.5786712,4.340714042,4.340714042
2020-02-08,196,1059.392507,11.42569364,11.42569364
2020-02-08,197,353.0671524,3.572448566,3.572448566
2020-02-08,198,617.3015534,7.297318596,7.297318596
2020-02-08,20,672.3215069,8.488262627,8.488262627
2020-02-08,22,269.2141645,4.017660728,4.017660728
2020-02-08,23,135.7744089,2.4906851,2.4906851
2020-02-08,25,1013.107942,11.74551325,11.74551325
2020-02-08,26,565.9757723,6.502446521,6.502446521
2020-02-08,27,109.5626677,1.684814129,1.684814129
2020-02-08,28,1012.691687,11.54837603,11.54837603
2020-02-08,3,480.6399356,5.062016968,5.062016968
2020-02-08,31,671.6376025,6.819088682,6.819088682
2020-02-08,33,138.9684345,2.385520174,2.385520174
2020-02-08,35,121.3806327,1.481499806,1.481499806
2020-02-08,36,288.8969852,3.419030248,3.419030248
2020-02-08,38,812.1370391,8.844098328,8.844098328
2020-02-08,39,102.2909691,1.20048755,1.20048755
2020-02-08,41,464.0385277,5.493428733,5.493428733
2020-02-08,42,88.85823185,1.470506608,1.470506608
2020-02-08,44,974.2784304,10.63476989,10.63476989
2020-02-08,45,566.8693911,6.109456461,6.109456461
2020-02-08,46,365.7280108,4.124545618,4.124545618
2020-02-08,49,296.5221768,3.183939946,3.183939946
2020-02-08,5,1015.806779,10.92411052,10.92411052
2020-02-08,51,1120.55525,14.37389744,14.37389744
2020-02-08,52,588.9413495,6.478601694,6.478601694
2020-02-08,55,473.3730133,5.071593039,5.071593039
2020-02-08,57,357.2048241,5.005754881,5.005754881
2020-02-08,59,1081.790062,11.67437649,11.67437649
2020-02-08,61,106.1857532,1.193142628,1.193142628
2020-02-08,63,565.3858469,5.984149817,5.984149817
2020-02-08,64,141.7957861,1.671590163,1.671590163
2020-02-08,66,764.2656852,7.886415236,7.886415236
2020-02-08,68,1716.882661,18.96160611,18.96160611
2020-02-08,69,624.0139175,7.71675112,7.71675112
2020-02-08,71,354.5084738,4.306120329,4.306120329
2020-02-08,72,305.9634224,4.433455606,4.433455606
2020-02-08,73,568.4830193,7.189280855,7.189280855
2020-02-08,74,306.1853355,4.751437785,4.751437785
2020-02-08,75,377.2002083,4.123998104,4.123998104
2020-02-08,77,433.9480391,4.594616345,4.594616345
2020-02-08,8,375.6964305,4.456668234,4.456668234
2020-02-08,80,360.3379907,4.053737294,4.053737294
2020-02-08,81,382.0386756,4.574142878,4.574142878
2020-02-08,83,115.5922432,1.215055152,1.215055152
2020-02-08,84,381.835665,4.499222153,4.499222153
2020-02-08,88,810.5776286,8.941412162,8.941412162
2020-02-08,89,905.7184622,10.57846674,10.57846674
2020-02-08,90,344.26456,4.308736779,4.308736779
2020-02-08,92,650.3387356,8.043199042,8.043199042
2020-02-08,93,317.908678,4.120599729,4.120599729
2020-02-08,95,293.021591,4.340714042,4.340714042
2020-02-08,96,1067.452406,11.42569364,11.42569364
2020-02-08,97,348.8931279,3.572448566,3.572448566
2020-02-08,98,616.2392501,7.297318596,7.297318596
2020-02-09,10,1305.134557,15.22648803,15.22648803
2020-02-09,103,483.504595,4.924837773,4.924837773
2020-02-09,105,1009.355078,10.09156277,10.09156277
2020-02-09,108,367.0794894,4.689897028,4.689897028
2020-02-09,11,887.3472352,10.31770356,10.31770356
2020-02-09,110,1303.178956,15.22648803,15.22648803
2020-02-09,111,893.0109216,10.31770356,10.31770356
2020-02-09,115,490.5406481,5.570261181,5.570261181
2020-02-09,118,311.6435915,4.838843353,4.838843353
2020-02-09,119,265.144866,3.181811077,3.181811077
2020-02-09,120,670.0283667,8.093963511,8.093963511
2020-02-09,122,269.5176902,3.482220852,3.482220852
2020-02-09,123,133.3689238,1.929586914,1.929586914
2020-02-09,125,1019.721462,11.39985445,11.39985445
2020-02-09,126,555.4552364,6.155578947,6.155578947
2020-02-09,127,113.389213,1.350915132,1.350915132
2020-02-09,128,1006.593979,11.27368632,11.27368632
2020-02-09,131,662.253421,8.116104891,8.116104891
2020-02-09,133,135.6980428,1.91378217,1.91378217
2020-02-09,135,113.9045716,1.51287344,1.51287344
2020-02-09,136,288.8211546,4.203773218,4.203773218
2020-02-09,138,799.1341246,9.403784826,9.403784826
2020-02-09,139,105.5095715,1.220606473,1.220606473
2020-02-09,141,460.8893127,6.524851912,6.524851912
2020-02-09,142,89.83507506,1.112769392,1.112769392
2020-02-09,144,962.988994,10.75939707,10.75939707
2020-02-09,145,567.019416,6.226488902,6.226488902
2020-02-09,146,357.653718,3.875865388,3.875865388
2020-02-09,149,297.431639,4.169147832,4.169147832
2020-02-09,15,487.5454482,5.570261181,5.570261181
2020-02-09,151,1127.104834,13.2345083,13.2345083
2020-02-09,152,591.8268159,6.559320979,6.559320979
2020-02-09,155,468.5920901,4.778274123,4.778274123
2020-02-09,157,363.2823513,4.401626026,4.401626026
2020-02-09,159,1090.401538,12.05205686,12.05205686
2020-02-09,161,106.0919543,1.282011631,1.282011631
2020-02-09,163,571.3672445,6.755208893,6.755208893
2020-02-09,164,141.0722165,1.879651862,1.879651862
2020-02-09,166,760.2934688,8.645911257,8.645911257
2020-02-09,168,1722.215161,19.32952444,19.32952444
2020-02-09,169,621.9575743,6.999001198,6.999001198
2020-02-09,171,350.3099938,4.259900101,4.259900101
2020-02-09,172,305.3447682,3.247737397,3.247737397
2020-02-09,173,560.7047447,6.069794617,6.069794617
2020-02-09,174,302.795832,4.280685705,4.280685705
2020-02-09,175,369.6524912,4.408557281,4.408557281
2020-02-09,177,425.2414703,4.916857484,4.916857484
2020-02-09,18,315.1439744,4.838843353,4.838843353
2020-02-09,180,357.5468107,4.013373581,4.013373581
2020-02-09,181,376.4541716,4.593955328,4.593955328
2020-02-09,183,112.361964,1.519336528,1.519336528
2020-02-09,184,387.5509381,4.40996518,4.40996518
2020-02-09,188,808.5043871,9.860628119,9.860628119
2020-02-09,189,900.5865486,10.47950065,10.47950065
2020-02-09,19,260.6501698,3.181811077,3.181811077
2020-02-09,190,349.8858661,4.904121523,4.904121523
2020-02-09,192,644.8977547,7.945891815,7.945891815
2020-02-09,193,319.1953684,3.513118786,3.513118786
2020-02-09,195,284.6980087,3.193878667,3.193878667
2020-02-09,196,1075.935693,10.98041773,10.98041773
2020-02-09,197,334.0328899,3.685926066,3.685926066
2020-02-09,198,608.0563701,6.891817222,6.891817222
2020-02-09,20,667.8677051,8.093963511,8.093963511
2020-02-09,22,268.9004447,3.482220852,3.482220852
2020-02-09,23,133.7798405,1.929586914,1.929586914
2020-02-09,25,1015.507145,11.39985445,11.39985445
2020-02-09,26,559.797848,6.155578947,6.155578947
2020-02-09,27,109.4054519,1.350915132,1.350915132
2020-02-09,28,997.4017458,11.27368632,11.27368632
2020-02-09,3,478.4802758,4.924837773,4.924837773
2020-02-09,31,670.1467993,8.116104891,8.116104891
2020-02-09,33,136.5885587,1.91378217,1.91378217
2020-02-09,35,118.5356109,1.51287344,1.51287344
2020-02-09,36,290.9600315,4.203773218,4.203773218
2020-02-09,38,803.0926748,9.403784826,9.403784826
2020-02-09,39,102.6508501,1.220606473,1.220606473
2020-02-09,41,456.9000384,6.524851912,6.524851912
2020-02-09,42,88.54976709,1.112769392,1.112769392
2020-02-09,44,963.4216943,10.75939707,10.75939707
2020-02-09,45,566.8010564,6.226488902,6.226488902
2020-02-09,46,357.7722371,3.875865388,3.875865388
2020-02-09,49,296.7847781,4.169147832,4.169147832
2020-02-09,5,1003.39211,10.09156277,10.09156277
2020-02-09,51,1115.659834,13.2345083,13.2345083
2020-02-09,52,591.6535969,6.559320979,6.559320979
2020-02-09,55,465.8326917,4.778274123,4.778274123
2020-02-09,57,356.5158184,4.401626026,4.401626026
2020-02-09,59,1075.034752,12.05205686,12.05205686
2020-02-09,61,103.9246745,1.282011631,1.282011631
2020-02-09,63,564.9158516,6.755208893,6.755208893
2020-02-09,64,141.2638925,1.879651862,1.879651862
2020-02-09,66,761.1860841,8.645911257,8.645911257
2020-02-09,68,1720.249747,19.32952444,19.32952444
2020-02-09,69,614.4199108,6.999001198,6.999001198
2020-02-09,71,349.8591781,4.259900101,4.259900101
2020-02-09,72,306.9373388,3.247737397,3.247737397
2020-02-09,73,557.1862275,6.069794617,6.069794617
2020-02-09,74,306.9594647,4.280685705,4.280685705
2020-02-09,75,367.8132448,4.408557281,4.408557281
2020-02-09,77,429.6910908,4.916857484,4.916857484
2020-02-09,8,369.6330899,4.689897028,4.689897028
2020-02-09,80,355.2909727,4.013373581,4.013373581
2020-02-09,81,378.9202447,4.593955328,4.593955328
2020-02-09,83,112.9636571,1.519336528,1.519336528
2020-02-09,84,385.9310982,4.40996518,4.40996518
2020-02-09,88,807.3191163,9.860628119,9.860628119
2020-02-09,89,905.1941583,10.47950065,10.47950065
2020-02-09,90,346.5837942,4.904121523,4.904121523
2020-02-09,92,648.3869616,7.945891815,7.945891815
2020-02-09,93,314.0091431,3.513118786,3.513118786
2020-02-09,95,288.6568859,3.193878667,3.193878667
2020-02-09,96,1067.749992,10.98041773,10.98041773
2020-02-09,97,342.3234252,3.685926066,3.685926066
2020-02-09,98,617.5255472,6.891817222,6.891817222
2020-02-10,10,1319.218186,15.62671859,15.62671859
2020-02-10,103,475.2529868,5.432617784,5.432617784
2020-02-10,105,985.637558,10.22659763,10.22659763
2020-02-10,108,366.1535682,4.46624962,4.46624962
2020-02-10,11,882.4737481,10.90305992,10.90305992
2020-02-10,110,1308.91087,15.62671859,15.62671859
2020-02-10,111,904.2397634,10.90305992,10.90305992
2020-02-10,115,490.3965744,5.620415445,5.620415445
2020-02-10,118,314.807294,3.463518396,3.463518396
2020-02-10,119,263.3022554,4.097693346,4.097693346
2020-02-10,120,682.9422921,8.345214695,8.345214695
2020-02-10,122,264.7999473,3.341092305,3.341092305
2020-02-10,123,134.1607811,2.108860732,2.108860732
2020-02-10,125,1009.453541,12.16407216,12.16407216
2020-02-10,126,571.9450173,6.331256761,6.331256761
2020-02-10,127,110.3868849,1.640287368,1.640287368
2020-02-10,128,979.3419844,11.12941472,11.12941472
2020-02-10,131,671.579217,7.067171324,7.067171324
2020-02-10,133,135.9787506,2.024870003,2.024870003
2020-02-10,135,119.83414,1.362655772,1.362655772
2020-02-10,136,291.4591525,3.542306461,3.542306461
2020-02-10,138,812.933836,9.468916385,9.468916385
2020-02-10,139,105.2195831,1.124576649,1.124576649
2020-02-10,141,456.0853991,5.872674447,5.872674447
2020-02-10,142,88.05873333,1.61045016,1.61045016
2020-02-10,144,982.3640806,10.75264757,10.75264757
2020-02-10,145,570.388127,6.277680935,6.277680935
2020-02-10,146,350.0348686,3.893796295,3.893796295
2020-02-10,149,299.758894,4.696972682,4.696972682
2020-02-10,15,486.5190077,5.620415445,5.620415445
2020-02-10,151,1124.625433,13.058914,13.058914
2020-02-10,152,584.8273503,6.715663696,6.715663696
2020-02-10,155,469.6165512,5.167010866,5.167010866
2020-02-10,157,348.4178902,4.436415161,4.436415161
2020-02-10,159,1062.636221,11.86186354,11.86186354
2020-02-10,161,99.8703795,1.536190224,1.536190224
2020-02-10,163,552.0880693,5.86676833,5.86676833
2020-02-10,164,138.7173599,1.862150656,1.862150656
2020-02-10,166,757.7200847,8.732260372,8.732260372
2020-02-10,168,1698.228867,19.69374076,19.69374076
2020-02-10,169,619.4430498,7.717019374,7.717019374
2020-02-10,171,360.2765236,4.545146711,4.545146711
2020-02-10,172,308.5396127,4.246002197,4.246002197
2020-02-10,173,569.477458,6.142709636,6.142709636
2020-02-10,174,311.5248819,3.359927701,3.359927701
2020-02-10,175,374.3052499,4.441985886,4.441985886
2020-02-10,177,431.9399152,5.134453177,5.134453177
2020-02-10,18,318.6914997,3.463518396,3.463518396
2020-02-10,180,368.9752842,3.838526137,3.838526137
2020-02-10,181,382.7573712,5.340935567,5.340935567
2020-02-10,183,114.5161905,1.484994651,1.484994651
2020-02-10,184,400.1559133,4.087188853,4.087188853
2020-02-10,188,812.8559238,9.517464908,9.517464908
2020-02-10,189,918.7867096,10.37173216,10.37173216
2020-02-10,19,261.5024702,4.097693346,4.097693346
2020-02-10,190,355.6204551,4.327431247,4.327431247
2020-02-10,192,664.2043121,7.523375129,7.523375129
2020-02-10,193,317.1037002,3.647991346,3.647991346
2020-02-10,195,287.1439609,3.289835623,3.289835623
2020-02-10,196,1053.787637,10.85149624,10.85149624
2020-02-10,197,341.3655029,4.062803575,4.062803575
2020-02-10,198,622.9533881,6.452803717,6.452803717
2020-02-10,20,678.3165308,8.345214695,8.345214695
2020-02-10,22,267.875367,3.341092305,3.341092305
2020-02-10,23,135.3543082,2.108860732,2.108860732
2020-02-10,25,1014.894483,12.16407216,12.16407216
2020-02-10,26,569.238655,6.331256761,6.331256761
2020-02-10,27,109.6112536,1.640287368,1.640287368
2020-02-10,28,986.5474533,11.12941472,11.12941472
2020-02-10,3,479.026556,5.432617784,5.432617784
2020-02-10,31,671.2734121,7.067171324,7.067171324
2020-02-10,33,135.2107215,2.024870003,2.024870003
2020-02-10,35,118.4169905,1.362655772,1.362655772
2020-02-10,36,288.872586,3.542306461,3.542306461
2020-02-10,38,808.342948,9.468916385,9.468916385
2020-02-10,39,101.1543089,1.124576649,1.124576649
2020-02-10,41,450.8094253,5.872674447,5.872674447
2020-02-10,42,87.74718865,1.61045016,1.61045016
2020-02-10,44,982.2847392,10.75264757,10.75264757
2020-02-10,45,569.3584332,6.277680935,6.277680935
2020-02-10,46,353.4202835,3.893796295,3.893796295
2020-02-10,49,299.1571288,4.696972682,4.696972682
2020-02-10,5,1009.592997,10.22659763,10.22659763
2020-02-10,51,1119.380527,13.058914,13.058914
2020-02-10,52,591.7434326,6.715663696,6.715663696
2020-02-10,55,465.8659768,5.167010866,5.167010866
2020-02-10,57,351.811404,4.436415161,4.436415161
2020-02-10,59,1065.325429,11.86186354,11.86186354
2020-02-10,61,101.8756839,1.536190224,1.536190224
2020-02-10,63,560.8304674,5.86676833,5.86676833
2020-02-10,64,140.0837822,1.862150656,1.862150656
2020-02-10,66,762.922904,8.732260372,8.732260372
2020-02-10,68,1707.506388,19.69374076,19.69374076
2020-02-10,69,619.5877932,7.717019374,7.717019374
2020-02-10,71,353.6219006,4.545146711,4.545146711
2020-02-10,72,306.1860457,4.246002197,4.246002197
2020-02-10,73,561.8116896,6.142709636,6.142709636
2020-02-10,74,305.7143229,3.359927701,3.359927701
2020-02-10,75,371.6804508,4.441985886,4.441985886
2020-02-10,77,436.8666664,5.134453177,5.134453177
2020-02-10,8,362.7353499,4.46624962,4.46624962
2020-02-10,80,361.5210967,3.838526137,3.838526137
2020-02-10,81,380.3458915,5.340935567,5.340935567
2020-02-10,83,113.9561694,1.484994651,1.484994651
2020-02-10,84,394.2368799,4.087188853,4.087188853
2020-02-10,88,818.881659,9.517464908,9.517464908
2020-02-10,89,910.8838015,10.37173216,10.37173216
2020-02-10,90,351.1177205,4.327431247,4.327431247
2020-02-10,92,654.7711436,7.523375129,7.523375129
2020-02-10,93,319.7467889,3.647991346,3.647991346
2020-02-10,95,290.4720246,3.289835623,3.289835623
2020-02-10,96,1053.263768,10.85149624,10.85149624
2020-02-10,97,339.940294,4.062803575,4.062803575
2020-02-10,98,615.9671461,6.452803717,6.452803717
2020-02-11,10,1336.958028,16.75085803,16.75085803
2020-02-11,103,488.0421768,5.545722967,5.545722967
2020-02-11,105,1031.470735,10.43222129,10.43222129
2020-02-11,108,370.4810757,4.25682625,4.25682625
2020-02-11,11,890.9943467,11.30205267,11.30205267
2020-02-11,110,1338.087528,16.75085803,16.75085803
2020-02-11,111,895.3621284,11.30205267,11.30205267
2020-02-11,115,502.67582,6.906074735,6.906074735
2020-02-11,118,321.3670783,4.374905152,4.374905152
2020-02-11,119,258.2939607,2.955185749,2.955185749
2020-02-11,120,674.9546294,8.266809344,8.266809344
2020-02-11,122,268.9344412,3.579249029,3.579249029
2020-02-11,123,136.5224515,1.744663944,1.744663944
2020-02-11,125,1037.30491,12.3164085,12.3164085
2020-02-11,126,578.8360969,6.351987626,6.351987626
2020-02-11,127,111.1395216,1.456337786,1.456337786
2020-02-11,128,970.6515494,12.08371005,12.08371005
2020-02-11,131,688.3952982,7.575089531,7.575089531
2020-02-11,133,131.6158512,2.027917717,2.027917717
2020-02-11,135,122.3847098,1.963184827,1.963184827
2020-02-11,136,292.4165755,3.762760085,3.762760085
2020-02-11,138,800.9780895,9.818671131,9.818671131
2020-02-11,139,101.9279069,1.166984561,1.166984561
2020-02-11,141,453.772925,6.743832973,6.743832973
2020-02-11,142,88.10495212,1.40827766,1.40827766
2020-02-11,144,973.1664672,11.06536162,11.06536162
2020-02-11,145,562.6289803,6.190630086,6.190630086
2020-02-11,146,359.7486719,4.161966111,4.161966111
2020-02-11,149,296.6766138,3.669341287,3.669341287
2020-02-11,15,487.9803176,6.906074735,6.906074735
2020-02-11,151,1148.200499,12.74207424,12.74207424
2020-02-11,152,592.2435349,7.064316898,7.064316898
2020-02-11,155,463.8643483,5.280915036,5.280915036
2020-02-11,157,349.01479,3.780841878,3.780841878
2020-02-11,159,1071.636462,11.48770299,11.48770299
2020-02-11,161,100.2071466,1.11650884,1.11650884
2020-02-11,163,566.5747727,6.45595927,6.45595927
2020-02-11,164,140.0622294,1.465142643,1.465142643
2020-02-11,166,776.9704966,9.900000952,9.900000952
2020-02-11,168,1712.598401,18.89100085,18.89100085
2020-02-11,169,625.8020072,6.813088427,6.813088427
2020-02-11,171,345.2562554,3.852884278,3.852884278
2020-02-11,172,305.2428689,4.244646411,4.244646411
2020-02-11,173,572.720507,5.868501333,5.868501333
2020-02-11,174,308.0703171,4.654965608,4.654965608
2020-02-11,175,364.602537,4.897366825,4.897366825
2020-02-11,177,439.7148128,5.203733782,5.203733782
2020-02-11,18,318.3089664,4.374905152,4.374905152
2020-02-11,180,376.7320121,4.045519688,4.045519688
2020-02-11,181,375.6888582,4.418490131,4.418490131
2020-02-11,183,117.4473419,1.659232217,1.659232217
2020-02-11,184,395.984852,4.785136285,4.785136285
2020-02-11,188,811.5577913,9.580969354,9.580969354
2020-02-11,189,915.4835271,11.08089398,11.08089398
2020-02-11,19,260.5781954,2.955185749,2.955185749
2020-02-11,190,353.2252323,4.302790998,4.302790998
2020-02-11,192,656.7391119,7.249794998,7.249794998
2020-02-11,193,306.5792664,3.698930192,3.698930192
2020-02-11,195,292.1411975,3.941860224,3.941860224
2020-02-11,196,1062.662533,11.33182216,11.33182216
2020-02-11,197,329.3728417,3.69742382,3.69742382
2020-02-11,198,629.1873131,7.921112732,7.921112732
2020-02-11,20,681.4761838,8.266809344,8.266809344
2020-02-11,22,267.6753246,3.579249029,3.579249029
2020-02-11,23,135.3586315,1.744663944,1.744663944
2020-02-11,25,1030.409036,12.3164085,12.3164085
2020-02-11,26,581.7423507,6.351987626,6.351987626
2020-02-11,27,110.2458791,1.456337786,1.456337786
2020-02-11,28,995.7659633,12.08371005,12.08371005
2020-02-11,3,482.0985267,5.545722967,5.545722967
2020-02-11,31,684.1847185,7.575089531,7.575089531
2020-02-11,33,134.1705741,2.027917717,2.027917717
2020-02-11,35,121.9835783,1.963184827,1.963184827
2020-02-11,36,287.9242616,3.762760085,3.762760085
2020-02-11,38,810.6490276,9.818671131,9.818671131
2020-02-11,39,101.5473798,1.166984561,1.166984561
2020-02-11,41,459.3640056,6.743832973,6.743832973
2020-02-11,42,88.24152821,1.40827766,1.40827766
2020-02-11,44,995.3030306,11.06536162,11.06536162
2020-02-11,45,572.1381189,6.190630086,6.190630086
2020-02-11,46,352.6144567,4.161966111,4.161966111
2020-02-11,49,299.9976489,3.669341287,3.669341287
2020-02-11,5,1023.358144,10.43222129,10.43222129
2020-02-11,51,1130.351058,12.74207424,12.74207424
2020-02-11,52,596.1133905,7.064316898,7.064316898
2020-02-11,55,466.8254092,5.280915036,5.280915036
2020-02-11,57,349.9785481,3.780841878,3.780841878
2020-02-11,59,1084.622158,11.48770299,11.48770299
2020-02-11,61,100.6365061,1.11650884,1.11650884
2020-02-11,63,572.7178453,6.45595927,6.45595927
2020-02-11,64,141.9695424,1.465142643,1.465142643
2020-02-11,66,771.7853655,9.900000952,9.900000952
2020-02-11,68,1732.126855,18.89100085,18.89100085
2020-02-11,69,622.1167421,6.813088427,6.813088427
2020-02-11,71,352.3474792,3.852884278,3.852884278
2020-02-11,72,304.7086015,4.244646411,4.244646411
2020-02-11,73,571.4780951,5.868501333,5.868501333
2020-02-11,74,311.7944355,4.654965608,4.654965608
2020-02-11,75,369.5345641,4.897366825,4.897366825
2020-02-11,77,444.0752368,5.203733782,5.203733782
2020-02-11,8,370.0877339,4.25682625,4.25682625
2020-02-11,80,373.6590383,4.045519688,4.045519688
2020-02-11,81,374.6777534,4.418490131,4.418490131
2020-02-11,83,116.3433132,1.659232217,1.659232217
2020-02-11,84,394.1057253,4.785136285,4.785136285
2020-02-11,88,812.2217662,9.580969354,9.580969354
2020-02-11,89,914.8876307,11.08089398,11.08089398
2020-02-11,90,355.3915592,4.302790998,4.302790998
2020-02-11,92,653.37359,7.249794998,7.249794998
2020-02-11,93,315.4566131,3.698930192,3.698930192
2020-02-11,95,291.1938467,3.941860224,3.941860224
2020-02-11,96,1054.847511,11.33182216,11.33182216
2020-02-11,97,331.4997372,3.69742382,3.69742382
2020-02-11,98,623.9677285,7.921112732,7.921112732
2020-02-12,10,1320.381149,15.64809198,15.64809198
2020-02-12,103,484.050481,5.844377558,5.844377558
2020-02-12,105,1017.81664,10.79117412,10.79117412
2020-02-12,108,365.9177792,5.064503651,5.064503651
2020-02-12,11,885.17152,10.32142642,10.32142642
2020-02-12,110,1314.691866,15.64809198,15.64809198
2020-02-12,111,899.8192509,10.32142642,10.32142642
2020-02-12,115,494.1125413,6.224106964,6.224106964
2020-02-12,118,313.4775296,4.014687388,4.014687388
2020-02-12,119,264.3368531,3.505543832,3.505543832
2020-02-12,120,673.3373004,9.966799444,9.966799444
2020-02-12,122,276.0391646,4.062748551,4.062748551
2020-02-12,123,132.5993366,1.813569404,1.813569404
2020-02-12,125,1043.466373,11.80305146,11.80305146
2020-02-12,126,562.6179142,6.777826339,6.777826339
2020-02-12,127,111.4897115,1.169881574,1.169881574
2020-02-12,128,1019.179824,10.75005926,10.75005926
2020-02-12,131,686.2578846,7.906945318,7.906945318
2020-02-12,133,136.7555441,3.034056294,3.034056294
2020-02-12,135,122.3121925,2.046829701,2.046829701
2020-02-12,136,291.6369468,3.214708016,3.214708016
2020-02-12,138,807.6919644,8.810312538,8.810312538
2020-02-12,139,104.7589979,1.102163933,1.102163933
2020-02-12,141,462.4964406,5.70010551,5.70010551
2020-02-12,142,83.99612356,1.360406515,1.360406515
2020-02-12,144,969.9829125,10.47331289,10.47331289
2020-02-12,145,565.6049867,6.079884372,6.079884372
2020-02-12,146,362.6772558,4.173413667,4.173413667
2020-02-12,149,304.915003,3.769142688,3.769142688
2020-02-12,15,492.6794188,6.224106964,6.224106964
2020-02-12,151,1143.342607,13.75331113,13.75331113
2020-02-12,152,585.8389976,6.720803217,6.720803217
2020-02-12,155,469.8978491,5.059909644,5.059909644
2020-02-12,157,351.0697021,3.865714128,3.865714128
2020-02-12,159,1085.066562,12.21509016,12.21509016
2020-02-12,161,98.39832598,1.269700462,1.269700462
2020-02-12,163,584.5942976,6.293850023,6.293850023
2020-02-12,164,140.725697,1.723307713,1.723307713
2020-02-12,166,769.4517295,9.379126304,9.379126304
2020-02-12,168,1719.146541,19.36990544,19.36990544
2020-02-12,169,611.2298889,7.862465568,7.862465568
2020-02-12,171,351.8888866,4.096692016,4.096692016
2020-02-12,172,301.8466529,3.83560966,3.83560966
2020-02-12,173,569.8534705,6.234008256,6.234008256
2020-02-12,174,311.0253092,3.377407376,3.377407376
2020-02-12,175,360.3132967,4.105594282,4.105594282
2020-02-12,177,452.9309004,4.726883862,4.726883862
2020-02-12,18,320.2015762,4.014687388,4.014687388
2020-02-12,180,363.3879572,4.42639309,4.42639309
2020-02-12,181,374.2987366,4.058963311,4.058963311
2020-02-12,183,114.3937191,1.576221677,1.576221677
2020-02-12,184,397.3336672,4.506346417,4.506346417
2020-02-12,188,808.5814692,9.347469591,9.347469591
2020-02-12,189,911.5236401,11.36819932,11.36819932
2020-02-12,19,262.9562183,3.505543832,3.505543832
2020-02-12,190,356.22509,4.085330976,4.085330976
2020-02-12,192,659.5363665,7.932284551,7.932284551
2020-02-12,193,321.3934665,3.369380371,3.369380371
2020-02-12,195,289.9159744,3.99173843,3.99173843
2020-02-12,196,1067.074944,11.23579139,11.23579139
2020-02-12,197,331.055889,4.61177951,4.61177951
2020-02-12,198,627.4161832,7.012804353,7.012804353
2020-02-12,20,680.0668646,9.966799444,9.966799444
2020-02-12,22,270.2743474,4.062748551,4.062748551
2020-02-12,23,134.0656648,1.813569404,1.813569404
2020-02-12,25,1033.185008,11.80305146,11.80305146
2020-02-12,26,577.6630504,6.777826339,6.777826339
2020-02-12,27,110.0247416,1.169881574,1.169881574
2020-02-12,28,1008.773313,10.75005926,10.75005926
2020-02-12,3,486.6830964,5.844377558,5.844377558
2020-02-12,31,683.7756844,7.906945318,7.906945318
2020-02-12,33,134.2148638,3.034056294,3.034056294
2020-02-12,35,124.6310032,2.046829701,2.046829701
2020-02-12,36,288.1715655,3.214708016,3.214708016
2020-02-12,38,810.7564123,8.810312538,8.810312538
2020-02-12,39,102.5485373,1.102163933,1.102163933
2020-02-12,41,457.2751473,5.70010551,5.70010551
2020-02-12,42,86.11892021,1.360406515,1.360406515
2020-02-12,44,993.349619,10.47331289,10.47331289
2020-02-12,45,574.365797,6.079884372,6.079884372
2020-02-12,46,358.8963294,4.173413667,4.173413667
2020-02-12,49,299.9419439,3.769142688,3.769142688
2020-02-12,5,1043.02293,10.79117412,10.79117412
2020-02-12,51,1129.295314,13.75331113,13.75331113
2020-02-12,52,587.9195322,6.720803217,6.720803217
2020-02-12,55,458.5855715,5.059909644,5.059909644
2020-02-12,57,351.118417,3.865714128,3.865714128
2020-02-12,59,1086.064889,12.21509016,12.21509016
2020-02-12,61,100.1279129,1.269700462,1.269700462
2020-02-12,63,578.8158901,6.293850023,6.293850023
2020-02-12,64,141.6980791,1.723307713,1.723307713
2020-02-12,66,773.5374276,9.379126304,9.379126304
2020-02-12,68,1734.63786,19.36990544,19.36990544
2020-02-12,69,623.1678452,7.862465568,7.862465568
2020-02-12,71,349.377869,4.096692016,4.096692016
2020-02-12,72,305.6681994,3.83560966,3.83560966
2020-02-12,73,573.512274,6.234008256,6.234008256
2020-02-12,74,306.908085,3.377407376,3.377407376
2020-02-12,75,367.3544335,4.105594282,4.105594282
2020-02-12,77,452.4531021,4.726883862,4.726883862
2020-02-12,8,367.9544145,5.064503651,5.064503651
2020-02-12,80,368.1068214,4.42639309,4.42639309
2020-02-12,81,375.2042392,4.058963311,4.058963311
2020-02-12,83,114.4588322,1.576221677,1.576221677
2020-02-12,84,394.5181601,4.506346417,4.506346417
2020-02-12,88,809.1633033,9.347469591,9.347469591
2020-02-12,89,913.6859511,11.36819932,11.36819932
2020-02-12,90,359.307227,4.085330976,4.085330976
2020-02-12,92,649.6960586,7.932284551,7.932284551
2020-02-12,93,313.7690928,3.369380371,3.369380371
2020-02-12,95,294.4416193,3.99173843,3.99173843
2020-02-12,96,1056.7634,11.23579139,11.23579139
2020-02-12,97,333.9291123,4.61177951,4.61177951
2020-02-12,98,629.9566985,7.012804353,7.012804353
2020-02-13,10,1338.73683,15.08974498,15.08974498
2020-02-13,103,488.209322,5.309840524,5.309840524
2020-02-13,105,1098.295001,11.15734615,11.15734615
2020-02-13,108,379.2009398,4.637904854,4.637904854
2020-02-13,11,884.2516937,10.26359749,10.26359749
2020-02-13,110,1342.070847,15.08974498,15.08974498
2020-02-13,111,892.7779941,10.26359749,10.26359749
2020-02-13,115,487.174017,6.165723573,6.165723573
2020-02-13,118,333.5286233,4.311566473,4.311566473
2020-02-13,119,266.0810729,3.743181178,3.743181178
2020-02-13,120,692.9744825,7.996636323,7.996636323
2020-02-13,122,271.4631618,3.246018368,3.246018368
2020-02-13,123,136.8645031,2.018551739,2.018551739
2020-02-13,125,1024.704116,11.42874565,11.42874565
2020-02-13,126,582.2233566,6.371801699,6.371801699
2020-02-13,127,111.2244736,1.699059344,1.699059344
2020-02-13,128,1035.31765,12.16891343,12.16891343
2020-02-13,131,703.8742813,8.331067612,8.331067612
2020-02-13,133,132.8201117,1.400038937,1.400038937
2020-02-13,135,126.8393938,1.417077364,1.417077364
2020-02-13,136,295.2341034,3.405702387,3.405702387
2020-02-13,138,808.9342162,9.751896555,9.751896555
2020-02-13,139,105.6063593,2.189815067,2.189815067
2020-02-13,141,452.2143805,5.253548609,5.253548609
2020-02-13,142,87.38697543,1.604192156,1.604192156
2020-02-13,144,1038.445209,10.72836487,10.72836487
2020-02-13,145,572.6405923,6.046531175,6.046531175
2020-02-13,146,350.7244099,4.650450624,4.650450624
2020-02-13,149,305.4825293,3.7933583,3.7933583
2020-02-13,15,491.7235646,6.165723573,6.165723573
2020-02-13,151,1126.946908,12.74402333,12.74402333
2020-02-13,152,594.1488422,6.966308766,6.966308766
2020-02-13,155,462.7528136,5.788579263,5.788579263
2020-02-13,157,360.4322277,4.331715913,4.331715913
2020-02-13,159,1092.274406,12.69224333,12.69224333
2020-02-13,161,101.9119141,1.953945207,1.953945207
2020-02-13,163,575.6408458,6.140147781,6.140147781
2020-02-13,164,143.7815966,1.546414904,1.546414904
2020-02-13,166,769.4521559,8.823653003,8.823653003
2020-02-13,168,1736.778678,18.66303922,18.66303922
2020-02-13,169,625.6827875,7.119089839,7.119089839
2020-02-13,171,344.9095456,4.095403011,4.095403011
2020-02-13,172,306.0298449,3.664287524,3.664287524
2020-02-13,173,576.5547873,6.651472339,6.651472339
2020-02-13,174,313.0338449,4.225431949,4.225431949
2020-02-13,175,359.2860194,3.940346276,3.940346276
2020-02-13,177,467.3884855,5.689316595,5.689316595
2020-02-13,18,327.3229635,4.311566473,4.311566473
2020-02-13,180,371.7918356,4.035057421,4.035057421
2020-02-13,181,378.6780779,5.01971587,5.01971587
2020-02-13,183,115.5192605,1.460331009,1.460331009
2020-02-13,184,397.9445143,4.332319702,4.332319702
2020-02-13,188,815.7432523,9.849097795,9.849097795
2020-02-13,189,939.2832584,9.926099911,9.926099911
2020-02-13,19,266.5428023,3.743181178,3.743181178
2020-02-13,190,365.3212215,4.080712716,4.080712716
2020-02-13,192,649.7755612,7.330645241,7.330645241
2020-02-13,193,323.1313979,3.481500182,3.481500182
2020-02-13,195,300.4621427,3.461113299,3.461113299
2020-02-13,196,1111.872628,11.86266016,11.86266016
2020-02-13,197,328.3188501,3.482216663,3.482216663
2020-02-13,198,614.2092823,7.494493261,7.494493261
2020-02-13,20,687.3755418,7.996636323,7.996636323
2020-02-13,22,271.6083139,3.246018368,3.246018368
2020-02-13,23,136.7313848,2.018551739,2.018551739
2020-02-13,25,1027.850078,11.42874565,11.42874565
2020-02-13,26,582.6649857,6.371801699,6.371801699
2020-02-13,27,110.3376737,1.699059344,1.699059344
2020-02-13,28,1021.71873,12.16891343,12.16891343
2020-02-13,3,492.1276885,5.309840524,5.309840524
2020-02-13,31,694.5398379,8.331067612,8.331067612
2020-02-13,33,134.4960917,1.400038937,1.400038937
2020-02-13,35,125.6155239,1.417077364,1.417077364
2020-02-13,36,294.1262888,3.405702387,3.405702387
2020-02-13,38,805.6483211,9.751896555,9.751896555
2020-02-13,39,104.3723029,2.189815067,2.189815067
2020-02-13,41,458.6618686,5.253548609,5.253548609
2020-02-13,42,86.885438,1.604192156,1.604192156
2020-02-13,44,1021.119577,10.72836487,10.72836487
2020-02-13,45,576.1162392,6.046531175,6.046531175
2020-02-13,46,360.1917458,4.650450624,4.650450624
2020-02-13,49,299.6914239,3.7933583,3.7933583
2020-02-13,5,1084.306354,11.15734615,11.15734615
2020-02-13,51,1129.252309,12.74402333,12.74402333
2020-02-13,52,600.1276612,6.966308766,6.966308766
2020-02-13,55,468.8423819,5.788579263,5.788579263
2020-02-13,57,356.6118394,4.331715913,4.331715913
2020-02-13,59,1081.580197,12.69224333,12.69224333
2020-02-13,61,101.0845161,1.953945207,1.953945207
2020-02-13,63,593.3424,6.140147781,6.140147781
2020-02-13,64,142.2177225,1.546414904,1.546414904
2020-02-13,66,775.1914357,8.823653003,8.823653003
2020-02-13,68,1737.296124,18.66303922,18.66303922
2020-02-13,69,625.7259725,7.119089839,7.119089839
2020-02-13,71,349.0980817,4.095403011,4.095403011
2020-02-13,72,306.6069294,3.664287524,3.664287524
2020-02-13,73,574.6776944,6.651472339,6.651472339
2020-02-13,74,311.9812825,4.225431949,4.225431949
2020-02-13,75,366.1681557,3.940346276,3.940346276
2020-02-13,77,466.6226305,5.689316595,5.689316595
2020-02-13,8,376.1224826,4.637904854,4.637904854
2020-02-13,80,377.5518569,4.035057421,4.035057421
2020-02-13,81,384.6472249,5.01971587,5.01971587
2020-02-13,83,113.3216858,1.460331009,1.460331009
2020-02-13,84,398.3662558,4.332319702,4.332319702
2020-02-13,88,809.6599774,9.849097795,9.849097795
2020-02-13,89,929.9403259,9.926099911,9.926099911
2020-02-13,90,366.4348558,4.080712716,4.080712716
2020-02-13,92,652.8271787,7.330645241,7.330645241
2020-02-13,93,320.3113247,3.481500182,3.481500182
2020-02-13,95,297.57822,3.461113299,3.461113299
2020-02-13,96,1101.283449,11.86266016,11.86266016
2020-02-13,97,337.9858541,3.482216663,3.482216663
2020-02-13,98,618.6491635,7.494493261,7.494493261
2020-02-14,10,1327.268177,16.32782477,16.32782477
2020-02-14,103,481.631856,5.78597018,5.78597018
2020-02-14,105,1074.912961,10.89125533,10.89125533
2020-02-14,108,368.4046943,5.467619953,5.467619953
2020-02-14,11,884.4900296,9.953982765,9.953982765
2020-02-14,110,1332.105119,16.32782477,16.32782477
2020-02-14,111,879.3508652,9.953982765,9.953982765
2020-02-14,115,504.9333934,6.176647736,6.176647736
2020-02-14,118,326.969533,4.076483186,4.076483186
2020-02-14,119,272.3179499,2.886704902,2.886704902
2020-02-14,120,685.0509426,8.072746892,8.072746892
2020-02-14,122,269.8119599,3.833397423,3.833397423
2020-02-14,123,136.7046073,1.699766696,1.699766696
2020-02-14,125,1022.497093,12.86077393,12.86077393
2020-02-14,126,585.0352562,6.13369293,6.13369293
2020-02-14,127,113.3701164,1.284486562,1.284486562
2020-02-14,128,1036.136651,11.78191865,11.78191865
2020-02-14,131,693.2926826,8.488484611,8.488484611
2020-02-14,133,132.9248026,1.803123444,1.803123444
2020-02-14,135,123.8550973,2.049092331,2.049092331
2020-02-14,136,289.9962562,4.028445569,4.028445569
2020-02-14,138,815.4088758,9.068643892,9.068643892
2020-02-14,139,104.7762652,1.565982048,1.565982048
2020-02-14,141,454.787005,5.693056416,5.693056416
2020-02-14,142,87.90653902,1.728136217,1.728136217
2020-02-14,144,1019.162576,10.89920194,10.89920194
2020-02-14,145,568.3692825,6.876283749,6.876283749
2020-02-14,146,360.3397869,4.337687845,4.337687845
2020-02-14,149,297.6858275,4.089854624,4.089854624
2020-02-14,15,501.1237974,6.176647736,6.176647736
2020-02-14,151,1115.703647,14.49869384,14.49869384
2020-02-14,152,582.6806475,6.266645931,6.266645931
2020-02-14,155,468.9415549,4.774124388,4.774124388
2020-02-14,157,353.7477521,4.322857421,4.322857421
2020-02-14,159,1092.01978,12.29512466,12.29512466
2020-02-14,161,98.74367007,1.222489457,1.222489457
2020-02-14,163,596.7734716,7.437156683,7.437156683
2020-02-14,164,144.1465239,1.734654796,1.734654796
2020-02-14,166,768.7742181,10.42026103,10.42026103
2020-02-14,168,1733.012859,18.68806369,18.68806369
2020-02-14,169,623.2992687,7.706135818,7.706135818
2020-02-14,171,347.9245997,3.88921537,3.88921537
2020-02-14,172,305.1981368,3.223863523,3.223863523
2020-02-14,173,575.9428896,6.787624289,6.787624289
2020-02-14,174,312.4170064,4.247863003,4.247863003
2020-02-14,175,366.2311858,4.95982953,4.95982953
2020-02-14,177,471.493287,6.021010743,6.021010743
2020-02-14,18,328.2420373,4.076483186,4.076483186
2020-02-14,180,380.7136105,5.560070919,5.560070919
2020-02-14,181,387.2826763,4.495097038,4.495097038
2020-02-14,183,115.6625384,1.200334063,1.200334063
2020-02-14,184,401.5976612,4.253308271,4.253308271
2020-02-14,188,807.5398937,10.54135501,10.54135501
2020-02-14,189,906.8494775,11.14405398,11.14405398
2020-02-14,19,269.8293401,2.886704902,2.886704902
2020-02-14,190,355.8273351,4.342288528,4.342288528
2020-02-14,192,661.596168,8.041832607,8.041832607
2020-02-14,193,322.7444071,3.767521236,3.767521236
2020-02-14,195,305.5216759,3.458523,3.458523
2020-02-14,196,1110.328529,12.20567685,12.20567685
2020-02-14,197,335.6652351,3.597584628,3.597584628
2020-02-14,198,603.9377125,7.925292106,7.925292106
2020-02-14,20,687.1291516,8.072746892,8.072746892
2020-02-14,22,271.6935982,3.833397423,3.833397423
2020-02-14,23,138.3920709,1.699766696,1.699766696
2020-02-14,25,1025.470136,12.86077393,12.86077393
2020-02-14,26,584.6530003,6.13369293,6.13369293
2020-02-14,27,110.4336068,1.284486562,1.284486562
2020-02-14,28,1025.00144,11.78191865,11.78191865
2020-02-14,3,490.0735589,5.78597018,5.78597018
2020-02-14,31,690.1081975,8.488484611,8.488484611
2020-02-14,33,134.5485034,1.803123444,1.803123444
2020-02-14,35,125.7550048,2.049092331,2.049092331
2020-02-14,36,295.4744279,4.028445569,4.028445569
2020-02-14,38,810.1253088,9.068643892,9.068643892
2020-02-14,39,102.5444722,1.565982048,1.565982048
2020-02-14,41,462.0368884,5.693056416,5.693056416
2020-02-14,42,87.05794589,1.728136217,1.728136217
2020-02-14,44,1020.294888,10.89920194,10.89920194
2020-02-14,45,582.4711281,6.876283749,6.876283749
2020-02-14,46,356.3444284,4.337687845,4.337687845
2020-02-14,49,300.0137424,4.089854624,4.089854624
2020-02-14,5,1079.884855,10.89125533,10.89125533
2020-02-14,51,1132.316847,14.49869384,14.49869384
2020-02-14,52,594.2304623,6.266645931,6.266645931
2020-02-14,55,466.5600387,4.774124388,4.774124388
2020-02-14,57,359.6797606,4.322857421,4.322857421
2020-02-14,59,1080.383528,12.29512466,12.29512466
2020-02-14,61,100.5500839,1.222489457,1.222489457
2020-02-14,63,597.4326709,7.437156683,7.437156683
2020-02-14,64,144.4971782,1.734654796,1.734654796
2020-02-14,66,774.4818452,10.42026103,10.42026103
2020-02-14,68,1711.627451,18.68806369,18.68806369
2020-02-14,69,619.4574877,7.706135818,7.706135818
2020-02-14,71,349.3076033,3.88921537,3.88921537
2020-02-14,72,303.6203513,3.223863523,3.223863523
2020-02-14,73,576.4469626,6.787624289,6.787624289
2020-02-14,74,314.1457339,4.247863003,4.247863003
2020-02-14,75,367.5473074,4.95982953,4.95982953
2020-02-14,77,465.041736,6.021010743,6.021010743
2020-02-14,8,372.9224441,5.467619953,5.467619953
2020-02-14,80,384.2367251,5.560070919,5.560070919
2020-02-14,81,387.2365693,4.495097038,4.495097038
2020-02-14,83,115.8227905,1.200334063,1.200334063
2020-02-14,84,397.840054,4.253308271,4.253308271
2020-02-14,88,804.3534754,10.54135501,10.54135501
2020-02-14,89,923.4141574,11.14405398,11.14405398
2020-02-14,90,361.4765613,4.342288528,4.342288528
2020-02-14,92,661.3495627,8.041832607,8.041832607
2020-02-14,93,317.8958116,3.767521236,3.767521236
2020-02-14,95,301.9355819,3.458523,3.458523
2020-02-14,96,1110.082972,12.20567685,12.20567685
2020-02-14,97,329.8257744,3.597584628,3.597584628
2020-02-14,98,608.8232163,7.925292106,7.925292106
2020-02-15,10,1331.532262,16.24160935,16.24160935
2020-02-15,103,493.6353651,6.302702678,6.302702678
2020-02-15,105,1040.966959,10.81583753,10.81583753
2020-02-15,108,371.1810677,4.799228221,4.799228221
2020-02-15,11,881.0180128,10.17952323,10.17952323
2020-02-15,110,1337.698474,16.24160935,16.24160935
2020-02-15,111,884.3887509,10.17952323,10.17952323
2020-02-15,115,484.8629823,5.264215462,5.264215462
2020-02-15,118,325.4079304,4.269877929,4.269877929
2020-02-15,119,274.7653453,4.940405898,4.940405898
2020-02-15,120,685.2196429,8.061766817,8.061766817
2020-02-15,122,263.8023415,4.142112027,4.142112027
2020-02-15,123,135.597995,1.455670174,1.455670174
2020-02-15,125,1008.844247,12.81624785,12.81624785
2020-02-15,126,584.4375107,6.400130963,6.400130963
2020-02-15,127,109.2745528,1.362484167,1.362484167
2020-02-15,128,1007.355879,10.75740457,10.75740457
2020-02-15,131,686.5607286,8.17847003,8.17847003
2020-02-15,133,132.2745099,1.42220282,1.42220282
2020-02-15,135,123.2572776,1.864420878,1.864420878
2020-02-15,136,292.6277259,3.491580637,3.491580637
2020-02-15,138,789.0966333,9.757975685,9.757975685
2020-02-15,139,99.82781726,1.311728927,1.311728927
2020-02-15,141,459.4401628,5.68811586,5.68811586
2020-02-15,142,88.34711361,1.011591157,1.011591157
2020-02-15,144,989.8924734,10.41614834,10.41614834
2020-02-15,145,588.0454418,6.727630212,6.727630212
2020-02-15,146,350.9139969,3.681991648,3.681991648
2020-02-15,149,296.8558146,4.064915094,4.064915094
2020-02-15,15,487.3443765,5.264215462,5.264215462
2020-02-15,151,1126.773021,13.50941873,13.50941873
2020-02-15,152,572.985291,6.439157246,6.439157246
2020-02-15,155,478.0012095,5.881406887,5.881406887
2020-02-15,157,361.4026079,4.217813507,4.217813507
2020-02-15,159,1071.399224,12.13487775,12.13487775
2020-02-15,161,98.98192607,1.365630725,1.365630725
2020-02-15,163,594.4934395,6.685736615,6.685736615
2020-02-15,164,138.9742043,2.033174257,2.033174257
2020-02-15,166,774.5005842,9.179797119,9.179797119
2020-02-15,168,1706.973982,18.35604073,18.35604073
2020-02-15,169,617.4283953,7.574965146,7.574965146
2020-02-15,171,354.4050873,3.692933482,3.692933482
2020-02-15,172,304.8974989,3.538334712,3.538334712
2020-02-15,173,576.055983,6.386053899,6.386053899
2020-02-15,174,318.0208396,3.579199203,3.579199203
2020-02-15,175,368.6397247,5.473405749,5.473405749
2020-02-15,177,463.6257109,5.36526786,5.36526786
2020-02-15,18,325.9818588,4.269877929,4.269877929
2020-02-15,180,381.7832222,3.877753132,3.877753132
2020-02-15,181,386.7998016,4.215326748,4.215326748
2020-02-15,183,110.7168704,1.323532388,1.323532388
2020-02-15,184,402.6136687,4.756044562,4.756044562
2020-02-15,188,792.3617093,8.912071468,8.912071468
2020-02-15,189,922.7821541,10.94571093,10.94571093
2020-02-15,19,270.6093246,4.940405898,4.940405898
2020-02-15,190,358.4903647,4.987566333,4.987566333
2020-02-15,192,656.3899224,7.306291932,7.306291932
2020-02-15,193,321.7824764,3.790772605,3.790772605
2020-02-15,195,298.1756888,3.771868738,3.771868738
2020-02-15,196,1075.380674,11.15321027,11.15321027
2020-02-15,197,322.4060031,3.756995498,3.756995498
2020-02-15,198,602.5188517,6.262864152,6.262864152
2020-02-15,20,680.9449164,8.061766817,8.061766817
2020-02-15,22,266.9940661,4.142112027,4.142112027
2020-02-15,23,132.1447038,1.455670174,1.455670174
2020-02-15,25,1010.359253,12.81624785,12.81624785
2020-02-15,26,576.3705034,6.400130963,6.400130963
2020-02-15,27,108.5397839,1.362484167,1.362484167
2020-02-15,28,1017.878891,10.75740457,10.75740457
2020-02-15,3,490.6657019,6.302702678,6.302702678
2020-02-15,31,684.4927909,8.17847003,8.17847003
2020-02-15,33,132.7993218,1.42220282,1.42220282
2020-02-15,35,125.1549254,1.864420878,1.864420878
2020-02-15,36,289.7330371,3.491580637,3.491580637
2020-02-15,38,799.6003612,9.757975685,9.757975685
2020-02-15,39,100.2246845,1.311728927,1.311728927
2020-02-15,41,463.7310112,5.68811586,5.68811586
2020-02-15,42,87.29222619,1.011591157,1.011591157
2020-02-15,44,1002.788367,10.41614834,10.41614834
2020-02-15,45,578.7542469,6.727630212,6.727630212
2020-02-15,46,348.2243433,3.681991648,3.681991648
2020-02-15,49,299.1526446,4.064915094,4.064915094
2020-02-15,5,1060.569188,10.81583753,10.81583753
2020-02-15,51,1112.76208,13.50941873,13.50941873
2020-02-15,52,578.7788516,6.439157246,6.439157246
2020-02-15,55,465.7042643,5.881406887,5.881406887
2020-02-15,57,353.4621005,4.217813507,4.217813507
2020-02-15,59,1062.783546,12.13487775,12.13487775
2020-02-15,61,98.36698885,1.365630725,1.365630725
2020-02-15,63,596.4101219,6.685736615,6.685736615
2020-02-15,64,137.8167143,2.033174257,2.033174257
2020-02-15,66,769.448295,9.179797119,9.179797119
2020-02-15,68,1692.348065,18.35604073,18.35604073
2020-02-15,69,617.1646038,7.574965146,7.574965146
2020-02-15,71,351.8941163,3.692933482,3.692933482
2020-02-15,72,302.353477,3.538334712,3.538334712
2020-02-15,73,580.2379083,6.386053899,6.386053899
2020-02-15,74,314.939712,3.579199203,3.579199203
2020-02-15,75,367.9929488,5.473405749,5.473405749
2020-02-15,77,466.7028397,5.36526786,5.36526786
2020-02-15,8,367.8264007,4.799228221,4.799228221
2020-02-15,80,381.9729678,3.877753132,3.877753132
2020-02-15,81,384.2885385,4.215326748,4.215326748
2020-02-15,83,110.6003524,1.323532388,1.323532388
2020-02-15,84,398.5641839,4.756044562,4.756044562
2020-02-15,88,785.9565561,8.912071468,8.912071468
2020-02-15,89,922.4769186,10.94571093,10.94571093
2020-02-15,90,358.7873225,4.987566333,4.987566333
2020-02-15,92,652.7259506,7.306291932,7.306291932
2020-02-15,93,319.082471,3.790772605,3.790772605
2020-02-15,95,298.7798352,3.771868738,3.771868738
2020-02-15,96,1087.406549,11.15321027,11.15321027
2020-02-15,97,326.5994497,3.756995498,3.756995498
2020-02-15,98,601.8367679,6.262864152,6.262864152
2020-02-16,10,1337.888519,17.22200363,17.22200363
2020-02-16,103,478.959603,5.077493704,5.077493704
2020-02-16,105,1043.186084,11.16569104,11.16569104
2020-02-16,108,358.0151838,4.053690948,4.053690948
2020-02-16,11,873.9105609,10.2219604,10.2219604
2020-02-16,110,1339.455443,17.22200363,17.22200363
2020-02-16,111,875.3574283,10.2219604,10.2219604
2020-02-16,115,476.4358246,5.867147433,5.867147433
2020-02-16,118,325.2068589,3.927280884,3.927280884
2020-02-16,119,268.1171445,2.845006851,2.845006851
2020-02-16,120,681.0620111,9.202214077,9.202214077
2020-02-16,122,267.5153112,3.06821596,3.06821596
2020-02-16,123,134.1878095,1.523875241,1.523875241
2020-02-16,125,1013.383297,11.35507334,11.35507334
2020-02-16,126,570.2434207,6.450312538,6.450312538
2020-02-16,127,106.3001873,1.18408346,1.18408346
2020-02-16,128,999.4306332,11.67648879,11.67648879
2020-02-16,131,672.4668725,7.737843909,7.737843909
2020-02-16,133,132.5869047,1.536056308,1.536056308
2020-02-16,135,124.0646843,1.329217975,1.329217975
2020-02-16,136,285.0248631,3.147668434,3.147668434
2020-02-16,138,798.4790653,8.819186799,8.819186799
2020-02-16,139,96.74669178,2.099775132,2.099775132
2020-02-16,141,451.7063022,5.220672799,5.220672799
2020-02-16,142,85.78146832,0.9530761241,0.9530761241
2020-02-16,144,1010.740164,10.71894708,10.71894708
2020-02-16,145,569.8168763,6.344147476,6.344147476
2020-02-16,146,345.881499,3.631834755,3.631834755
2020-02-16,149,295.983255,3.074665269,3.074665269
2020-02-16,15,486.4984889,5.867147433,5.867147433
2020-02-16,151,1104.045,12.22933939,12.22933939
2020-02-16,152,584.856131,6.024356791,6.024356791
2020-02-16,155,466.3974879,5.340515609,5.340515609
2020-02-16,157,338.2464564,6.237198605,6.237198605
2020-02-16,159,1056.467105,11.45789926,11.45789926
2020-02-16,161,96.70048094,1.547384772,1.547384772
2020-02-16,163,599.001922,6.940393295,6.940393295
2020-02-16,164,135.1948197,1.743011505,1.743011505
2020-02-16,166,748.4001161,8.844480328,8.844480328
2020-02-16,168,1667.348519,17.52213786,17.52213786
2020-02-16,169,600.4586332,7.266415504,7.266415504
2020-02-16,171,345.3314934,4.036961206,4.036961206
2020-02-16,172,303.7605327,3.785987379,3.785987379
2020-02-16,173,572.5288195,6.743107933,6.743107933
2020-02-16,174,306.2743799,3.449390982,3.449390982
2020-02-16,175,370.8291081,4.260115674,4.260115674
2020-02-16,177,455.941612,5.440908338,5.440908338
2020-02-16,18,326.8987046,3.927280884,3.927280884
2020-02-16,180,376.4274935,4.307899315,4.307899315
2020-02-16,181,383.6668397,4.658681815,4.658681815
2020-02-16,183,109.5010421,1.278319687,1.278319687
2020-02-16,184,388.4422502,4.855616928,4.855616928
2020-02-16,188,772.827859,8.973192401,8.973192401
2020-02-16,189,927.5350886,11.42873359,11.42873359
2020-02-16,19,269.8590341,2.845006851,2.845006851
2020-02-16,190,362.9390664,5.212714866,5.212714866
2020-02-16,192,647.2789263,8.357616501,8.357616501
2020-02-16,193,314.2359203,3.321219273,3.321219273
2020-02-16,195,303.5603915,4.287333848,4.287333848
2020-02-16,196,1096.363325,11.61790292,11.61790292
2020-02-16,197,319.0725756,3.668741123,3.668741123
2020-02-16,198,589.4101769,7.499290383,7.499290383
2020-02-16,20,678.0779219,9.202214077,9.202214077
2020-02-16,22,267.7788031,3.06821596,3.06821596
2020-02-16,23,133.6068086,1.523875241,1.523875241
2020-02-16,25,996.2903538,11.35507334,11.35507334
2020-02-16,26,574.2358652,6.450312538,6.450312538
2020-02-16,27,106.8372424,1.18408346,1.18408346
2020-02-16,28,1012.651937,11.67648879,11.67648879
2020-02-16,3,483.6446497,5.077493704,5.077493704
2020-02-16,31,683.0882264,7.737843909,7.737843909
2020-02-16,33,133.4956398,1.536056308,1.536056308
2020-02-16,35,124.1156215,1.329217975,1.329217975
2020-02-16,36,289.1560246,3.147668434,3.147668434
2020-02-16,38,801.4170113,8.819186799,8.819186799
2020-02-16,39,95.83900661,2.099775132,2.099775132
2020-02-16,41,450.410851,5.220672799,5.220672799
2020-02-16,42,85.63329529,0.9530761241,0.9530761241
2020-02-16,44,1004.355348,10.71894708,10.71894708
2020-02-16,45,581.6062131,6.344147476,6.344147476
2020-02-16,46,345.772846,3.631834755,3.631834755
2020-02-16,49,293.8644706,3.074665269,3.074665269
2020-02-16,5,1047.021369,11.16569104,11.16569104
2020-02-16,51,1098.924712,12.22933939,12.22933939
2020-02-16,52,575.6799561,6.024356791,6.024356791
2020-02-16,55,458.4387751,5.340515609,5.340515609
2020-02-16,57,346.8229127,6.237198605,6.237198605
2020-02-16,59,1055.273295,11.45789926,11.45789926
2020-02-16,61,98.81800898,1.547384772,1.547384772
2020-02-16,63,598.9947491,6.940393295,6.940393295
2020-02-16,64,134.3648484,1.743011505,1.743011505
2020-02-16,66,753.5601476,8.844480328,8.844480328
2020-02-16,68,1653.795342,17.52213786,17.52213786
2020-02-16,69,602.0001898,7.266415504,7.266415504
2020-02-16,71,344.5450906,4.036961206,4.036961206
2020-02-16,72,306.5474674,3.785987379,3.785987379
2020-02-16,73,574.7835151,6.743107933,6.743107933
2020-02-16,74,308.9488024,3.449390982,3.449390982
2020-02-16,75,363.041032,4.260115674,4.260115674
2020-02-16,77,457.2541578,5.440908338,5.440908338
2020-02-16,8,363.921492,4.053690948,4.053690948
2020-02-16,80,375.1902932,4.307899315,4.307899315
2020-02-16,81,377.2539468,4.658681815,4.658681815
2020-02-16,83,108.8935748,1.278319687,1.278319687
2020-02-16,84,391.3900235,4.855616928,4.855616928
2020-02-16,88,775.75443,8.973192401,8.973192401
2020-02-16,89,923.4129133,11.42873359,11.42873359
2020-02-16,90,360.4971329,5.212714866,5.212714866
2020-02-16,92,649.1926593,8.357616501,8.357616501
2020-02-16,93,313.3000589,3.321219273,3.321219273
2020-02-16,95,297.8223468,4.287333848,4.287333848
2020-02-16,96,1088.888471,11.61790292,11.61790292
2020-02-16,97,326.7638452,3.668741123,3.668741123
2020-02-16,98,590.2839006,7.499290383,7.499290383
2020-02-17,10,1321.20394,14.36220303,14.36220303
2020-02-17,103,479.9996346,5.708423496,5.708423496
2020-02-17,105,1080.607391,11.0672867,11.0672867
2020-02-17,108,358.1933236,4.823119246,4.823119246
2020-02-17,11,880.876543,10.13980121,10.13980121
2020-02-17,110,1332.946029,14.36220303,14.36220303
2020-02-17,111,901.8701868,10.13980121,10.13980121
2020-02-17,115,493.0592535,5.747041633,5.747041633
2020-02-17,118,323.2479012,3.94617029,3.94617029
2020-02-17,119,269.9786122,4.387467106,4.387467106
2020-02-17,120,685.2783873,7.439207534,7.439207534
2020-02-17,122,262.8076432,4.961149265,4.961149265
2020-02-17,123,138.9998721,1.87741399,1.87741399
2020-02-17,125,976.0819198,11.90348991,11.90348991
2020-02-17,126,560.2927555,5.838719756,5.838719756
2020-02-17,127,105.8191107,1.579783012,1.579783012
2020-02-17,128,1001.433868,11.6791116,11.6791116
2020-02-17,131,672.9789789,8.343979635,8.343979635
2020-02-17,133,137.5531356,1.388863715,1.388863715
2020-02-17,135,123.3093441,1.440086306,1.440086306
2020-02-17,136,286.2027415,3.973029024,3.973029024
2020-02-17,138,797.8830717,10.25665407,10.25665407
2020-02-17,139,95.14937099,1.377203417,1.377203417
2020-02-17,141,445.7234335,6.016675798,6.016675798
2020-02-17,142,85.09785014,1.603181728,1.603181728
2020-02-17,144,990.1997103,10.70088297,10.70088297
2020-02-17,145,590.6093566,7.1155438,7.1155438
2020-02-17,146,346.3387135,4.315997344,4.315997344
2020-02-17,149,293.7134469,3.734484476,3.734484476
2020-02-17,15,490.5443228,5.747041633,5.747041633
2020-02-17,151,1106.558318,13.42935012,13.42935012
2020-02-17,152,564.9205382,6.199000468,6.199000468
2020-02-17,155,466.528621,6.007590231,6.007590231
2020-02-17,157,350.2153844,4.633495714,4.633495714
2020-02-17,159,1039.278545,12.12392485,12.12392485
2020-02-17,161,99.07176469,1.495316563,1.495316563
2020-02-17,163,595.8148122,6.350826053,6.350826053
2020-02-17,164,129.9941495,1.771520585,1.771520585
2020-02-17,166,751.8233063,9.349666363,9.349666363
2020-02-17,168,1625.265511,18.63602202,18.63602202
2020-02-17,169,606.5954439,6.462753489,6.462753489
2020-02-17,171,347.1744208,4.085229432,4.085229432
2020-02-17,172,302.0569505,3.839451112,3.839451112
2020-02-17,173,584.3506905,6.019610575,6.019610575
2020-02-17,174,304.6913903,4.093680653,4.093680653
2020-02-17,175,368.8008646,4.135945923,4.135945923
2020-02-17,177,462.8135514,5.251409662,5.251409662
2020-02-17,18,323.8999173,3.94617029,3.94617029
2020-02-17,180,378.3506902,5.065756522,5.065756522
2020-02-17,181,373.9207104,4.974049385,4.974049385
2020-02-17,183,106.0224071,1.464899655,1.464899655
2020-02-17,184,399.6907756,4.933740277,4.933740277
2020-02-17,188,772.1462263,8.783439956,8.783439956
2020-02-17,189,912.0483545,11.21324326,11.21324326
2020-02-17,19,270.1402952,4.387467106,4.387467106
2020-02-17,190,357.9097194,5.101988604,5.101988604
2020-02-17,192,641.8529317,7.282224475,7.282224475
2020-02-17,193,317.2589183,3.295171669,3.295171669
2020-02-17,195,296.5933053,3.282621489,3.282621489
2020-02-17,196,1101.571846,11.40534775,11.40534775
2020-02-17,197,342.6255831,3.975111496,3.975111496
2020-02-17,198,583.0846835,6.474285742,6.474285742
2020-02-17,20,684.3045577,7.439207534,7.439207534
2020-02-17,22,262.6554878,4.961149265,4.961149265
2020-02-17,23,139.4419869,1.87741399,1.87741399
2020-02-17,25,990.0252502,11.90348991,11.90348991
2020-02-17,26,573.1675007,5.838719756,5.838719756
2020-02-17,27,104.1779596,1.579783012,1.579783012
2020-02-17,28,1017.502947,11.6791116,11.6791116
2020-02-17,3,478.3540208,5.708423496,5.708423496
2020-02-17,31,678.1930482,8.343979635,8.343979635
2020-02-17,33,134.5420925,1.388863715,1.388863715
2020-02-17,35,125.9454514,1.440086306,1.440086306
2020-02-17,36,284.4569472,3.973029024,3.973029024
2020-02-17,38,803.8858609,10.25665407,10.25665407
2020-02-17,39,96.17353091,1.377203417,1.377203417
2020-02-17,41,449.0429885,6.016675798,6.016675798
2020-02-17,42,83.93894459,1.603181728,1.603181728
2020-02-17,44,1004.347121,10.70088297,10.70088297
2020-02-17,45,597.4862431,7.1155438,7.1155438
2020-02-17,46,347.4450764,4.315997344,4.315997344
2020-02-17,49,295.7548614,3.734484476,3.734484476
2020-02-17,5,1052.741319,11.0672867,11.0672867
2020-02-17,51,1103.501487,13.42935012,13.42935012
2020-02-17,52,575.1028177,6.199000468,6.199000468
2020-02-17,55,461.3980233,6.007590231,6.007590231
2020-02-17,57,349.8478114,4.633495714,4.633495714
2020-02-17,59,1050.686487,12.12392485,12.12392485
2020-02-17,61,100.8483734,1.495316563,1.495316563
2020-02-17,63,598.6982545,6.350826053,6.350826053
2020-02-17,64,130.7411319,1.771520585,1.771520585
2020-02-17,66,742.8170399,9.349666363,9.349666363
2020-02-17,68,1625.146881,18.63602202,18.63602202
2020-02-17,69,601.082262,6.462753489,6.462753489
2020-02-17,71,346.078677,4.085229432,4.085229432
2020-02-17,72,301.3092722,3.839451112,3.839451112
2020-02-17,73,586.3016573,6.019610575,6.019610575
2020-02-17,74,304.4367032,4.093680653,4.093680653
2020-02-17,75,366.129715,4.135945923,4.135945923
2020-02-17,77,462.7179064,5.251409662,5.251409662
2020-02-17,8,364.8313747,4.823119246,4.823119246
2020-02-17,80,381.2802601,5.065756522,5.065756522
2020-02-17,81,378.4290245,4.974049385,4.974049385
2020-02-17,83,108.4122624,1.464899655,1.464899655
2020-02-17,84,399.9067334,4.933740277,4.933740277
2020-02-17,88,773.0465599,8.783439956,8.783439956
2020-02-17,89,921.8956058,11.21324326,11.21324326
2020-02-17,90,360.7281969,5.101988604,5.101988604
2020-02-17,92,652.5010016,7.282224475,7.282224475
2020-02-17,93,312.093201,3.295171669,3.295171669
2020-02-17,95,296.8846578,3.282621489,3.282621489
2020-02-17,96,1096.735663,11.40534775,11.40534775
2020-02-17,97,337.5268237,3.975111496,3.975111496
2020-02-17,98,587.9432986,6.474285742,6.474285742
2020-02-18,10,1330.820672,14.24202171,14.24202171
2020-02-18,103,482.3075746,5.838134386,5.838134386
2020-02-18,105,1104.676429,11.15652859,11.15652859
2020-02-18,108,371.243927,4.239899047,4.239899047
2020-02-18,11,891.9925879,11.50964028,11.50964028
2020-02-18,110,1324.190803,14.24202171,14.24202171
2020-02-18,111,884.3524063,11.50964028,11.50964028
2020-02-18,115,476.8080859,5.715599109,5.715599109
2020-02-18,118,324.7213026,3.774998449,3.774998449
2020-02-18,119,271.5422927,3.30502878,3.30502878
2020-02-18,120,689.344484,8.949462958,8.949462958
2020-02-18,122,258.4074303,3.703458772,3.703458772
2020-02-18,123,143.5238478,1.464204543,1.464204543
2020-02-18,125,996.7071035,11.12938985,11.12938985
2020-02-18,126,568.5750117,6.949810637,6.949810637
2020-02-18,127,106.1045146,1.081822804,1.081822804
2020-02-18,128,1032.721299,12.88909959,12.88909959
2020-02-18,131,690.2744233,7.795646527,7.795646527
2020-02-18,133,135.2856679,1.580966139,1.580966139
2020-02-18,135,130.1427964,1.74519463,1.74519463
2020-02-18,136,282.4316567,4.146946504,4.146946504
2020-02-18,138,799.5988478,9.147343004,9.147343004
2020-02-18,139,98.74682552,1.448727375,1.448727375
2020-02-18,141,446.9360348,5.556384455,5.556384455
2020-02-18,142,85.45311132,1.151593056,1.151593056
2020-02-18,144,1010.084554,10.99404835,10.99404835
2020-02-18,145,590.8970967,7.620918941,7.620918941
2020-02-18,146,347.3587176,3.877414309,3.877414309
2020-02-18,149,295.9936742,3.931361292,3.931361292
2020-02-18,15,484.7185226,5.715599109,5.715599109
2020-02-18,151,1094.376332,14.0058129,14.0058129
2020-02-18,152,580.6326993,5.951560486,5.951560486
2020-02-18,155,474.2207227,5.064406848,5.064406848
2020-02-18,157,356.3938255,4.33168862,4.33168862
2020-02-18,159,1069.821885,11.68242756,11.68242756
2020-02-18,161,99.68153614,1.291036097,1.291036097
2020-02-18,163,612.0628111,6.476992873,6.476992873
2020-02-18,164,139.3078967,1.764351881,1.764351881
2020-02-18,166,749.04424,8.564670339,8.564670339
2020-02-18,168,1656.362462,18.76249539,18.76249539
2020-02-18,169,596.019195,7.682604401,7.682604401
2020-02-18,171,350.0279622,3.757865126,3.757865126
2020-02-18,172,301.6688772,4.437671811,4.437671811
2020-02-18,173,601.4238683,6.383835618,6.383835618
2020-02-18,174,303.7076336,3.635645681,3.635645681
2020-02-18,175,364.5245104,4.84803648,4.84803648
2020-02-18,177,462.9438594,5.305109933,5.305109933
2020-02-18,18,325.1904067,3.774998449,3.774998449
2020-02-18,180,385.0491923,4.825353431,4.825353431
2020-02-18,181,379.0369845,4.607150647,4.607150647
2020-02-18,183,107.7273538,1.34058155,1.34058155
2020-02-18,184,396.3035185,4.130802493,4.130802493
2020-02-18,188,786.4183976,9.019584069,9.019584069
2020-02-18,189,928.4681554,11.58859422,11.58859422
2020-02-18,19,277.1195164,3.30502878,3.30502878
2020-02-18,190,359.409774,4.563980284,4.563980284
2020-02-18,192,654.0218953,8.593872243,8.593872243
2020-02-18,193,315.6035765,3.471726655,3.471726655
2020-02-18,195,299.1375821,3.394348928,3.394348928
2020-02-18,196,1134.083566,11.75041446,11.75041446
2020-02-18,197,344.0773151,3.500269101,3.500269101
2020-02-18,198,602.310938,6.174917119,6.174917119
2020-02-18,20,695.3063755,8.949462958,8.949462958
2020-02-18,22,259.5906541,3.703458772,3.703458772
2020-02-18,23,142.8146183,1.464204543,1.464204543
2020-02-18,25,995.6749888,11.12938985,11.12938985
2020-02-18,26,582.3587263,6.949810637,6.949810637
2020-02-18,27,107.0920771,1.081822804,1.081822804
2020-02-18,28,1028.062678,12.88909959,12.88909959
2020-02-18,3,483.4950605,5.838134386,5.838134386
2020-02-18,31,687.1471106,7.795646527,7.795646527
2020-02-18,33,134.8071084,1.580966139,1.580966139
2020-02-18,35,130.412824,1.74519463,1.74519463
2020-02-18,36,287.5120105,4.146946504,4.146946504
2020-02-18,38,795.9559961,9.147343004,9.147343004
2020-02-18,39,97.28600344,1.448727375,1.448727375
2020-02-18,41,452.9514156,5.556384455,5.556384455
2020-02-18,42,85.6030989,1.151593056,1.151593056
2020-02-18,44,1008.806007,10.99404835,10.99404835
2020-02-18,45,595.8693347,7.620918941,7.620918941
2020-02-18,46,345.9490145,3.877414309,3.877414309
2020-02-18,49,299.1472687,3.931361292,3.931361292
2020-02-18,5,1074.391585,11.15652859,11.15652859
2020-02-18,51,1101.474115,14.0058129,14.0058129
2020-02-18,52,574.0898926,5.951560486,5.951560486
2020-02-18,55,471.8061106,5.064406848,5.064406848
2020-02-18,57,354.5250975,4.33168862,4.33168862
2020-02-18,59,1068.209155,11.68242756,11.68242756
2020-02-18,61,100.3144618,1.291036097,1.291036097
2020-02-18,63,609.6364189,6.476992873,6.476992873
2020-02-18,64,134.8501523,1.764351881,1.764351881
2020-02-18,66,751.2256471,8.564670339,8.564670339
2020-02-18,68,1651.221339,18.76249539,18.76249539
2020-02-18,69,607.0159775,7.682604401,7.682604401
2020-02-18,71,348.0838037,3.757865126,3.757865126
2020-02-18,72,305.5326956,4.437671811,4.437671811
2020-02-18,73,588.186542,6.383835618,6.383835618
2020-02-18,74,306.8100862,3.635645681,3.635645681
2020-02-18,75,367.2340773,4.84803648,4.84803648
2020-02-18,77,460.2484167,5.305109933,5.305109933
2020-02-18,8,372.4737848,4.239899047,4.239899047
2020-02-18,80,385.4710761,4.825353431,4.825353431
2020-02-18,81,382.5813143,4.607150647,4.607150647
2020-02-18,83,107.4376609,1.34058155,1.34058155
2020-02-18,84,398.4488305,4.130802493,4.130802493
2020-02-18,88,785.9043469,9.019584069,9.019584069
2020-02-18,89,926.3531718,11.58859422,11.58859422
2020-02-18,90,359.9473141,4.563980284,4.563980284
2020-02-18,92,655.6951621,8.593872243,8.593872243
2020-02-18,93,306.4959001,3.471726655,3.471726655
2020-02-18,95,302.6146351,3.394348928,3.394348928
2020-02-18,96,1118.014678,11.75041446,11.75041446
2020-02-18,97,344.9390653,3.500269101,3.500269101
2020-02-18,98,594.2615419,6.174917119,6.174917119
2020-02-19,10,1332.474247,16.54390114,16.54390114
2020-02-19,103,483.3132794,5.496454679,5.496454679
2020-02-19,105,1051.636223,11.29362084,11.29362084
2020-02-19,108,372.1295656,5.004119589,5.004119589
2020-02-19,11,895.175003,10.95637337,10.95637337
2020-02-19,110,1346.19354,16.54390114,16.54390114
2020-02-19,111,879.8790907,10.95637337,10.95637337
2020-02-19,115,495.128747,6.140271845,6.140271845
2020-02-19,118,325.8594901,4.241508855,4.241508855
2020-02-19,119,283.4473124,3.451219406,3.451219406
2020-02-19,120,687.653514,9.129283143,9.129283143
2020-02-19,122,260.061059,3.242467172,3.242467172
2020-02-19,123,142.9724552,1.432742815,1.432742815
2020-02-19,125,997.9276532,10.88804807,10.88804807
2020-02-19,126,592.3159835,6.168607148,6.168607148
2020-02-19,127,108.5222042,1.239675355,1.239675355
2020-02-19,128,1020.294205,12.85766115,12.85766115
2020-02-19,131,704.7155806,8.587469756,8.587469756
2020-02-19,133,132.0884413,1.466862174,1.466862174
2020-02-19,135,122.2572456,1.639942781,1.639942781
2020-02-19,136,285.4657805,3.476713988,3.476713988
2020-02-19,138,792.5997574,8.727506399,8.727506399
2020-02-19,139,95.1346427,1.05997746,1.05997746
2020-02-19,141,449.5685156,5.748132246,5.748132246
2020-02-19,142,88.02150553,0.9803739379,0.9803739379
2020-02-19,144,1002.699011,10.96493284,10.96493284
2020-02-19,145,591.8779611,7.491117684,7.491117684
2020-02-19,146,334.3234583,4.384886397,4.384886397
2020-02-19,149,303.5952544,3.338229153,3.338229153
2020-02-19,15,493.9046334,6.140271845,6.140271845
2020-02-19,151,1104.97269,14.49830238,14.49830238
2020-02-19,152,577.6273177,6.217333686,6.217333686
2020-02-19,155,465.8229015,5.170410057,5.170410057
2020-02-19,157,354.7956755,3.998290404,3.998290404
2020-02-19,159,1058.037399,12.08622117,12.08622117
2020-02-19,161,99.63063031,1.330542225,1.330542225
2020-02-19,163,600.1289628,7.249607137,7.249607137
2020-02-19,164,135.5676738,2.149677057,2.149677057
2020-02-19,166,742.6584597,8.980947986,8.980947986
2020-02-19,168,1662.361656,17.21374767,17.21374767
2020-02-19,169,616.7147662,6.259941679,6.259941679
2020-02-19,171,344.4992268,4.35421573,4.35421573
2020-02-19,172,307.349026,3.288886245,3.288886245
2020-02-19,173,590.5414204,6.896527368,6.896527368
2020-02-19,174,304.8758391,4.15172904,4.15172904
2020-02-19,175,366.1555911,3.979409663,3.979409663
2020-02-19,177,470.621206,5.036838965,5.036838965
2020-02-19,18,324.7249922,4.241508855,4.241508855
2020-02-19,180,375.3403906,4.615810243,4.615810243
2020-02-19,181,388.9892708,4.425688585,4.425688585
2020-02-19,183,110.3534318,1.346309552,1.346309552
2020-02-19,184,397.7740009,4.819522124,4.819522124
2020-02-19,188,785.2587893,9.091907088,9.091907088
2020-02-19,189,908.1066789,10.6299769,10.6299769
2020-02-19,19,279.7977759,3.451219406,3.451219406
2020-02-19,190,353.0087342,4.698387927,4.698387927
2020-02-19,192,662.6681512,7.876620504,7.876620504
2020-02-19,193,313.3879711,3.306069446,3.306069446
2020-02-19,195,302.5744623,4.101471278,4.101471278
2020-02-19,196,1102.909134,12.14663849,12.14663849
2020-02-19,197,343.2097737,3.703481406,3.703481406
2020-02-19,198,590.5114782,6.917930048,6.917930048
2020-02-19,20,689.3646152,9.129283143,9.129283143
2020-02-19,22,259.0501211,3.242467172,3.242467172
2020-02-19,23,141.5908913,1.432742815,1.432742815
2020-02-19,25,992.0586611,10.88804807,10.88804807
2020-02-19,26,584.6397749,6.168607148,6.168607148
2020-02-19,27,107.7898447,1.239675355,1.239675355
2020-02-19,28,1019.389482,12.85766115,12.85766115
2020-02-19,3,480.2340735,5.496454679,5.496454679
2020-02-19,31,691.6387806,8.587469756,8.587469756
2020-02-19,33,132.1387143,1.466862174,1.466862174
2020-02-19,35,126.8569095,1.639942781,1.639942781
2020-02-19,36,285.8695439,3.476713988,3.476713988
2020-02-19,38,784.0087532,8.727506399,8.727506399
2020-02-19,39,94.96552059,1.05997746,1.05997746
2020-02-19,41,459.122628,5.748132246,5.748132246
2020-02-19,42,85.25271121,0.9803739379,0.9803739379
2020-02-19,44,1013.861991,10.96493284,10.96493284
2020-02-19,45,596.1738729,7.491117684,7.491117684
2020-02-19,46,339.3007808,4.384886397,4.384886397
2020-02-19,49,302.4137941,3.338229153,3.338229153
2020-02-19,5,1075.955461,11.29362084,11.29362084
2020-02-19,51,1114.431471,14.49830238,14.49830238
2020-02-19,52,574.7263563,6.217333686,6.217333686
2020-02-19,55,470.831918,5.170410057,5.170410057
2020-02-19,57,352.5364687,3.998290404,3.998290404
2020-02-19,59,1075.911607,12.08622117,12.08622117
2020-02-19,61,99.55456744,1.330542225,1.330542225
2020-02-19,63,607.6979874,7.249607137,7.249607137
2020-02-19,64,132.8727133,2.149677057,2.149677057
2020-02-19,66,749.6126613,8.980947986,8.980947986
2020-02-19,68,1668.313407,17.21374767,17.21374767
2020-02-19,69,613.0930671,6.259941679,6.259941679
2020-02-19,71,345.6187572,4.35421573,4.35421573
2020-02-19,72,305.1358048,3.288886245,3.288886245
2020-02-19,73,589.6011297,6.896527368,6.896527368
2020-02-19,74,306.8653371,4.15172904,4.15172904
2020-02-19,75,369.0670896,3.979409663,3.979409663
2020-02-19,77,471.0687943,5.036838965,5.036838965
2020-02-19,8,374.8647601,5.004119589,5.004119589
2020-02-19,80,381.1928147,4.615810243,4.615810243
2020-02-19,81,382.722084,4.425688585,4.425688585
2020-02-19,83,108.0187927,1.346309552,1.346309552
2020-02-19,84,398.5731712,4.819522124,4.819522124
2020-02-19,88,789.6782363,9.091907088,9.091907088
2020-02-19,89,919.5008509,10.6299769,10.6299769
2020-02-19,90,357.2520367,4.698387927,4.698387927
2020-02-19,92,657.0738032,7.876620504,7.876620504
2020-02-19,93,308.0622763,3.306069446,3.306069446
2020-02-19,95,303.8303959,4.101471278,4.101471278
2020-02-19,96,1096.624188,12.14663849,12.14663849
2020-02-19,97,343.0827304,3.703481406,3.703481406
2020-02-19,98,592.4907923,6.917930048,6.917930048
2020-02-20,10,1331.815667,16.33908218,16.33908218
2020-02-20,103,485.4682713,5.225351256,5.225351256
2020-02-20,105,1079.207929,11.03607737,11.03607737
2020-02-20,108,379.3577447,4.480821754,4.480821754
2020-02-20,11,896.1173546,10.43049089,10.43049089
2020-02-20,110,1332.923095,16.33908218,16.33908218
2020-02-20,111,901.4054905,10.43049089,10.43049089
2020-02-20,115,499.5096326,6.185904164,6.185904164
2020-02-20,118,341.0349345,4.035461235,4.035461235
2020-02-20,119,280.8681704,3.070472312,3.070472312
2020-02-20,120,699.1874795,8.196697379,8.196697379
2020-02-20,122,265.8111842,3.70866,3.70866
2020-02-20,123,143.4419947,2.536642306,2.536642306
2020-02-20,125,1006.897366,12.37950133,12.37950133
2020-02-20,126,603.707929,7.53426994,7.53426994
2020-02-20,127,109.1316079,1.840406009,1.840406009
2020-02-20,128,1024.955638,11.21719237,11.21719237
2020-02-20,131,685.3295696,8.523388915,8.523388915
2020-02-20,133,130.6701547,1.500501177,1.500501177
2020-02-20,135,127.7793191,1.269015223,1.269015223
2020-02-20,136,287.9032394,4.240142447,4.240142447
2020-02-20,138,800.6475119,9.13546756,9.13546756
2020-02-20,139,98.71491867,1.886402003,1.886402003
2020-02-20,141,463.9706641,6.470347331,6.470347331
2020-02-20,142,86.10323375,1.261564964,1.261564964
2020-02-20,144,1040.415836,10.53508809,10.53508809
2020-02-20,145,595.3472923,6.812031533,6.812031533
2020-02-20,146,336.1688415,4.138550317,4.138550317
2020-02-20,149,298.9947945,3.886135231,3.886135231
2020-02-20,15,499.8764744,6.185904164,6.185904164
2020-02-20,151,1116.327962,13.60507486,13.60507486
2020-02-20,152,573.797226,6.245713501,6.245713501
2020-02-20,155,487.5711189,5.267720124,5.267720124
2020-02-20,157,366.1857223,4.938692291,4.938692291
2020-02-20,159,1080.62855,11.52585054,11.52585054
2020-02-20,161,98.63884386,1.25525716,1.25525716
2020-02-20,163,622.21463,8.678066577,8.678066577
2020-02-20,164,133.3519065,1.780633321,1.780633321
2020-02-20,166,762.644186,8.653357943,8.653357943
2020-02-20,168,1692.085651,19.06420069,19.06420069
2020-02-20,169,620.412007,7.719778087,7.719778087
2020-02-20,171,355.6076882,4.65927576,4.65927576
2020-02-20,172,306.1157445,3.946501465,3.946501465
2020-02-20,173,588.5941964,7.385045537,7.385045537
2020-02-20,174,313.5224255,4.095534722,4.095534722
2020-02-20,175,364.9416732,4.843898942,4.843898942
2020-02-20,177,478.0886556,5.454042244,5.454042244
2020-02-20,18,335.2903934,4.035461235,4.035461235
2020-02-20,180,380.2713008,4.364772358,4.364772358
2020-02-20,181,391.3277342,4.216530691,4.216530691
2020-02-20,183,101.951428,1.793077251,1.793077251
2020-02-20,184,407.4408257,4.956428787,4.956428787
2020-02-20,188,822.6748894,9.148642511,9.148642511
2020-02-20,189,945.2917496,12.18046749,12.18046749
2020-02-20,19,280.3417404,3.070472312,3.070472312
2020-02-20,190,358.107094,4.938089678,4.938089678
2020-02-20,192,653.8893489,7.061891176,7.061891176
2020-02-20,193,322.6481939,3.366187872,3.366187872
2020-02-20,195,306.0429679,3.30986588,3.30986588
2020-02-20,196,1150.006422,12.98049605,12.98049605
2020-02-20,197,343.5507491,4.812021068,4.812021068
2020-02-20,198,599.7931459,6.842235116,6.842235116
2020-02-20,20,701.6898379,8.196697379,8.196697379
2020-02-20,22,264.4742893,3.70866,3.70866
2020-02-20,23,142.5585889,2.536642306,2.536642306
2020-02-20,25,1006.107626,12.37950133,12.37950133
2020-02-20,26,597.0052946,7.53426994,7.53426994
2020-02-20,27,111.7004845,1.840406009,1.840406009
2020-02-20,28,1024.014689,11.21719237,11.21719237
2020-02-20,3,489.881172,5.225351256,5.225351256
2020-02-20,31,697.4581095,8.523388915,8.523388915
2020-02-20,33,133.0439596,1.500501177,1.500501177
2020-02-20,35,125.871137,1.269015223,1.269015223
2020-02-20,36,287.7247628,4.240142447,4.240142447
2020-02-20,38,791.4050839,9.13546756,9.13546756
2020-02-20,39,97.23065832,1.886402003,1.886402003
2020-02-20,41,463.4356585,6.470347331,6.470347331
2020-02-20,42,85.41471605,1.261564964,1.261564964
2020-02-20,44,1039.27722,10.53508809,10.53508809
2020-02-20,45,594.8309989,6.812031533,6.812031533
2020-02-20,46,332.3456284,4.138550317,4.138550317
2020-02-20,49,300.7042184,3.886135231,3.886135231
2020-02-20,5,1089.854245,11.03607737,11.03607737
2020-02-20,51,1112.455552,13.60507486,13.60507486
2020-02-20,52,575.5000275,6.245713501,6.245713501
2020-02-20,55,489.948451,5.267720124,5.267720124
2020-02-20,57,361.5341254,4.938692291,4.938692291
2020-02-20,59,1085.465387,11.52585054,11.52585054
2020-02-20,61,98.00687971,1.25525716,1.25525716
2020-02-20,63,610.1638308,8.678066577,8.678066577
2020-02-20,64,134.7961424,1.780633321,1.780633321
2020-02-20,66,759.5205178,8.653357943,8.653357943
2020-02-20,68,1679.703619,19.06420069,19.06420069
2020-02-20,69,617.4805897,7.719778087,7.719778087
2020-02-20,71,350.9577095,4.65927576,4.65927576
2020-02-20,72,305.6881805,3.946501465,3.946501465
2020-02-20,73,597.9846874,7.385045537,7.385045537
2020-02-20,74,315.0678706,4.095534722,4.095534722
2020-02-20,75,369.0372044,4.843898942,4.843898942
2020-02-20,77,475.7280779,5.454042244,5.454042244
2020-02-20,8,381.1927994,4.480821754,4.480821754
2020-02-20,80,385.1924281,4.364772358,4.364772358
2020-02-20,81,382.4852479,4.216530691,4.216530691
2020-02-20,83,104.8760594,1.793077251,1.793077251
2020-02-20,84,402.138945,4.956428787,4.956428787
2020-02-20,88,799.4357467,9.148642511,9.148642511
2020-02-20,89,940.114686,12.18046749,12.18046749
2020-02-20,90,360.566137,4.938089678,4.938089678
2020-02-20,92,653.1763517,7.061891176,7.061891176
2020-02-20,93,317.7908516,3.366187872,3.366187872
2020-02-20,95,305.5961473,3.30986588,3.30986588
2020-02-20,96,1148.381851,12.98049605,12.98049605
2020-02-20,97,342.8916022,4.812021068,4.812021068
2020-02-20,98,593.1322101,6.842235116,6.842235116
2020-02-21,10,1310.227598,14.69615512,14.69615512
2020-02-21,103,483.645588,5.854000933,5.854000933
2020-02-21,105,1058.215377,10.93051977,10.93051977
2020-02-21,108,382.7578697,4.25361002,4.25361002
2020-02-21,11,894.3295417,11.02478176,11.02478176
2020-02-21,110,1318.047998,14.69615512,14.69615512
2020-02-21,111,895.8794776,11.02478176,11.02478176
2020-02-21,115,489.1805423,5.766958069,5.766958069
2020-02-21,118,331.4139684,4.528366809,4.528366809
2020-02-21,119,280.5673052,3.524990745,3.524990745
2020-02-21,120,699.1905915,8.866075841,8.866075841
2020-02-21,122,267.4430147,2.96141283,2.96141283
2020-02-21,123,142.2453132,1.625607179,1.625607179
2020-02-21,125,1006.660286,10.91322969,10.91322969
2020-02-21,126,587.6543647,8.048933144,8.048933144
2020-02-21,127,108.5710178,1.159651871,1.159651871
2020-02-21,128,1025.109864,11.39488105,11.39488105
2020-02-21,131,707.4399959,8.558328412,8.558328412
2020-02-21,133,135.8497618,1.916081288,1.916081288
2020-02-21,135,123.7938726,1.317557498,1.317557498
2020-02-21,136,289.5376151,3.735530674,3.735530674
2020-02-21,138,802.8136241,10.43417219,10.43417219
2020-02-21,139,93.89114841,1.376298615,1.376298615
2020-02-21,141,475.324035,6.23690438,6.23690438
2020-02-21,142,83.80340769,1.678711484,1.678711484
2020-02-21,144,1044.493086,11.79364773,11.79364773
2020-02-21,145,591.9474704,7.274981804,7.274981804
2020-02-21,146,331.7870033,3.830788758,3.830788758
2020-02-21,149,292.1169381,3.354309679,3.354309679
2020-02-21,15,492.3255313,5.766958069,5.766958069
2020-02-21,151,1088.887419,12.33356834,12.33356834
2020-02-21,152,570.9114615,6.457960311,6.457960311
2020-02-21,155,496.0503491,5.689482544,5.689482544
2020-02-21,157,359.5760212,4.582205848,4.582205848
2020-02-21,159,1085.088671,11.67091915,11.67091915
2020-02-21,161,98.03684292,1.580289528,1.580289528
2020-02-21,163,604.8811601,6.602414749,6.602414749
2020-02-21,164,131.1751285,1.732246911,1.732246911
2020-02-21,166,755.3901435,9.333563727,9.333563727
2020-02-21,168,1669.274385,17.69061587,17.69061587
2020-02-21,169,626.9970168,7.655232895,7.655232895
2020-02-21,171,357.8214497,4.065473102,4.065473102
2020-02-21,172,304.4229434,3.343251584,3.343251584
2020-02-21,173,602.5403445,7.018455779,7.018455779
2020-02-21,174,314.2425053,3.595569888,3.595569888
2020-02-21,175,361.0380706,4.438500837,4.438500837
2020-02-21,177,479.0945186,6.465942247,6.465942247
2020-02-21,18,329.6320131,4.528366809,4.528366809
2020-02-21,180,391.5850136,4.25676035,4.25676035
2020-02-21,181,398.6327769,4.476271185,4.476271185
2020-02-21,183,106.5754169,1.295871715,1.295871715
2020-02-21,184,405.9073257,4.249701757,4.249701757
2020-02-21,188,803.7237938,9.295707682,9.295707682
2020-02-21,189,926.8279205,10.49803784,10.49803784
2020-02-21,19,280.7689235,3.524990745,3.524990745
2020-02-21,190,359.9202935,4.095197073,4.095197073
2020-02-21,192,656.3127157,8.006811783,8.006811783
2020-02-21,193,317.7371264,3.440956951,3.440956951
2020-02-21,195,301.4261752,3.771851553,3.771851553
2020-02-21,196,1179.536341,12.11604505,12.11604505
2020-02-21,197,336.7046605,3.567835055,3.567835055
2020-02-21,198,588.5586268,7.156434383,7.156434383
2020-02-21,20,702.8428214,8.866075841,8.866075841
2020-02-21,22,268.0530088,2.96141283,2.96141283
2020-02-21,23,140.8798485,1.625607179,1.625607179
2020-02-21,25,1008.561205,10.91322969,10.91322969
2020-02-21,26,597.4993286,8.048933144,8.048933144
2020-02-21,27,108.7414428,1.159651871,1.159651871
2020-02-21,28,1029.371994,11.39488105,11.39488105
2020-02-21,3,493.2055743,5.854000933,5.854000933
2020-02-21,31,699.3119337,8.558328412,8.558328412
2020-02-21,33,132.5879668,1.916081288,1.916081288
2020-02-21,35,124.8579492,1.317557498,1.317557498
2020-02-21,36,290.1380589,3.735530674,3.735530674
2020-02-21,38,798.9805166,10.43417219,10.43417219
2020-02-21,39,95.82325128,1.376298615,1.376298615
2020-02-21,41,466.3152072,6.23690438,6.23690438
2020-02-21,42,83.55933606,1.678711484,1.678711484
2020-02-21,44,1037.911221,11.79364773,11.79364773
2020-02-21,45,585.7844097,7.274981804,7.274981804
2020-02-21,46,330.4222218,3.830788758,3.830788758
2020-02-21,49,298.9742065,3.354309679,3.354309679
2020-02-21,5,1057.8064,10.93051977,10.93051977
2020-02-21,51,1095.594582,12.33356834,12.33356834
2020-02-21,52,579.7510467,6.457960311,6.457960311
2020-02-21,55,494.9064511,5.689482544,5.689482544
2020-02-21,57,362.5933596,4.582205848,4.582205848
2020-02-21,59,1088.584702,11.67091915,11.67091915
2020-02-21,61,97.35376125,1.580289528,1.580289528
2020-02-21,63,611.7725981,6.602414749,6.602414749
2020-02-21,64,132.0965763,1.732246911,1.732246911
2020-02-21,66,754.7173538,9.333563727,9.333563727
2020-02-21,68,1675.62976,17.69061587,17.69061587
2020-02-21,69,627.0390671,7.655232895,7.655232895
2020-02-21,71,357.8279991,4.065473102,4.065473102
2020-02-21,72,303.1254705,3.343251584,3.343251584
2020-02-21,73,599.1803394,7.018455779,7.018455779
2020-02-21,74,313.4197168,3.595569888,3.595569888
2020-02-21,75,367.4551218,4.438500837,4.438500837
2020-02-21,77,478.536733,6.465942247,6.465942247
2020-02-21,8,375.6060651,4.25361002,4.25361002
2020-02-21,80,383.2144826,4.25676035,4.25676035
2020-02-21,81,386.3680025,4.476271185,4.476271185
2020-02-21,83,105.673016,1.295871715,1.295871715
2020-02-21,84,403.4778257,4.249701757,4.249701757
2020-02-21,88,802.1229361,9.295707682,9.295707682
2020-02-21,89,931.8596937,10.49803784,10.49803784
2020-02-21,90,362.4229467,4.095197073,4.095197073
2020-02-21,92,651.4965776,8.006811783,8.006811783
2020-02-21,93,316.7772243,3.440956951,3.440956951
2020-02-21,95,300.2370437,3.771851553,3.771851553
2020-02-21,96,1171.078589,12.11604505,12.11604505
2020-02-21,97,339.4677587,3.567835055,3.567835055
2020-02-21,98,596.7882302,7.156434383,7.156434383
2020-02-22,10,1306.005718,14.52167502,14.52167502
2020-02-22,103,479.5740678,5.482769126,5.482769126
2020-02-22,105,1041.227315,10.55634859,10.55634859
2020-02-22,108,376.7251731,4.701029643,4.701029643
2020-02-22,11,894.0311201,11.99475488,11.99475488
2020-02-22,110,1287.915689,14.52167502,14.52167502
2020-02-22,111,894.9091788,11.99475488,11.99475488
2020-02-22,115,475.1338402,6.831325679,6.831325679
2020-02-22,118,338.6890503,4.588319201,4.588319201
2020-02-22,119,280.2870834,3.038781087,3.038781087
2020-02-22,120,684.659452,8.670585348,8.670585348
2020-02-22,122,264.8626392,2.826318288,2.826318288
2020-02-22,123,138.749145,1.664160976,1.664160976
2020-02-22,125,1000.904312,11.6273815,11.6273815
2020-02-22,126,592.8699074,6.307210712,6.307210712
2020-02-22,127,109.4860819,1.756518954,1.756518954
2020-02-22,128,1028.755611,11.16311929,11.16311929
2020-02-22,131,683.785716,8.163879854,8.163879854
2020-02-22,133,128.2059347,1.621894897,1.621894897
2020-02-22,135,123.1035108,2.095114191,2.095114191
2020-02-22,136,290.4146745,3.620284596,3.620284596
2020-02-22,138,786.0480874,8.695551966,8.695551966
2020-02-22,139,95.47950214,1.667621184,1.667621184
2020-02-22,141,466.2715961,4.905777186,4.905777186
2020-02-22,142,83.68760588,1.469531006,1.469531006
2020-02-22,144,1029.730787,10.58525624,10.58525624
2020-02-22,145,603.1149768,6.577247568,6.577247568
2020-02-22,146,326.0163587,4.263897318,4.263897318
2020-02-22,149,294.0902612,4.289914482,4.289914482
2020-02-22,15,476.919734,6.831325679,6.831325679
2020-02-22,151,1066.897653,12.13785714,12.13785714
2020-02-22,152,583.2577547,6.070701281,6.070701281
2020-02-22,155,473.5516309,5.102499365,5.102499365
2020-02-22,157,360.4063286,4.533531283,4.533531283
2020-02-22,159,1084.585039,12.52299663,12.52299663
2020-02-22,161,96.93252215,1.141542726,1.141542726
2020-02-22,163,595.2494834,6.797360659,6.797360659
2020-02-22,164,130.1684751,1.984820195,1.984820195
2020-02-22,166,750.6243051,9.601494824,9.601494824
2020-02-22,168,1689.038754,18.39008352,18.39008352
2020-02-22,169,614.9802815,6.672299194,6.672299194
2020-02-22,171,355.8539276,5.247063375,5.247063375
2020-02-22,172,300.1479154,3.580885741,3.580885741
2020-02-22,173,596.099036,6.281514446,6.281514446
2020-02-22,174,314.8089932,3.92782884,3.92782884
2020-02-22,175,364.6703028,4.111829106,4.111829106
2020-02-22,177,473.9279439,5.311416589,5.311416589
2020-02-22,18,331.9613316,4.588319201,4.588319201
2020-02-22,180,377.8356228,4.073775394,4.073775394
2020-02-22,181,385.3486193,4.152940489,4.152940489
2020-02-22,183,104.9092269,1.587957302,1.587957302
2020-02-22,184,389.2590712,5.200477135,5.200477135
2020-02-22,188,804.0863353,8.904144357,8.904144357
2020-02-22,189,928.7127926,10.60576781,10.60576781
2020-02-22,19,280.9735018,3.038781087,3.038781087
2020-02-22,190,362.4910988,3.950757068,3.950757068
2020-02-22,192,628.5498232,6.924145475,6.924145475
2020-02-22,193,307.0466791,3.615456677,3.615456677
2020-02-22,195,300.3200994,4.055720142,4.055720142
2020-02-22,196,1159.330667,12.83565867,12.83565867
2020-02-22,197,340.3046468,3.530824797,3.530824797
2020-02-22,198,589.5895405,7.247406534,7.247406534
2020-02-22,20,688.5813973,8.670585348,8.670585348
2020-02-22,22,266.5479709,2.826318288,2.826318288
2020-02-22,23,139.3667528,1.664160976,1.664160976
2020-02-22,25,992.6274743,11.6273815,11.6273815
2020-02-22,26,595.0409919,6.307210712,6.307210712
2020-02-22,27,108.4910888,1.756518954,1.756518954
2020-02-22,28,1019.920678,11.16311929,11.16311929
2020-02-22,3,488.2947855,5.482769126,5.482769126
2020-02-22,31,688.2876246,8.163879854,8.163879854
2020-02-22,33,130.1752168,1.621894897,1.621894897
2020-02-22,35,124.4359106,2.095114191,2.095114191
2020-02-22,36,290.2858409,3.620284596,3.620284596
2020-02-22,38,783.6108405,8.695551966,8.695551966
2020-02-22,39,93.54789324,1.667621184,1.667621184
2020-02-22,41,463.404552,4.905777186,4.905777186
2020-02-22,42,83.73918928,1.469531006,1.469531006
2020-02-22,44,1028.080307,10.58525624,10.58525624
2020-02-22,45,595.4313186,6.577247568,6.577247568
2020-02-22,46,323.5856222,4.263897318,4.263897318
2020-02-22,49,294.2815904,4.289914482,4.289914482
2020-02-22,5,1041.517608,10.55634859,10.55634859
2020-02-22,51,1089.912491,12.13785714,12.13785714
2020-02-22,52,571.1083891,6.070701281,6.070701281
2020-02-22,55,488.3696837,5.102499365,5.102499365
2020-02-22,57,361.1577713,4.533531283,4.533531283
2020-02-22,59,1076.003838,12.52299663,12.52299663
2020-02-22,61,97.01148868,1.141542726,1.141542726
2020-02-22,63,601.5634347,6.797360659,6.797360659
2020-02-22,64,128.963023,1.984820195,1.984820195
2020-02-22,66,743.6387101,9.601494824,9.601494824
2020-02-22,68,1684.325974,18.39008352,18.39008352
2020-02-22,69,618.8756136,6.672299194,6.672299194
2020-02-22,71,354.4969607,5.247063375,5.247063375
2020-02-22,72,298.2615969,3.580885741,3.580885741
2020-02-22,73,597.5073384,6.281514446,6.281514446
2020-02-22,74,309.3961125,3.92782884,3.92782884
2020-02-22,75,366.813938,4.111829106,4.111829106
2020-02-22,77,469.4703818,5.311416589,5.311416589
2020-02-22,8,374.3486348,4.701029643,4.701029643
2020-02-22,80,373.6396233,4.073775394,4.073775394
2020-02-22,81,387.1554757,4.152940489,4.152940489
2020-02-22,83,106.8893742,1.587957302,1.587957302
2020-02-22,84,397.3142384,5.200477135,5.200477135
2020-02-22,88,797.3365222,8.904144357,8.904144357
2020-02-22,89,921.4247438,10.60576781,10.60576781
2020-02-22,90,360.0877775,3.950757068,3.950757068
2020-02-22,92,635.4118687,6.924145475,6.924145475
2020-02-22,93,313.4373128,3.615456677,3.615456677
2020-02-22,95,299.9912802,4.055720142,4.055720142
2020-02-22,96,1155.762159,12.83565867,12.83565867
2020-02-22,97,342.5899519,3.530824797,3.530824797
2020-02-22,98,587.5716661,7.247406534,7.247406534
2020-02-23,10,1302.065181,16.28368374,16.28368374
2020-02-23,103,491.089935,6.118378168,6.118378168
2020-02-23,105,1032.087526,11.06155599,11.06155599
2020-02-23,108,378.8341611,4.734994651,4.734994651
2020-02-23,11,881.3019086,10.80480267,10.80480267
2020-02-23,110,1297.785895,16.28368374,16.28368374
2020-02-23,111,877.9910214,10.80480267,10.80480267
2020-02-23,115,462.0971117,5.587717345,5.587717345
2020-02-23,118,324.6926979,4.183541659,4.183541659
2020-02-23,119,273.968914,3.58843278,3.58843278
2020-02-23,120,680.7093001,7.704401,7.704401
2020-02-23,122,265.1044815,3.756943816,3.756943816
2020-02-23,123,134.870538,1.615652895,1.615652895
2020-02-23,125,1001.534282,11.0203089,11.0203089
2020-02-23,126,584.1213007,7.104181801,7.104181801
2020-02-23,127,109.1697552,1.158782367,1.158782367
2020-02-23,128,1009.876561,11.15248521,11.15248521
2020-02-23,131,685.6724845,7.945193414,7.945193414
2020-02-23,133,132.7953415,1.872494141,1.872494141
2020-02-23,135,124.2216514,1.715022436,1.715022436
2020-02-23,136,290.5003466,3.437928631,3.437928631
2020-02-23,138,777.2220379,8.960506459,8.960506459
2020-02-23,139,93.9932276,1.211030788,1.211030788
2020-02-23,141,451.1035488,5.292237253,5.292237253
2020-02-23,142,81.16755572,1.336245441,1.336245441
2020-02-23,144,1019.761508,11.20193006,11.20193006
2020-02-23,145,576.8899464,6.172047666,6.172047666
2020-02-23,146,312.2875323,4.439808998,4.439808998
2020-02-23,149,291.4707257,3.611636813,3.611636813
2020-02-23,15,471.2117123,5.587717345,5.587717345
2020-02-23,151,1071.092584,13.41981383,13.41981383
2020-02-23,152,552.0722487,6.304230329,6.304230329
2020-02-23,155,478.7733354,5.07264671,5.07264671
2020-02-23,157,358.2777751,4.266779699,4.266779699
2020-02-23,159,1054.882219,12.59151382,12.59151382
2020-02-23,161,94.96394838,1.135115698,1.135115698
2020-02-23,163,606.7276425,7.109369715,7.109369715
2020-02-23,164,128.4002196,1.6069876,1.6069876
2020-02-23,166,738.6886211,8.557663869,8.557663869
2020-02-23,168,1663.406546,17.95316891,17.95316891
2020-02-23,169,613.2017728,6.777286779,6.777286779
2020-02-23,171,349.4865204,5.36398442,5.36398442
2020-02-23,172,294.9230438,3.81605307,3.81605307
2020-02-23,173,579.4075574,6.125137196,6.125137196
2020-02-23,174,304.443366,3.803399411,3.803399411
2020-02-23,175,365.8555223,4.530034507,4.530034507
2020-02-23,177,455.4280329,5.063816853,5.063816853
2020-02-23,18,327.9639061,4.183541659,4.183541659
2020-02-23,180,364.6965698,4.576643634,4.576643634
2020-02-23,181,379.4668226,4.776938307,4.776938307
2020-02-23,183,106.3305582,1.717820523,1.717820523
2020-02-23,184,392.2238679,5.291358973,5.291358973
2020-02-23,188,766.6789355,8.401891229,8.401891229
2020-02-23,189,922.6752314,10.49444974,10.49444974
2020-02-23,19,272.3870684,3.58843278,3.58843278
2020-02-23,190,357.3715018,4.460537732,4.460537732
2020-02-23,192,626.5991672,6.910620445,6.910620445
2020-02-23,193,320.6797076,3.234644878,3.234644878
2020-02-23,195,299.5087246,3.587896635,3.587896635
2020-02-23,196,1129.813093,11.96833034,11.96833034
2020-02-23,197,326.7941377,3.68583847,3.68583847
2020-02-23,198,587.4113742,6.750903978,6.750903978
2020-02-23,20,679.9161666,7.704401,7.704401
2020-02-23,22,265.4389884,3.756943816,3.756943816
2020-02-23,23,137.9739307,1.615652895,1.615652895
2020-02-23,25,998.4256444,11.0203089,11.0203089
2020-02-23,26,591.3783232,7.104181801,7.104181801
2020-02-23,27,107.1620931,1.158782367,1.158782367
2020-02-23,28,1002.921161,11.15248521,11.15248521
2020-02-23,3,491.9437438,6.118378168,6.118378168
2020-02-23,31,684.9162337,7.945193414,7.945193414
2020-02-23,33,131.4267997,1.872494141,1.872494141
2020-02-23,35,124.5638465,1.715022436,1.715022436
2020-02-23,36,288.00903,3.437928631,3.437928631
2020-02-23,38,780.2973533,8.960506459,8.960506459
2020-02-23,39,92.99806913,1.211030788,1.211030788
2020-02-23,41,450.8303128,5.292237253,5.292237253
2020-02-23,42,82.16343636,1.336245441,1.336245441
2020-02-23,44,1026.386637,11.20193006,11.20193006
2020-02-23,45,590.2075691,6.172047666,6.172047666
2020-02-23,46,321.3494579,4.439808998,4.439808998
2020-02-23,49,293.6541863,3.611636813,3.611636813
2020-02-23,5,1010.324697,11.06155599,11.06155599
2020-02-23,51,1079.760116,13.41981383,13.41981383
2020-02-23,52,559.4619111,6.304230329,6.304230329
2020-02-23,55,480.5983389,5.07264671,5.07264671
2020-02-23,57,354.3582027,4.266779699,4.266779699
2020-02-23,59,1063.28702,12.59151382,12.59151382
2020-02-23,61,95.37503892,1.135115698,1.135115698
2020-02-23,63,603.0310568,7.109369715,7.109369715
2020-02-23,64,127.4517177,1.6069876,1.6069876
2020-02-23,66,736.40446,8.557663869,8.557663869
2020-02-23,68,1659.024967,17.95316891,17.95316891
2020-02-23,69,611.1134453,6.777286779,6.777286779
2020-02-23,71,352.1886992,5.36398442,5.36398442
2020-02-23,72,293.0078152,3.81605307,3.81605307
2020-02-23,73,584.439636,6.125137196,6.125137196
2020-02-23,74,305.7672588,3.803399411,3.803399411
2020-02-23,75,363.1245999,4.530034507,4.530034507
2020-02-23,77,463.3991075,5.063816853,5.063816853
2020-02-23,8,381.5425683,4.734994651,4.734994651
2020-02-23,80,368.1253174,4.576643634,4.576643634
2020-02-23,81,387.8640738,4.776938307,4.776938307
2020-02-23,83,107.2560314,1.717820523,1.717820523
2020-02-23,84,393.1048965,5.291358973,5.291358973
2020-02-23,88,771.014343,8.401891229,8.401891229
2020-02-23,89,913.5240925,10.49444974,10.49444974
2020-02-23,90,355.9763316,4.460537732,4.460537732
2020-02-23,92,634.3014131,6.910620445,6.910620445
2020-02-23,93,321.7133852,3.234644878,3.234644878
2020-02-23,95,294.1890968,3.587896635,3.587896635
2020-02-23,96,1121.677781,11.96833034,11.96833034
2020-02-23,97,330.2349034,3.68583847,3.68583847
2020-02-23,98,583.2945583,6.750903978,6.750903978
2020-02-24,10,1281.700899,13.94034876,13.94034876
2020-02-24,103,496.597224,5.939288752,5.939288752
2020-02-24,105,1015.10357,11.1154173,11.1154173
2020-02-24,108,376.306817,4.373965742,4.373965742
2020-02-24,11,874.3089028,9.273051612,9.273051612
2020-02-24,110,1290.274603,13.94034876,13.94034876
2020-02-24,111,857.9406661,9.273051612,9.273051612
2020-02-24,115,458.8516588,5.597190873,5.597190873
2020-02-24,118,328.4375258,3.923048951,3.923048951
2020-02-24,119,272.2299313,3.048867176,3.048867176
2020-02-24,120,686.5889719,9.012998582,9.012998582
2020-02-24,122,263.6938983,3.085654217,3.085654217
2020-02-24,123,135.9387474,1.851568365,1.851568365
2020-02-24,125,1010.386153,11.98605527,11.98605527
2020-02-24,126,586.3886064,6.367922872,6.367922872
2020-02-24,127,104.927828,1.686433486,1.686433486
2020-02-24,128,1016.04677,10.41980298,10.41980298
2020-02-24,131,691.3314365,7.934099177,7.934099177
2020-02-24,133,133.6886273,1.645143957,1.645143957
2020-02-24,135,124.5799364,1.698495814,1.698495814
2020-02-24,136,287.6937066,3.295941459,3.295941459
2020-02-24,138,766.1970413,8.864670972,8.864670972
2020-02-24,139,94.77682653,1.261330969,1.261330969
2020-02-24,141,439.646539,6.02073255,6.02073255
2020-02-24,142,85.20629781,1.314753615,1.314753615
2020-02-24,144,1018.214518,10.32459399,10.32459399
2020-02-24,145,591.6228969,6.427041433,6.427041433
2020-02-24,146,311.7048098,4.744827114,4.744827114
2020-02-24,149,286.8750506,3.032047299,3.032047299
2020-02-24,15,466.2052645,5.597190873,5.597190873
2020-02-24,151,1088.828208,12.90131818,12.90131818
2020-02-24,152,550.9554517,5.739636726,5.739636726
2020-02-24,155,478.6129089,5.149440726,5.149440726
2020-02-24,157,360.8103205,4.957633043,4.957633043
2020-02-24,159,1076.308125,11.32374968,11.32374968
2020-02-24,161,96.38363812,1.628870206,1.628870206
2020-02-24,163,599.2250277,7.170549347,7.170549347
2020-02-24,164,129.61389,2.314714549,2.314714549
2020-02-24,166,733.4123423,9.576039007,9.576039007
2020-02-24,168,1651.039766,17.67301277,17.67301277
2020-02-24,169,617.170882,7.683205091,7.683205091
2020-02-24,171,354.011162,4.411553066,4.411553066
2020-02-24,172,296.1585437,3.799171675,3.799171675
2020-02-24,173,579.0432725,6.897227014,6.897227014
2020-02-24,174,309.086757,4.284211624,4.284211624
2020-02-24,175,358.8182831,4.463573129,4.463573129
2020-02-24,177,454.8401024,5.790544087,5.790544087
2020-02-24,18,328.3118577,3.923048951,3.923048951
2020-02-24,180,360.1765057,4.383156823,4.383156823
2020-02-24,181,384.8525856,4.331763589,4.331763589
2020-02-24,183,108.358524,1.24852073,1.24852073
2020-02-24,184,399.3340921,4.712845215,4.712845215
2020-02-24,188,783.8223418,8.696809313,8.696809313
2020-02-24,189,922.5896134,10.48704614,10.48704614
2020-02-24,19,269.7392812,3.048867176,3.048867176
2020-02-24,190,352.5664719,4.322739566,4.322739566
2020-02-24,192,630.0054941,6.870821813,6.870821813
2020-02-24,193,336.4053219,3.270964204,3.270964204
2020-02-24,195,300.6524581,3.753427722,3.753427722
2020-02-24,196,1105.528141,11.78458398,11.78458398
2020-02-24,197,338.9695653,4.151364465,4.151364465
2020-02-24,198,583.4748948,8.725848791,8.725848791
2020-02-24,20,690.4974785,9.012998582,9.012998582
2020-02-24,22,265.6482931,3.085654217,3.085654217
2020-02-24,23,134.4423778,1.851568365,1.851568365
2020-02-24,25,1003.086479,11.98605527,11.98605527
2020-02-24,26,586.0762218,6.367922872,6.367922872
2020-02-24,27,106.1242835,1.686433486,1.686433486
2020-02-24,28,1013.134223,10.41980298,10.41980298
2020-02-24,3,494.696288,5.939288752,5.939288752
2020-02-24,31,687.6959524,7.934099177,7.934099177
2020-02-24,33,132.3348629,1.645143957,1.645143957
2020-02-24,35,125.9252302,1.698495814,1.698495814
2020-02-24,36,288.1820955,3.295941459,3.295941459
2020-02-24,38,775.7171731,8.864670972,8.864670972
2020-02-24,39,94.55593699,1.261330969,1.261330969
2020-02-24,41,444.9198146,6.02073255,6.02073255
2020-02-24,42,81.740859,1.314753615,1.314753615
2020-02-24,44,1011.462306,10.32459399,10.32459399
2020-02-24,45,596.4790306,6.427041433,6.427041433
2020-02-24,46,317.6062112,4.744827114,4.744827114
2020-02-24,49,292.2895202,3.032047299,3.032047299
2020-02-24,5,1016.628589,11.1154173,11.1154173
2020-02-24,51,1082.953527,12.90131818,12.90131818
2020-02-24,52,553.4020641,5.739636726,5.739636726
2020-02-24,55,479.3632775,5.149440726,5.149440726
2020-02-24,57,355.0941136,4.957633043,4.957633043
2020-02-24,59,1059.745141,11.32374968,11.32374968
2020-02-24,61,93.99327417,1.628870206,1.628870206
2020-02-24,63,602.030231,7.170549347,7.170549347
2020-02-24,64,125.8157466,2.314714549,2.314714549
2020-02-24,66,741.0635329,9.576039007,9.576039007
2020-02-24,68,1665.83715,17.67301277,17.67301277
2020-02-24,69,613.5253651,7.683205091,7.683205091
2020-02-24,71,355.5351842,4.411553066,4.411553066
2020-02-24,72,292.8339661,3.799171675,3.799171675
2020-02-24,73,582.0720011,6.897227014,6.897227014
2020-02-24,74,308.0674471,4.284211624,4.284211624
2020-02-24,75,361.5394862,4.463573129,4.463573129
2020-02-24,77,460.0468494,5.790544087,5.790544087
2020-02-24,8,382.3777824,4.373965742,4.373965742
2020-02-24,80,367.2252512,4.383156823,4.383156823
2020-02-24,81,380.051243,4.331763589,4.331763589
2020-02-24,83,106.9694457,1.24852073,1.24852073
2020-02-24,84,397.5135336,4.712845215,4.712845215
2020-02-24,88,772.9091575,8.696809313,8.696809313
2020-02-24,89,917.0520865,10.48704614,10.48704614
2020-02-24,90,353.9715485,4.322739566,4.322739566
2020-02-24,92,640.0755391,6.870821813,6.870821813
2020-02-24,93,326.6297407,3.270964204,3.270964204
2020-02-24,95,302.3233387,3.753427722,3.753427722
2020-02-24,96,1119.729337,11.78458398,11.78458398
2020-02-24,97,335.5384411,4.151364465,4.151364465
2020-02-24,98,585.9020388,8.725848791,8.725848791
2020-02-25,10,1298.832008,14.16052275,14.16052275
2020-02-25,103,496.2419032,5.179314961,5.179314961
2020-02-25,105,1031.784967,10.74053843,10.74053843
2020-02-25,108,389.1857538,5.053379987,5.053379987
2020-02-25,11,877.3518143,10.39022419,10.39022419
2020-02-25,110,1291.605583,14.16052275,14.16052275
2020-02-25,111,875.6886499,10.39022419,10.39022419
2020-02-25,115,472.5593565,5.748960739,5.748960739
2020-02-25,118,328.1034675,4.978581084,4.978581084
2020-02-25,119,273.9567948,3.662622437,3.662622437
2020-02-25,120,694.7641003,8.426200296,8.426200296
2020-02-25,122,263.54495,4.860471863,4.860471863
2020-02-25,123,130.196593,1.862907735,1.862907735
2020-02-25,125,1015.967645,11.66393398,11.66393398
2020-02-25,126,595.3421737,6.457526104,6.457526104
2020-02-25,127,105.6495326,1.340458476,1.340458476
2020-02-25,128,1024.922427,12.32410865,12.32410865
2020-02-25,131,678.3268363,8.472865283,8.472865283
2020-02-25,133,135.6834918,1.414891846,1.414891846
2020-02-25,135,129.0241951,1.528255338,1.528255338
2020-02-25,136,295.7700024,3.949322007,3.949322007
2020-02-25,138,799.8787429,9.455738779,9.455738779
2020-02-25,139,93.32902106,1.312771412,1.312771412
2020-02-25,141,450.2558031,5.406632719,5.406632719
2020-02-25,142,79.55007011,0.9545180035,0.9545180035
2020-02-25,144,1028.899785,11.51863605,11.51863605
2020-02-25,145,598.5575876,6.269104226,6.269104226
2020-02-25,146,326.5415261,4.101019177,4.101019177
2020-02-25,149,299.636804,3.745266534,3.745266534
2020-02-25,15,468.5070602,5.748960739,5.748960739
2020-02-25,151,1083.542052,11.91893901,11.91893901
2020-02-25,152,558.6182939,6.60830853,6.60830853
2020-02-25,155,490.5534052,5.382244412,5.382244412
2020-02-25,157,354.3336918,3.766407862,3.766407862
2020-02-25,159,1060.105351,10.99295281,10.99295281
2020-02-25,161,94.38133478,1.754431031,1.754431031
2020-02-25,163,596.2337844,6.782818084,6.782818084
2020-02-25,164,125.8152209,1.771875239,1.771875239
2020-02-25,166,740.4463191,10.78956641,10.78956641
2020-02-25,168,1674.222537,18.53290426,18.53290426
2020-02-25,169,622.5284382,6.809790367,6.809790367
2020-02-25,171,348.948019,3.781442659,3.781442659
2020-02-25,172,298.8657948,4.324991995,4.324991995
2020-02-25,173,576.7684463,7.028329984,7.028329984
2020-02-25,174,308.7955553,3.897857976,3.897857976
2020-02-25,175,363.7424791,4.225576444,4.225576444
2020-02-25,177,457.6189204,6.371855009,6.371855009
2020-02-25,18,331.8175859,4.978581084,4.978581084
2020-02-25,180,369.1613451,4.446125768,4.446125768
2020-02-25,181,397.4098192,5.900138927,5.900138927
2020-02-25,183,108.9695979,1.514128115,1.514128115
2020-02-25,184,406.4964789,5.206927551,5.206927551
2020-02-25,188,772.4623706,8.080717794,8.080717794
2020-02-25,189,912.1082208,10.58729191,10.58729191
2020-02-25,19,270.5310218,3.662622437,3.662622437
2020-02-25,190,356.0262642,4.038669773,4.038669773
2020-02-25,192,658.7292807,8.337262338,8.337262338
2020-02-25,193,341.9389838,3.819527154,3.819527154
2020-02-25,195,308.4948606,5.386939132,5.386939132
2020-02-25,196,1123.144704,12.45221512,12.45221512
2020-02-25,197,336.2320642,3.334490044,3.334490044
2020-02-25,198,585.913195,6.330842961,6.330842961
2020-02-25,20,692.1539451,8.426200296,8.426200296
2020-02-25,22,267.0156657,4.860471863,4.860471863
2020-02-25,23,138.5727459,1.862907735,1.862907735
2020-02-25,25,1000.339388,11.66393398,11.66393398
2020-02-25,26,588.9560838,6.457526104,6.457526104
2020-02-25,27,104.036201,1.340458476,1.340458476
2020-02-25,28,1019.000231,12.32410865,12.32410865
2020-02-25,3,499.6974902,5.179314961,5.179314961
2020-02-25,31,682.6767984,8.472865283,8.472865283
2020-02-25,33,132.5417707,1.414891846,1.414891846
2020-02-25,35,126.5529268,1.528255338,1.528255338
2020-02-25,36,294.2160538,3.949322007,3.949322007
2020-02-25,38,786.941095,9.455738779,9.455738779
2020-02-25,39,94.14514878,1.312771412,1.312771412
2020-02-25,41,447.1770514,5.406632719,5.406632719
2020-02-25,42,80.32153151,0.9545180035,0.9545180035
2020-02-25,44,1028.396961,11.51863605,11.51863605
2020-02-25,45,603.8136223,6.269104226,6.269104226
2020-02-25,46,326.2009841,4.101019177,4.101019177
2020-02-25,49,298.2536488,3.745266534,3.745266534
2020-02-25,5,1034.817572,10.74053843,10.74053843
2020-02-25,51,1088.12045,11.91893901,11.91893901
2020-02-25,52,568.7524239,6.60830853,6.60830853
2020-02-25,55,487.1818689,5.382244412,5.382244412
2020-02-25,57,355.7626984,3.766407862,3.766407862
2020-02-25,59,1057.77845,10.99295281,10.99295281
2020-02-25,61,92.42201486,1.754431031,1.754431031
2020-02-25,63,596.7217142,6.782818084,6.782818084
2020-02-25,64,125.1996293,1.771875239,1.771875239
2020-02-25,66,748.3302548,10.78956641,10.78956641
2020-02-25,68,1682.798983,18.53290426,18.53290426
2020-02-25,69,619.0488761,6.809790367,6.809790367
2020-02-25,71,355.3827793,3.781442659,3.781442659
2020-02-25,72,293.7953696,4.324991995,4.324991995
2020-02-25,73,586.3053614,7.028329984,7.028329984
2020-02-25,74,304.7922659,3.897857976,3.897857976
2020-02-25,75,364.3641092,4.225576444,4.225576444
2020-02-25,77,463.4846422,6.371855009,6.371855009
2020-02-25,8,388.1931378,5.053379987,5.053379987
2020-02-25,80,368.6456102,4.446125768,4.446125768
2020-02-25,81,390.8546613,5.900138927,5.900138927
2020-02-25,83,110.6784017,1.514128115,1.514128115
2020-02-25,84,408.0900709,5.206927551,5.206927551
2020-02-25,88,773.6937264,8.080717794,8.080717794
2020-02-25,89,919.5374213,10.58729191,10.58729191
2020-02-25,90,359.1506182,4.038669773,4.038669773
2020-02-25,92,655.0253512,8.337262338,8.337262338
2020-02-25,93,340.4722276,3.819527154,3.819527154
2020-02-25,95,301.4980669,5.386939132,5.386939132
2020-02-25,96,1127.268622,12.45221512,12.45221512
2020-02-25,97,331.5746963,3.334490044,3.334490044
2020-02-25,98,583.3564115,6.330842961,6.330842961
2020-02-26,10,1311.41678,15.82386318,15.82386318
2020-02-26,103,507.0898797,6.133809345,6.133809345
2020-02-26,105,1031.946903,10.84350947,10.84350947
2020-02-26,108,390.3047784,4.831692177,4.831692177
2020-02-26,11,883.4912976,9.762596303,9.762596303
2020-02-26,110,1313.858945,15.82386318,15.82386318
2020-02-26,111,879.2113891,9.762596303,9.762596303
2020-02-26,115,480.2182615,5.447976111,5.447976111
2020-02-26,118,338.9257416,4.165541332,4.165541332
2020-02-26,119,267.3784526,3.911160832,3.911160832
2020-02-26,120,688.959218,9.522047649,9.522047649
2020-02-26,122,266.6962277,3.111053136,3.111053136
2020-02-26,123,143.5049524,1.522724516,1.522724516
2020-02-26,125,982.5287979,11.96617187,11.96617187
2020-02-26,126,576.5857831,7.08649444,7.08649444
2020-02-26,127,107.2538974,1.440940473,1.440940473
2020-02-26,128,1034.248093,12.14588527,12.14588527
2020-02-26,131,688.3134694,8.046300735,8.046300735
2020-02-26,133,131.3466836,1.822870817,1.822870817
2020-02-26,135,129.3623158,1.827488913,1.827488913
2020-02-26,136,290.0030139,3.422490145,3.422490145
2020-02-26,138,787.3655475,10.1013375,10.1013375
2020-02-26,139,94.71336203,1.293410409,1.293410409
2020-02-26,141,454.1073549,6.735416426,6.735416426
2020-02-26,142,80.97599367,0.9927646214,0.9927646214
2020-02-26,144,1008.618814,11.96168595,11.96168595
2020-02-26,145,604.1167293,6.517825925,6.517825925
2020-02-26,146,317.0296612,4.457442902,4.457442902
2020-02-26,149,301.9644162,3.725833104,3.725833104
2020-02-26,15,476.3675476,5.447976111,5.447976111
2020-02-26,151,1106.539835,14.10501753,14.10501753
2020-02-26,152,570.4209919,6.159668195,6.159668195
2020-02-26,155,485.7906065,6.040930613,6.040930613
2020-02-26,157,351.7105268,4.014988871,4.014988871
2020-02-26,159,1063.886614,12.88871248,12.88871248
2020-02-26,161,94.26639525,1.344781597,1.344781597
2020-02-26,163,594.1746303,7.259154295,7.259154295
2020-02-26,164,124.8524177,1.649531779,1.649531779
2020-02-26,166,754.0523454,8.997385199,8.997385199
2020-02-26,168,1677.341724,17.63716154,17.63716154
2020-02-26,169,622.5228704,7.936700069,7.936700069
2020-02-26,171,357.0120688,4.779619823,4.779619823
2020-02-26,172,299.341701,4.799281765,4.799281765
2020-02-26,173,588.3777709,6.646744788,6.646744788
2020-02-26,174,309.6510538,3.509724444,3.509724444
2020-02-26,175,355.6439706,4.066961563,4.066961563
2020-02-26,177,461.757213,5.391398171,5.391398171
2020-02-26,18,338.4857373,4.165541332,4.165541332
2020-02-26,180,361.2927721,4.584843566,4.584843566
2020-02-26,181,388.9203798,4.586019408,4.586019408
2020-02-26,183,113.3682205,1.454787024,1.454787024
2020-02-26,184,411.7296609,4.548971206,4.548971206
2020-02-26,188,783.7541635,9.964784219,9.964784219
2020-02-26,189,912.7447555,11.41821808,11.41821808
2020-02-26,19,272.2244698,3.911160832,3.911160832
2020-02-26,190,360.4076607,4.389064826,4.389064826
2020-02-26,192,644.3139536,8.256201027,8.256201027
2020-02-26,193,338.8907578,3.458577854,3.458577854
2020-02-26,195,303.1132576,4.175888185,4.175888185
2020-02-26,196,1141.250492,12.15771624,12.15771624
2020-02-26,197,344.2915808,3.602833762,3.602833762
2020-02-26,198,576.3322569,6.469135018,6.469135018
2020-02-26,20,688.7056642,9.522047649,9.522047649
2020-02-26,22,263.8953748,3.111053136,3.111053136
2020-02-26,23,141.3187553,1.522724516,1.522724516
2020-02-26,25,995.7155465,11.96617187,11.96617187
2020-02-26,26,577.9887132,7.08649444,7.08649444
2020-02-26,27,103.3738094,1.440940473,1.440940473
2020-02-26,28,1038.598702,12.14588527,12.14588527
2020-02-26,3,503.3942178,6.133809345,6.133809345
2020-02-26,31,692.0048396,8.046300735,8.046300735
2020-02-26,33,131.1070762,1.822870817,1.822870817
2020-02-26,35,126.3010517,1.827488913,1.827488913
2020-02-26,36,296.7418146,3.422490145,3.422490145
2020-02-26,38,785.6231404,10.1013375,10.1013375
2020-02-26,39,94.71504844,1.293410409,1.293410409
2020-02-26,41,449.8952342,6.735416426,6.735416426
2020-02-26,42,80.3796901,0.9927646214,0.9927646214
2020-02-26,44,1027.792574,11.96168595,11.96168595
2020-02-26,45,603.6205361,6.517825925,6.517825925
2020-02-26,46,316.4777344,4.457442902,4.457442902
2020-02-26,49,300.9577477,3.725833104,3.725833104
2020-02-26,5,1030.039129,10.84350947,10.84350947
2020-02-26,51,1101.254526,14.10501753,14.10501753
2020-02-26,52,567.890453,6.159668195,6.159668195
2020-02-26,55,486.8932568,6.040930613,6.040930613
2020-02-26,57,355.7171398,4.014988871,4.014988871
2020-02-26,59,1059.107436,12.88871248,12.88871248
2020-02-26,61,95.31726965,1.344781597,1.344781597
2020-02-26,63,596.9916201,7.259154295,7.259154295
2020-02-26,64,125.0595643,1.649531779,1.649531779
2020-02-26,66,749.1791627,8.997385199,8.997385199
2020-02-26,68,1692.984456,17.63716154,17.63716154
2020-02-26,69,622.8925687,7.936700069,7.936700069
2020-02-26,71,355.3679769,4.779619823,4.779619823
2020-02-26,72,290.048651,4.799281765,4.799281765
2020-02-26,73,586.9253886,6.646744788,6.646744788
2020-02-26,74,306.1635831,3.509724444,3.509724444
2020-02-26,75,363.3052741,4.066961563,4.066961563
2020-02-26,77,458.7988683,5.391398171,5.391398171
2020-02-26,8,390.4784796,4.831692177,4.831692177
2020-02-26,80,364.1956435,4.584843566,4.584843566
2020-02-26,81,388.2835964,4.586019408,4.586019408
2020-02-26,83,113.3912271,1.454787024,1.454787024
2020-02-26,84,414.0014958,4.548971206,4.548971206
2020-02-26,88,784.4979735,9.964784219,9.964784219
2020-02-26,89,917.7507799,11.41821808,11.41821808
2020-02-26,90,362.2473425,4.389064826,4.389064826
2020-02-26,92,647.5650417,8.256201027,8.256201027
2020-02-26,93,338.158733,3.458577854,3.458577854
2020-02-26,95,304.7554792,4.175888185,4.175888185
2020-02-26,96,1119.790763,12.15771624,12.15771624
2020-02-26,97,339.9471621,3.602833762,3.602833762
2020-02-26,98,574.7792416,6.469135018,6.469135018
2020-02-27,10,1320.784779,15.70469813,15.70469813
2020-02-27,103,514.9669155,5.257610275,5.257610275
2020-02-27,105,1068.294785,11.37231865,11.37231865
2020-02-27,108,390.5437285,4.713139747,4.713139747
2020-02-27,11,892.1738335,10.23375154,10.23375154
2020-02-27,110,1324.711363,15.70469813,15.70469813
2020-02-27,111,893.096229,10.23375154,10.23375154
2020-02-27,115,479.9592769,6.873424165,6.873424165
2020-02-27,118,342.0146031,3.892019576,3.892019576
2020-02-27,119,277.1292268,4.038191498,4.038191498
2020-02-27,120,697.8074949,8.111633642,8.111633642
2020-02-27,122,273.8458546,3.36627458,3.36627458
2020-02-27,123,140.0930999,1.621974444,1.621974444
2020-02-27,125,1013.478688,12.73063595,12.73063595
2020-02-27,126,595.484886,6.571270063,6.571270063
2020-02-27,127,101.0126408,1.03895006,1.03895006
2020-02-27,128,1048.459424,11.6935467,11.6935467
2020-02-27,131,700.3479833,7.540940135,7.540940135
2020-02-27,133,132.9627797,1.338055622,1.338055622
2020-02-27,135,127.7983771,1.939311243,1.939311243
2020-02-27,136,294.5704785,3.318805662,3.318805662
2020-02-27,138,812.1961446,8.882439349,8.882439349
2020-02-27,139,96.65400562,1.682402324,1.682402324
2020-02-27,141,461.6029985,5.62837493,5.62837493
2020-02-27,142,79.48515636,0.9166528565,0.9166528565
2020-02-27,144,1000.843652,11.15315313,11.15315313
2020-02-27,145,595.8069893,6.226821269,6.226821269
2020-02-27,146,320.8418563,3.989903218,3.989903218
2020-02-27,149,303.4987819,3.504165348,3.504165348
2020-02-27,15,476.6332374,6.873424165,6.873424165
2020-02-27,151,1101.821378,12.41659446,12.41659446
2020-02-27,152,573.7519916,6.498086547,6.498086547
2020-02-27,155,490.4647969,5.342238704,5.342238704
2020-02-27,157,351.7231177,4.212641911,4.212641911
2020-02-27,159,1085.800565,11.68285189,11.68285189
2020-02-27,161,99.20959062,1.278596656,1.278596656
2020-02-27,163,605.7676924,7.779854634,7.779854634
2020-02-27,164,126.8646877,2.002164273,2.002164273
2020-02-27,166,760.6005869,10.86782016,10.86782016
2020-02-27,168,1676.136242,19.18096198,19.18096198
2020-02-27,169,613.4908557,7.047177134,7.047177134
2020-02-27,171,351.976773,4.87945051,4.87945051
2020-02-27,172,293.2319935,3.850721893,3.850721893
2020-02-27,173,598.4366764,6.876009894,6.876009894
2020-02-27,174,308.2458439,3.296408238,3.296408238
2020-02-27,175,363.7009049,4.856074299,4.856074299
2020-02-27,177,470.792971,6.38786734,6.38786734
2020-02-27,18,338.9634877,3.892019576,3.892019576
2020-02-27,180,368.7265435,4.41091812,4.41091812
2020-02-27,181,386.2880395,4.043345095,4.043345095
2020-02-27,183,116.1853321,1.708885043,1.708885043
2020-02-27,184,418.8969272,5.059873567,5.059873567
2020-02-27,188,790.0133356,9.352280347,9.352280347
2020-02-27,189,932.7625076,11.95832508,11.95832508
2020-02-27,19,280.9539174,4.038191498,4.038191498
2020-02-27,190,368.2259583,4.7560914,4.7560914
2020-02-27,192,659.0496926,7.283535432,7.283535432
2020-02-27,193,328.8954973,3.456979238,3.456979238
2020-02-27,195,306.2058484,3.733254279,3.733254279
2020-02-27,196,1143.870059,11.86568607,11.86568607
2020-02-27,197,352.0969174,3.726060356,3.726060356
2020-02-27,198,578.6595676,6.234192885,6.234192885
2020-02-27,20,696.8558985,8.111633642,8.111633642
2020-02-27,22,269.0239894,3.36627458,3.36627458
2020-02-27,23,140.9442603,1.621974444,1.621974444
2020-02-27,25,1011.880362,12.73063595,12.73063595
2020-02-27,26,597.7794515,6.571270063,6.571270063
2020-02-27,27,103.8852877,1.03895006,1.03895006
2020-02-27,28,1060.015092,11.6935467,11.6935467
2020-02-27,3,505.6040983,5.257610275,5.257610275
2020-02-27,31,698.0958643,7.540940135,7.540940135
2020-02-27,33,131.8874771,1.338055622,1.338055622
2020-02-27,35,127.3060735,1.939311243,1.939311243
2020-02-27,36,298.8436235,3.318805662,3.318805662
2020-02-27,38,806.6488888,8.882439349,8.882439349
2020-02-27,39,96.78429468,1.682402324,1.682402324
2020-02-27,41,464.8520111,5.62837493,5.62837493
2020-02-27,42,81.51843938,0.9166528565,0.9166528565
2020-02-27,44,1022.515709,11.15315313,11.15315313
2020-02-27,45,602.5831145,6.226821269,6.226821269
2020-02-27,46,320.2616593,3.989903218,3.989903218
2020-02-27,49,305.0971335,3.504165348,3.504165348
2020-02-27,5,1047.609564,11.37231865,11.37231865
2020-02-27,51,1107.342768,12.41659446,12.41659446
2020-02-27,52,567.5643314,6.498086547,6.498086547
2020-02-27,55,497.0748128,5.342238704,5.342238704
2020-02-27,57,356.1569222,4.212641911,4.212641911
2020-02-27,59,1079.936358,11.68285189,11.68285189
2020-02-27,61,97.10079369,1.278596656,1.278596656
2020-02-27,63,609.7026196,7.779854634,7.779854634
2020-02-27,64,127.4798106,2.002164273,2.002164273
2020-02-27,66,750.3063782,10.86782016,10.86782016
2020-02-27,68,1703.311985,19.18096198,19.18096198
2020-02-27,69,617.3538756,7.047177134,7.047177134
2020-02-27,71,358.2783049,4.87945051,4.87945051
2020-02-27,72,290.1658943,3.850721893,3.850721893
2020-02-27,73,593.5395266,6.876009894,6.876009894
2020-02-27,74,310.2646316,3.296408238,3.296408238
2020-02-27,75,364.66958,4.856074299,4.856074299
2020-02-27,77,468.0024636,6.38786734,6.38786734
2020-02-27,8,391.5904176,4.713139747,4.713139747
2020-02-27,80,368.8914152,4.41091812,4.41091812
2020-02-27,81,390.3851345,4.043345095,4.043345095
2020-02-27,83,117.8118773,1.708885043,1.708885043
2020-02-27,84,417.0434674,5.059873567,5.059873567
2020-02-27,88,782.88413,9.352280347,9.352280347
2020-02-27,89,929.2088564,11.95832508,11.95832508
2020-02-27,90,365.4788124,4.7560914,4.7560914
2020-02-27,92,654.6924605,7.283535432,7.283535432
2020-02-27,93,333.5339387,3.456979238,3.456979238
2020-02-27,95,304.3124956,3.733254279,3.733254279
2020-02-27,96,1145.571112,11.86568607,11.86568607
2020-02-27,97,341.2741181,3.726060356,3.726060356
2020-02-27,98,577.2091171,6.234192885,6.234192885
2020-02-28,10,1314.854097,15.58391192,15.58391192
2020-02-28,103,504.9695065,6.519824302,6.519824302
2020-02-28,105,1062.601572,10.85142116,10.85142116
2020-02-28,108,386.6777262,4.626978903,4.626978903
2020-02-28,11,883.1326276,9.979514369,9.979514369
2020-02-28,110,1311.416788,15.58391192,15.58391192
2020-02-28,111,883.5400051,9.979514369,9.979514369
2020-02-28,115,476.5776789,5.728462349,5.728462349
2020-02-28,118,338.1152936,4.642100085,4.642100085
2020-02-28,119,282.5268905,3.139050353,3.139050353
2020-02-28,120,699.3348683,8.436147817,8.436147817
2020-02-28,122,269.0051877,3.111718964,3.111718964
2020-02-28,123,134.5554486,1.852630531,1.852630531
2020-02-28,125,1005.592648,12.33062267,12.33062267
2020-02-28,126,618.200072,7.127807612,7.127807612
2020-02-28,127,103.9125693,1.254193929,1.254193929
2020-02-28,128,1068.259072,12.48763068,12.48763068
2020-02-28,131,689.4334036,8.316609709,8.316609709
2020-02-28,133,134.4037535,2.168316579,2.168316579
2020-02-28,135,127.1721639,1.782540384,1.782540384
2020-02-28,136,302.6556737,3.454841888,3.454841888
2020-02-28,138,789.0196742,9.817546416,9.817546416
2020-02-28,139,98.69983645,0.9652193694,0.9652193694
2020-02-28,141,465.5178584,5.570127162,5.570127162
2020-02-28,142,77.98186864,1.357208517,1.357208517
2020-02-28,144,1032.656994,10.76617923,10.76617923
2020-02-28,145,617.4980035,7.999004484,7.999004484
2020-02-28,146,314.3055704,3.793596041,3.793596041
2020-02-28,149,304.9484467,3.920546021,3.920546021
2020-02-28,15,471.4004218,5.728462349,5.728462349
2020-02-28,151,1086.898916,12.92951768,12.92951768
2020-02-28,152,570.5943364,6.675057824,6.675057824
2020-02-28,155,495.1767442,5.663090109,5.663090109
2020-02-28,157,357.4122204,4.218223556,4.218223556
2020-02-28,159,1110.795545,12.20292891,12.20292891
2020-02-28,161,93.79111472,1.231698145,1.231698145
2020-02-28,163,609.4611578,6.496079133,6.496079133
2020-02-28,164,122.8635464,1.802441166,1.802441166
2020-02-28,166,747.1627283,8.722667261,8.722667261
2020-02-28,168,1720.483812,19.08224139,19.08224139
2020-02-28,169,612.6646303,7.70526893,7.70526893
2020-02-28,171,355.6888968,4.230093686,4.230093686
2020-02-28,172,291.5757393,3.865583016,3.865583016
2020-02-28,173,588.0779927,7.026371038,7.026371038
2020-02-28,174,310.885453,5.015150425,5.015150425
2020-02-28,175,358.3711223,4.305471592,4.305471592
2020-02-28,177,451.0075727,4.808893702,4.808893702
2020-02-28,18,340.5284361,4.642100085,4.642100085
2020-02-28,180,357.3873591,4.401200435,4.401200435
2020-02-28,181,391.9752934,5.04606537,5.04606537
2020-02-28,183,122.0266563,1.850416863,1.850416863
2020-02-28,184,405.9094284,5.267473512,5.267473512
2020-02-28,188,789.435356,9.356136988,9.356136988
2020-02-28,189,945.6543717,11.20420366,11.20420366
2020-02-28,19,284.0013457,3.139050353,3.139050353
2020-02-28,190,365.762721,4.464727896,4.464727896
2020-02-28,192,656.7188727,6.753869255,6.753869255
2020-02-28,193,346.7643158,3.791262773,3.791262773
2020-02-28,195,296.0791671,4.631638108,4.631638108
2020-02-28,196,1126.976557,12.25929288,12.25929288
2020-02-28,197,330.8462076,3.786039659,3.786039659
2020-02-28,198,566.5063939,6.077687333,6.077687333
2020-02-28,20,701.8204811,8.436147817,8.436147817
2020-02-28,22,267.9671028,3.111718964,3.111718964
2020-02-28,23,140.9434634,1.852630531,1.852630531
2020-02-28,25,1001.779492,12.33062267,12.33062267
2020-02-28,26,608.5098643,7.127807612,7.127807612
2020-02-28,27,105.6780154,1.254193929,1.254193929
2020-02-28,28,1073.555574,12.48763068,12.48763068
2020-02-28,3,510.1380814,6.519824302,6.519824302
2020-02-28,31,694.3475136,8.316609709,8.316609709
2020-02-28,33,134.6249274,2.168316579,2.168316579
2020-02-28,35,129.2026015,1.782540384,1.782540384
2020-02-28,36,302.8690871,3.454841888,3.454841888
2020-02-28,38,804.822909,9.817546416,9.817546416
2020-02-28,39,96.44344075,0.9652193694,0.9652193694
2020-02-28,41,466.3391429,5.570127162,5.570127162
2020-02-28,42,79.56025621,1.357208517,1.357208517
2020-02-28,44,1023.206744,10.76617923,10.76617923
2020-02-28,45,617.9030688,7.999004484,7.999004484
2020-02-28,46,319.4908279,3.793596041,3.793596041
2020-02-28,49,303.0013581,3.920546021,3.920546021
2020-02-28,5,1056.821177,10.85142116,10.85142116
2020-02-28,51,1095.297281,12.92951768,12.92951768
2020-02-28,52,569.8849002,6.675057824,6.675057824
2020-02-28,55,494.0285894,5.663090109,5.663090109
2020-02-28,57,362.1200075,4.218223556,4.218223556
2020-02-28,59,1108.992078,12.20292891,12.20292891
2020-02-28,61,95.03688078,1.231698145,1.231698145
2020-02-28,63,622.1188208,6.496079133,6.496079133
2020-02-28,64,124.9592288,1.802441166,1.802441166
2020-02-28,66,747.621221,8.722667261,8.722667261
2020-02-28,68,1740.092884,19.08224139,19.08224139
2020-02-28,69,608.09313,7.70526893,7.70526893
2020-02-28,71,355.4106361,4.230093686,4.230093686
2020-02-28,72,291.368921,3.865583016,3.865583016
2020-02-28,73,590.0972867,7.026371038,7.026371038
2020-02-28,74,309.5273176,5.015150425,5.015150425
2020-02-28,75,360.2397821,4.305471592,4.305471592
2020-02-28,77,460.2109204,4.808893702,4.808893702
2020-02-28,8,385.5089894,4.626978903,4.626978903
2020-02-28,80,362.7693962,4.401200435,4.401200435
2020-02-28,81,392.001708,5.04606537,5.04606537
2020-02-28,83,120.2253139,1.850416863,1.850416863
2020-02-28,84,410.2506558,5.267473512,5.267473512
2020-02-28,88,791.7528214,9.356136988,9.356136988
2020-02-28,89,938.8118479,11.20420366,11.20420366
2020-02-28,90,367.7902907,4.464727896,4.464727896
2020-02-28,92,658.497222,6.753869255,6.753869255
2020-02-28,93,338.2843826,3.791262773,3.791262773
2020-02-28,95,303.0217082,4.631638108,4.631638108
2020-02-28,96,1130.089564,12.25929288,12.25929288
2020-02-28,97,333.5304583,3.786039659,3.786039659
2020-02-28,98,573.283633,6.077687333,6.077687333
2020-02-29,10,1308.595723,13.77692703,13.77692703
2020-02-29,103,508.5020409,5.340204347,5.340204347
2020-02-29,105,1015.889596,10.2852203,10.2852203
2020-02-29,108,386.2689991,4.673303351,4.673303351
2020-02-29,11,886.4013733,10.95094634,10.95094634
2020-02-29,110,1294.092698,13.77692703,13.77692703
2020-02-29,111,896.6809376,10.95094634,10.95094634
2020-02-29,115,469.4880158,5.423748888,5.423748888
2020-02-29,118,341.9111035,4.23274366,4.23274366
2020-02-29,119,275.2629209,3.457182144,3.457182144
2020-02-29,120,676.0420562,8.012831283,8.012831283
2020-02-29,122,265.4108689,2.838775112,2.838775112
2020-02-29,123,135.8002613,1.474840006,1.474840006
2020-02-29,125,999.3974874,12.40339091,12.40339091
2020-02-29,126,606.5212774,7.660899761,7.660899761
2020-02-29,127,105.1960085,1.07106565,1.07106565
2020-02-29,128,1053.635221,11.82701678,11.82701678
2020-02-29,131,684.8806017,7.520430411,7.520430411
2020-02-29,133,133.8141335,1.571439396,1.571439396
2020-02-29,135,128.0256434,1.764078632,1.764078632
2020-02-29,136,303.5289038,4.644752657,4.644752657
2020-02-29,138,805.480138,10.09840562,10.09840562
2020-02-29,139,95.72419272,1.172731917,1.172731917
2020-02-29,141,463.7431526,6.478372224,6.478372224
2020-02-29,142,80.96785665,1.250355588,1.250355588
2020-02-29,144,1025.123061,11.78449439,11.78449439
2020-02-29,145,603.4306315,6.993038601,6.993038601
2020-02-29,146,321.8784688,3.731861483,3.731861483
2020-02-29,149,297.1662725,4.018032746,4.018032746
2020-02-29,15,466.8679486,5.423748888,5.423748888
2020-02-29,151,1072.327026,13.20511191,13.20511191
2020-02-29,152,574.8803165,6.866077065,6.866077065
2020-02-29,155,487.5919448,5.070754836,5.070754836
2020-02-29,157,367.441711,4.910193485,4.910193485
2020-02-29,159,1096.755972,12.15413719,12.15413719
2020-02-29,161,92.20136365,0.9615556383,0.9615556383
2020-02-29,163,596.6387191,6.277372321,6.277372321
2020-02-29,164,123.2103929,1.439136648,1.439136648
2020-02-29,166,726.1038735,8.347372277,8.347372277
2020-02-29,168,1761.953446,19.51935893,19.51935893
2020-02-29,169,593.0216943,6.863445546,6.863445546
2020-02-29,171,346.0958781,3.699446438,3.699446438
2020-02-29,172,288.4328568,4.21654372,4.21654372
2020-02-29,173,588.1109272,6.462127536,6.462127536
2020-02-29,174,311.8100786,4.089377763,4.089377763
2020-02-29,175,355.7733634,4.944848894,4.944848894
2020-02-29,177,459.6715999,5.526942555,5.526942555
2020-02-29,18,341.0405092,4.23274366,4.23274366
2020-02-29,180,361.4087653,3.619054412,3.619054412
2020-02-29,181,392.7118103,4.207261884,4.207261884
2020-02-29,183,116.8737365,1.186863252,1.186863252
2020-02-29,184,398.944509,4.101163256,4.101163256
2020-02-29,188,770.3755823,8.995202627,8.995202627
2020-02-29,189,929.304555,10.45630167,10.45630167
2020-02-29,19,277.8331508,3.457182144,3.457182144
2020-02-29,190,358.1448572,4.093592665,4.093592665
2020-02-29,192,635.7308984,8.353133556,8.353133556
2020-02-29,193,334.9078264,3.79615371,3.79615371
2020-02-29,195,297.0953698,3.559377605,3.559377605
2020-02-29,196,1075.485353,11.11076078,11.11076078
2020-02-29,197,331.1898304,3.46595449,3.46595449
2020-02-29,198,578.6775026,7.61580486,7.61580486
2020-02-29,20,679.2884558,8.012831283,8.012831283
2020-02-29,22,264.0572444,2.838775112,2.838775112
2020-02-29,23,137.0072913,1.474840006,1.474840006
2020-02-29,25,986.5178967,12.40339091,12.40339091
2020-02-29,26,599.63832,7.660899761,7.660899761
2020-02-29,27,104.8507225,1.07106565,1.07106565
2020-02-29,28,1061.10223,11.82701678,11.82701678
2020-02-29,3,502.5845612,5.340204347,5.340204347
2020-02-29,31,681.7692996,7.520430411,7.520430411
2020-02-29,33,133.4893568,1.571439396,1.571439396
2020-02-29,35,128.8408981,1.764078632,1.764078632
2020-02-29,36,299.8559503,4.644752657,4.644752657
2020-02-29,38,799.2036925,10.09840562,10.09840562
2020-02-29,39,95.97253749,1.172731917,1.172731917
2020-02-29,41,459.6824748,6.478372224,6.478372224
2020-02-29,42,80.36514459,1.250355588,1.250355588
2020-02-29,44,1026.433725,11.78449439,11.78449439
2020-02-29,45,602.1508804,6.993038601,6.993038601
2020-02-29,46,319.9835185,3.731861483,3.731861483
2020-02-29,49,298.7337836,4.018032746,4.018032746
2020-02-29,5,1027.09923,10.2852203,10.2852203
2020-02-29,51,1080.407944,13.20511191,13.20511191
2020-02-29,52,566.4244618,6.866077065,6.866077065
2020-02-29,55,482.7455693,5.070754836,5.070754836
2020-02-29,57,366.0219222,4.910193485,4.910193485
2020-02-29,59,1105.538016,12.15413719,12.15413719
2020-02-29,61,93.70929617,0.9615556383,0.9615556383
2020-02-29,63,612.8630788,6.277372321,6.277372321
2020-02-29,64,123.8876148,1.439136648,1.439136648
2020-02-29,66,734.0569017,8.347372277,8.347372277
2020-02-29,68,1764.633604,19.51935893,19.51935893
2020-02-29,69,596.7526841,6.863445546,6.863445546
2020-02-29,71,350.3464453,3.699446438,3.699446438
2020-02-29,72,288.094793,4.21654372,4.21654372
2020-02-29,73,581.6688762,6.462127536,6.462127536
2020-02-29,74,306.2123577,4.089377763,4.089377763
2020-02-29,75,356.5036647,4.944848894,4.944848894
2020-02-29,77,453.7695655,5.526942555,5.526942555
2020-02-29,8,389.7820948,4.673303351,4.673303351
2020-02-29,80,361.3942376,3.619054412,3.619054412
2020-02-29,81,384.1651983,4.207261884,4.207261884
2020-02-29,83,117.3195909,1.186863252,1.186863252
2020-02-29,84,400.0150714,4.101163256,4.101163256
2020-02-29,88,774.3508358,8.995202627,8.995202627
2020-02-29,89,930.6714326,10.45630167,10.45630167
2020-02-29,90,361.7861011,4.093592665,4.093592665
2020-02-29,92,638.0044432,8.353133556,8.353133556
2020-02-29,93,339.053042,3.79615371,3.79615371
2020-02-29,95,298.7946576,3.559377605,3.559377605
2020-02-29,96,1091.0858,11.11076078,11.11076078
2020-02-29,97,334.3494021,3.46595449,3.46595449
2020-02-29,98,572.9543852,7.61580486,7.61580486
2020-03-01,10,1307.596994,14.22397641,14.22397641
2020-03-01,103,487.5912795,5.330268013,5.330268013
2020-03-01,105,1052.266,10.41783464,10.41783464
2020-03-01,108,376.4759795,4.751648214,4.751648214
2020-03-01,11,884.1493276,10.54878568,10.54878568
2020-03-01,110,1292.110977,14.22397641,14.22397641
2020-03-01,111,886.1277778,10.54878568,10.54878568
2020-03-01,115,454.5165869,5.766273996,5.766273996
2020-03-01,118,327.2836153,3.763027184,3.763027184
2020-03-01,119,275.62413,3.713857295,3.713857295
2020-03-01,120,673.6836329,9.414996297,9.414996297
2020-03-01,122,259.0019645,2.7005991,2.7005991
2020-03-01,123,133.364631,1.746964728,1.746964728
2020-03-01,125,982.7906429,10.65781721,10.65781721
2020-03-01,126,592.6059163,7.56220819,7.56220819
2020-03-01,127,104.9033278,1.067319245,1.067319245
2020-03-01,128,1023.984556,12.12112687,12.12112687
2020-03-01,131,677.1852056,8.341278445,8.341278445
2020-03-01,133,128.8070944,1.95420077,1.95420077
2020-03-01,135,127.9485007,1.623810083,1.623810083
2020-03-01,136,296.0228837,5.356921153,5.356921153
2020-03-01,138,789.0468596,8.918591366,8.918591366
2020-03-01,139,94.20949331,1.074094971,1.074094971
2020-03-01,141,445.1690917,5.177704136,5.177704136
2020-03-01,142,80.42754131,1.414670002,1.414670002
2020-03-01,144,1010.242675,11.7079206,11.7079206
2020-03-01,145,598.9561937,6.92683486,6.92683486
2020-03-01,146,322.3370592,4.140276387,4.140276387
2020-03-01,149,297.0598617,3.187584047,3.187584047
2020-03-01,15,459.3286269,5.766273996,5.766273996
2020-03-01,151,1078.355492,12.90766535,12.90766535
2020-03-01,152,569.8876228,6.352256465,6.352256465
2020-03-01,155,452.800734,5.909495377,5.909495377
2020-03-01,157,360.9742231,5.276155762,5.276155762
2020-03-01,159,1076.339699,11.92478999,11.92478999
2020-03-01,161,92.35929745,0.9666804982,0.9666804982
2020-03-01,163,612.4755848,6.908809908,6.908809908
2020-03-01,164,119.1123966,1.347260214,1.347260214
2020-03-01,166,720.3064935,9.921005822,9.921005822
2020-03-01,168,1805.950928,18.07644691,18.07644691
2020-03-01,169,599.3743641,6.806017964,6.806017964
2020-03-01,171,356.5828818,4.283888779,4.283888779
2020-03-01,172,283.9624155,3.83809649,3.83809649
2020-03-01,173,574.5744847,7.262209906,7.262209906
2020-03-01,174,303.9935096,3.464325922,3.464325922
2020-03-01,175,351.6606906,4.441973358,4.441973358
2020-03-01,177,447.0623603,5.969886768,5.969886768
2020-03-01,18,330.8839033,3.763027184,3.763027184
2020-03-01,180,355.4866787,4.51930384,4.51930384
2020-03-01,181,386.0210069,4.980563,4.980563
2020-03-01,183,110.6613565,1.709653717,1.709653717
2020-03-01,184,398.3891393,4.375154192,4.375154192
2020-03-01,188,752.7128326,9.002059741,9.002059741
2020-03-01,189,926.9063762,11.08646861,11.08646861
2020-03-01,19,277.0764698,3.713857295,3.713857295
2020-03-01,190,353.3223684,3.952404977,3.952404977
2020-03-01,192,620.4899877,7.621604574,7.621604574
2020-03-01,193,347.152011,4.350720623,4.350720623
2020-03-01,195,292.0884966,3.899485422,3.899485422
2020-03-01,196,1063.957343,11.28261069,11.28261069
2020-03-01,197,329.4312078,3.745441447,3.745441447
2020-03-01,198,560.6819591,7.606291769,7.606291769
2020-03-01,20,676.8078362,9.414996297,9.414996297
2020-03-01,22,261.8752635,2.7005991,2.7005991
2020-03-01,23,132.5812334,1.746964728,1.746964728
2020-03-01,25,981.0159816,10.65781721,10.65781721
2020-03-01,26,597.0189003,7.56220819,7.56220819
2020-03-01,27,103.8690594,1.067319245,1.067319245
2020-03-01,28,1034.074978,12.12112687,12.12112687
2020-03-01,3,494.5320131,5.330268013,5.330268013
2020-03-01,31,675.8741193,8.341278445,8.341278445
2020-03-01,33,128.9012565,1.95420077,1.95420077
2020-03-01,35,127.3782528,1.623810083,1.623810083
2020-03-01,36,298.6380153,5.356921153,5.356921153
2020-03-01,38,786.5449399,8.918591366,8.918591366
2020-03-01,39,93.36164159,1.074094971,1.074094971
2020-03-01,41,449.4348396,5.177704136,5.177704136
2020-03-01,42,79.39223283,1.414670002,1.414670002
2020-03-01,44,1012.301599,11.7079206,11.7079206
2020-03-01,45,604.1661136,6.92683486,6.92683486
2020-03-01,46,322.6206365,4.140276387,4.140276387
2020-03-01,49,296.4628879,3.187584047,3.187584047
2020-03-01,5,1021.055987,10.41783464,10.41783464
2020-03-01,51,1072.786408,12.90766535,12.90766535
2020-03-01,52,573.9143397,6.352256465,6.352256465
2020-03-01,55,461.6808552,5.909495377,5.909495377
2020-03-01,57,364.3528888,5.276155762,5.276155762
2020-03-01,59,1079.451092,11.92478999,11.92478999
2020-03-01,61,92.01532119,0.9666804982,0.9666804982
2020-03-01,63,601.5532808,6.908809908,6.908809908
2020-03-01,64,120.9562333,1.347260214,1.347260214
2020-03-01,66,723.8973674,9.921005822,9.921005822
2020-03-01,68,1746.702327,18.07644691,18.07644691
2020-03-01,69,594.2218905,6.806017964,6.806017964
2020-03-01,71,353.909124,4.283888779,4.283888779
2020-03-01,72,283.0875366,3.83809649,3.83809649
2020-03-01,73,583.2677979,7.262209906,7.262209906
2020-03-01,74,303.1109497,3.464325922,3.464325922
2020-03-01,75,348.9299389,4.441973358,4.441973358
2020-03-01,77,444.718251,5.969886768,5.969886768
2020-03-01,8,381.5088335,4.751648214,4.751648214
2020-03-01,80,357.201453,4.51930384,4.51930384
2020-03-01,81,385.2505012,4.980563,4.980563
2020-03-01,83,113.5488198,1.709653717,1.709653717
2020-03-01,84,397.8186081,4.375154192,4.375154192
2020-03-01,88,763.504704,9.002059741,9.002059741
2020-03-01,89,920.1758599,11.08646861,11.08646861
2020-03-01,90,353.7035632,3.952404977,3.952404977
2020-03-01,92,628.5340743,7.621604574,7.621604574
2020-03-01,93,340.949126,4.350720623,4.350720623
2020-03-01,95,293.9479606,3.899485422,3.899485422
2020-03-01,96,1073.832734,11.28261069,11.28261069
2020-03-01,97,334.9061942,3.745441447,3.745441447
2020-03-01,98,565.5425464,7.606291769,7.606291769
2020-03-02,10,1300.857116,15.3899391,15.3899391
2020-03-02,103,497.8642672,5.336900244,5.336900244
2020-03-02,105,1010.19193,10.44028213,10.44028213
2020-03-02,108,376.4238119,6.084860961,6.084860961
2020-03-02,11,890.4440767,10.14973677,10.14973677
2020-03-02,110,1304.139602,15.3899391,15.3899391
2020-03-02,111,902.0661499,10.14973677,10.14973677
2020-03-02,115,459.2734231,5.513418542,5.513418542
2020-03-02,118,328.6950967,4.315091835,4.315091835
2020-03-02,119,274.599326,3.120291224,3.120291224
2020-03-02,120,677.0994587,7.637874193,7.637874193
2020-03-02,122,266.9656404,2.978752341,2.978752341
2020-03-02,123,137.1722882,1.741674569,1.741674569
2020-03-02,125,972.1731782,10.78026028,10.78026028
2020-03-02,126,616.2590252,7.047153347,7.047153347
2020-03-02,127,107.4886988,1.077618261,1.077618261
2020-03-02,128,1017.229746,11.29055879,11.29055879
2020-03-02,131,673.0654573,7.109632474,7.109632474
2020-03-02,133,126.6126111,1.641700557,1.641700557
2020-03-02,135,128.2223988,1.26788744,1.26788744
2020-03-02,136,295.5867205,4.190270223,4.190270223
2020-03-02,138,789.3309361,8.582038331,8.582038331
2020-03-02,139,91.88861031,1.735911846,1.735911846
2020-03-02,141,451.3328443,5.522857679,5.522857679
2020-03-02,142,81.11399246,1.323299871,1.323299871
2020-03-02,144,1004.512913,10.98666336,10.98666336
2020-03-02,145,608.8272043,6.198650317,6.198650317
2020-03-02,146,320.800748,3.937327881,3.937327881
2020-03-02,149,293.4886594,3.633167776,3.633167776
2020-03-02,15,456.5337494,5.513418542,5.513418542
2020-03-02,151,1077.554769,12.58322528,12.58322528
2020-03-02,152,570.4386996,6.975104416,6.975104416
2020-03-02,155,467.2164556,6.019712624,6.019712624
2020-03-02,157,360.1454641,3.908292216,3.908292216
2020-03-02,159,1054.228359,11.36951506,11.36951506
2020-03-02,161,94.93328977,1.077068874,1.077068874
2020-03-02,163,612.8596102,7.108028664,7.108028664
2020-03-02,164,123.610485,1.464296435,1.464296435
2020-03-02,166,717.4160928,8.574867925,8.574867925
2020-03-02,168,1713.546823,19.36776268,19.36776268
2020-03-02,169,601.67017,7.464560894,7.464560894
2020-03-02,171,357.1851456,4.205358798,4.205358798
2020-03-02,172,279.6455659,3.932030869,3.932030869
2020-03-02,173,594.8614634,6.410618194,6.410618194
2020-03-02,174,304.2979077,3.628345271,3.628345271
2020-03-02,175,349.3474518,3.995879003,3.995879003
2020-03-02,177,455.2695742,5.43445007,5.43445007
2020-03-02,18,325.7059224,4.315091835,4.315091835
2020-03-02,180,353.490662,3.960111837,3.960111837
2020-03-02,181,376.4942937,4.115099526,4.115099526
2020-03-02,183,110.0041303,2.27385302,2.27385302
2020-03-02,184,393.009627,5.377687977,5.377687977
2020-03-02,188,769.6724926,8.501740534,8.501740534
2020-03-02,189,901.7984122,10.42721111,10.42721111
2020-03-02,19,280.460156,3.120291224,3.120291224
2020-03-02,190,347.7123042,4.731282188,4.731282188
2020-03-02,192,625.0282796,7.63233549,7.63233549
2020-03-02,193,336.3327428,4.015530642,4.015530642
2020-03-02,195,288.0878806,3.695510984,3.695510984
2020-03-02,196,1060.582843,11.55746295,11.55746295
2020-03-02,197,336.2353401,3.695009609,3.695009609
2020-03-02,198,550.5393955,6.046284947,6.046284947
2020-03-02,20,678.2546607,7.637874193,7.637874193
2020-03-02,22,262.4203493,2.978752341,2.978752341
2020-03-02,23,134.040415,1.741674569,1.741674569
2020-03-02,25,974.1416877,10.78026028,10.78026028
2020-03-02,26,603.3421839,7.047153347,7.047153347
2020-03-02,27,107.300353,1.077618261,1.077618261
2020-03-02,28,1036.972177,11.29055879,11.29055879
2020-03-02,3,496.5571513,5.336900244,5.336900244
2020-03-02,31,673.878521,7.109632474,7.109632474
2020-03-02,33,127.4825508,1.641700557,1.641700557
2020-03-02,35,126.6667674,1.26788744,1.26788744
2020-03-02,36,298.8896914,4.190270223,4.190270223
2020-03-02,38,797.09588,8.582038331,8.582038331
2020-03-02,39,93.4310705,1.735911846,1.735911846
2020-03-02,41,450.8488047,5.522857679,5.522857679
2020-03-02,42,79.99399608,1.323299871,1.323299871
2020-03-02,44,998.5990984,10.98666336,10.98666336
2020-03-02,45,608.2206186,6.198650317,6.198650317
2020-03-02,46,320.6778137,3.937327881,3.937327881
2020-03-02,49,293.9142914,3.633167776,3.633167776
2020-03-02,5,1006.193931,10.44028213,10.44028213
2020-03-02,51,1077.713373,12.58322528,12.58322528
2020-03-02,52,573.9791577,6.975104416,6.975104416
2020-03-02,55,470.1029263,6.019712624,6.019712624
2020-03-02,57,365.9023575,3.908292216,3.908292216
2020-03-02,59,1068.699879,11.36951506,11.36951506
2020-03-02,61,94.21182474,1.077068874,1.077068874
2020-03-02,63,604.6436557,7.108028664,7.108028664
2020-03-02,64,122.967538,1.464296435,1.464296435
2020-03-02,66,722.9940599,8.574867925,8.574867925
2020-03-02,68,1718.157967,19.36776268,19.36776268
2020-03-02,69,599.4865361,7.464560894,7.464560894
2020-03-02,71,358.3909173,4.205358798,4.205358798
2020-03-02,72,281.6223612,3.932030869,3.932030869
2020-03-02,73,589.0806798,6.410618194,6.410618194
2020-03-02,74,304.4985835,3.628345271,3.628345271
2020-03-02,75,346.8380904,3.995879003,3.995879003
2020-03-02,77,448.5215605,5.43445007,5.43445007
2020-03-02,8,379.1971336,6.084860961,6.084860961
2020-03-02,80,350.3905721,3.960111837,3.960111837
2020-03-02,81,377.3397239,4.115099526,4.115099526
2020-03-02,83,113.3771706,2.27385302,2.27385302
2020-03-02,84,401.8227208,5.377687977,5.377687977
2020-03-02,88,763.7224349,8.501740534,8.501740534
2020-03-02,89,917.8703322,10.42721111,10.42721111
2020-03-02,90,350.6727035,4.731282188,4.731282188
2020-03-02,92,631.3262545,7.63233549,7.63233549
2020-03-02,93,340.5605679,4.015530642,4.015530642
2020-03-02,95,289.3330503,3.695510984,3.695510984
2020-03-02,96,1064.614726,11.55746295,11.55746295
2020-03-02,97,333.7091898,3.695009609,3.695009609
2020-03-02,98,557.1248408,6.046284947,6.046284947
2020-03-03,10,1328.983211,16.58853154,16.58853154
2020-03-03,103,501.7677623,5.672355602,5.672355602
2020-03-03,105,1062.471406,10.21253607,10.21253607
2020-03-03,108,385.4085902,4.243654288,4.243654288
2020-03-03,11,896.4189648,10.83994531,10.83994531
2020-03-03,110,1338.612262,16.58853154,16.58853154
2020-03-03,111,886.0976729,10.83994531,10.83994531
2020-03-03,115,444.9612574,6.128365418,6.128365418
2020-03-03,118,328.3441301,3.625256592,3.625256592
2020-03-03,119,284.8232958,4.379564321,4.379564321
2020-03-03,120,674.7015496,8.20385646,8.20385646
2020-03-03,122,263.2473118,3.350726915,3.350726915
2020-03-03,123,133.9774696,1.591830755,1.591830755
2020-03-03,125,992.8378297,11.6169299,11.6169299
2020-03-03,126,618.6961402,6.866627095,6.866627095
2020-03-03,127,106.7159849,1.353108092,1.353108092
2020-03-03,128,1059.466801,11.11462224,11.11462224
2020-03-03,131,689.6376826,7.705674574,7.705674574
2020-03-03,133,132.0073577,2.195171767,2.195171767
2020-03-03,135,127.8989559,2.437165167,2.437165167
2020-03-03,136,309.1535141,3.516579218,3.516579218
2020-03-03,138,808.1174702,8.902459404,8.902459404
2020-03-03,139,91.56818868,1.584863028,1.584863028
2020-03-03,141,459.5756597,5.970748844,5.970748844
2020-03-03,142,79.28820209,1.56401588,1.56401588
2020-03-03,144,986.5583493,10.63750509,10.63750509
2020-03-03,145,595.4098445,7.779371137,7.779371137
2020-03-03,146,321.3524277,3.563660528,3.563660528
2020-03-03,149,295.9448322,3.570143673,3.570143673
2020-03-03,15,452.6525593,6.128365418,6.128365418
2020-03-03,151,1077.489551,12.02403019,12.02403019
2020-03-03,152,565.6560075,6.882856556,6.882856556
2020-03-03,155,462.9661595,4.915097197,4.915097197
2020-03-03,157,363.9071703,4.421396999,4.421396999
2020-03-03,159,1068.990467,12.0365942,12.0365942
2020-03-03,161,95.87852946,2.247346196,2.247346196
2020-03-03,163,614.1125471,6.742459445,6.742459445
2020-03-03,164,120.9167829,2.138080164,2.138080164
2020-03-03,166,731.0728295,8.511303207,8.511303207
2020-03-03,168,1746.627806,18.16958563,18.16958563
2020-03-03,169,596.5596825,7.192837066,7.192837066
2020-03-03,171,352.6471363,5.105155497,5.105155497
2020-03-03,172,282.2918741,4.084051684,4.084051684
2020-03-03,173,585.1308585,6.477356518,6.477356518
2020-03-03,174,306.4910484,3.454508666,3.454508666
2020-03-03,175,351.1212528,3.85866174,3.85866174
2020-03-03,177,437.5048772,5.106335599,5.106335599
2020-03-03,18,328.9192289,3.625256592,3.625256592
2020-03-03,180,350.2572917,3.733866883,3.733866883
2020-03-03,181,376.0628483,4.872814377,4.872814377
2020-03-03,183,117.4129495,1.669344186,1.669344186
2020-03-03,184,399.4041283,4.503857742,4.503857742
2020-03-03,188,752.0185801,9.700189987,9.700189987
2020-03-03,189,905.9830092,10.31705267,10.31705267
2020-03-03,19,288.5380921,4.379564321,4.379564321
2020-03-03,190,341.5408158,4.347213982,4.347213982
2020-03-03,192,636.3693176,8.382952323,8.382952323
2020-03-03,193,351.384731,4.517481051,4.517481051
2020-03-03,195,291.6063951,3.737240229,3.737240229
2020-03-03,196,1053.506918,11.1542915,11.1542915
2020-03-03,197,334.6739158,3.485573064,3.485573064
2020-03-03,198,570.4014758,6.975248483,6.975248483
2020-03-03,20,681.9720526,8.20385646,8.20385646
2020-03-03,22,269.0514665,3.350726915,3.350726915
2020-03-03,23,134.5805484,1.591830755,1.591830755
2020-03-03,25,992.0521582,11.6169299,11.6169299
2020-03-03,26,617.8179735,6.866627095,6.866627095
2020-03-03,27,107.794882,1.353108092,1.353108092
2020-03-03,28,1054.536992,11.11462224,11.11462224
2020-03-03,3,510.4627997,5.672355602,5.672355602
2020-03-03,31,678.0096104,7.705674574,7.705674574
2020-03-03,33,130.7877642,2.195171767,2.195171767
2020-03-03,35,127.522849,2.437165167,2.437165167
2020-03-03,36,303.7260326,3.516579218,3.516579218
2020-03-03,38,801.8155567,8.902459404,8.902459404
2020-03-03,39,92.8941753,1.584863028,1.584863028
2020-03-03,41,458.3690927,5.970748844,5.970748844
2020-03-03,42,81.02256838,1.56401588,1.56401588
2020-03-03,44,1004.947003,10.63750509,10.63750509
2020-03-03,45,614.1795524,7.779371137,7.779371137
2020-03-03,46,320.8120539,3.563660528,3.563660528
2020-03-03,49,291.7313515,3.570143673,3.570143673
2020-03-03,5,1020.336861,10.21253607,10.21253607
2020-03-03,51,1081.973482,12.02403019,12.02403019
2020-03-03,52,568.8121761,6.882856556,6.882856556
2020-03-03,55,471.6665161,4.915097197,4.915097197
2020-03-03,57,371.8641442,4.421396999,4.421396999
2020-03-03,59,1073.757186,12.0365942,12.0365942
2020-03-03,61,94.38893523,2.247346196,2.247346196
2020-03-03,63,615.3464072,6.742459445,6.742459445
2020-03-03,64,122.6435537,2.138080164,2.138080164
2020-03-03,66,726.4631261,8.511303207,8.511303207
2020-03-03,68,1742.303639,18.16958563,18.16958563
2020-03-03,69,607.2610748,7.192837066,7.192837066
2020-03-03,71,355.0325801,5.105155497,5.105155497
2020-03-03,72,282.5574387,4.084051684,4.084051684
2020-03-03,73,586.1128843,6.477356518,6.477356518
2020-03-03,74,304.5214923,3.454508666,3.454508666
2020-03-03,75,345.9267274,3.85866174,3.85866174
2020-03-03,77,441.8436274,5.106335599,5.106335599
2020-03-03,8,380.8144817,4.243654288,4.243654288
2020-03-03,80,353.4837982,3.733866883,3.733866883
2020-03-03,81,376.0944128,4.872814377,4.872814377
2020-03-03,83,114.7578656,1.669344186,1.669344186
2020-03-03,84,400.124484,4.503857742,4.503857742
2020-03-03,88,757.2554916,9.700189987,9.700189987
2020-03-03,89,916.7446788,10.31705267,10.31705267
2020-03-03,90,343.4404335,4.347213982,4.347213982
2020-03-03,92,635.8342655,8.382952323,8.382952323
2020-03-03,93,345.7727714,4.517481051,4.517481051
2020-03-03,95,292.5343031,3.737240229,3.737240229
2020-03-03,96,1049.749692,11.1542915,11.1542915
2020-03-03,97,334.2421077,3.485573064,3.485573064
2020-03-03,98,563.7612134,6.975248483,6.975248483
2020-03-04,10,1322.230113,15.7600218,15.7600218
2020-03-04,103,510.3194318,6.315144413,6.315144413
2020-03-04,105,1028.241588,10.79914621,10.79914621
2020-03-04,108,386.2009252,4.964896364,4.964896364
2020-03-04,11,899.6814224,11.36535498,11.36535498
2020-03-04,110,1325.528791,15.7600218,15.7600218
2020-03-04,111,897.6511793,11.36535498,11.36535498
2020-03-04,115,448.8594149,5.476082796,5.476082796
2020-03-04,118,330.8709348,3.847086068,3.847086068
2020-03-04,119,286.90933,4.477090847,4.477090847
2020-03-04,120,680.0419858,8.968607112,8.968607112
2020-03-04,122,271.0243948,3.523971701,3.523971701
2020-03-04,123,131.7970411,1.9787334,1.9787334
2020-03-04,125,998.094764,11.98564643,11.98564643
2020-03-04,126,619.9460294,6.721899987,6.721899987
2020-03-04,127,103.732788,1.130252355,1.130252355
2020-03-04,128,1054.930675,11.42567909,11.42567909
2020-03-04,131,667.2101951,7.785885901,7.785885901
2020-03-04,133,127.0927808,2.10697401,2.10697401
2020-03-04,135,122.7108472,1.923251622,1.923251622
2020-03-04,136,304.9591014,3.605143641,3.605143641
2020-03-04,138,813.6879337,8.93479492,8.93479492
2020-03-04,139,94.31613314,1.184301942,1.184301942
2020-03-04,141,464.5830468,4.976530208,4.976530208
2020-03-04,142,78.82362583,1.692692992,1.692692992
2020-03-04,144,1005.518208,10.85936751,10.85936751
2020-03-04,145,624.417916,7.539835966,7.539835966
2020-03-04,146,320.9257686,4.298853037,4.298853037
2020-03-04,149,289.4483029,3.855447763,3.855447763
2020-03-04,15,448.5338357,5.476082796,5.476082796
2020-03-04,151,1070.309493,12.60714077,12.60714077
2020-03-04,152,577.8807329,6.002246287,6.002246287
2020-03-04,155,463.8764142,6.036919296,6.036919296
2020-03-04,157,369.4848908,5.092195994,5.092195994
2020-03-04,159,1058.168299,11.90011165,11.90011165
2020-03-04,161,91.80479581,1.188711923,1.188711923
2020-03-04,163,606.0101261,6.87502245,6.87502245
2020-03-04,164,121.0655811,1.794372393,1.794372393
2020-03-04,166,722.3613867,8.839897096,8.839897096
2020-03-04,168,1742.204149,18.74964578,18.74964578
2020-03-04,169,601.0772898,7.612084403,7.612084403
2020-03-04,171,357.0804863,3.827550198,3.827550198
2020-03-04,172,285.9861351,3.503464781,3.503464781
2020-03-04,173,587.4159845,6.338659496,6.338659496
2020-03-04,174,299.7791562,4.032606424,4.032606424
2020-03-04,175,341.880499,4.040681322,4.040681322
2020-03-04,177,436.976708,5.044504201,5.044504201
2020-03-04,18,329.0525758,3.847086068,3.847086068
2020-03-04,180,346.4970197,4.37433907,4.37433907
2020-03-04,181,368.8957851,4.544038324,4.544038324
2020-03-04,183,113.5236501,1.564519091,1.564519091
2020-03-04,184,416.2601215,4.313893025,4.313893025
2020-03-04,188,754.3797593,8.667604675,8.667604675
2020-03-04,189,926.3718277,11.40189524,11.40189524
2020-03-04,19,291.1459996,4.477090847,4.477090847
2020-03-04,190,339.7596182,3.837844908,3.837844908
2020-03-04,192,643.7635146,8.430149556,8.430149556
2020-03-04,193,337.4327116,3.590642875,3.590642875
2020-03-04,195,296.5676981,3.966399714,3.966399714
2020-03-04,196,1066.303961,11.41929384,11.41929384
2020-03-04,197,335.4283957,4.137492208,4.137492208
2020-03-04,198,573.5493352,5.98659423,5.98659423
2020-03-04,20,682.888237,8.968607112,8.968607112
2020-03-04,22,268.5838249,3.523971701,3.523971701
2020-03-04,23,133.9144145,1.9787334,1.9787334
2020-03-04,25,1007.644741,11.98564643,11.98564643
2020-03-04,26,612.7033445,6.721899987,6.721899987
2020-03-04,27,107.2470587,1.130252355,1.130252355
2020-03-04,28,1063.122458,11.42567909,11.42567909
2020-03-04,3,506.8924095,6.315144413,6.315144413
2020-03-04,31,669.8208347,7.785885901,7.785885901
2020-03-04,33,128.8854954,2.10697401,2.10697401
2020-03-04,35,127.1786886,1.923251622,1.923251622
2020-03-04,36,304.1194981,3.605143641,3.605143641
2020-03-04,38,806.7562865,8.93479492,8.93479492
2020-03-04,39,95.07970963,1.184301942,1.184301942
2020-03-04,41,463.238152,4.976530208,4.976530208
2020-03-04,42,78.06171876,1.692692992,1.692692992
2020-03-04,44,1009.842956,10.85936751,10.85936751
2020-03-04,45,624.4815745,7.539835966,7.539835966
2020-03-04,46,316.5022745,4.298853037,4.298853037
2020-03-04,49,288.2349432,3.855447763,3.855447763
2020-03-04,5,1042.799964,10.79914621,10.79914621
2020-03-04,51,1080.064865,12.60714077,12.60714077
2020-03-04,52,565.6281909,6.002246287,6.002246287
2020-03-04,55,468.9709894,6.036919296,6.036919296
2020-03-04,57,367.8806487,5.092195994,5.092195994
2020-03-04,59,1061.235874,11.90011165,11.90011165
2020-03-04,61,92.91980276,1.188711923,1.188711923
2020-03-04,63,609.127858,6.87502245,6.87502245
2020-03-04,64,122.100191,1.794372393,1.794372393
2020-03-04,66,723.6093507,8.839897096,8.839897096
2020-03-04,68,1739.963426,18.74964578,18.74964578
2020-03-04,69,597.5350727,7.612084403,7.612084403
2020-03-04,71,360.2945246,3.827550198,3.827550198
2020-03-04,72,286.7852507,3.503464781,3.503464781
2020-03-04,73,582.9971233,6.338659496,6.338659496
2020-03-04,74,304.1295843,4.032606424,4.032606424
2020-03-04,75,345.4532678,4.040681322,4.040681322
2020-03-04,77,436.0736819,5.044504201,5.044504201
2020-03-04,8,380.440869,4.964896364,4.964896364
2020-03-04,80,349.192394,4.37433907,4.37433907
2020-03-04,81,368.4503359,4.544038324,4.544038324
2020-03-04,83,113.4060405,1.564519091,1.564519091
2020-03-04,84,406.9549852,4.313893025,4.313893025
2020-03-04,88,765.2890292,8.667604675,8.667604675
2020-03-04,89,921.4864139,11.40189524,11.40189524
2020-03-04,90,339.1761492,3.837844908,3.837844908
2020-03-04,92,644.3878356,8.430149556,8.430149556
2020-03-04,93,337.2265367,3.590642875,3.590642875
2020-03-04,95,291.3560692,3.966399714,3.966399714
2020-03-04,96,1069.915042,11.41929384,11.41929384
2020-03-04,97,335.4845202,4.137492208,4.137492208
2020-03-04,98,572.5364452,5.98659423,5.98659423
2020-03-05,10,1319.070111,15.09588341,15.09588341
2020-03-05,103,525.5668322,6.115930523,6.115930523
2020-03-05,105,1060.371153,10.48552559,10.48552559
2020-03-05,108,380.2577241,4.715686849,4.715686849
2020-03-05,11,908.0621326,11.11531272,11.11531272
2020-03-05,110,1330.529827,15.09588341,15.09588341
2020-03-05,111,911.1673179,11.11531272,11.11531272
2020-03-05,115,449.2964221,5.021257814,5.021257814
2020-03-05,118,326.7592899,4.370742347,4.370742347
2020-03-05,119,291.0569311,3.394864235,3.394864235
2020-03-05,120,688.1097695,8.830548056,8.830548056
2020-03-05,122,268.2306432,3.478383724,3.478383724
2020-03-05,123,135.8570431,1.535613954,1.535613954
2020-03-05,125,1005.12628,10.98859675,10.98859675
2020-03-05,126,624.1184635,6.454872626,6.454872626
2020-03-05,127,109.0425496,1.397534978,1.397534978
2020-03-05,128,1073.138633,11.43738554,11.43738554
2020-03-05,131,687.1768072,7.389794201,7.389794201
2020-03-05,133,131.1752116,1.533543637,1.533543637
2020-03-05,135,127.2591578,1.497433493,1.497433493
2020-03-05,136,314.8482013,3.247561647,3.247561647
2020-03-05,138,793.3652581,8.921767969,8.921767969
2020-03-05,139,95.11287929,1.889548413,1.889548413
2020-03-05,141,469.8738984,4.823243044,4.823243044
2020-03-05,142,79.41329741,1.09234445,1.09234445
2020-03-05,144,1009.514243,11.3829858,11.3829858
2020-03-05,145,635.0647837,6.958695329,6.958695329
2020-03-05,146,316.0527405,4.123560822,4.123560822
2020-03-05,149,295.7487897,3.591638256,3.591638256
2020-03-05,15,452.6336939,5.021257814,5.021257814
2020-03-05,151,1081.75971,12.72820712,12.72820712
2020-03-05,152,574.0112787,5.906184218,5.906184218
2020-03-05,155,475.6958735,4.883956403,4.883956403
2020-03-05,157,374.9427013,4.423601088,4.423601088
2020-03-05,159,1065.425608,11.11837907,11.11837907
2020-03-05,161,94.27838387,2.116904244,2.116904244
2020-03-05,163,618.6732035,6.759865091,6.759865091
2020-03-05,164,126.93085,1.481964127,1.481964127
2020-03-05,166,730.1414422,8.818496799,8.818496799
2020-03-05,168,1754.352312,19.46776034,19.46776034
2020-03-05,169,600.6137638,7.258700506,7.258700506
2020-03-05,171,370.7724728,4.662771968,4.662771968
2020-03-05,172,293.5800021,3.460060275,3.460060275
2020-03-05,173,580.5769471,6.712314344,6.712314344
2020-03-05,174,304.2721108,3.524526964,3.524526964
2020-03-05,175,351.6502239,3.822630252,3.822630252
2020-03-05,177,432.0716384,4.493918449,4.493918449
2020-03-05,18,335.6659218,4.370742347,4.370742347
2020-03-05,180,355.977236,4.110779448,4.110779448
2020-03-05,181,379.6167517,4.751704422,4.751704422
2020-03-05,183,112.4248915,1.174584631,1.174584631
2020-03-05,184,417.9574536,5.334169066,5.334169066
2020-03-05,188,797.1095298,8.928879641,8.928879641
2020-03-05,189,922.7575014,10.09309842,10.09309842
2020-03-05,19,292.9475839,3.394864235,3.394864235
2020-03-05,190,338.9971833,4.486129001,4.486129001
2020-03-05,192,646.6755778,7.507415636,7.507415636
2020-03-05,193,341.8187747,3.679543292,3.679543292
2020-03-05,195,292.4265592,3.508466376,3.508466376
2020-03-05,196,1076.070277,11.04801686,11.04801686
2020-03-05,197,327.3861735,3.804199105,3.804199105
2020-03-05,198,583.9357933,7.312810153,7.312810153
2020-03-05,20,688.2293602,8.830548056,8.830548056
2020-03-05,22,270.5221381,3.478383724,3.478383724
2020-03-05,23,136.4208372,1.535613954,1.535613954
2020-03-05,25,1003.966948,10.98859675,10.98859675
2020-03-05,26,624.5780479,6.454872626,6.454872626
2020-03-05,27,108.5519053,1.397534978,1.397534978
2020-03-05,28,1060.936082,11.43738554,11.43738554
2020-03-05,3,514.25937,6.115930523,6.115930523
2020-03-05,31,678.100087,7.389794201,7.389794201
2020-03-05,33,131.8049811,1.533543637,1.533543637
2020-03-05,35,127.3675967,1.497433493,1.497433493
2020-03-05,36,305.0525893,3.247561647,3.247561647
2020-03-05,38,805.0138804,8.921767969,8.921767969
2020-03-05,39,96.19496687,1.889548413,1.889548413
2020-03-05,41,472.154999,4.823243044,4.823243044
2020-03-05,42,81.06705706,1.09234445,1.09234445
2020-03-05,44,1012.511855,11.3829858,11.3829858
2020-03-05,45,634.1448032,6.958695329,6.958695329
2020-03-05,46,319.8705917,4.123560822,4.123560822
2020-03-05,49,292.8667817,3.591638256,3.591638256
2020-03-05,5,1047.241339,10.48552559,10.48552559
2020-03-05,51,1077.991314,12.72820712,12.72820712
2020-03-05,52,573.2740323,5.906184218,5.906184218
2020-03-05,55,468.1247674,4.883956403,4.883956403
2020-03-05,57,369.9437986,4.423601088,4.423601088
2020-03-05,59,1074.929857,11.11837907,11.11837907
2020-03-05,61,93.7340933,2.116904244,2.116904244
2020-03-05,63,609.0200747,6.759865091,6.759865091
2020-03-05,64,123.9700205,1.481964127,1.481964127
2020-03-05,66,726.8244858,8.818496799,8.818496799
2020-03-05,68,1747.403637,19.46776034,19.46776034
2020-03-05,69,603.9193117,7.258700506,7.258700506
2020-03-05,71,367.4702018,4.662771968,4.662771968
2020-03-05,72,294.1017346,3.460060275,3.460060275
2020-03-05,73,577.4963791,6.712314344,6.712314344
2020-03-05,74,304.9335887,3.524526964,3.524526964
2020-03-05,75,349.3466297,3.822630252,3.822630252
2020-03-05,77,429.987332,4.493918449,4.493918449
2020-03-05,8,378.9831062,4.715686849,4.715686849
2020-03-05,80,354.1236066,4.110779448,4.110779448
2020-03-05,81,372.1124402,4.751704422,4.751704422
2020-03-05,83,112.7739855,1.174584631,1.174584631
2020-03-05,84,410.1968458,5.334169066,5.334169066
2020-03-05,88,781.5997613,8.928879641,8.928879641
2020-03-05,89,926.916236,10.09309842,10.09309842
2020-03-05,90,341.5785174,4.486129001,4.486129001
2020-03-05,92,655.9682761,7.507415636,7.507415636
2020-03-05,93,348.6371615,3.679543292,3.679543292
2020-03-05,95,293.0295751,3.508466376,3.508466376
2020-03-05,96,1087.133605,11.04801686,11.04801686
2020-03-05,97,334.4066986,3.804199105,3.804199105
2020-03-05,98,581.6393445,7.312810153,7.312810153
2020-03-06,10,1312.075032,15.83570777,15.83570777
2020-03-06,103,511.5763788,6.455740922,6.455740922
2020-03-06,105,1052.198674,11.45270585,11.45270585
2020-03-06,108,372.0545553,3.864226836,3.864226836
2020-03-06,11,913.6055633,10.40513019,10.40513019
2020-03-06,110,1304.130033,15.83570777,15.83570777
2020-03-06,111,914.9235883,10.40513019,10.40513019
2020-03-06,115,459.5855064,5.580816534,5.580816534
2020-03-06,118,331.6986705,4.371509785,4.371509785
2020-03-06,119,297.6358626,3.624351539,3.624351539
2020-03-06,120,687.6673842,7.8436503,7.8436503
2020-03-06,122,271.666287,3.22817424,3.22817424
2020-03-06,123,135.3960583,1.691872411,1.691872411
2020-03-06,125,999.4527741,11.13387795,11.13387795
2020-03-06,126,610.7758203,6.349399287,6.349399287
2020-03-06,127,106.5385064,1.236657594,1.236657594
2020-03-06,128,1090.776396,11.62192884,11.62192884
2020-03-06,131,675.0452768,7.068779245,7.068779245
2020-03-06,133,126.7086847,1.682582629,1.682582629
2020-03-06,135,126.9153337,1.665327534,1.665327534
2020-03-06,136,306.9846216,4.248191612,4.248191612
2020-03-06,138,802.9824218,9.789056995,9.789056995
2020-03-06,139,94.19640674,1.67297756,1.67297756
2020-03-06,141,476.6294819,5.107093062,5.107093062
2020-03-06,142,83.0461241,1.136020035,1.136020035
2020-03-06,144,1018.883698,11.21670666,11.21670666
2020-03-06,145,650.9387338,6.809244202,6.809244202
2020-03-06,146,321.4773996,3.386054616,3.386054616
2020-03-06,149,287.5787471,3.937787574,3.937787574
2020-03-06,15,456.7733499,5.580816534,5.580816534
2020-03-06,151,1098.739312,12.63987451,12.63987451
2020-03-06,152,562.9329643,6.150102886,6.150102886
2020-03-06,155,481.7471003,5.259497866,5.259497866
2020-03-06,157,372.0518432,3.737747258,3.737747258
2020-03-06,159,1062.076657,11.99562742,11.99562742
2020-03-06,161,92.95899392,1.276965204,1.276965204
2020-03-06,163,606.4766148,6.926831845,6.926831845
2020-03-06,164,127.6840903,1.546143136,1.546143136
2020-03-06,166,729.374564,9.881745435,9.881745435
2020-03-06,168,1707.715211,19.39912839,19.39912839
2020-03-06,169,604.9366335,6.645830031,6.645830031
2020-03-06,171,364.6903532,3.83549915,3.83549915
2020-03-06,172,295.0535671,3.463359967,3.463359967
2020-03-06,173,573.1478263,6.483976726,6.483976726
2020-03-06,174,303.8736124,4.295475626,4.295475626
2020-03-06,175,352.5719061,4.227738341,4.227738341
2020-03-06,177,429.1632115,4.927488804,4.927488804
2020-03-06,18,338.3263714,4.371509785,4.371509785
2020-03-06,180,353.7369239,4.216187453,4.216187453
2020-03-06,181,369.6933097,4.217585349,4.217585349
2020-03-06,183,111.6369207,1.608828993,1.608828993
2020-03-06,184,407.3235067,4.66310768,4.66310768
2020-03-06,188,786.1283185,8.938425376,8.938425376
2020-03-06,189,921.903705,12.22901635,12.22901635
2020-03-06,19,296.6723996,3.624351539,3.624351539
2020-03-06,190,342.6081224,4.503781438,4.503781438
2020-03-06,192,656.620459,7.999834754,7.999834754
2020-03-06,193,347.0777041,3.78505024,3.78505024
2020-03-06,195,296.6321797,3.890948803,3.890948803
2020-03-06,196,1086.488223,10.98051632,10.98051632
2020-03-06,197,334.5339707,3.600823679,3.600823679
2020-03-06,198,570.9871315,5.94796021,5.94796021
2020-03-06,20,682.0493338,7.8436503,7.8436503
2020-03-06,22,271.6473154,3.22817424,3.22817424
2020-03-06,23,137.8843283,1.691872411,1.691872411
2020-03-06,25,999.6689537,11.13387795,11.13387795
2020-03-06,26,614.9672912,6.349399287,6.349399287
2020-03-06,27,107.61131,1.236657594,1.236657594
2020-03-06,28,1068.433212,11.62192884,11.62192884
2020-03-06,3,514.5696946,6.455740922,6.455740922
2020-03-06,31,679.1784312,7.068779245,7.068779245
2020-03-06,33,129.6838986,1.682582629,1.682582629
2020-03-06,35,129.2735998,1.665327534,1.665327534
2020-03-06,36,305.8998456,4.248191612,4.248191612
2020-03-06,38,809.7523822,9.789056995,9.789056995
2020-03-06,39,95.68753707,1.67297756,1.67297756
2020-03-06,41,472.3680609,5.107093062,5.107093062
2020-03-06,42,80.9416046,1.136020035,1.136020035
2020-03-06,44,999.3824068,11.21670666,11.21670666
2020-03-06,45,642.8464529,6.809244202,6.809244202
2020-03-06,46,319.5503079,3.386054616,3.386054616
2020-03-06,49,292.4895782,3.937787574,3.937787574
2020-03-06,5,1066.820344,11.45270585,11.45270585
2020-03-06,51,1088.095683,12.63987451,12.63987451
2020-03-06,52,562.1332072,6.150102886,6.150102886
2020-03-06,55,476.613368,5.259497866,5.259497866
2020-03-06,57,368.6953332,3.737747258,3.737747258
2020-03-06,59,1064.756061,11.99562742,11.99562742
2020-03-06,61,94.11703214,1.276965204,1.276965204
2020-03-06,63,610.4788014,6.926831845,6.926831845
2020-03-06,64,125.6035766,1.546143136,1.546143136
2020-03-06,66,723.1428158,9.881745435,9.881745435
2020-03-06,68,1711.519174,19.39912839,19.39912839
2020-03-06,69,611.2103432,6.645830031,6.645830031
2020-03-06,71,366.7632264,3.83549915,3.83549915
2020-03-06,72,293.1980837,3.463359967,3.463359967
2020-03-06,73,575.614198,6.483976726,6.483976726
2020-03-06,74,301.9451225,4.295475626,4.295475626
2020-03-06,75,349.8309962,4.227738341,4.227738341
2020-03-06,77,426.3030977,4.927488804,4.927488804
2020-03-06,8,376.3658705,3.864226836,3.864226836
2020-03-06,80,351.1506088,4.216187453,4.216187453
2020-03-06,81,371.8734823,4.217585349,4.217585349
2020-03-06,83,110.6326623,1.608828993,1.608828993
2020-03-06,84,413.0387513,4.66310768,4.66310768
2020-03-06,88,774.8433268,8.938425376,8.938425376
2020-03-06,89,931.4345596,12.22901635,12.22901635
2020-03-06,90,342.3061304,4.503781438,4.503781438
2020-03-06,92,662.3365542,7.999834754,7.999834754
2020-03-06,93,344.3073713,3.78505024,3.78505024
2020-03-06,95,293.457112,3.890948803,3.890948803
2020-03-06,96,1088.233228,10.98051632,10.98051632
2020-03-06,97,337.0961994,3.600823679,3.600823679
2020-03-06,98,571.8331777,5.94796021,5.94796021
2020-03-07,10,1296.390578,15.99135833,15.99135833
2020-03-07,103,501.6276624,6.644305185,6.644305185
2020-03-07,105,1054.634251,11.40094704,11.40094704
2020-03-07,108,371.6260501,3.98342691,3.98342691
2020-03-07,11,903.9484591,10.28136907,10.28136907
2020-03-07,110,1282.527819,15.99135833,15.99135833
2020-03-07,111,889.8577535,10.28136907,10.28136907
2020-03-07,115,442.1066627,5.099985604,5.099985604
2020-03-07,118,338.0901958,4.258173058,4.258173058
2020-03-07,119,287.4903018,3.587286095,3.587286095
2020-03-07,120,680.3448965,8.397715288,8.397715288
2020-03-07,122,267.8338134,3.726234571,3.726234571
2020-03-07,123,135.7351448,1.618036082,1.618036082
2020-03-07,125,975.5496663,11.78187659,11.78187659
2020-03-07,126,608.1627588,6.381305762,6.381305762
2020-03-07,127,106.4827108,2.19517467,2.19517467
2020-03-07,128,1058.594481,11.6539661,11.6539661
2020-03-07,131,674.4806817,8.051714785,8.051714785
2020-03-07,133,123.0173051,1.962528029,1.962528029
2020-03-07,135,127.9633781,1.757826283,1.757826283
2020-03-07,136,305.2217238,4.222620266,4.222620266
2020-03-07,138,790.3260936,9.14267579,9.14267579
2020-03-07,139,93.53949274,1.500231,1.500231
2020-03-07,141,480.4228667,5.349398156,5.349398156
2020-03-07,142,78.85406109,0.9195964093,0.9195964093
2020-03-07,144,988.6446983,10.59826579,10.59826579
2020-03-07,145,622.3236828,6.530602442,6.530602442
2020-03-07,146,316.0967658,3.34108545,3.34108545
2020-03-07,149,290.2769089,3.382789822,3.382789822
2020-03-07,15,448.5472715,5.099985604,5.099985604
2020-03-07,151,1079.669854,13.59025345,13.59025345
2020-03-07,152,552.4169564,5.902140946,5.902140946
2020-03-07,155,489.8401163,5.075596923,5.075596923
2020-03-07,157,362.3005286,4.023374658,4.023374658
2020-03-07,159,1056.773131,12.2184707,12.2184707
2020-03-07,161,93.34043557,1.318450991,1.318450991
2020-03-07,163,604.2657404,6.292532214,6.292532214
2020-03-07,164,123.2467168,1.465085044,1.465085044
2020-03-07,166,708.5815511,9.179500714,9.179500714
2020-03-07,168,1718.701058,17.77446015,17.77446015
2020-03-07,169,609.2471441,7.818633236,7.818633236
2020-03-07,171,364.8840274,4.259657209,4.259657209
2020-03-07,172,298.345394,3.283138644,3.283138644
2020-03-07,173,569.9402298,6.772518441,6.772518441
2020-03-07,174,303.3156007,3.622033234,3.622033234
2020-03-07,175,350.8011789,3.796662235,3.796662235
2020-03-07,177,426.9680698,5.007646392,5.007646392
2020-03-07,18,332.6786924,4.258173058,4.258173058
2020-03-07,180,356.584205,4.371363152,4.371363152
2020-03-07,181,364.4237446,4.259872138,4.259872138
2020-03-07,183,111.0031662,1.446481932,1.446481932
2020-03-07,184,409.6767807,5.00257845,5.00257845
2020-03-07,188,764.5218798,8.507578955,8.507578955
2020-03-07,189,922.2609158,11.75769508,11.75769508
2020-03-07,19,292.180938,3.587286095,3.587286095
2020-03-07,190,330.4864038,4.16796299,4.16796299
2020-03-07,192,658.8377353,8.110594848,8.110594848
2020-03-07,193,336.1887094,3.945819973,3.945819973
2020-03-07,195,285.6436097,3.10811825,3.10811825
2020-03-07,196,1084.081191,12.52121422,12.52121422
2020-03-07,197,338.9343948,3.599293369,3.599293369
2020-03-07,198,559.2518537,7.615819923,7.615819923
2020-03-07,20,684.0251982,8.397715288,8.397715288
2020-03-07,22,269.3461964,3.726234571,3.726234571
2020-03-07,23,139.5479429,1.618036082,1.618036082
2020-03-07,25,981.5321829,11.78187659,11.78187659
2020-03-07,26,595.1599705,6.381305762,6.381305762
2020-03-07,27,107.6662906,2.19517467,2.19517467
2020-03-07,28,1059.032498,11.6539661,11.6539661
2020-03-07,3,508.9768078,6.644305185,6.644305185
2020-03-07,31,680.3636363,8.051714785,8.051714785
2020-03-07,33,124.2620431,1.962528029,1.962528029
2020-03-07,35,128.2014501,1.757826283,1.757826283
2020-03-07,36,305.2129001,4.222620266,4.222620266
2020-03-07,38,797.3784093,9.14267579,9.14267579
2020-03-07,39,92.56835095,1.500231,1.500231
2020-03-07,41,474.7423886,5.349398156,5.349398156
2020-03-07,42,80.05708487,0.9195964093,0.9195964093
2020-03-07,44,992.4118206,10.59826579,10.59826579
2020-03-07,45,631.8860952,6.530602442,6.530602442
2020-03-07,46,313.6086623,3.34108545,3.34108545
2020-03-07,49,290.2978704,3.382789822,3.382789822
2020-03-07,5,1073.029134,11.40094704,11.40094704
2020-03-07,51,1078.728855,13.59025345,13.59025345
2020-03-07,52,552.5606072,5.902140946,5.902140946
2020-03-07,55,480.5869211,5.075596923,5.075596923
2020-03-07,57,363.0852887,4.023374658,4.023374658
2020-03-07,59,1050.351001,12.2184707,12.2184707
2020-03-07,61,92.53588222,1.318450991,1.318450991
2020-03-07,63,606.5733371,6.292532214,6.292532214
2020-03-07,64,122.1548615,1.465085044,1.465085044
2020-03-07,66,719.7811106,9.179500714,9.179500714
2020-03-07,68,1710.230632,17.77446015,17.77446015
2020-03-07,69,612.6485765,7.818633236,7.818633236
2020-03-07,71,362.3395606,4.259657209,4.259657209
2020-03-07,72,295.000018,3.283138644,3.283138644
2020-03-07,73,568.4981217,6.772518441,6.772518441
2020-03-07,74,301.2485077,3.622033234,3.622033234
2020-03-07,75,350.9492297,3.796662235,3.796662235
2020-03-07,77,429.0705455,5.007646392,5.007646392
2020-03-07,8,375.9284491,3.98342691,3.98342691
2020-03-07,80,348.4700475,4.371363152,4.371363152
2020-03-07,81,364.106171,4.259872138,4.259872138
2020-03-07,83,110.1931438,1.446481932,1.446481932
2020-03-07,84,413.6375582,5.00257845,5.00257845
2020-03-07,88,755.1418123,8.507578955,8.507578955
2020-03-07,89,935.6706874,11.75769508,11.75769508
2020-03-07,90,333.9534148,4.16796299,4.16796299
2020-03-07,92,656.9564447,8.110594848,8.110594848
2020-03-07,93,337.0688794,3.945819973,3.945819973
2020-03-07,95,290.5846622,3.10811825,3.10811825
2020-03-07,96,1084.006719,12.52121422,12.52121422
2020-03-07,97,341.2213716,3.599293369,3.599293369
2020-03-07,98,565.1817284,7.615819923,7.615819923
2020-03-08,10,1283.084246,15.07269545,15.07269545
2020-03-08,103,499.3914801,6.246405999,6.246405999
2020-03-08,105,1054.203985,10.84986897,10.84986897
2020-03-08,108,369.6828928,4.669757947,4.669757947
2020-03-08,11,900.713583,10.04041129,10.04041129
2020-03-08,110,1264.275784,15.07269545,15.07269545
2020-03-08,111,905.9097221,10.04041129,10.04041129
2020-03-08,115,449.5009945,5.435528167,5.435528167
2020-03-08,118,328.247181,4.488922137,4.488922137
2020-03-08,119,284.5239131,4.143090544,4.143090544
2020-03-08,120,661.5621911,8.490900299,8.490900299
2020-03-08,122,268.3650398,3.286696633,3.286696633
2020-03-08,123,135.2384146,1.865654981,1.865654981
2020-03-08,125,987.2025236,11.6039635,11.6039635
2020-03-08,126,595.8467919,6.834908421,6.834908421
2020-03-08,127,111.6975236,1.210240942,1.210240942
2020-03-08,128,1048.212418,11.64536308,11.64536308
2020-03-08,131,680.1586793,8.797080179,8.797080179
2020-03-08,133,129.4168557,1.851438431,1.851438431
2020-03-08,135,130.1819256,1.851069788,1.851069788
2020-03-08,136,308.6159453,3.418245304,3.418245304
2020-03-08,138,810.6119882,9.86090515,9.86090515
2020-03-08,139,90.31539152,1.576794935,1.576794935
2020-03-08,141,466.2510434,5.30933539,5.30933539
2020-03-08,142,78.95396672,0.9204121004,0.9204121004
2020-03-08,144,980.6092778,10.64663182,10.64663182
2020-03-08,145,620.6000967,8.172235733,8.172235733
2020-03-08,146,318.1038333,4.620936405,4.620936405
2020-03-08,149,284.4493717,3.760948427,3.760948427
2020-03-08,15,446.4924055,5.435528167,5.435528167
2020-03-08,151,1077.006932,12.90144588,12.90144588
2020-03-08,152,553.9341041,6.517545564,6.517545564
2020-03-08,155,482.909171,5.754427479,5.754427479
2020-03-08,157,356.0350488,4.564758251,4.564758251
2020-03-08,159,1058.945652,11.81618716,11.81618716
2020-03-08,161,90.83657923,1.463737648,1.463737648
2020-03-08,163,610.366897,7.390435089,7.390435089
2020-03-08,164,117.9380595,1.330889676,1.330889676
2020-03-08,166,720.2293625,8.745864472,8.745864472
2020-03-08,168,1689.439549,20.63633618,20.63633618
2020-03-08,169,610.2778151,7.106310847,7.106310847
2020-03-08,171,347.7313741,4.347592346,4.347592346
2020-03-08,172,286.8518833,3.057498772,3.057498772
2020-03-08,173,571.2854767,6.518191859,6.518191859
2020-03-08,174,306.3191435,3.467962906,3.467962906
2020-03-08,175,348.7159805,3.516562009,3.516562009
2020-03-08,177,416.5514813,4.441489898,4.441489898
2020-03-08,18,329.6039786,4.488922137,4.488922137
2020-03-08,180,348.5478709,4.998462133,4.998462133
2020-03-08,181,361.8015361,4.513976607,4.513976607
2020-03-08,183,108.1200142,2.074938242,2.074938242
2020-03-08,184,407.9821631,5.226717074,5.226717074
2020-03-08,188,741.2082143,8.166101469,8.166101469
2020-03-08,189,925.8301484,10.42159418,10.42159418
2020-03-08,19,283.4880474,4.143090544,4.143090544
2020-03-08,190,334.5184246,3.9053444,3.9053444
2020-03-08,192,633.3243984,7.89148404,7.89148404
2020-03-08,193,328.4855732,3.394292783,3.394292783
2020-03-08,195,284.2221308,3.018135172,3.018135172
2020-03-08,196,1040.901659,10.79674676,10.79674676
2020-03-08,197,319.5644764,3.944076795,3.944076795
2020-03-08,198,555.9008072,6.322271986,6.322271986
2020-03-08,20,669.2680114,8.490900299,8.490900299
2020-03-08,22,265.3173026,3.286696633,3.286696633
2020-03-08,23,136.5971591,1.865654981,1.865654981
2020-03-08,25,985.2876698,11.6039635,11.6039635
2020-03-08,26,600.4560539,6.834908421,6.834908421
2020-03-08,27,109.0107761,1.210240942,1.210240942
2020-03-08,28,1046.206778,11.64536308,11.64536308
2020-03-08,3,505.136064,6.246405999,6.246405999
2020-03-08,31,676.3563353,8.797080179,8.797080179
2020-03-08,33,129.1329273,1.851438431,1.851438431
2020-03-08,35,128.0397918,1.851069788,1.851069788
2020-03-08,36,304.9647449,3.418245304,3.418245304
2020-03-08,38,798.1114194,9.86090515,9.86090515
2020-03-08,39,92.94036635,1.576794935,1.576794935
2020-03-08,41,467.8575012,5.30933539,5.30933539
2020-03-08,42,78.92076353,0.9204121004,0.9204121004
2020-03-08,44,986.9068073,10.64663182,10.64663182
2020-03-08,45,624.253496,8.172235733,8.172235733
2020-03-08,46,315.5546123,4.620936405,4.620936405
2020-03-08,49,283.7748761,3.760948427,3.760948427
2020-03-08,5,1069.740942,10.84986897,10.84986897
2020-03-08,51,1076.010731,12.90144588,12.90144588
2020-03-08,52,546.118793,6.517545564,6.517545564
2020-03-08,55,482.9012781,5.754427479,5.754427479
2020-03-08,57,356.3044454,4.564758251,4.564758251
2020-03-08,59,1052.02031,11.81618716,11.81618716
2020-03-08,61,91.34875389,1.463737648,1.463737648
2020-03-08,63,611.4045244,7.390435089,7.390435089
2020-03-08,64,120.7687299,1.330889676,1.330889676
2020-03-08,66,717.2985704,8.745864472,8.745864472
2020-03-08,68,1690.266197,20.63633618,20.63633618
2020-03-08,69,601.838825,7.106310847,7.106310847
2020-03-08,71,359.7028128,4.347592346,4.347592346
2020-03-08,72,291.2080491,3.057498772,3.057498772
2020-03-08,73,565.3960741,6.518191859,6.518191859
2020-03-08,74,300.5859404,3.467962906,3.467962906
2020-03-08,75,346.300153,3.516562009,3.516562009
2020-03-08,77,418.3113897,4.441489898,4.441489898
2020-03-08,8,369.6280714,4.669757947,4.669757947
2020-03-08,80,343.9793019,4.998462133,4.998462133
2020-03-08,81,363.0334358,4.513976607,4.513976607
2020-03-08,83,108.5924717,2.074938242,2.074938242
2020-03-08,84,413.3366665,5.226717074,5.226717074
2020-03-08,88,742.5377759,8.166101469,8.166101469
2020-03-08,89,926.6240391,10.42159418,10.42159418
2020-03-08,90,330.0031538,3.9053444,3.9053444
2020-03-08,92,645.9763528,7.89148404,7.89148404
2020-03-08,93,337.2441402,3.394292783,3.394292783
2020-03-08,95,287.3007114,3.018135172,3.018135172
2020-03-08,96,1053.054151,10.79674676,10.79674676
2020-03-08,97,331.5874535,3.944076795,3.944076795
2020-03-08,98,555.2130243,6.322271986,6.322271986
2020-03-09,10,1297.835414,14.83504225,14.83504225
2020-03-09,103,507.3925314,5.466466989,5.466466989
2020-03-09,105,1093.223639,10.89657501,10.89657501
2020-03-09,108,374.4527857,4.942379253,4.942379253
2020-03-09,11,906.2031413,10.9972641,10.9972641
2020-03-09,110,1303.98901,14.83504225,14.83504225
2020-03-09,111,896.1985012,10.9972641,10.9972641
2020-03-09,115,440.0808659,4.979591614,4.979591614
2020-03-09,118,326.8320671,4.207118932,4.207118932
2020-03-09,119,283.5769076,3.281880499,3.281880499
2020-03-09,120,662.9329569,8.387789109,8.387789109
2020-03-09,122,259.7688359,3.361754992,3.361754992
2020-03-09,123,133.2059682,1.533363116,1.533363116
2020-03-09,125,990.6040936,11.35196576,11.35196576
2020-03-09,126,589.8555239,6.557787266,6.557787266
2020-03-09,127,104.6080387,1.66349284,1.66349284
2020-03-09,128,1048.9256,11.04546628,11.04546628
2020-03-09,131,692.2988687,7.706954151,7.706954151
2020-03-09,133,127.3587577,1.527226863,1.527226863
2020-03-09,135,127.9645553,1.976776013,1.976776013
2020-03-09,136,305.4829522,3.442641511,3.442641511
2020-03-09,138,794.1448229,8.82210918,8.82210918
2020-03-09,139,93.79308699,1.394121466,1.394121466
2020-03-09,141,470.8921814,6.169947255,6.169947255
2020-03-09,142,78.34276448,1.199084614,1.199084614
2020-03-09,144,981.0665543,11.65598223,11.65598223
2020-03-09,145,619.7111586,6.984940735,6.984940735
2020-03-09,146,311.9080874,4.156008209,4.156008209
2020-03-09,149,289.6953228,4.130277523,4.130277523
2020-03-09,15,445.1680278,4.979591614,4.979591614
2020-03-09,151,1073.375798,12.4019265,12.4019265
2020-03-09,152,544.8667309,6.655725448,6.655725448
2020-03-09,155,482.6775772,5.004712265,5.004712265
2020-03-09,157,347.7938621,3.98476894,3.98476894
2020-03-09,159,1056.478009,13.00548538,13.00548538
2020-03-09,161,93.54762543,1.83769333,1.83769333
2020-03-09,163,605.2210247,7.009102343,7.009102343
2020-03-09,164,121.7682314,1.430217518,1.430217518
2020-03-09,166,731.4607204,8.561884206,8.561884206
2020-03-09,168,1680.329101,18.90384878,18.90384878
2020-03-09,169,585.3697571,7.306876837,7.306876837
2020-03-09,171,362.2148168,4.536158614,4.536158614
2020-03-09,172,292.6736734,3.649972666,3.649972666
2020-03-09,173,573.6918611,6.246540407,6.246540407
2020-03-09,174,300.3418432,3.964938067,3.964938067
2020-03-09,175,353.5678172,3.948614344,3.948614344
2020-03-09,177,427.2529645,4.413117703,4.413117703
2020-03-09,18,326.7342485,4.207118932,4.207118932
2020-03-09,180,351.764313,3.896727493,3.896727493
2020-03-09,181,362.0614343,3.909292816,3.909292816
2020-03-09,183,105.7749883,1.13946575,1.13946575
2020-03-09,184,413.0251444,5.301608662,5.301608662
2020-03-09,188,736.0794348,7.579054064,7.579054064
2020-03-09,189,898.9879314,10.88934936,10.88934936
2020-03-09,19,284.0502202,3.281880499,3.281880499
2020-03-09,190,337.5831908,3.684299992,3.684299992
2020-03-09,192,670.2596109,7.199322688,7.199322688
2020-03-09,193,337.2838076,3.563773673,3.563773673
2020-03-09,195,284.2128322,4.09790889,4.09790889
2020-03-09,196,1052.883362,11.45248867,11.45248867
2020-03-09,197,340.075435,3.983886944,3.983886944
2020-03-09,198,556.3627624,6.930476605,6.930476605
2020-03-09,20,669.8159948,8.387789109,8.387789109
2020-03-09,22,262.8737933,3.361754992,3.361754992
2020-03-09,23,135.9834595,1.533363116,1.533363116
2020-03-09,25,991.8568983,11.35196576,11.35196576
2020-03-09,26,597.3109786,6.557787266,6.557787266
2020-03-09,27,106.9837675,1.66349284,1.66349284
2020-03-09,28,1049.123003,11.04546628,11.04546628
2020-03-09,3,502.9824745,5.466466989,5.466466989
2020-03-09,31,681.5396644,7.706954151,7.706954151
2020-03-09,33,130.0922408,1.527226863,1.527226863
2020-03-09,35,126.8633318,1.976776013,1.976776013
2020-03-09,36,304.4407137,3.442641511,3.442641511
2020-03-09,38,796.1850981,8.82210918,8.82210918
2020-03-09,39,91.63547532,1.394121466,1.394121466
2020-03-09,41,468.7640741,6.169947255,6.169947255
2020-03-09,42,79.14541641,1.199084614,1.199084614
2020-03-09,44,998.6591737,11.65598223,11.65598223
2020-03-09,45,622.937294,6.984940735,6.984940735
2020-03-09,46,317.1782518,4.156008209,4.156008209
2020-03-09,49,285.327081,4.130277523,4.130277523
2020-03-09,5,1088.92356,10.89657501,10.89657501
2020-03-09,51,1062.460178,12.4019265,12.4019265
2020-03-09,52,538.5591093,6.655725448,6.655725448
2020-03-09,55,485.6514581,5.004712265,5.004712265
2020-03-09,57,351.8222859,3.98476894,3.98476894
2020-03-09,59,1057.632101,13.00548538,13.00548538
2020-03-09,61,92.10454805,1.83769333,1.83769333
2020-03-09,63,606.7803247,7.009102343,7.009102343
2020-03-09,64,122.1451786,1.430217518,1.430217518
2020-03-09,66,722.1509695,8.561884206,8.561884206
2020-03-09,68,1711.572058,18.90384878,18.90384878
2020-03-09,69,595.1374723,7.306876837,7.306876837
2020-03-09,71,361.2132336,4.536158614,4.536158614
2020-03-09,72,290.6562928,3.649972666,3.649972666
2020-03-09,73,571.5058157,6.246540407,6.246540407
2020-03-09,74,300.6120749,3.964938067,3.964938067
2020-03-09,75,343.5797689,3.948614344,3.948614344
2020-03-09,77,418.5998253,4.413117703,4.413117703
2020-03-09,8,374.3862869,4.942379253,4.942379253
2020-03-09,80,349.1066811,3.896727493,3.896727493
2020-03-09,81,361.5969861,3.909292816,3.909292816
2020-03-09,83,107.2834327,1.13946575,1.13946575
2020-03-09,84,413.6708362,5.301608662,5.301608662
2020-03-09,88,739.9621506,7.579054064,7.579054064
2020-03-09,89,905.6948666,10.88934936,10.88934936
2020-03-09,90,333.8048183,3.684299992,3.684299992
2020-03-09,92,656.984203,7.199322688,7.199322688
2020-03-09,93,345.4906371,3.563773673,3.563773673
2020-03-09,95,286.4224976,4.09790889,4.09790889
2020-03-09,96,1050.425874,11.45248867,11.45248867
2020-03-09,97,334.8026411,3.983886944,3.983886944
2020-03-09,98,558.2902201,6.930476605,6.930476605
2020-03-10,10,1316.21434,15.50953905,15.50953905
2020-03-10,103,511.2369037,5.852117312,5.852117312
2020-03-10,105,1069.315333,11.48575203,11.48575203
2020-03-10,108,373.3294799,4.54766461,4.54766461
2020-03-10,11,915.2206567,11.41439429,11.41439429
2020-03-10,110,1299.444271,15.50953905,15.50953905
2020-03-10,111,922.3225939,11.41439429,11.41439429
2020-03-10,115,442.012773,5.22048822,5.22048822
2020-03-10,118,323.3527884,3.937032539,3.937032539
2020-03-10,119,286.9317862,3.603776214,3.603776214
2020-03-10,120,674.5126911,9.443658914,9.443658914
2020-03-10,122,270.4439098,3.403499422,3.403499422
2020-03-10,123,135.5622225,1.665814116,1.665814116
2020-03-10,125,1039.961142,11.75461865,11.75461865
2020-03-10,126,607.4517338,7.101914982,7.101914982
2020-03-10,127,106.6507146,1.199907727,1.199907727
2020-03-10,128,1059.250275,12.66757646,12.66757646
2020-03-10,131,692.6182597,8.598530808,8.598530808
2020-03-10,133,133.8953889,1.96091396,1.96091396
2020-03-10,135,126.2860155,1.675526119,1.675526119
2020-03-10,136,314.0150542,3.966041157,3.966041157
2020-03-10,138,799.3115959,9.792867295,9.792867295
2020-03-10,139,92.71530583,1.026340878,1.026340878
2020-03-10,141,479.8711562,5.814415925,5.814415925
2020-03-10,142,80.49337757,0.8161743166,0.8161743166
2020-03-10,144,1020.985427,11.22000804,11.22000804
2020-03-10,145,629.8635736,7.087329793,7.087329793
2020-03-10,146,318.7950267,3.518651012,3.518651012
2020-03-10,149,287.0615142,3.562511539,3.562511539
2020-03-10,15,446.5291079,5.22048822,5.22048822
2020-03-10,151,1064.175748,12.77479867,12.77479867
2020-03-10,152,540.0959996,5.368160519,5.368160519
2020-03-10,155,481.4903684,5.67967443,5.67967443
2020-03-10,157,358.2771068,4.720431733,4.720431733
2020-03-10,159,1068.437792,11.77824163,11.77824163
2020-03-10,161,93.763063,1.564524784,1.564524784
2020-03-10,163,621.0321348,7.323100654,7.323100654
2020-03-10,164,122.4674475,1.979684028,1.979684028
2020-03-10,166,734.4563137,8.431796924,8.431796924
2020-03-10,168,1717.990423,18.97097305,18.97097305
2020-03-10,169,587.7090841,7.859927544,7.859927544
2020-03-10,171,369.7922714,4.663469101,4.663469101
2020-03-10,172,288.6018571,3.406052907,3.406052907
2020-03-10,173,579.7478957,6.260338646,6.260338646
2020-03-10,174,308.3220979,3.098262689,3.098262689
2020-03-10,175,352.9785734,4.079599302,4.079599302
2020-03-10,177,411.2314461,4.514318008,4.514318008
2020-03-10,18,325.6425669,3.937032539,3.937032539
2020-03-10,180,346.9329332,5.397502073,5.397502073
2020-03-10,181,368.9186324,4.887933795,4.887933795
2020-03-10,183,109.5741208,1.240834611,1.240834611
2020-03-10,184,414.1709598,5.069661082,5.069661082
2020-03-10,188,732.499733,8.869710367,8.869710367
2020-03-10,189,923.5046543,9.858851639,9.858851639
2020-03-10,19,289.5750274,3.603776214,3.603776214
2020-03-10,190,339.7992497,3.711701899,3.711701899
2020-03-10,192,641.5077113,7.774808337,7.774808337
2020-03-10,193,350.9137518,4.141817716,4.141817716
2020-03-10,195,288.9122394,3.691949269,3.691949269
2020-03-10,196,1029.25681,10.6636012,10.6636012
2020-03-10,197,337.0584337,3.904509511,3.904509511
2020-03-10,198,556.4107753,6.584362521,6.584362521
2020-03-10,20,675.0145127,9.443658914,9.443658914
2020-03-10,22,270.1294775,3.403499422,3.403499422
2020-03-10,23,139.2628403,1.665814116,1.665814116
2020-03-10,25,1014.589321,11.75461865,11.75461865
2020-03-10,26,604.7939425,7.101914982,7.101914982
2020-03-10,27,107.8934404,1.199907727,1.199907727
2020-03-10,28,1063.804696,12.66757646,12.66757646
2020-03-10,3,511.3980661,5.852117312,5.852117312
2020-03-10,31,690.3650391,8.598530808,8.598530808
2020-03-10,33,134.9561793,1.96091396,1.96091396
2020-03-10,35,128.1753367,1.675526119,1.675526119
2020-03-10,36,313.4051037,3.966041157,3.966041157
2020-03-10,38,800.8817397,9.792867295,9.792867295
2020-03-10,39,93.60961669,1.026340878,1.026340878
2020-03-10,41,473.3720403,5.814415925,5.814415925
2020-03-10,42,78.82933625,0.8161743166,0.8161743166
2020-03-10,44,1021.308902,11.22000804,11.22000804
2020-03-10,45,633.0208466,7.087329793,7.087329793
2020-03-10,46,315.84162,3.518651012,3.518651012
2020-03-10,49,285.0329775,3.562511539,3.562511539
2020-03-10,5,1083.082345,11.48575203,11.48575203
2020-03-10,51,1075.308224,12.77479867,12.77479867
2020-03-10,52,534.7309179,5.368160519,5.368160519
2020-03-10,55,492.7615202,5.67967443,5.67967443
2020-03-10,57,357.7203249,4.720431733,4.720431733
2020-03-10,59,1067.433139,11.77824163,11.77824163
2020-03-10,61,92.38640026,1.564524784,1.564524784
2020-03-10,63,629.6194858,7.323100654,7.323100654
2020-03-10,64,122.8542458,1.979684028,1.979684028
2020-03-10,66,733.9323696,8.431796924,8.431796924
2020-03-10,68,1722.642633,18.97097305,18.97097305
2020-03-10,69,598.5178133,7.859927544,7.859927544
2020-03-10,71,366.9918702,4.663469101,4.663469101
2020-03-10,72,289.865578,3.406052907,3.406052907
2020-03-10,73,577.8983175,6.260338646,6.260338646
2020-03-10,74,305.1215929,3.098262689,3.098262689
2020-03-10,75,352.1959915,4.079599302,4.079599302
2020-03-10,77,418.3120179,4.514318008,4.514318008
2020-03-10,8,371.4480251,4.54766461,4.54766461
2020-03-10,80,348.0152959,5.397502073,5.397502073
2020-03-10,81,368.3182415,4.887933795,4.887933795
2020-03-10,83,109.6080309,1.240834611,1.240834611
2020-03-10,84,417.7960524,5.069661082,5.069661082
2020-03-10,88,734.8297137,8.869710367,8.869710367
2020-03-10,89,919.589209,9.858851639,9.858851639
2020-03-10,90,339.3315399,3.711701899,3.711701899
2020-03-10,92,649.5098004,7.774808337,7.774808337
2020-03-10,93,349.185911,4.141817716,4.141817716
2020-03-10,95,286.6722618,3.691949269,3.691949269
2020-03-10,96,1053.340708,10.6636012,10.6636012
2020-03-10,97,337.6370683,3.904509511,3.904509511
2020-03-10,98,560.6824266,6.584362521,6.584362521
2020-03-11,10,1326.137398,14.83278839,14.83278839
2020-03-11,103,510.3250382,5.836728553,5.836728553
2020-03-11,105,1100.326955,11.5025107,11.5025107
2020-03-11,108,378.5115175,4.94125747,4.94125747
2020-03-11,11,921.7481012,10.81235884,10.81235884
2020-03-11,110,1345.055086,14.83278839,14.83278839
2020-03-11,111,915.113987,10.81235884,10.81235884
2020-03-11,115,436.2514186,5.361451309,5.361451309
2020-03-11,118,315.1860889,4.513755179,4.513755179
2020-03-11,119,293.2509191,3.182811187,3.182811187
2020-03-11,120,680.4943706,7.940998401,7.940998401
2020-03-11,122,272.2990614,3.770798425,3.770798425
2020-03-11,123,144.2718568,1.765994169,1.765994169
2020-03-11,125,1018.959209,11.89203162,11.89203162
2020-03-11,126,612.2106749,7.048671589,7.048671589
2020-03-11,127,115.0874656,1.519591657,1.519591657
2020-03-11,128,1059.110764,10.65502977,10.65502977
2020-03-11,131,686.0264104,7.42687453,7.42687453
2020-03-11,133,132.2784199,1.619587953,1.619587953
2020-03-11,135,126.1951923,1.358713407,1.358713407
2020-03-11,136,310.1749036,3.766175546,3.766175546
2020-03-11,138,814.0316709,11.00833314,11.00833314
2020-03-11,139,96.74235316,1.519247941,1.519247941
2020-03-11,141,463.2623491,5.307152096,5.307152096
2020-03-11,142,78.02839951,1.176433096,1.176433096
2020-03-11,144,1007.851229,11.49726934,11.49726934
2020-03-11,145,620.9817674,7.504265494,7.504265494
2020-03-11,146,314.430322,4.304487491,4.304487491
2020-03-11,149,287.1080152,3.33468689,3.33468689
2020-03-11,15,441.9078659,5.361451309,5.361451309
2020-03-11,151,1089.595917,11.78495885,11.78495885
2020-03-11,152,536.1050024,6.219030896,6.219030896
2020-03-11,155,491.0868199,5.799075071,5.799075071
2020-03-11,157,355.1939324,4.568019666,4.568019666
2020-03-11,159,1085.714929,11.62933474,11.62933474
2020-03-11,161,88.50881093,1.317010096,1.317010096
2020-03-11,163,658.1927496,6.888355026,6.888355026
2020-03-11,164,124.7394177,1.402989576,1.402989576
2020-03-11,166,728.057055,8.657909013,8.657909013
2020-03-11,168,1729.08782,19.20117701,19.20117701
2020-03-11,169,606.2404985,7.96587645,7.96587645
2020-03-11,171,359.8696625,4.557708258,4.557708258
2020-03-11,172,292.0477773,3.830798148,3.830798148
2020-03-11,173,587.8673832,6.61002502,6.61002502
2020-03-11,174,307.5948606,3.841536584,3.841536584
2020-03-11,175,347.5298222,4.31424321,4.31424321
2020-03-11,177,410.9153033,5.02456822,5.02456822
2020-03-11,18,322.2308715,4.513755179,4.513755179
2020-03-11,180,350.7433311,4.546895686,4.546895686
2020-03-11,181,363.6196049,4.925448478,4.925448478
2020-03-11,183,107.1531078,1.09417381,1.09417381
2020-03-11,184,417.633007,5.224351763,5.224351763
2020-03-11,188,730.1027242,8.285512465,8.285512465
2020-03-11,189,925.7902109,11.16942123,11.16942123
2020-03-11,19,290.0717999,3.182811187,3.182811187
2020-03-11,190,336.6575577,3.761072719,3.761072719
2020-03-11,192,641.5385828,7.129858973,7.129858973
2020-03-11,193,346.7010402,3.640938087,3.640938087
2020-03-11,195,290.8630076,3.251203698,3.251203698
2020-03-11,196,1041.88884,11.20141148,11.20141148
2020-03-11,197,338.4528757,3.721160786,3.721160786
2020-03-11,198,564.2299878,6.811638666,6.811638666
2020-03-11,20,680.5992093,7.940998401,7.940998401
2020-03-11,22,270.5978612,3.770798425,3.770798425
2020-03-11,23,143.2466876,1.765994169,1.765994169
2020-03-11,25,1026.704317,11.89203162,11.89203162
2020-03-11,26,604.6429815,7.048671589,7.048671589
2020-03-11,27,110.0543616,1.519591657,1.519591657
2020-03-11,28,1059.586336,10.65502977,10.65502977
2020-03-11,3,508.9601173,5.836728553,5.836728553
2020-03-11,31,693.9608694,7.42687453,7.42687453
2020-03-11,33,134.7400144,1.619587953,1.619587953
2020-03-11,35,127.0058467,1.358713407,1.358713407
2020-03-11,36,311.2637786,3.766175546,3.766175546
2020-03-11,38,807.8602852,11.00833314,11.00833314
2020-03-11,39,94.00344217,1.519247941,1.519247941
2020-03-11,41,466.0165866,5.307152096,5.307152096
2020-03-11,42,77.22509237,1.176433096,1.176433096
2020-03-11,44,1020.045474,11.49726934,11.49726934
2020-03-11,45,624.6910061,7.504265494,7.504265494
2020-03-11,46,318.2630479,4.304487491,4.304487491
2020-03-11,49,284.8909802,3.33468689,3.33468689
2020-03-11,5,1093.37834,11.5025107,11.5025107
2020-03-11,51,1081.899783,11.78495885,11.78495885
2020-03-11,52,537.4213247,6.219030896,6.219030896
2020-03-11,55,504.3153407,5.799075071,5.799075071
2020-03-11,57,353.9968384,4.568019666,4.568019666
2020-03-11,59,1074.350685,11.62933474,11.62933474
2020-03-11,61,90.10867418,1.317010096,1.317010096
2020-03-11,63,639.959475,6.888355026,6.888355026
2020-03-11,64,122.6570253,1.402989576,1.402989576
2020-03-11,66,729.7115984,8.657909013,8.657909013
2020-03-11,68,1731.666816,19.20117701,19.20117701
2020-03-11,69,601.1605841,7.96587645,7.96587645
2020-03-11,71,367.5565562,4.557708258,4.557708258
2020-03-11,72,290.0522999,3.830798148,3.830798148
2020-03-11,73,579.8178569,6.61002502,6.61002502
2020-03-11,74,312.4389729,3.841536584,3.841536584
2020-03-11,75,352.4520331,4.31424321,4.31424321
2020-03-11,77,412.8409068,5.02456822,5.02456822
2020-03-11,8,371.7537222,4.94125747,4.94125747
2020-03-11,80,345.776102,4.546895686,4.546895686
2020-03-11,81,366.1663904,4.925448478,4.925448478
2020-03-11,83,106.8504111,1.09417381,1.09417381
2020-03-11,84,418.7339265,5.224351763,5.224351763
2020-03-11,88,724.4712362,8.285512465,8.285512465
2020-03-11,89,917.2079317,11.16942123,11.16942123
2020-03-11,90,339.381123,3.761072719,3.761072719
2020-03-11,92,640.2053474,7.129858973,7.129858973
2020-03-11,93,349.3928211,3.640938087,3.640938087
2020-03-11,95,288.2177476,3.251203698,3.251203698
2020-03-11,96,1044.596239,11.20141148,11.20141148
2020-03-11,97,337.9453298,3.721160786,3.721160786
2020-03-11,98,563.7019253,6.811638666,6.811638666
2020-03-12,10,1357.12806,15.86088902,15.86088902
2020-03-12,103,532.9023,5.252746629,5.252746629
2020-03-12,105,1071.816441,11.53185845,11.53185845
2020-03-12,108,382.0212093,4.090078297,4.090078297
2020-03-12,11,934.5113756,10.55703331,10.55703331
2020-03-12,110,1355.05156,15.86088902,15.86088902
2020-03-12,111,935.6801376,10.55703331,10.55703331
2020-03-12,115,442.6455351,4.836693319,4.836693319
2020-03-12,118,320.5195081,4.748573362,4.748573362
2020-03-12,119,289.0163917,3.457805924,3.457805924
2020-03-12,120,692.0126506,9.184002217,9.184002217
2020-03-12,122,270.2036887,3.327728585,3.327728585
2020-03-12,123,142.9687827,1.880574867,1.880574867
2020-03-12,125,1005.751089,11.25787157,11.25787157
2020-03-12,126,613.3049205,6.803827879,6.803827879
2020-03-12,127,107.6101225,1.439791499,1.439791499
2020-03-12,128,1060.100948,11.9548695,11.9548695
2020-03-12,131,709.0237907,8.267256031,8.267256031
2020-03-12,133,131.8432714,1.739940016,1.739940016
2020-03-12,135,133.5976601,2.03939437,2.03939437
2020-03-12,136,315.5783491,4.562844844,4.562844844
2020-03-12,138,823.0167749,8.683004402,8.683004402
2020-03-12,139,93.55089689,1.123416886,1.123416886
2020-03-12,141,474.7315515,4.95649098,4.95649098
2020-03-12,142,80.01854331,1.51808822,1.51808822
2020-03-12,144,1033.822388,11.33231699,11.33231699
2020-03-12,145,624.8159198,7.232524869,7.232524869
2020-03-12,146,320.9031478,4.037988077,4.037988077
2020-03-12,149,286.0970631,3.755312912,3.755312912
2020-03-12,15,442.6393299,4.836693319,4.836693319
2020-03-12,151,1094.493119,13.54689435,13.54689435
2020-03-12,152,541.8127414,5.69274713,5.69274713
2020-03-12,155,503.1529459,5.721066081,5.721066081
2020-03-12,157,360.8127724,4.217499664,4.217499664
2020-03-12,159,1073.766868,11.31375118,11.31375118
2020-03-12,161,91.89825877,1.301716737,1.301716737
2020-03-12,163,670.2155987,6.84356776,6.84356776
2020-03-12,164,125.6182333,2.013499591,2.013499591
2020-03-12,166,756.1274329,8.38850638,8.38850638
2020-03-12,168,1775.294216,19.14961921,19.14961921
2020-03-12,169,608.6859648,6.920449987,6.920449987
2020-03-12,171,367.1025196,4.189210888,4.189210888
2020-03-12,172,288.9547511,3.668214452,3.668214452
2020-03-12,173,579.3084517,6.585610717,6.585610717
2020-03-12,174,314.0175622,4.052539361,4.052539361
2020-03-12,175,355.6198663,5.316352161,5.316352161
2020-03-12,177,410.9326512,4.76010938,4.76010938
2020-03-12,18,322.780181,4.748573362,4.748573362
2020-03-12,180,341.8626936,4.291260445,4.291260445
2020-03-12,181,362.5618705,3.759036703,3.759036703
2020-03-12,183,106.9803244,1.283749797,1.283749797
2020-03-12,184,423.9542088,4.526718388,4.526718388
2020-03-12,188,725.8681472,8.136487158,8.136487158
2020-03-12,189,940.6503468,10.43313442,10.43313442
2020-03-12,19,293.1855994,3.457805924,3.457805924
2020-03-12,190,353.2842482,4.004444521,4.004444521
2020-03-12,192,645.5510524,7.277677373,7.277677373
2020-03-12,193,344.9577766,3.626626989,3.626626989
2020-03-12,195,280.1105259,3.248459284,3.248459284
2020-03-12,196,1064.504841,11.39560175,11.39560175
2020-03-12,197,336.8721133,3.757646797,3.757646797
2020-03-12,198,561.5571845,6.461729939,6.461729939
2020-03-12,20,685.611124,9.184002217,9.184002217
2020-03-12,22,271.6316811,3.327728585,3.327728585
2020-03-12,23,143.0737629,1.880574867,1.880574867
2020-03-12,25,1024.276261,11.25787157,11.25787157
2020-03-12,26,620.5300121,6.803827879,6.803827879
2020-03-12,27,108.5849885,1.439791499,1.439791499
2020-03-12,28,1070.664156,11.9548695,11.9548695
2020-03-12,3,518.8754923,5.252746629,5.252746629
2020-03-12,31,699.2803482,8.267256031,8.267256031
2020-03-12,33,135.4213491,1.739940016,1.739940016
2020-03-12,35,131.2408683,2.03939437,2.03939437
2020-03-12,36,316.3012659,4.562844844,4.562844844
2020-03-12,38,817.3728281,8.683004402,8.683004402
2020-03-12,39,95.21052916,1.123416886,1.123416886
2020-03-12,41,471.3056564,4.95649098,4.95649098
2020-03-12,42,79.14639881,1.51808822,1.51808822
2020-03-12,44,1022.998371,11.33231699,11.33231699
2020-03-12,45,613.4186679,7.232524869,7.232524869
2020-03-12,46,323.4586288,4.037988077,4.037988077
2020-03-12,49,290.1133088,3.755312912,3.755312912
2020-03-12,5,1095.51701,11.53185845,11.53185845
2020-03-12,51,1084.163041,13.54689435,13.54689435
2020-03-12,52,541.5673858,5.69274713,5.69274713
2020-03-12,55,505.0149319,5.721066081,5.721066081
2020-03-12,57,360.6373195,4.217499664,4.217499664
2020-03-12,59,1084.053929,11.31375118,11.31375118
2020-03-12,61,91.70175889,1.301716737,1.301716737
2020-03-12,63,652.3712879,6.84356776,6.84356776
2020-03-12,64,124.6747014,2.013499591,2.013499591
2020-03-12,66,746.7726698,8.38850638,8.38850638
2020-03-12,68,1766.477675,19.14961921,19.14961921
2020-03-12,69,604.7696293,6.920449987,6.920449987
2020-03-12,71,369.7506392,4.189210888,4.189210888
2020-03-12,72,289.9009123,3.668214452,3.668214452
2020-03-12,73,582.5208308,6.585610717,6.585610717
2020-03-12,74,312.320313,4.052539361,4.052539361
2020-03-12,75,354.1960705,5.316352161,5.316352161
2020-03-12,77,411.6112208,4.76010938,4.76010938
2020-03-12,8,376.9070491,4.090078297,4.090078297
2020-03-12,80,343.5384605,4.291260445,4.291260445
2020-03-12,81,361.3071743,3.759036703,3.759036703
2020-03-12,83,106.6952249,1.283749797,1.283749797
2020-03-12,84,423.8223125,4.526718388,4.526718388
2020-03-12,88,733.0742438,8.136487158,8.136487158
2020-03-12,89,928.8359632,10.43313442,10.43313442
2020-03-12,90,346.9825329,4.004444521,4.004444521
2020-03-12,92,647.5743845,7.277677373,7.277677373
2020-03-12,93,342.9079751,3.626626989,3.626626989
2020-03-12,95,283.7083846,3.248459284,3.248459284
2020-03-12,96,1048.222696,11.39560175,11.39560175
2020-03-12,97,344.9828078,3.757646797,3.757646797
2020-03-12,98,567.9749047,6.461729939,6.461729939
2020-03-13,10,1356.132575,14.94896997,14.94896997
2020-03-13,103,509.6526331,5.817576081,5.817576081
2020-03-13,105,1100.127208,11.14362945,11.14362945
2020-03-13,108,376.3682743,4.169830529,4.169830529
2020-03-13,11,924.1288423,11.09211677,11.09211677
2020-03-13,110,1360.064824,14.94896997,14.94896997
2020-03-13,111,911.7981704,11.09211677,11.09211677
2020-03-13,115,450.1383686,4.545996141,4.545996141
2020-03-13,118,329.0566578,3.79023542,3.79023542
2020-03-13,119,294.5819543,3.362410753,3.362410753
2020-03-13,120,686.1516951,9.440483499,9.440483499
2020-03-13,122,266.0773847,3.402747535,3.402747535
2020-03-13,123,145.5414686,2.356102207,2.356102207
2020-03-13,125,1024.023893,11.41525698,11.41525698
2020-03-13,126,593.2638909,6.885963595,6.885963595
2020-03-13,127,109.1763433,2.058330196,2.058330196
2020-03-13,128,1070.958385,11.25358485,11.25358485
2020-03-13,131,698.332857,7.667917624,7.667917624
2020-03-13,133,135.2207578,1.541258511,1.541258511
2020-03-13,135,128.6183375,2.126928666,2.126928666
2020-03-13,136,321.7034579,3.903590516,3.903590516
2020-03-13,138,800.7676311,9.701544065,9.701544065
2020-03-13,139,96.86477185,1.729814369,1.729814369
2020-03-13,141,470.9617522,6.850844289,6.850844289
2020-03-13,142,79.22306831,0.8812708189,0.8812708189
2020-03-13,144,993.8831766,10.53258,10.53258
2020-03-13,145,629.0684244,6.962813718,6.962813718
2020-03-13,146,323.3387709,4.869701917,4.869701917
2020-03-13,149,296.0432182,3.954840354,3.954840354
2020-03-13,15,446.0618353,4.545996141,4.545996141
2020-03-13,151,1075.087762,12.5790788,12.5790788
2020-03-13,152,528.5803344,5.851601082,5.851601082
2020-03-13,155,511.292679,6.661939197,6.661939197
2020-03-13,157,365.1756777,4.323566143,4.323566143
2020-03-13,159,1072.431603,12.33350206,12.33350206
2020-03-13,161,92.08863453,1.493829783,1.493829783
2020-03-13,163,667.9639451,7.376213963,7.376213963
2020-03-13,164,128.1489888,1.419581369,1.419581369
2020-03-13,166,750.3343551,8.640403569,8.640403569
2020-03-13,168,1767.623143,20.57996689,20.57996689
2020-03-13,169,599.9481967,8.818289777,8.818289777
2020-03-13,171,377.9245738,4.146052215,4.146052215
2020-03-13,172,290.9811536,3.93614108,3.93614108
2020-03-13,173,588.6466737,7.284611451,7.284611451
2020-03-13,174,310.6955007,3.261680269,3.261680269
2020-03-13,175,360.2499933,5.045949508,5.045949508
2020-03-13,177,408.8582458,5.905009569,5.905009569
2020-03-13,18,326.3900413,3.79023542,3.79023542
2020-03-13,180,352.0310259,4.42814157,4.42814157
2020-03-13,181,355.1454557,4.292790769,4.292790769
2020-03-13,183,104.0827637,1.422580767,1.422580767
2020-03-13,184,424.1562881,4.433010404,4.433010404
2020-03-13,188,740.5078333,8.854028039,8.854028039
2020-03-13,189,927.8291968,10.65313477,10.65313477
2020-03-13,19,297.9258321,3.362410753,3.362410753
2020-03-13,190,340.5900411,3.977784448,3.977784448
2020-03-13,192,649.4204186,7.043704083,7.043704083
2020-03-13,193,360.6458776,3.782137071,3.782137071
2020-03-13,195,291.0263672,3.287488236,3.287488236
2020-03-13,196,1078.887467,12.08719419,12.08719419
2020-03-13,197,331.8956691,3.992068699,3.992068699
2020-03-13,198,571.2684556,6.575400028,6.575400028
2020-03-13,20,683.8440482,9.440483499,9.440483499
2020-03-13,22,270.425126,3.402747535,3.402747535
2020-03-13,23,143.6014808,2.356102207,2.356102207
2020-03-13,25,1022.509533,11.41525698,11.41525698
2020-03-13,26,616.0536408,6.885963595,6.885963595
2020-03-13,27,108.8348993,2.058330196,2.058330196
2020-03-13,28,1068.15221,11.25358485,11.25358485
2020-03-13,3,512.8105157,5.817576081,5.817576081
2020-03-13,31,698.4439307,7.667917624,7.667917624
2020-03-13,33,134.8368333,1.541258511,1.541258511
2020-03-13,35,131.18587,2.126928666,2.126928666
2020-03-13,36,315.8916936,3.903590516,3.903590516
2020-03-13,38,808.0070935,9.701544065,9.701544065
2020-03-13,39,96.64608699,1.729814369,1.729814369
2020-03-13,41,471.3563915,6.850844289,6.850844289
2020-03-13,42,78.63405454,0.8812708189,0.8812708189
2020-03-13,44,1009.11272,10.53258,10.53258
2020-03-13,45,629.0161244,6.962813718,6.962813718
2020-03-13,46,320.2534019,4.869701917,4.869701917
2020-03-13,49,292.0393736,3.954840354,3.954840354
2020-03-13,5,1104.900931,11.14362945,11.14362945
2020-03-13,51,1061.297876,12.5790788,12.5790788
2020-03-13,52,536.877604,5.851601082,5.851601082
2020-03-13,55,511.3688531,6.661939197,6.661939197
2020-03-13,57,359.0587685,4.323566143,4.323566143
2020-03-13,59,1093.385786,12.33350206,12.33350206
2020-03-13,61,90.75162408,1.493829783,1.493829783
2020-03-13,63,649.8516867,7.376213963,7.376213963
2020-03-13,64,126.0122328,1.419581369,1.419581369
2020-03-13,66,752.2692591,8.640403569,8.640403569
2020-03-13,68,1781.9941,20.57996689,20.57996689
2020-03-13,69,602.5860016,8.818289777,8.818289777
2020-03-13,71,376.5126114,4.146052215,4.146052215
2020-03-13,72,292.2357379,3.93614108,3.93614108
2020-03-13,73,579.5584929,7.284611451,7.284611451
2020-03-13,74,312.3976572,3.261680269,3.261680269
2020-03-13,75,360.224181,5.045949508,5.045949508
2020-03-13,77,412.1778373,5.905009569,5.905009569
2020-03-13,8,373.8142453,4.169830529,4.169830529
2020-03-13,80,347.1708279,4.42814157,4.42814157
2020-03-13,81,358.7203846,4.292790769,4.292790769
2020-03-13,83,104.2553901,1.422580767,1.422580767
2020-03-13,84,418.210536,4.433010404,4.433010404
2020-03-13,88,734.4681856,8.854028039,8.854028039
2020-03-13,89,926.896553,10.65313477,10.65313477
2020-03-13,90,343.8097442,3.977784448,3.977784448
2020-03-13,92,645.5736183,7.043704083,7.043704083
2020-03-13,93,347.8018813,3.782137071,3.782137071
2020-03-13,95,286.9540199,3.287488236,3.287488236
2020-03-13,96,1066.190788,12.08719419,12.08719419
2020-03-13,97,342.2910794,3.992068699,3.992068699
2020-03-13,98,571.4163004,6.575400028,6.575400028
2020-03-14,10,1340.457059,13.84814355,13.84814355
2020-03-14,103,506.2546484,5.436310375,5.436310375
2020-03-14,105,1077.931321,11.17093118,11.17093118
2020-03-14,108,367.9453857,5.70404333,5.70404333
2020-03-14,11,916.1243247,11.12920024,11.12920024
2020-03-14,110,1338.775149,13.84814355,13.84814355
2020-03-14,111,912.0697234,11.12920024,11.12920024
2020-03-14,115,440.2156842,5.639335864,5.639335864
2020-03-14,118,326.3165472,4.118566411,4.118566411
2020-03-14,119,298.2561584,3.826676496,3.826676496
2020-03-14,120,674.4807124,7.599059853,7.599059853
2020-03-14,122,263.3712204,3.597243661,3.597243661
2020-03-14,123,146.1214347,1.546508881,1.546508881
2020-03-14,125,986.2779912,12.35926709,12.35926709
2020-03-14,126,617.863475,8.625987252,8.625987252
2020-03-14,127,110.6585186,1.761001084,1.761001084
2020-03-14,128,1050.586568,11.68472119,11.68472119
2020-03-14,131,685.9881144,7.973100969,7.973100969
2020-03-14,133,135.4334324,1.793911677,1.793911677
2020-03-14,135,127.3216177,1.740811307,1.740811307
2020-03-14,136,312.4852802,4.57879496,4.57879496
2020-03-14,138,820.2943822,8.96265247,8.96265247
2020-03-14,139,93.92873394,1.080850961,1.080850961
2020-03-14,141,465.3020504,6.52070383,6.52070383
2020-03-14,142,81.45747873,1.470673782,1.470673782
2020-03-14,144,991.6572041,11.01317635,11.01317635
2020-03-14,145,615.2911556,6.596939938,6.596939938
2020-03-14,146,312.9212288,4.700951066,4.700951066
2020-03-14,149,286.03894,3.647713008,3.647713008
2020-03-14,15,438.6084071,5.639335864,5.639335864
2020-03-14,151,1053.244391,11.48795304,11.48795304
2020-03-14,152,536.4182957,6.064557631,6.064557631
2020-03-14,155,515.1799909,5.458066285,5.458066285
2020-03-14,157,360.2020572,5.091732652,5.091732652
2020-03-14,159,1077.688682,11.32825182,11.32825182
2020-03-14,161,89.50115762,1.217902898,1.217902898
2020-03-14,163,637.8033516,7.486332118,7.486332118
2020-03-14,164,121.1018485,1.284757917,1.284757917
2020-03-14,166,747.1467478,8.935969847,8.935969847
2020-03-14,168,1750.013945,19.55794352,19.55794352
2020-03-14,169,597.7624215,6.689207512,6.689207512
2020-03-14,171,365.575616,5.172224391,5.172224391
2020-03-14,172,284.2110467,3.262946708,3.262946708
2020-03-14,173,579.7308053,6.381515341,6.381515341
2020-03-14,174,314.6813166,4.038810857,4.038810857
2020-03-14,175,358.8056972,4.636602197,4.636602197
2020-03-14,177,409.4468043,4.434358133,4.434358133
2020-03-14,18,322.5980577,4.118566411,4.118566411
2020-03-14,180,337.7626773,3.993358909,3.993358909
2020-03-14,181,350.2851933,4.600832982,4.600832982
2020-03-14,183,107.1994085,1.178835718,1.178835718
2020-03-14,184,417.8908705,5.861038671,5.861038671
2020-03-14,188,740.2918602,8.985699945,8.985699945
2020-03-14,189,914.0287575,10.67977873,10.67977873
2020-03-14,19,294.7865543,3.826676496,3.826676496
2020-03-14,190,340.0555593,3.823340535,3.823340535
2020-03-14,192,648.835097,7.475646671,7.475646671
2020-03-14,193,340.4154696,4.321089134,4.321089134
2020-03-14,195,284.7907373,3.404988132,3.404988132
2020-03-14,196,1040.341083,12.05029634,12.05029634
2020-03-14,197,340.9003972,3.548578901,3.548578901
2020-03-14,198,565.5048025,6.628264763,6.628264763
2020-03-14,20,680.5804778,7.599059853,7.599059853
2020-03-14,22,263.9023468,3.597243661,3.597243661
2020-03-14,23,145.4244888,1.546508881,1.546508881
2020-03-14,25,1010.282803,12.35926709,12.35926709
2020-03-14,26,620.9502531,8.625987252,8.625987252
2020-03-14,27,112.603071,1.761001084,1.761001084
2020-03-14,28,1044.915236,11.68472119,11.68472119
2020-03-14,3,508.6287319,5.436310375,5.436310375
2020-03-14,31,691.0493908,7.973100969,7.973100969
2020-03-14,33,137.345869,1.793911677,1.793911677
2020-03-14,35,129.7251382,1.740811307,1.740811307
2020-03-14,36,316.0767756,4.57879496,4.57879496
2020-03-14,38,815.1657794,8.96265247,8.96265247
2020-03-14,39,93.5838883,1.080850961,1.080850961
2020-03-14,41,465.0652969,6.52070383,6.52070383
2020-03-14,42,80.41664551,1.470673782,1.470673782
2020-03-14,44,1007.162225,11.01317635,11.01317635
2020-03-14,45,624.0553942,6.596939938,6.596939938
2020-03-14,46,311.8177856,4.700951066,4.700951066
2020-03-14,49,288.9476312,3.647713008,3.647713008
2020-03-14,5,1096.380129,11.17093118,11.17093118
2020-03-14,51,1047.816168,11.48795304,11.48795304
2020-03-14,52,531.1866741,6.064557631,6.064557631
2020-03-14,55,517.0774227,5.458066285,5.458066285
2020-03-14,57,357.5907805,5.091732652,5.091732652
2020-03-14,59,1078.847711,11.32825182,11.32825182
2020-03-14,61,90.65973621,1.217902898,1.217902898
2020-03-14,63,640.6429209,7.486332118,7.486332118
2020-03-14,64,125.1737924,1.284757917,1.284757917
2020-03-14,66,752.6916561,8.935969847,8.935969847
2020-03-14,68,1779.365875,19.55794352,19.55794352
2020-03-14,69,598.9029947,6.689207512,6.689207512
2020-03-14,71,366.3295073,5.172224391,5.172224391
2020-03-14,72,287.0041429,3.262946708,3.262946708
2020-03-14,73,573.5851941,6.381515341,6.381515341
2020-03-14,74,309.7525299,4.038810857,4.038810857
2020-03-14,75,359.9570696,4.636602197,4.636602197
2020-03-14,77,409.9897992,4.434358133,4.434358133
2020-03-14,8,368.1289164,5.70404333,5.70404333
2020-03-14,80,344.4429001,3.993358909,3.993358909
2020-03-14,81,354.2707171,4.600832982,4.600832982
2020-03-14,83,103.1600159,1.178835718,1.178835718
2020-03-14,84,418.5996983,5.861038671,5.861038671
2020-03-14,88,745.5865253,8.985699945,8.985699945
2020-03-14,89,914.5811516,10.67977873,10.67977873
2020-03-14,90,340.0816889,3.823340535,3.823340535
2020-03-14,92,643.2105359,7.475646671,7.475646671
2020-03-14,93,336.8504753,4.321089134,4.321089134
2020-03-14,95,284.8233067,3.404988132,3.404988132
2020-03-14,96,1040.084693,12.05029634,12.05029634
2020-03-14,97,338.8651316,3.548578901,3.548578901
2020-03-14,98,560.1547853,6.628264763,6.628264763
2020-03-15,10,1335.981262,16.28296042,16.28296042
2020-03-15,103,502.0322073,5.753627511,5.753627511
2020-03-15,105,1105.908624,11.5098353,11.5098353
2020-03-15,108,372.0271833,4.895602603,4.895602603
2020-03-15,11,893.9309564,10.35994143,10.35994143
2020-03-15,110,1339.275831,16.28296042,16.28296042
2020-03-15,111,891.9345811,10.35994143,10.35994143
2020-03-15,115,445.7971483,5.09977337,5.09977337
2020-03-15,118,318.6493887,4.102251066,4.102251066
2020-03-15,119,288.9221883,3.234016447,3.234016447
2020-03-15,120,678.8008051,8.547445807,8.547445807
2020-03-15,122,264.1280966,3.211456462,3.211456462
2020-03-15,123,143.7266157,1.651672003,1.651672003
2020-03-15,125,1014.114197,10.99077235,10.99077235
2020-03-15,126,629.8524349,6.631972107,6.631972107
2020-03-15,127,109.2071932,1.349329794,1.349329794
2020-03-15,128,1027.771113,11.36841514,11.36841514
2020-03-15,131,703.9534815,8.140573913,8.140573913
2020-03-15,133,134.9737821,1.711660448,1.711660448
2020-03-15,135,122.2988134,1.581640636,1.581640636
2020-03-15,136,303.9198351,4.032093154,4.032093154
2020-03-15,138,803.8425715,9.909110859,9.909110859
2020-03-15,139,93.1661546,1.014644856,1.014644856
2020-03-15,141,467.8050098,5.883158591,5.883158591
2020-03-15,142,80.21337891,1.312480926,1.312480926
2020-03-15,144,969.1946324,10.96986156,10.96986156
2020-03-15,145,623.0694587,7.947092022,7.947092022
2020-03-15,146,305.5910214,3.451905024,3.451905024
2020-03-15,149,286.9724109,3.472710621,3.472710621
2020-03-15,15,442.3857647,5.09977337,5.09977337
2020-03-15,151,1037.979347,12.22727771,12.22727771
2020-03-15,152,536.8291207,6.003697818,6.003697818
2020-03-15,155,518.4659496,5.846535438,5.846535438
2020-03-15,157,351.4732238,4.872880178,4.872880178
2020-03-15,159,1093.752967,11.17723508,11.17723508
2020-03-15,161,89.37860533,2.109311913,2.109311913
2020-03-15,163,630.4376886,7.787989469,7.787989469
2020-03-15,164,121.6771389,1.425495299,1.425495299
2020-03-15,166,753.9671563,8.877311425,8.877311425
2020-03-15,168,1734.970193,19.56914656,19.56914656
2020-03-15,169,601.8442864,7.078874644,7.078874644
2020-03-15,171,358.6609529,4.4700591,4.4700591
2020-03-15,172,289.2436816,3.605464986,3.605464986
2020-03-15,173,586.4072185,5.947126854,5.947126854
2020-03-15,174,310.9024553,3.498635629,3.498635629
2020-03-15,175,357.6267487,4.538344456,4.538344456
2020-03-15,177,406.3833484,5.022260922,5.022260922
2020-03-15,18,319.6086315,4.102251066,4.102251066
2020-03-15,180,340.9256293,4.715695111,4.715695111
2020-03-15,181,341.8246915,4.624077633,4.624077633
2020-03-15,183,106.2942121,1.139340571,1.139340571
2020-03-15,184,410.9108551,5.32128101,5.32128101
2020-03-15,188,739.3959008,8.092256266,8.092256266
2020-03-15,189,917.8610412,11.87495858,11.87495858
2020-03-15,19,287.4553298,3.234016447,3.234016447
2020-03-15,190,328.0743213,3.551383134,3.551383134
2020-03-15,192,638.1338463,7.204385883,7.204385883
2020-03-15,193,332.5802492,3.606034099,3.606034099
2020-03-15,195,282.6340874,3.084147721,3.084147721
2020-03-15,196,994.5239632,10.67018576,10.67018576
2020-03-15,197,336.6631489,3.558378653,3.558378653
2020-03-15,198,553.8671808,6.315460156,6.315460156
2020-03-15,20,682.4825454,8.547445807,8.547445807
2020-03-15,22,261.6098132,3.211456462,3.211456462
2020-03-15,23,144.4383804,1.651672003,1.651672003
2020-03-15,25,1005.654061,10.99077235,10.99077235
2020-03-15,26,616.1400054,6.631972107,6.631972107
2020-03-15,27,111.454813,1.349329794,1.349329794
2020-03-15,28,1028.682049,11.36841514,11.36841514
2020-03-15,3,507.8267934,5.753627511,5.753627511
2020-03-15,31,690.9579429,8.140573913,8.140573913
2020-03-15,33,133.6419453,1.711660448,1.711660448
2020-03-15,35,123.5593592,1.581640636,1.581640636
2020-03-15,36,307.0547233,4.032093154,4.032093154
2020-03-15,38,806.7155539,9.909110859,9.909110859
2020-03-15,39,91.27941271,1.014644856,1.014644856
2020-03-15,41,462.7286328,5.883158591,5.883158591
2020-03-15,42,78.58973977,1.312480926,1.312480926
2020-03-15,44,998.4938249,10.96986156,10.96986156
2020-03-15,45,621.1439198,7.947092022,7.947092022
2020-03-15,46,307.8628295,3.451905024,3.451905024
2020-03-15,49,284.3104035,3.472710621,3.472710621
2020-03-15,5,1112.68855,11.5098353,11.5098353
2020-03-15,51,1041.208148,12.22727771,12.22727771
2020-03-15,52,537.4780527,6.003697818,6.003697818
2020-03-15,55,510.567946,5.846535438,5.846535438
2020-03-15,57,350.0525024,4.872880178,4.872880178
2020-03-15,59,1077.388381,11.17723508,11.17723508
2020-03-15,61,89.92880421,2.109311913,2.109311913
2020-03-15,63,636.1641254,7.787989469,7.787989469
2020-03-15,64,121.5590476,1.425495299,1.425495299
2020-03-15,66,756.5388588,8.877311425,8.877311425
2020-03-15,68,1743.929073,19.56914656,19.56914656
2020-03-15,69,597.2255385,7.078874644,7.078874644
2020-03-15,71,359.9848932,4.4700591,4.4700591
2020-03-15,72,286.6812343,3.605464986,3.605464986
2020-03-15,73,576.728029,5.947126854,5.947126854
2020-03-15,74,311.9162261,3.498635629,3.498635629
2020-03-15,75,358.3997913,4.538344456,4.538344456
2020-03-15,77,407.0329637,5.022260922,5.022260922
2020-03-15,8,367.3338908,4.895602603,4.895602603
2020-03-15,80,341.1050629,4.715695111,4.715695111
2020-03-15,81,348.9881289,4.624077633,4.624077633
2020-03-15,83,103.8673842,1.139340571,1.139340571
2020-03-15,84,416.9190636,5.32128101,5.32128101
2020-03-15,88,742.3912467,8.092256266,8.092256266
2020-03-15,89,914.2665318,11.87495858,11.87495858
2020-03-15,90,328.8841743,3.551383134,3.551383134
2020-03-15,92,644.4755861,7.204385883,7.204385883
2020-03-15,93,332.6548965,3.606034099,3.606034099
2020-03-15,95,283.8414947,3.084147721,3.084147721
2020-03-15,96,1025.899219,10.67018576,10.67018576
2020-03-15,97,330.149402,3.558378653,3.558378653
2020-03-15,98,557.9885335,6.315460156,6.315460156
2020-03-16,10,1327.926261,15.59359561,15.59359561
2020-03-16,103,525.1345153,5.518159109,5.518159109
2020-03-16,105,1138.325704,11.39201969,11.39201969
2020-03-16,108,371.8040934,4.4281096,4.4281096
2020-03-16,11,903.7902811,10.29382187,10.29382187
2020-03-16,110,1307.40372,15.59359561,15.59359561
2020-03-16,111,904.1827091,10.29382187,10.29382187
2020-03-16,115,438.8167013,5.521131183,5.521131183
2020-03-16,118,321.193011,3.737360067,3.737360067
2020-03-16,119,280.4028232,3.106601411,3.106601411
2020-03-16,120,689.1257869,7.948093299,7.948093299
2020-03-16,122,266.9218008,2.937355605,2.937355605
2020-03-16,123,148.0466582,2.923447932,2.923447932
2020-03-16,125,995.690742,10.589245,10.589245
2020-03-16,126,613.4920712,7.375883133,7.375883133
2020-03-16,127,110.8476525,1.121873607,1.121873607
2020-03-16,128,1038.031643,11.76617053,11.76617053
2020-03-16,131,698.0757793,8.430597062,8.430597062
2020-03-16,133,136.2749851,1.473618641,1.473618641
2020-03-16,135,123.1033203,1.289518223,1.289518223
2020-03-16,136,299.4821569,3.176027542,3.176027542
2020-03-16,138,800.1909452,9.711691565,9.711691565
2020-03-16,139,91.33782104,1.191573533,1.191573533
2020-03-16,141,455.695873,5.439868724,5.439868724
2020-03-16,142,82.04729659,1.07518234,1.07518234
2020-03-16,144,992.9922569,10.26728708,10.26728708
2020-03-16,145,625.3629283,6.651259892,6.651259892
2020-03-16,146,296.3992235,4.306742232,4.306742232
2020-03-16,149,283.4950543,3.062967378,3.062967378
2020-03-16,15,443.2300646,5.521131183,5.521131183
2020-03-16,151,1048.135334,12.12402635,12.12402635
2020-03-16,152,533.4487074,7.245156939,7.245156939
2020-03-16,155,505.6121579,5.32646679,5.32646679
2020-03-16,157,352.3206722,5.19180691,5.19180691
2020-03-16,159,1070.113726,11.3416997,11.3416997
2020-03-16,161,90.04303648,0.9897340747,0.9897340747
2020-03-16,163,627.7316965,6.818829372,6.818829372
2020-03-16,164,126.7205976,2.165518601,2.165518601
2020-03-16,166,740.7275611,8.501511915,8.501511915
2020-03-16,168,1746.456975,19.60343156,19.60343156
2020-03-16,169,609.9036201,7.789085314,7.789085314
2020-03-16,171,361.0824656,4.353205322,4.353205322
2020-03-16,172,285.0337449,3.828801303,3.828801303
2020-03-16,173,564.5926753,6.261850577,6.261850577
2020-03-16,174,314.2021795,3.490073579,3.490073579
2020-03-16,175,363.2090511,3.908919029,3.908919029
2020-03-16,177,397.635828,4.815570697,4.815570697
2020-03-16,18,318.7741576,3.737360067,3.737360067
2020-03-16,180,335.3916078,3.482558771,3.482558771
2020-03-16,181,348.776241,4.9743512,4.9743512
2020-03-16,183,100.4012755,1.565937649,1.565937649
2020-03-16,184,409.3927221,4.420626656,4.420626656
2020-03-16,188,739.9029468,8.761410715,8.761410715
2020-03-16,189,913.3777153,11.93229801,11.93229801
2020-03-16,19,281.7865323,3.106601411,3.106601411
2020-03-16,190,326.1834993,4.122352665,4.122352665
2020-03-16,192,640.3192593,7.75969339,7.75969339
2020-03-16,193,328.3057812,3.851302097,3.851302097
2020-03-16,195,290.0082235,3.89352381,3.89352381
2020-03-16,196,1045.366793,11.19049843,11.19049843
2020-03-16,197,335.63409,4.062311503,4.062311503
2020-03-16,198,548.3941494,6.397506334,6.397506334
2020-03-16,20,691.8542921,7.948093299,7.948093299
2020-03-16,22,263.6452464,2.937355605,2.937355605
2020-03-16,23,146.1595278,2.923447932,2.923447932
2020-03-16,25,1002.640426,10.589245,10.589245
2020-03-16,26,616.7042658,7.375883133,7.375883133
2020-03-16,27,111.2835242,1.121873607,1.121873607
2020-03-16,28,1044.38781,11.76617053,11.76617053
2020-03-16,3,513.1435408,5.518159109,5.518159109
2020-03-16,31,694.1816654,8.430597062,8.430597062
2020-03-16,33,133.754379,1.473618641,1.473618641
2020-03-16,35,125.5467696,1.289518223,1.289518223
2020-03-16,36,301.8832923,3.176027542,3.176027542
2020-03-16,38,796.9704249,9.711691565,9.711691565
2020-03-16,39,91.37253623,1.191573533,1.191573533
2020-03-16,41,458.5092852,5.439868724,5.439868724
2020-03-16,42,80.45879538,1.07518234,1.07518234
2020-03-16,44,987.3967474,10.26728708,10.26728708
2020-03-16,45,623.9709246,6.651259892,6.651259892
2020-03-16,46,299.683436,4.306742232,4.306742232
2020-03-16,49,283.2061894,3.062967378,3.062967378
2020-03-16,5,1120.629418,11.39201969,11.39201969
2020-03-16,51,1045.86491,12.12402635,12.12402635
2020-03-16,52,542.431931,7.245156939,7.245156939
2020-03-16,55,509.025085,5.32646679,5.32646679
2020-03-16,57,351.255572,5.19180691,5.19180691
2020-03-16,59,1070.916965,11.3416997,11.3416997
2020-03-16,61,91.17015922,0.9897340747,0.9897340747
2020-03-16,63,625.7913964,6.818829372,6.818829372
2020-03-16,64,123.7290229,2.165518601,2.165518601
2020-03-16,66,752.7024811,8.501511915,8.501511915
2020-03-16,68,1740.584377,19.60343156,19.60343156
2020-03-16,69,606.12039,7.789085314,7.789085314
2020-03-16,71,361.479365,4.353205322,4.353205322
2020-03-16,72,287.7256675,3.828801303,3.828801303
2020-03-16,73,569.1098012,6.261850577,6.261850577
2020-03-16,74,312.1572235,3.490073579,3.490073579
2020-03-16,75,361.3897127,3.908919029,3.908919029
2020-03-16,77,409.3503249,4.815570697,4.815570697
2020-03-16,8,373.7773259,4.4281096,4.4281096
2020-03-16,80,338.9995236,3.482558771,3.482558771
2020-03-16,81,349.3391458,4.9743512,4.9743512
2020-03-16,83,102.0694675,1.565937649,1.565937649
2020-03-16,84,417.4323696,4.420626656,4.420626656
2020-03-16,88,739.8956855,8.761410715,8.761410715
2020-03-16,89,915.4318195,11.93229801,11.93229801
2020-03-16,90,324.0011378,4.122352665,4.122352665
2020-03-16,92,647.2638443,7.75969339,7.75969339
2020-03-16,93,331.9499197,3.851302097,3.851302097
2020-03-16,95,289.3652413,3.89352381,3.89352381
2020-03-16,96,1053.490953,11.19049843,11.19049843
2020-03-16,97,335.7767013,4.062311503,4.062311503
2020-03-16,98,555.1505514,6.397506334,6.397506334
2020-03-17,10,1354.167926,15.06900743,15.06900743
2020-03-17,103,507.8810849,6.238491478,6.238491478
2020-03-17,105,1160.538449,12.36632141,12.36632141
2020-03-17,108,381.8191499,4.681698945,4.681698945
2020-03-17,11,916.8959074,11.8226393,11.8226393
2020-03-17,110,1372.809607,15.06900743,15.06900743
2020-03-17,111,904.9067549,11.8226393,11.8226393
2020-03-17,115,448.602921,5.106164958,5.106164958
2020-03-17,118,321.3953912,3.571383269,3.571383269
2020-03-17,119,282.3446768,3.235773894,3.235773894
2020-03-17,120,702.5243154,8.731664295,8.731664295
2020-03-17,122,265.9923614,2.936994268,2.936994268
2020-03-17,123,145.608681,1.432137209,1.432137209
2020-03-17,125,1021.324018,12.46882748,12.46882748
2020-03-17,126,618.6996917,7.022433274,7.022433274
2020-03-17,127,111.8250498,1.301499209,1.301499209
2020-03-17,128,1043.727218,10.9164992,10.9164992
2020-03-17,131,697.59804,7.562747158,7.562747158
2020-03-17,133,131.5523717,2.212196442,2.212196442
2020-03-17,135,125.2453119,1.646734635,1.646734635
2020-03-17,136,309.6817096,4.239264146,4.239264146
2020-03-17,138,792.6767773,8.59721133,8.59721133
2020-03-17,139,90.25199709,1.690805076,1.690805076
2020-03-17,141,465.7374724,5.409549885,5.409549885
2020-03-17,142,79.56567662,1.505105692,1.505105692
2020-03-17,144,979.4566718,10.59837989,10.59837989
2020-03-17,145,626.977468,7.74026197,7.74026197
2020-03-17,146,297.4881331,3.337628118,3.337628118
2020-03-17,149,289.0420883,3.39509017,3.39509017
2020-03-17,15,450.0512649,5.106164958,5.106164958
2020-03-17,151,1056.354623,12.13746982,12.13746982
2020-03-17,152,548.664732,5.804191853,5.804191853
2020-03-17,155,507.7211549,5.596237616,5.596237616
2020-03-17,157,347.7961231,4.203522076,4.203522076
2020-03-17,159,1070.841634,12.34547352,12.34547352
2020-03-17,161,93.5956686,1.462643233,1.462643233
2020-03-17,163,651.4931994,6.918240944,6.918240944
2020-03-17,164,124.7532393,1.666588819,1.666588819
2020-03-17,166,767.8043829,10.17641529,10.17641529
2020-03-17,168,1791.563542,19.14021512,19.14021512
2020-03-17,169,603.8195175,7.236372854,7.236372854
2020-03-17,171,365.0558162,4.459680099,4.459680099
2020-03-17,172,293.7810466,4.166704883,4.166704883
2020-03-17,173,589.7842098,6.441166571,6.441166571
2020-03-17,174,313.3107485,3.756203623,3.756203623
2020-03-17,175,353.8825834,4.885041233,4.885041233
2020-03-17,177,408.5326631,4.83755343,4.83755343
2020-03-17,18,319.5152913,3.571383269,3.571383269
2020-03-17,180,339.5623621,3.922834859,3.922834859
2020-03-17,181,356.8429691,5.218404086,5.218404086
2020-03-17,183,102.7309428,1.137241416,1.137241416
2020-03-17,184,420.5175245,4.648007075,4.648007075
2020-03-17,188,750.420124,8.299168633,8.299168633
2020-03-17,189,915.5172079,12.0803312,12.0803312
2020-03-17,19,281.6005648,3.235773894,3.235773894
2020-03-17,190,324.1970751,4.265923577,4.265923577
2020-03-17,192,656.9840526,7.546703781,7.546703781
2020-03-17,193,325.199937,3.399496859,3.399496859
2020-03-17,195,288.5142095,3.515619608,3.515619608
2020-03-17,196,1041.157354,11.59424,11.59424
2020-03-17,197,339.6777432,3.424663015,3.424663015
2020-03-17,198,558.9331384,6.223719201,6.223719201
2020-03-17,20,697.8975203,8.731664295,8.731664295
2020-03-17,22,263.0165882,2.936994268,2.936994268
2020-03-17,23,142.9333601,1.432137209,1.432137209
2020-03-17,25,1029.755836,12.46882748,12.46882748
2020-03-17,26,628.4067506,7.022433274,7.022433274
2020-03-17,27,112.477363,1.301499209,1.301499209
2020-03-17,28,1048.621658,10.9164992,10.9164992
2020-03-17,3,516.6248287,6.238491478,6.238491478
2020-03-17,31,690.4459956,7.562747158,7.562747158
2020-03-17,33,134.0271943,2.212196442,2.212196442
2020-03-17,35,125.7890766,1.646734635,1.646734635
2020-03-17,36,306.6863127,4.239264146,4.239264146
2020-03-17,38,792.3047785,8.59721133,8.59721133
2020-03-17,39,92.28408949,1.690805076,1.690805076
2020-03-17,41,459.3971016,5.409549885,5.409549885
2020-03-17,42,79.96544467,1.505105692,1.505105692
2020-03-17,44,974.0245956,10.59837989,10.59837989
2020-03-17,45,628.340471,7.74026197,7.74026197
2020-03-17,46,299.0513525,3.337628118,3.337628118
2020-03-17,49,293.7278335,3.39509017,3.39509017
2020-03-17,5,1131.338211,12.36632141,12.36632141
2020-03-17,51,1059.629421,12.13746982,12.13746982
2020-03-17,52,547.0578735,5.804191853,5.804191853
2020-03-17,55,510.0018384,5.596237616,5.596237616
2020-03-17,57,349.4691964,4.203522076,4.203522076
2020-03-17,59,1080.586451,12.34547352,12.34547352
2020-03-17,61,92.11872333,1.462643233,1.462643233
2020-03-17,63,652.1126704,6.918240944,6.918240944
2020-03-17,64,123.6819504,1.666588819,1.666588819
2020-03-17,66,762.1186054,10.17641529,10.17641529
2020-03-17,68,1781.87579,19.14021512,19.14021512
2020-03-17,69,603.0478685,7.236372854,7.236372854
2020-03-17,71,363.4506611,4.459680099,4.459680099
2020-03-17,72,293.9726146,4.166704883,4.166704883
2020-03-17,73,590.4587867,6.441166571,6.441166571
2020-03-17,74,311.3442166,3.756203623,3.756203623
2020-03-17,75,357.6593426,4.885041233,4.885041233
2020-03-17,77,412.3139253,4.83755343,4.83755343
2020-03-17,8,378.8385046,4.681698945,4.681698945
2020-03-17,80,343.5666223,3.922834859,3.922834859
2020-03-17,81,355.8341605,5.218404086,5.218404086
2020-03-17,83,101.9620188,1.137241416,1.137241416
2020-03-17,84,422.5840093,4.648007075,4.648007075
2020-03-17,88,752.3061959,8.299168633,8.299168633
2020-03-17,89,918.9259038,12.0803312,12.0803312
2020-03-17,90,323.1811495,4.265923577,4.265923577
2020-03-17,92,651.4470312,7.546703781,7.546703781
2020-03-17,93,329.003721,3.399496859,3.399496859
2020-03-17,95,289.8350339,3.515619608,3.515619608
2020-03-17,96,1055.904725,11.59424,11.59424
2020-03-17,97,339.7070435,3.424663015,3.424663015
2020-03-17,98,554.7961612,6.223719201,6.223719201
2020-03-18,10,1361.179691,15.69165917,15.69165917
2020-03-18,103,517.0896679,5.359751995,5.359751995
2020-03-18,105,1116.535739,11.86575926,11.86575926
2020-03-18,108,378.1353929,4.141022012,4.141022012
2020-03-18,11,931.4985889,11.10553856,11.10553856
2020-03-18,110,1366.821266,15.69165917,15.69165917
2020-03-18,111,925.448472,11.10553856,11.10553856
2020-03-18,115,449.138417,5.292398672,5.292398672
2020-03-18,118,319.2734459,5.148170223,5.148170223
2020-03-18,119,283.9226547,3.70739515,3.70739515
2020-03-18,120,689.2599565,8.739865422,8.739865422
2020-03-18,122,258.696793,3.627964571,3.627964571
2020-03-18,123,138.3797234,1.825958548,1.825958548
2020-03-18,125,1005.580386,12.63454283,12.63454283
2020-03-18,126,630.2226369,6.946617517,6.946617517
2020-03-18,127,109.4752752,1.676283076,1.676283076
2020-03-18,128,1066.709476,12.04754208,12.04754208
2020-03-18,131,679.9754307,7.391119217,7.391119217
2020-03-18,133,131.1409661,1.50264136,1.50264136
2020-03-18,135,129.4080954,1.464080044,1.464080044
2020-03-18,136,303.9452489,3.585321952,3.585321952
2020-03-18,138,782.1894477,9.210887077,9.210887077
2020-03-18,139,90.90970453,0.9066515644,0.9066515644
2020-03-18,141,447.6800713,5.552420699,5.552420699
2020-03-18,142,77.18158528,1.504479232,1.504479232
2020-03-18,144,982.5793854,10.57465669,10.57465669
2020-03-18,145,619.4838448,7.375811627,7.375811627
2020-03-18,146,297.9248508,3.452163176,3.452163176
2020-03-18,149,292.6913225,3.33947815,3.33947815
2020-03-18,15,452.6760948,5.292398672,5.292398672
2020-03-18,151,1078.608777,13.1976188,13.1976188
2020-03-18,152,549.2962837,6.924243816,6.924243816
2020-03-18,155,504.0446492,5.377627498,5.377627498
2020-03-18,157,356.8697491,4.379897055,4.379897055
2020-03-18,159,1086.597665,12.34669268,12.34669268
2020-03-18,161,92.9642626,1.075269657,1.075269657
2020-03-18,163,670.4442093,7.037258558,7.037258558
2020-03-18,164,123.0503699,1.549483647,1.549483647
2020-03-18,166,753.7077899,10.17068198,10.17068198
2020-03-18,168,1771.900699,20.02295466,20.02295466
2020-03-18,169,597.1560367,6.481884878,6.481884878
2020-03-18,171,364.865647,4.423267783,4.423267783
2020-03-18,172,292.7467689,3.808995184,3.808995184
2020-03-18,173,594.4305705,7.170604575,7.170604575
2020-03-18,174,306.8927467,4.022561206,4.022561206
2020-03-18,175,374.0610551,3.718813338,3.718813338
2020-03-18,177,423.0371255,5.196747952,5.196747952
2020-03-18,18,316.4455682,5.148170223,5.148170223
2020-03-18,180,354.4156368,5.2511591,5.2511591
2020-03-18,181,356.4562338,4.488655185,4.488655185
2020-03-18,183,102.741286,1.111167562,1.111167562
2020-03-18,184,426.1034761,5.04727112,5.04727112
2020-03-18,188,758.1470264,9.88885775,9.88885775
2020-03-18,189,904.5674991,9.932963314,9.932963314
2020-03-18,19,282.5009397,3.70739515,3.70739515
2020-03-18,190,323.1168977,3.724290657,3.724290657
2020-03-18,192,649.2116172,8.44464615,8.44464615
2020-03-18,193,328.7132207,3.59617545,3.59617545
2020-03-18,195,289.0045386,3.456825333,3.456825333
2020-03-18,196,1064.432237,11.18247704,11.18247704
2020-03-18,197,343.6090814,3.738720398,3.738720398
2020-03-18,198,548.3325907,6.499529088,6.499529088
2020-03-18,20,694.1166716,8.739865422,8.739865422
2020-03-18,22,261.9063222,3.627964571,3.627964571
2020-03-18,23,140.6845139,1.825958548,1.825958548
2020-03-18,25,1012.203371,12.63454283,12.63454283
2020-03-18,26,637.1052294,6.946617517,6.946617517
2020-03-18,27,110.8624161,1.676283076,1.676283076
2020-03-18,28,1063.384838,12.04754208,12.04754208
2020-03-18,3,513.5523579,5.359751995,5.359751995
2020-03-18,31,678.9610226,7.391119217,7.391119217
2020-03-18,33,129.9483941,1.50264136,1.50264136
2020-03-18,35,126.5352899,1.464080044,1.464080044
2020-03-18,36,306.9301172,3.585321952,3.585321952
2020-03-18,38,801.0522685,9.210887077,9.210887077
2020-03-18,39,90.6215216,0.9066515644,0.9066515644
2020-03-18,41,454.6129436,5.552420699,5.552420699
2020-03-18,42,77.86142435,1.504479232,1.504479232
2020-03-18,44,976.2185217,10.57465669,10.57465669
2020-03-18,45,625.1628643,7.375811627,7.375811627
2020-03-18,46,294.997206,3.452163176,3.452163176
2020-03-18,49,292.4465547,3.33947815,3.33947815
2020-03-18,5,1120.578334,11.86575926,11.86575926
2020-03-18,51,1061.250596,13.1976188,13.1976188
2020-03-18,52,552.6638078,6.924243816,6.924243816
2020-03-18,55,505.9875083,5.377627498,5.377627498
2020-03-18,57,347.9941779,4.379897055,4.379897055
2020-03-18,59,1092.34238,12.34669268,12.34669268
2020-03-18,61,93.35647866,1.075269657,1.075269657
2020-03-18,63,651.4489228,7.037258558,7.037258558
2020-03-18,64,123.9264707,1.549483647,1.549483647
2020-03-18,66,750.6788462,10.17068198,10.17068198
2020-03-18,68,1774.56229,20.02295466,20.02295466
2020-03-18,69,600.8881787,6.481884878,6.481884878
2020-03-18,71,362.5963369,4.423267783,4.423267783
2020-03-18,72,291.7230275,3.808995184,3.808995184
2020-03-18,73,592.9449551,7.170604575,7.170604575
2020-03-18,74,308.2911976,4.022561206,4.022561206
2020-03-18,75,365.5214354,3.718813338,3.718813338
2020-03-18,77,413.8793543,5.196747952,5.196747952
2020-03-18,8,377.7036717,4.141022012,4.141022012
2020-03-18,80,348.3811957,5.2511591,5.2511591
2020-03-18,81,355.4076923,4.488655185,4.488655185
2020-03-18,83,101.884865,1.111167562,1.111167562
2020-03-18,84,420.5760939,5.04727112,5.04727112
2020-03-18,88,742.1990983,9.88885775,9.88885775
2020-03-18,89,907.45426,9.932963314,9.932963314
2020-03-18,90,322.6934455,3.724290657,3.724290657
2020-03-18,92,652.5326936,8.44464615,8.44464615
2020-03-18,93,329.9934064,3.59617545,3.59617545
2020-03-18,95,291.9727701,3.456825333,3.456825333
2020-03-18,96,1074.273244,11.18247704,11.18247704
2020-03-18,97,340.8845933,3.738720398,3.738720398
2020-03-18,98,554.6576536,6.499529088,6.499529088
2020-03-19,10,1374.219656,15.82547771,15.82547771
2020-03-19,103,522.0649691,5.380854299,5.380854299
2020-03-19,105,1090.633814,11.83734874,11.83734874
2020-03-19,108,375.5789827,4.512502163,4.512502163
2020-03-19,11,950.1259033,11.11148015,11.11148015
2020-03-19,110,1378.839127,15.82547771,15.82547771
2020-03-19,111,955.1569396,11.11148015,11.11148015
2020-03-19,115,461.2012681,5.312647764,5.312647764
2020-03-19,118,322.0240135,3.925312963,3.925312963
2020-03-19,119,283.3934131,3.902099429,3.902099429
2020-03-19,120,698.8510085,8.296070719,8.296070719
2020-03-19,122,263.1177983,4.27155466,4.27155466
2020-03-19,123,144.2218268,1.572180993,1.572180993
2020-03-19,125,1027.7529,11.13104295,11.13104295
2020-03-19,126,629.1270875,7.19860072,7.19860072
2020-03-19,127,109.6693763,2.207549335,2.207549335
2020-03-19,128,1066.734561,11.76339883,11.76339883
2020-03-19,131,692.418444,8.626520126,8.626520126
2020-03-19,133,128.9048251,1.492804929,1.492804929
2020-03-19,135,129.8248704,1.611873949,1.611873949
2020-03-19,136,309.3391367,4.080323798,4.080323798
2020-03-19,138,807.6445702,9.081102926,9.081102926
2020-03-19,139,90.61206792,1.59698544,1.59698544
2020-03-19,141,462.170846,5.462780052,5.462780052
2020-03-19,142,78.16784797,0.8318757196,0.8318757196
2020-03-19,144,978.0029217,10.46293938,10.46293938
2020-03-19,145,647.9942566,6.56211764,6.56211764
2020-03-19,146,300.9815567,3.839545143,3.839545143
2020-03-19,149,295.6783384,3.248508346,3.248508346
2020-03-19,15,456.9154408,5.312647764,5.312647764
2020-03-19,151,1062.641225,12.94132143,12.94132143
2020-03-19,152,557.9444263,6.021143561,6.021143561
2020-03-19,155,508.4022322,6.157384873,6.157384873
2020-03-19,157,343.7374578,5.237829018,5.237829018
2020-03-19,159,1095.633837,12.31201497,12.31201497
2020-03-19,161,93.17511452,1.530891248,1.530891248
2020-03-19,163,645.6220628,6.912713362,6.912713362
2020-03-19,164,125.8073458,1.490928346,1.490928346
2020-03-19,166,753.7848682,8.638807307,8.638807307
2020-03-19,168,1816.313784,20.13906883,20.13906883
2020-03-19,169,612.0436276,9.247376443,9.247376443
2020-03-19,171,363.1870609,4.417898252,4.417898252
2020-03-19,172,297.1460497,3.224349603,3.224349603
2020-03-19,173,595.0485539,7.72572006,7.72572006
2020-03-19,174,312.2873194,3.76164683,3.76164683
2020-03-19,175,364.1441178,4.125562046,4.125562046
2020-03-19,177,417.3404987,4.332006348,4.332006348
2020-03-19,18,318.7811079,3.925312963,3.925312963
2020-03-19,180,355.4260599,3.832622443,3.832622443
2020-03-19,181,369.083017,3.84487732,3.84487732
2020-03-19,183,106.5367314,1.405719109,1.405719109
2020-03-19,184,429.6183138,5.054416298,5.054416298
2020-03-19,188,746.686228,9.293112717,9.293112717
2020-03-19,189,893.5472015,10.9432256,10.9432256
2020-03-19,19,285.0612183,3.902099429,3.902099429
2020-03-19,190,324.5442529,4.071596046,4.071596046
2020-03-19,192,657.8924036,7.384072269,7.384072269
2020-03-19,193,337.6741498,3.583845001,3.583845001
2020-03-19,195,298.3539158,3.702097485,3.702097485
2020-03-19,196,1076.489401,11.45820443,11.45820443
2020-03-19,197,340.0912792,3.507469848,3.507469848
2020-03-19,198,551.9901157,6.003833966,6.003833966
2020-03-19,20,697.2266587,8.296070719,8.296070719
2020-03-19,22,264.83572,4.27155466,4.27155466
2020-03-19,23,144.5163759,1.572180993,1.572180993
2020-03-19,25,1019.980532,11.13104295,11.13104295
2020-03-19,26,632.3293859,7.19860072,7.19860072
2020-03-19,27,110.3122535,2.207549335,2.207549335
2020-03-19,28,1078.432849,11.76339883,11.76339883
2020-03-19,3,523.5278024,5.380854299,5.380854299
2020-03-19,31,690.9198641,8.626520126,8.626520126
2020-03-19,33,131.4285715,1.492804929,1.492804929
2020-03-19,35,127.1531657,1.611873949,1.611873949
2020-03-19,36,309.4505794,4.080323798,4.080323798
2020-03-19,38,808.5994725,9.081102926,9.081102926
2020-03-19,39,90.9828078,1.59698544,1.59698544
2020-03-19,41,455.3884399,5.462780052,5.462780052
2020-03-19,42,77.84440559,0.8318757196,0.8318757196
2020-03-19,44,976.4626547,10.46293938,10.46293938
2020-03-19,45,639.0248482,6.56211764,6.56211764
2020-03-19,46,293.6560928,3.839545143,3.839545143
2020-03-19,49,295.480407,3.248508346,3.248508346
2020-03-19,5,1120.117621,11.83734874,11.83734874
2020-03-19,51,1060.413097,12.94132143,12.94132143
2020-03-19,52,556.4915448,6.021143561,6.021143561
2020-03-19,55,509.7003132,6.157384873,6.157384873
2020-03-19,57,344.8462404,5.237829018,5.237829018
2020-03-19,59,1093.563424,12.31201497,12.31201497
2020-03-19,61,93.87591,1.530891248,1.530891248
2020-03-19,63,656.970592,6.912713362,6.912713362
2020-03-19,64,127.0518976,1.490928346,1.490928346
2020-03-19,66,761.4537403,8.638807307,8.638807307
2020-03-19,68,1811.443336,20.13906883,20.13906883
2020-03-19,69,610.2060731,9.247376443,9.247376443
2020-03-19,71,366.3630044,4.417898252,4.417898252
2020-03-19,72,292.6258899,3.224349603,3.224349603
2020-03-19,73,590.6885074,7.72572006,7.72572006
2020-03-19,74,313.6699369,3.76164683,3.76164683
2020-03-19,75,364.7899906,4.125562046,4.125562046
2020-03-19,77,418.2129075,4.332006348,4.332006348
2020-03-19,8,376.8223475,4.512502163,4.512502163
2020-03-19,80,349.4642875,3.832622443,3.832622443
2020-03-19,81,368.1332784,3.84487732,3.84487732
2020-03-19,83,104.4054484,1.405719109,1.405719109
2020-03-19,84,427.1468199,5.054416298,5.054416298
2020-03-19,88,750.2569907,9.293112717,9.293112717
2020-03-19,89,902.2344509,10.9432256,10.9432256
2020-03-19,90,328.4640509,4.071596046,4.071596046
2020-03-19,92,662.0346763,7.384072269,7.384072269
2020-03-19,93,338.6843419,3.583845001,3.583845001
2020-03-19,95,297.151395,3.702097485,3.702097485
2020-03-19,96,1088.884174,11.45820443,11.45820443
2020-03-19,97,345.5526328,3.507469848,3.507469848
2020-03-19,98,553.5490755,6.003833966,6.003833966
2020-03-20,10,1385.549375,16.19283895,16.19283895
2020-03-20,103,528.723162,5.71501469,5.71501469
2020-03-20,105,1121.082262,11.54114275,11.54114275
2020-03-20,108,383.6685966,4.548981277,4.548981277
2020-03-20,11,953.9492709,11.47166172,11.47166172
2020-03-20,110,1403.746881,16.19283895,16.19283895
2020-03-20,111,969.811051,11.47166172,11.47166172
2020-03-20,115,471.1511353,6.134196469,6.134196469
2020-03-20,118,315.6272138,3.464659463,3.464659463
2020-03-20,119,290.2081775,4.342349765,4.342349765
2020-03-20,120,723.8623313,8.551885047,8.551885047
2020-03-20,122,264.9157077,2.894302592,2.894302592
2020-03-20,123,145.5556692,1.756547747,1.756547747
2020-03-20,125,1025.929781,11.86787593,11.86787593
2020-03-20,126,628.7639637,7.860433299,7.860433299
2020-03-20,127,109.2432882,1.200466874,1.200466874
2020-03-20,128,1088.430282,11.4652717,11.4652717
2020-03-20,131,680.398245,8.353744551,8.353744551
2020-03-20,133,123.7073284,1.632489724,1.632489724
2020-03-20,135,127.6106254,2.213839029,2.213839029
2020-03-20,136,305.9649497,3.608538447,3.608538447
2020-03-20,138,818.6097135,8.730771074,8.730771074
2020-03-20,139,91.03358124,0.9752869601,0.9752869601
2020-03-20,141,450.7805275,6.416362927,6.416362927
2020-03-20,142,76.31554445,1.564888796,1.564888796
2020-03-20,144,977.9747353,11.38931592,11.38931592
2020-03-20,145,627.1336834,7.032487901,7.032487901
2020-03-20,146,300.4959047,3.924275455,3.924275455
2020-03-20,149,302.1171364,4.53676734,4.53676734
2020-03-20,15,462.1725959,6.134196469,6.134196469
2020-03-20,151,1066.775054,13.37339938,13.37339938
2020-03-20,152,570.3953508,6.259015701,6.259015701
2020-03-20,155,521.506483,6.273280313,6.273280313
2020-03-20,157,347.2014444,4.081529972,4.081529972
2020-03-20,159,1063.450085,12.34787471,12.34787471
2020-03-20,161,90.86228247,1.485867595,1.485867595
2020-03-20,163,650.0005981,7.791412873,7.791412873
2020-03-20,164,130.7743058,1.721234889,1.721234889
2020-03-20,166,776.0452973,8.929281843,8.929281843
2020-03-20,168,1790.616776,19.44304847,19.44304847
2020-03-20,169,618.8634208,7.724946289,7.724946289
2020-03-20,171,367.0225563,3.986723104,3.986723104
2020-03-20,172,293.9469782,3.595973742,3.595973742
2020-03-20,173,591.1902284,7.896980147,7.896980147
2020-03-20,174,313.434628,4.003330649,4.003330649
2020-03-20,175,370.6396343,4.463431259,4.463431259
2020-03-20,177,425.693077,5.522698457,5.522698457
2020-03-20,18,318.5084406,3.464659463,3.464659463
2020-03-20,180,353.4766684,4.064771359,4.064771359
2020-03-20,181,365.0530189,4.417571943,4.417571943
2020-03-20,183,106.6276908,1.188630778,1.188630778
2020-03-20,184,423.5673764,4.493051325,4.493051325
2020-03-20,188,749.5321349,7.951257334,7.951257334
2020-03-20,189,898.8990325,11.17549602,11.17549602
2020-03-20,19,285.7532206,4.342349765,4.342349765
2020-03-20,190,325.8891722,4.707102082,4.707102082
2020-03-20,192,660.2722476,7.204566267,7.204566267
2020-03-20,193,342.3967536,3.528928603,3.528928603
2020-03-20,195,295.7311129,5.067300629,5.067300629
2020-03-20,196,1109.017874,11.5808858,11.5808858
2020-03-20,197,357.2406756,3.947110679,3.947110679
2020-03-20,198,537.848821,6.931632991,6.931632991
2020-03-20,20,718.2402164,8.551885047,8.551885047
2020-03-20,22,265.7312523,2.894302592,2.894302592
2020-03-20,23,142.6548967,1.756547747,1.756547747
2020-03-20,25,1028.12302,11.86787593,11.86787593
2020-03-20,26,633.260771,7.860433299,7.860433299
2020-03-20,27,112.1232444,1.200466874,1.200466874
2020-03-20,28,1084.709448,11.4652717,11.4652717
2020-03-20,3,526.3601759,5.71501469,5.71501469
2020-03-20,31,688.3914411,8.353744551,8.353744551
2020-03-20,33,127.0086288,1.632489724,1.632489724
2020-03-20,35,127.473178,2.213839029,2.213839029
2020-03-20,36,304.2459585,3.608538447,3.608538447
2020-03-20,38,815.7694369,8.730771074,8.730771074
2020-03-20,39,91.30142988,0.9752869601,0.9752869601
2020-03-20,41,453.8673727,6.416362927,6.416362927
2020-03-20,42,76.50755562,1.564888796,1.564888796
2020-03-20,44,980.3352819,11.38931592,11.38931592
2020-03-20,45,638.4622713,7.032487901,7.032487901
2020-03-20,46,295.747263,3.924275455,3.924275455
2020-03-20,49,299.4390068,4.53676734,4.53676734
2020-03-20,5,1121.899041,11.54114275,11.54114275
2020-03-20,51,1061.773674,13.37339938,13.37339938
2020-03-20,52,565.8723947,6.259015701,6.259015701
2020-03-20,55,513.9948662,6.273280313,6.273280313
2020-03-20,57,345.9411215,4.081529972,4.081529972
2020-03-20,59,1081.998722,12.34787471,12.34787471
2020-03-20,61,92.98976211,1.485867595,1.485867595
2020-03-20,63,644.8868284,7.791412873,7.791412873
2020-03-20,64,127.296078,1.721234889,1.721234889
2020-03-20,66,773.117914,8.929281843,8.929281843
2020-03-20,68,1787.810329,19.44304847,19.44304847
2020-03-20,69,622.1548608,7.724946289,7.724946289
2020-03-20,71,366.814223,3.986723104,3.986723104
2020-03-20,72,293.0174272,3.595973742,3.595973742
2020-03-20,73,594.5452912,7.896980147,7.896980147
2020-03-20,74,310.2411991,4.003330649,4.003330649
2020-03-20,75,369.0386585,4.463431259,4.463431259
2020-03-20,77,422.8341637,5.522698457,5.522698457
2020-03-20,8,379.7463603,4.548981277,4.548981277
2020-03-20,80,351.4915999,4.064771359,4.064771359
2020-03-20,81,366.9484112,4.417571943,4.417571943
2020-03-20,83,105.7054148,1.188630778,1.188630778
2020-03-20,84,424.3697718,4.493051325,4.493051325
2020-03-20,88,746.3548154,7.951257334,7.951257334
2020-03-20,89,897.7738221,11.17549602,11.17549602
2020-03-20,90,325.6142154,4.707102082,4.707102082
2020-03-20,92,665.6455377,7.204566267,7.204566267
2020-03-20,93,338.6566148,3.528928603,3.528928603
2020-03-20,95,297.3107277,5.067300629,5.067300629
2020-03-20,96,1085.557921,11.5808858,11.5808858
2020-03-20,97,349.0924961,3.947110679,3.947110679
2020-03-20,98,545.5304285,6.931632991,6.931632991
2020-03-21,10,1387.020649,15.93239178,15.93239178
2020-03-21,103,523.2632475,6.072110361,6.072110361
2020-03-21,105,1101.05157,11.06833025,11.06833025
2020-03-21,108,374.6438364,4.247171193,4.247171193
2020-03-21,11,943.4527818,10.74667683,10.74667683
2020-03-21,110,1380.132262,15.93239178,15.93239178
2020-03-21,111,939.7124969,10.74667683,10.74667683
2020-03-21,115,458.3486717,5.909179703,5.909179703
2020-03-21,118,316.5634428,3.770581606,3.770581606
2020-03-21,119,283.3485685,3.460883274,3.460883274
2020-03-21,120,715.3224059,8.614476804,8.614476804
2020-03-21,122,260.1532076,3.641639158,3.641639158
2020-03-21,123,141.3484473,1.687867353,1.687867353
2020-03-21,125,1010.067435,10.99600351,10.99600351
2020-03-21,126,648.442734,7.022827343,7.022827343
2020-03-21,127,114.6227389,1.257100001,1.257100001
2020-03-21,128,1062.295339,12.02028455,12.02028455
2020-03-21,131,687.6945569,8.065043297,8.065043297
2020-03-21,133,127.6994234,1.443884194,1.443884194
2020-03-21,135,124.4538576,1.835006408,1.835006408
2020-03-21,136,306.5599655,3.909100704,3.909100704
2020-03-21,138,795.540167,9.208479508,9.208479508
2020-03-21,139,92.4671997,1.008504693,1.008504693
2020-03-21,141,439.5426202,5.281161024,5.281161024
2020-03-21,142,74.6859378,2.357676117,2.357676117
2020-03-21,144,968.9454193,10.66473391,10.66473391
2020-03-21,145,630.9653956,7.220473559,7.220473559
2020-03-21,146,294.9696911,4.72996719,4.72996719
2020-03-21,149,308.1647821,3.761361459,3.761361459
2020-03-21,15,460.4350416,5.909179703,5.909179703
2020-03-21,151,1061.369035,12.37265008,12.37265008
2020-03-21,152,550.9635689,7.008057649,7.008057649
2020-03-21,155,509.1279573,6.20862741,6.20862741
2020-03-21,157,332.7321878,4.13637912,4.13637912
2020-03-21,159,1062.540255,12.63649661,12.63649661
2020-03-21,161,94.52434333,1.025793741,1.025793741
2020-03-21,163,642.5011606,6.939454287,6.939454287
2020-03-21,164,124.8288784,1.387068255,1.387068255
2020-03-21,166,770.4979799,8.716012109,8.716012109
2020-03-21,168,1791.984275,19.88519194,19.88519194
2020-03-21,169,613.5074755,6.791434271,6.791434271
2020-03-21,171,362.0280728,4.320766105,4.320766105
2020-03-21,172,285.0598562,3.092226005,3.092226005
2020-03-21,173,565.965725,7.292247457,7.292247457
2020-03-21,174,302.9561647,4.70780068,4.70780068
2020-03-21,175,374.0445326,4.667381996,4.667381996
2020-03-21,177,406.1823915,5.215093872,5.215093872
2020-03-21,18,313.3629659,3.770581606,3.770581606
2020-03-21,180,353.8657773,4.32787644,4.32787644
2020-03-21,181,368.8652274,3.907129572,3.907129572
2020-03-21,183,105.9679549,1.392139482,1.392139482
2020-03-21,184,418.9981583,5.500124865,5.500124865
2020-03-21,188,739.0419839,8.137476172,8.137476172
2020-03-21,189,909.6544776,11.10315967,11.10315967
2020-03-21,19,284.3817889,3.460883274,3.460883274
2020-03-21,190,326.4056037,3.792049903,3.792049903
2020-03-21,192,659.6526935,7.43701318,7.43701318
2020-03-21,193,341.5035294,3.506600009,3.506600009
2020-03-21,195,292.4244081,3.660595878,3.660595878
2020-03-21,196,1101.273946,11.77435338,11.77435338
2020-03-21,197,347.1519067,4.546429969,4.546429969
2020-03-21,198,540.5485683,6.443871674,6.443871674
2020-03-21,20,710.4217837,8.614476804,8.614476804
2020-03-21,22,263.6106892,3.641639158,3.641639158
2020-03-21,23,140.6650256,1.687867353,1.687867353
2020-03-21,25,1011.389817,10.99600351,10.99600351
2020-03-21,26,628.7693177,7.022827343,7.022827343
2020-03-21,27,112.7763183,1.257100001,1.257100001
2020-03-21,28,1058.446078,12.02028455,12.02028455
2020-03-21,3,516.8324948,6.072110361,6.072110361
2020-03-21,31,678.0960097,8.065043297,8.065043297
2020-03-21,33,126.7466157,1.443884194,1.443884194
2020-03-21,35,124.7900498,1.835006408,1.835006408
2020-03-21,36,303.6798301,3.909100704,3.909100704
2020-03-21,38,812.5414545,9.208479508,9.208479508
2020-03-21,39,91.34951777,1.008504693,1.008504693
2020-03-21,41,448.6422704,5.281161024,5.281161024
2020-03-21,42,75.45998495,2.357676117,2.357676117
2020-03-21,44,966.0789144,10.66473391,10.66473391
2020-03-21,45,632.4129011,7.220473559,7.220473559
2020-03-21,46,291.7873684,4.72996719,4.72996719
2020-03-21,49,302.8181895,3.761361459,3.761361459
2020-03-21,5,1099.549875,11.06833025,11.06833025
2020-03-21,51,1061.27461,12.37265008,12.37265008
2020-03-21,52,555.8822079,7.008057649,7.008057649
2020-03-21,55,505.0373031,6.20862741,6.20862741
2020-03-21,57,341.9953455,4.13637912,4.13637912
2020-03-21,59,1068.209156,12.63649661,12.63649661
2020-03-21,61,93.07541398,1.025793741,1.025793741
2020-03-21,63,638.1752739,6.939454287,6.939454287
2020-03-21,64,126.2148544,1.387068255,1.387068255
2020-03-21,66,770.0465579,8.716012109,8.716012109
2020-03-21,68,1772.913689,19.88519194,19.88519194
2020-03-21,69,615.4616019,6.791434271,6.791434271
2020-03-21,71,364.4074767,4.320766105,4.320766105
2020-03-21,72,289.3086418,3.092226005,3.092226005
2020-03-21,73,580.7479321,7.292247457,7.292247457
2020-03-21,74,304.798283,4.70780068,4.70780068
2020-03-21,75,369.3349545,4.667381996,4.667381996
2020-03-21,77,412.632724,5.215093872,5.215093872
2020-03-21,8,380.0502684,4.247171193,4.247171193
2020-03-21,80,353.5499979,4.32787644,4.32787644
2020-03-21,81,371.9854232,3.907129572,3.907129572
2020-03-21,83,106.019989,1.392139482,1.392139482
2020-03-21,84,422.2286828,5.500124865,5.500124865
2020-03-21,88,734.3005063,8.137476172,8.137476172
2020-03-21,89,906.1626233,11.10315967,11.10315967
2020-03-21,90,321.0236632,3.792049903,3.792049903
2020-03-21,92,660.6366017,7.43701318,7.43701318
2020-03-21,93,341.7664522,3.506600009,3.506600009
2020-03-21,95,296.9730697,3.660595878,3.660595878
2020-03-21,96,1102.587484,11.77435338,11.77435338
2020-03-21,97,347.2690107,4.546429969,4.546429969
2020-03-21,98,543.6939674,6.443871674,6.443871674
2020-03-22,10,1367.753414,15.43336351,15.43336351
2020-03-22,103,521.5876832,6.145260984,6.145260984
2020-03-22,105,1099.872866,11.31153149,11.31153149
2020-03-22,108,366.1074434,3.887133466,3.887133466
2020-03-22,11,937.6557395,11.79334996,11.79334996
2020-03-22,110,1375.354412,15.43336351,15.43336351
2020-03-22,111,931.0922495,11.79334996,11.79334996
2020-03-22,115,449.6647894,5.673109275,5.673109275
2020-03-22,118,311.6303229,4.274601277,4.274601277
2020-03-22,119,277.1132407,4.495309807,4.495309807
2020-03-22,120,700.4711197,7.776198853,7.776198853
2020-03-22,122,258.8798241,4.450041789,4.450041789
2020-03-22,123,140.09115,2.699421336,2.699421336
2020-03-22,125,1019.822036,12.30530402,12.30530402
2020-03-22,126,603.8488863,6.770470029,6.770470029
2020-03-22,127,114.9401054,1.647680874,1.647680874
2020-03-22,128,1041.683324,11.14640719,11.14640719
2020-03-22,131,658.5347267,7.394291175,7.394291175
2020-03-22,133,123.5342019,1.965759937,1.965759937
2020-03-22,135,119.6898493,1.641667861,1.641667861
2020-03-22,136,303.9980039,4.165209951,4.165209951
2020-03-22,138,807.4965249,8.679491197,8.679491197
2020-03-22,139,90.38046318,0.9362413957,0.9362413957
2020-03-22,141,436.8255063,5.182159232,5.182159232
2020-03-22,142,77.23222561,0.8336371136,0.8336371136
2020-03-22,144,948.3783878,10.87010778,10.87010778
2020-03-22,145,629.8938712,7.186863979,7.186863979
2020-03-22,146,287.9172443,3.317886249,3.317886249
2020-03-22,149,299.3750941,3.259236207,3.259236207
2020-03-22,15,452.5698302,5.673109275,5.673109275
2020-03-22,151,1061.679262,12.93193696,12.93193696
2020-03-22,152,565.5801759,6.021082616,6.021082616
2020-03-22,155,494.8410093,5.185224648,5.185224648
2020-03-22,157,342.5485211,3.798852785,3.798852785
2020-03-22,159,1069.560822,11.51772126,11.51772126
2020-03-22,161,92.37753632,1.305086314,1.305086314
2020-03-22,163,638.7431079,7.806438734,7.806438734
2020-03-22,164,118.7959738,2.094720504,2.094720504
2020-03-22,166,766.3558746,9.132811878,9.132811878
2020-03-22,168,1738.306254,18.38014113,18.38014113
2020-03-22,169,613.9529379,7.076107088,7.076107088
2020-03-22,171,354.4612693,3.973501079,3.973501079
2020-03-22,172,286.5129759,4.302960863,4.302960863
2020-03-22,173,579.9691925,6.053242514,6.053242514
2020-03-22,174,301.4680792,3.722780522,3.722780522
2020-03-22,175,366.8742205,4.051390329,4.051390329
2020-03-22,177,411.2261606,5.095984934,5.095984934
2020-03-22,18,310.8037948,4.274601277,4.274601277
2020-03-22,180,345.5681936,4.351499671,4.351499671
2020-03-22,181,372.3447494,5.006238833,5.006238833
2020-03-22,183,103.5442095,1.438808941,1.438808941
2020-03-22,184,421.9509683,5.619966436,5.619966436
2020-03-22,188,731.6502418,9.21666328,9.21666328
2020-03-22,189,914.8363865,11.23996272,11.23996272
2020-03-22,19,282.0958907,4.495309807,4.495309807
2020-03-22,190,313.6078166,5.036067993,5.036067993
2020-03-22,192,641.059405,7.365957201,7.365957201
2020-03-22,193,330.8484119,3.943454096,3.943454096
2020-03-22,195,296.463581,3.401387631,3.401387631
2020-03-22,196,1104.199789,12.02895443,12.02895443
2020-03-22,197,346.986843,3.670481513,3.670481513
2020-03-22,198,549.0619821,7.279644664,7.279644664
2020-03-22,20,706.5965461,7.776198853,7.776198853
2020-03-22,22,261.5457159,4.450041789,4.450041789
2020-03-22,23,138.5296883,2.699421336,2.699421336
2020-03-22,25,1012.046551,12.30530402,12.30530402
2020-03-22,26,609.1208326,6.770470029,6.770470029
2020-03-22,27,113.1657343,1.647680874,1.647680874
2020-03-22,28,1047.750132,11.14640719,11.14640719
2020-03-22,3,520.9060138,6.145260984,6.145260984
2020-03-22,31,660.5415144,7.394291175,7.394291175
2020-03-22,33,125.197342,1.965759937,1.965759937
2020-03-22,35,120.509851,1.641667861,1.641667861
2020-03-22,36,298.9205935,4.165209951,4.165209951
2020-03-22,38,804.0348397,8.679491197,8.679491197
2020-03-22,39,90.84618368,0.9362413957,0.9362413957
2020-03-22,41,436.7226207,5.182159232,5.182159232
2020-03-22,42,77.54553811,0.8336371136,0.8336371136
2020-03-22,44,956.3792451,10.87010778,10.87010778
2020-03-22,45,629.3646931,7.186863979,7.186863979
2020-03-22,46,285.9712801,3.317886249,3.317886249
2020-03-22,49,301.3702836,3.259236207,3.259236207
2020-03-22,5,1090.335784,11.31153149,11.31153149
2020-03-22,51,1057.944882,12.93193696,12.93193696
2020-03-22,52,554.921568,6.021082616,6.021082616
2020-03-22,55,499.4215987,5.185224648,5.185224648
2020-03-22,57,341.3786961,3.798852785,3.798852785
2020-03-22,59,1062.364151,11.51772126,11.51772126
2020-03-22,61,92.30518092,1.305086314,1.305086314
2020-03-22,63,641.1736518,7.806438734,7.806438734
2020-03-22,64,121.7400797,2.094720504,2.094720504
2020-03-22,66,767.4612855,9.132811878,9.132811878
2020-03-22,68,1754.459348,18.38014113,18.38014113
2020-03-22,69,607.851157,7.076107088,7.076107088
2020-03-22,71,360.3052898,3.973501079,3.973501079
2020-03-22,72,283.0749584,4.302960863,4.302960863
2020-03-22,73,578.7811665,6.053242514,6.053242514
2020-03-22,74,303.3438262,3.722780522,3.722780522
2020-03-22,75,365.9797283,4.051390329,4.051390329
2020-03-22,77,405.8518923,5.095984934,5.095984934
2020-03-22,8,367.6396177,3.887133466,3.887133466
2020-03-22,80,350.6485832,4.351499671,4.351499671
2020-03-22,81,370.0458351,5.006238833,5.006238833
2020-03-22,83,104.814471,1.438808941,1.438808941
2020-03-22,84,422.2292986,5.619966436,5.619966436
2020-03-22,88,737.0656536,9.21666328,9.21666328
2020-03-22,89,899.6695272,11.23996272,11.23996272
2020-03-22,90,317.2553546,5.036067993,5.036067993
2020-03-22,92,650.9399188,7.365957201,7.365957201
2020-03-22,93,332.2163015,3.943454096,3.943454096
2020-03-22,95,295.1647493,3.401387631,3.401387631
2020-03-22,96,1084.829535,12.02895443,12.02895443
2020-03-22,97,348.5585629,3.670481513,3.670481513
2020-03-22,98,540.8524991,7.279644664,7.279644664
2020-03-23,10,1362.847774,15.46256679,15.46256679
2020-03-23,103,529.5149191,5.40063017,5.40063017
2020-03-23,105,1127.107859,11.47344962,11.47344962
2020-03-23,108,373.2110714,5.477222992,5.477222992
2020-03-23,11,937.9996902,10.34801303,10.34801303
2020-03-23,110,1368.464043,15.46256679,15.46256679
2020-03-23,111,944.697604,10.34801303,10.34801303
2020-03-23,115,452.3501592,5.342395819,5.342395819
2020-03-23,118,312.9556364,4.45690707,4.45690707
2020-03-23,119,273.4564292,3.98074884,3.98074884
2020-03-23,120,706.034645,9.04070769,9.04070769
2020-03-23,122,261.3224008,3.749720744,3.749720744
2020-03-23,123,134.4772749,1.571508724,1.571508724
2020-03-23,125,1005.783098,10.91221778,10.91221778
2020-03-23,126,615.5718338,6.980325437,6.980325437
2020-03-23,127,113.0191102,1.456349218,1.456349218
2020-03-23,128,1063.876993,11.42239575,11.42239575
2020-03-23,131,664.5444564,8.561487594,8.561487594
2020-03-23,133,127.6422976,1.626179676,1.626179676
2020-03-23,135,121.1708282,1.592318447,1.592318447
2020-03-23,136,295.6462774,4.26487819,4.26487819
2020-03-23,138,787.3272242,9.012017812,9.012017812
2020-03-23,139,91.98160289,1.189527833,1.189527833
2020-03-23,141,440.0340551,5.972592327,5.972592327
2020-03-23,142,79.69084175,1.323255173,1.323255173
2020-03-23,144,946.658842,11.18473965,11.18473965
2020-03-23,145,630.8707435,7.165464569,7.165464569
2020-03-23,146,295.0447376,3.124617164,3.124617164
2020-03-23,149,303.2247848,3.543539385,3.543539385
2020-03-23,15,445.5389933,5.342395819,5.342395819
2020-03-23,151,1047.37118,13.42844157,13.42844157
2020-03-23,152,565.4907168,5.803117944,5.803117944
2020-03-23,155,504.6668239,5.963472611,5.963472611
2020-03-23,157,347.3988629,4.575099634,4.575099634
2020-03-23,159,1059.199892,12.20008112,12.20008112
2020-03-23,161,92.25898317,1.044871659,1.044871659
2020-03-23,163,628.1149807,6.478938744,6.478938744
2020-03-23,164,122.4231001,1.77231798,1.77231798
2020-03-23,166,766.2825763,8.854592241,8.854592241
2020-03-23,168,1739.221851,19.67043963,19.67043963
2020-03-23,169,620.8816417,7.186560463,7.186560463
2020-03-23,171,361.6382944,5.546614762,5.546614762
2020-03-23,172,290.1167549,3.917193104,3.917193104
2020-03-23,173,588.5503158,6.183055607,6.183055607
2020-03-23,174,301.4917382,3.906393292,3.906393292
2020-03-23,175,355.0151918,4.153437523,4.153437523
2020-03-23,177,396.6908505,5.48390122,5.48390122
2020-03-23,18,314.8695661,4.45690707,4.45690707
2020-03-23,180,354.1780115,4.094770193,4.094770193
2020-03-23,181,371.2294713,4.218594223,4.218594223
2020-03-23,183,109.9936533,1.424161865,1.424161865
2020-03-23,184,429.1455477,4.491540225,4.491540225
2020-03-23,188,734.8591918,8.084375985,8.084375985
2020-03-23,189,892.3969355,10.06023736,10.06023736
2020-03-23,19,276.4194222,3.98074884,3.98074884
2020-03-23,190,321.9196755,3.637004454,3.637004454
2020-03-23,192,641.5720194,7.300294778,7.300294778
2020-03-23,193,347.7909581,3.754824318,3.754824318
2020-03-23,195,301.0895231,3.195115696,3.195115696
2020-03-23,196,1085.520585,11.29032865,11.29032865
2020-03-23,197,350.0256381,4.035304972,4.035304972
2020-03-23,198,547.2335168,7.533879472,7.533879472
2020-03-23,20,704.3709519,9.04070769,9.04070769
2020-03-23,22,260.3032361,3.749720744,3.749720744
2020-03-23,23,136.1978727,1.571508724,1.571508724
2020-03-23,25,1009.017634,10.91221778,10.91221778
2020-03-23,26,611.1384406,6.980325437,6.980325437
2020-03-23,27,114.2557826,1.456349218,1.456349218
2020-03-23,28,1066.183041,11.42239575,11.42239575
2020-03-23,3,521.4839634,5.40063017,5.40063017
2020-03-23,31,663.9129266,8.561487594,8.561487594
2020-03-23,33,126.5993527,1.626179676,1.626179676
2020-03-23,35,118.3428036,1.592318447,1.592318447
2020-03-23,36,297.1509658,4.26487819,4.26487819
2020-03-23,38,794.7664388,9.012017812,9.012017812
2020-03-23,39,91.31607954,1.189527833,1.189527833
2020-03-23,41,444.3532367,5.972592327,5.972592327
2020-03-23,42,77.95313796,1.323255173,1.323255173
2020-03-23,44,942.8861549,11.18473965,11.18473965
2020-03-23,45,639.6780754,7.165464569,7.165464569
2020-03-23,46,290.9936222,3.124617164,3.124617164
2020-03-23,49,302.53306,3.543539385,3.543539385
2020-03-23,5,1115.807992,11.47344962,11.47344962
2020-03-23,51,1073.029066,13.42844157,13.42844157
2020-03-23,52,559.0392998,5.803117944,5.803117944
2020-03-23,55,510.2076256,5.963472611,5.963472611
2020-03-23,57,348.6703855,4.575099634,4.575099634
2020-03-23,59,1055.07053,12.20008112,12.20008112
2020-03-23,61,91.89038407,1.044871659,1.044871659
2020-03-23,63,641.3172575,6.478938744,6.478938744
2020-03-23,64,122.9063242,1.77231798,1.77231798
2020-03-23,66,763.2325879,8.854592241,8.854592241
2020-03-23,68,1741.526255,19.67043963,19.67043963
2020-03-23,69,609.7301633,7.186560463,7.186560463
2020-03-23,71,360.4605885,5.546614762,5.546614762
2020-03-23,72,286.9824949,3.917193104,3.917193104
2020-03-23,73,579.8483048,6.183055607,6.183055607
2020-03-23,74,305.9179796,3.906393292,3.906393292
2020-03-23,75,359.6335075,4.153437523,4.153437523
2020-03-23,77,403.2790847,5.48390122,5.48390122
2020-03-23,8,371.1137197,5.477222992,5.477222992
2020-03-23,80,355.6523559,4.094770193,4.094770193
2020-03-23,81,373.4915037,4.218594223,4.218594223
2020-03-23,83,107.553716,1.424161865,1.424161865
2020-03-23,84,428.2504159,4.491540225,4.491540225
2020-03-23,88,740.0917936,8.084375985,8.084375985
2020-03-23,89,887.0887923,10.06023736,10.06023736
2020-03-23,90,322.1723027,3.637004454,3.637004454
2020-03-23,92,647.8431101,7.300294778,7.300294778
2020-03-23,93,339.3119437,3.754824318,3.754824318
2020-03-23,95,297.2371617,3.195115696,3.195115696
2020-03-23,96,1070.39884,11.29032865,11.29032865
2020-03-23,97,353.5411897,4.035304972,4.035304972
2020-03-23,98,541.9646592,7.533879472,7.533879472
2020-03-24,10,1362.596104,15.16658067,15.16658067
2020-03-24,103,517.8582868,6.289031547,6.289031547
2020-03-24,105,1115.743707,11.48786875,11.48786875
2020-03-24,108,376.5685535,4.445794458,4.445794458
2020-03-24,11,938.3282785,12.35942108,12.35942108
2020-03-24,110,1354.540207,15.16658067,15.16658067
2020-03-24,111,946.4697684,12.35942108,12.35942108
2020-03-24,115,445.7879498,5.888537265,5.888537265
2020-03-24,118,321.3244688,4.032875264,4.032875264
2020-03-24,119,284.5967999,3.439419741,3.439419741
2020-03-24,120,705.2317711,8.738563063,8.738563063
2020-03-24,122,266.9318673,3.476067398,3.476067398
2020-03-24,123,136.3132288,1.6847574,1.6847574
2020-03-24,125,1025.80974,11.06612287,11.06612287
2020-03-24,126,621.5035108,6.361183379,6.361183379
2020-03-24,127,115.1495889,1.890740261,1.890740261
2020-03-24,128,1065.285992,11.99478559,11.99478559
2020-03-24,131,665.8333679,8.891407413,8.891407413
2020-03-24,133,129.7721428,1.833690011,1.833690011
2020-03-24,135,119.0524446,1.559186771,1.559186771
2020-03-24,136,302.4593763,3.412733921,3.412733921
2020-03-24,138,795.4529114,9.893551407,9.893551407
2020-03-24,139,91.96544473,1.474483506,1.474483506
2020-03-24,141,453.1591125,5.717211402,5.717211402
2020-03-24,142,79.00078876,0.8076235844,0.8076235844
2020-03-24,144,965.6238025,11.06658233,11.06658233
2020-03-24,145,638.2084924,6.626278602,6.626278602
2020-03-24,146,291.3124715,3.642020487,3.642020487
2020-03-24,149,304.7778095,3.790406228,3.790406228
2020-03-24,15,449.9567809,5.888537265,5.888537265
2020-03-24,151,1097.020951,12.53170928,12.53170928
2020-03-24,152,563.0199995,6.732381529,6.732381529
2020-03-24,155,517.2125995,5.670329142,5.670329142
2020-03-24,157,348.1228011,3.767693899,3.767693899
2020-03-24,159,1060.381846,11.26800859,11.26800859
2020-03-24,161,95.03531004,1.488151304,1.488151304
2020-03-24,163,624.2439598,6.742904176,6.742904176
2020-03-24,164,119.70298,1.506522755,1.506522755
2020-03-24,166,771.872467,10.01046327,10.01046327
2020-03-24,168,1710.535147,20.54653148,20.54653148
2020-03-24,169,615.0736939,8.441644445,8.441644445
2020-03-24,171,348.9823447,3.717098026,3.717098026
2020-03-24,172,287.9901971,3.354825335,3.354825335
2020-03-24,173,579.6359083,6.88176955,6.88176955
2020-03-24,174,307.128537,3.534994388,3.534994388
2020-03-24,175,364.5248871,4.074736206,4.074736206
2020-03-24,177,411.1780102,4.897865485,4.897865485
2020-03-24,18,319.0862267,4.032875264,4.032875264
2020-03-24,180,368.910548,4.57349968,4.57349968
2020-03-24,181,384.0009567,4.844819071,4.844819071
2020-03-24,183,109.304045,1.507878336,1.507878336
2020-03-24,184,429.6512218,4.439313569,4.439313569
2020-03-24,188,737.7438259,8.633949587,8.633949587
2020-03-24,189,904.1326849,10.58827524,10.58827524
2020-03-24,19,279.71948,3.439419741,3.439419741
2020-03-24,190,322.4538151,3.750533322,3.750533322
2020-03-24,192,659.4676923,7.832818658,7.832818658
2020-03-24,193,350.287751,3.521048846,3.521048846
2020-03-24,195,300.4049515,4.936726853,4.936726853
2020-03-24,196,1084.058151,12.22172378,12.22172378
2020-03-24,197,362.2547743,4.736799375,4.736799375
2020-03-24,198,549.1511353,7.080425735,7.080425735
2020-03-24,20,712.0166394,8.738563063,8.738563063
2020-03-24,22,265.1061364,3.476067398,3.476067398
2020-03-24,23,136.9657787,1.6847574,1.6847574
2020-03-24,25,1010.573464,11.06612287,11.06612287
2020-03-24,26,629.747535,6.361183379,6.361183379
2020-03-24,27,116.1988104,1.890740261,1.890740261
2020-03-24,28,1077.436325,11.99478559,11.99478559
2020-03-24,3,518.1069858,6.289031547,6.289031547
2020-03-24,31,666.2346301,8.891407413,8.891407413
2020-03-24,33,128.5429322,1.833690011,1.833690011
2020-03-24,35,118.379323,1.559186771,1.559186771
2020-03-24,36,305.9738632,3.412733921,3.412733921
2020-03-24,38,799.4303411,9.893551407,9.893551407
2020-03-24,39,91.15491015,1.474483506,1.474483506
2020-03-24,41,449.3041053,5.717211402,5.717211402
2020-03-24,42,79.48019235,0.8076235844,0.8076235844
2020-03-24,44,958.8936516,11.06658233,11.06658233
2020-03-24,45,641.4623863,6.626278602,6.626278602
2020-03-24,46,290.2215325,3.642020487,3.642020487
2020-03-24,49,307.7163332,3.790406228,3.790406228
2020-03-24,5,1142.350087,11.48786875,11.48786875
2020-03-24,51,1084.424002,12.53170928,12.53170928
2020-03-24,52,568.2737306,6.732381529,6.732381529
2020-03-24,55,519.7816458,5.670329142,5.670329142
2020-03-24,57,348.8155672,3.767693899,3.767693899
2020-03-24,59,1062.043272,11.26800859,11.26800859
2020-03-24,61,96.4309466,1.488151304,1.488151304
2020-03-24,63,638.159805,6.742904176,6.742904176
2020-03-24,64,121.7870295,1.506522755,1.506522755
2020-03-24,66,774.6055413,10.01046327,10.01046327
2020-03-24,68,1748.827317,20.54653148,20.54653148
2020-03-24,69,614.3861125,8.441644445,8.441644445
2020-03-24,71,354.824514,3.717098026,3.717098026
2020-03-24,72,290.8096613,3.354825335,3.354825335
2020-03-24,73,584.4174687,6.88176955,6.88176955
2020-03-24,74,312.6541331,3.534994388,3.534994388
2020-03-24,75,370.9103362,4.074736206,4.074736206
2020-03-24,77,407.7287574,4.897865485,4.897865485
2020-03-24,8,377.5037185,4.445794458,4.445794458
2020-03-24,80,371.4425856,4.57349968,4.57349968
2020-03-24,81,379.0797766,4.844819071,4.844819071
2020-03-24,83,109.9828987,1.507878336,1.507878336
2020-03-24,84,428.2301035,4.439313569,4.439313569
2020-03-24,88,744.9568372,8.633949587,8.633949587
2020-03-24,89,900.3936721,10.58827524,10.58827524
2020-03-24,90,322.5873648,3.750533322,3.750533322
2020-03-24,92,653.9093577,7.832818658,7.832818658
2020-03-24,93,348.2960959,3.521048846,3.521048846
2020-03-24,95,298.9726153,4.936726853,4.936726853
2020-03-24,96,1092.892888,12.22172378,12.22172378
2020-03-24,97,361.6665811,4.736799375,4.736799375
2020-03-24,98,548.2933708,7.080425735,7.080425735
2020-03-25,10,1352.947697,14.6487517,14.6487517
2020-03-25,103,513.4870781,5.621816923,5.621816923
2020-03-25,105,1096.983455,11.53701728,11.53701728
2020-03-25,108,378.6541833,5.086499878,5.086499878
2020-03-25,11,938.4181297,10.69042064,10.69042064
2020-03-25,110,1369.472535,14.6487517,14.6487517
2020-03-25,111,939.2468442,10.69042064,10.69042064
2020-03-25,115,448.3622319,5.390894029,5.390894029
2020-03-25,118,319.8922242,3.489311533,3.489311533
2020-03-25,119,274.9668862,3.425964436,3.425964436
2020-03-25,120,710.4812929,7.865641226,7.865641226
2020-03-25,122,261.7013817,3.625181233,3.625181233
2020-03-25,123,139.8318198,1.512381561,1.512381561
2020-03-25,125,993.4856494,11.20094107,11.20094107
2020-03-25,126,637.7442357,6.428987699,6.428987699
2020-03-25,127,113.8220069,1.216526208,1.216526208
2020-03-25,128,1097.710033,11.73449951,11.73449951
2020-03-25,131,670.778771,8.477973208,8.477973208
2020-03-25,133,133.9322731,1.606120341,1.606120341
2020-03-25,135,124.0523666,1.68499498,1.68499498
2020-03-25,136,307.4270431,3.353174271,3.353174271
2020-03-25,138,788.160666,8.761925931,8.761925931
2020-03-25,139,91.52348662,1.13544654,1.13544654
2020-03-25,141,447.1033033,6.101329307,6.101329307
2020-03-25,142,81.0340083,1.077874445,1.077874445
2020-03-25,144,975.2076431,10.29271179,10.29271179
2020-03-25,145,640.6403432,7.177923113,7.177923113
2020-03-25,146,298.6374817,3.665345682,3.665345682
2020-03-25,149,298.2022064,3.145867183,3.145867183
2020-03-25,15,446.8958877,5.390894029,5.390894029
2020-03-25,151,1076.868514,12.71083177,12.71083177
2020-03-25,152,561.8396434,6.68144163,6.68144163
2020-03-25,155,523.6753631,6.748305162,6.748305162
2020-03-25,157,356.6990971,4.121577645,4.121577645
2020-03-25,159,1073.411465,11.53112043,11.53112043
2020-03-25,161,92.67931042,1.203841553,1.203841553
2020-03-25,163,629.0591088,6.689179221,6.689179221
2020-03-25,164,128.8865777,1.36369057,1.36369057
2020-03-25,166,760.3182525,8.745614805,8.745614805
2020-03-25,168,1764.182751,18.68009874,18.68009874
2020-03-25,169,604.3255871,6.931934993,6.931934993
2020-03-25,171,356.168479,3.987788727,3.987788727
2020-03-25,172,294.1996764,4.011306257,4.011306257
2020-03-25,173,589.8567592,6.950761325,6.950761325
2020-03-25,174,315.3371968,3.910639106,3.910639106
2020-03-25,175,376.0899275,4.386179949,4.386179949
2020-03-25,177,413.9054133,5.046212429,5.046212429
2020-03-25,18,319.4784492,3.489311533,3.489311533
2020-03-25,180,362.8734141,4.462735147,4.462735147
2020-03-25,181,382.9809538,4.640768133,4.640768133
2020-03-25,183,105.1268032,1.223535807,1.223535807
2020-03-25,184,429.4367599,4.529962915,4.529962915
2020-03-25,188,728.6081176,8.596622751,8.596622751
2020-03-25,189,885.8977609,10.56770121,10.56770121
2020-03-25,19,278.235556,3.425964436,3.425964436
2020-03-25,190,330.4761907,5.16819035,5.16819035
2020-03-25,192,645.2870043,7.202033798,7.202033798
2020-03-25,193,357.6395732,3.837658717,3.837658717
2020-03-25,195,303.0088839,3.276104848,3.276104848
2020-03-25,196,1108.29767,12.34851933,12.34851933
2020-03-25,197,357.4524375,3.70388601,3.70388601
2020-03-25,198,551.2420885,6.274586411,6.274586411
2020-03-25,20,710.3674647,7.865641226,7.865641226
2020-03-25,22,264.5495918,3.625181233,3.625181233
2020-03-25,23,140.8203071,1.512381561,1.512381561
2020-03-25,25,1006.266412,11.20094107,11.20094107
2020-03-25,26,636.7396458,6.428987699,6.428987699
2020-03-25,27,116.2197244,1.216526208,1.216526208
2020-03-25,28,1080.985127,11.73449951,11.73449951
2020-03-25,3,521.4443178,5.621816923,5.621816923
2020-03-25,31,670.3600919,8.477973208,8.477973208
2020-03-25,33,131.2314853,1.606120341,1.606120341
2020-03-25,35,121.3667175,1.68499498,1.68499498
2020-03-25,36,305.578829,3.353174271,3.353174271
2020-03-25,38,796.339143,8.761925931,8.761925931
2020-03-25,39,93.05495472,1.13544654,1.13544654
2020-03-25,41,449.4227575,6.101329307,6.101329307
2020-03-25,42,81.19388339,1.077874445,1.077874445
2020-03-25,44,967.0922616,10.29271179,10.29271179
2020-03-25,45,634.9895081,7.177923113,7.177923113
2020-03-25,46,294.337273,3.665345682,3.665345682
2020-03-25,49,302.9483882,3.145867183,3.145867183
2020-03-25,5,1127.033181,11.53701728,11.53701728
2020-03-25,51,1077.716131,12.71083177,12.71083177
2020-03-25,52,569.1113294,6.68144163,6.68144163
2020-03-25,55,518.5453661,6.748305162,6.748305162
2020-03-25,57,352.4792382,4.121577645,4.121577645
2020-03-25,59,1063.168151,11.53112043,11.53112043
2020-03-25,61,94.34516917,1.203841553,1.203841553
2020-03-25,63,639.9159618,6.689179221,6.689179221
2020-03-25,64,124.1818622,1.36369057,1.36369057
2020-03-25,66,771.1597542,8.745614805,8.745614805
2020-03-25,68,1758.867984,18.68009874,18.68009874
2020-03-25,69,604.7766374,6.931934993,6.931934993
2020-03-25,71,357.1091913,3.987788727,3.987788727
2020-03-25,72,295.9920209,4.011306257,4.011306257
2020-03-25,73,594.3184011,6.950761325,6.950761325
2020-03-25,74,313.0673199,3.910639106,3.910639106
2020-03-25,75,372.5733409,4.386179949,4.386179949
2020-03-25,77,414.9591527,5.046212429,5.046212429
2020-03-25,8,373.4932771,5.086499878,5.086499878
2020-03-25,80,363.2136536,4.462735147,4.462735147
2020-03-25,81,381.9000802,4.640768133,4.640768133
2020-03-25,83,107.6466614,1.223535807,1.223535807
2020-03-25,84,423.8184653,4.529962915,4.529962915
2020-03-25,88,739.2365096,8.596622751,8.596622751
2020-03-25,89,895.1482136,10.56770121,10.56770121
2020-03-25,90,324.8472816,5.16819035,5.16819035
2020-03-25,92,650.0915999,7.202033798,7.202033798
2020-03-25,93,347.6213242,3.837658717,3.837658717
2020-03-25,95,300.1381538,3.276104848,3.276104848
2020-03-25,96,1108.878034,12.34851933,12.34851933
2020-03-25,97,363.2897557,3.70388601,3.70388601
2020-03-25,98,549.0750902,6.274586411,6.274586411
2020-03-26,10,1369.226581,15.07118941,15.07118941
2020-03-26,103,521.4075505,6.256590263,6.256590263
2020-03-26,105,1112.59144,12.26010405,12.26010405
2020-03-26,108,372.4073856,4.85447054,4.85447054
2020-03-26,11,939.9585312,10.75020113,10.75020113
2020-03-26,110,1373.942074,15.07118941,15.07118941
2020-03-26,111,935.3350494,10.75020113,10.75020113
2020-03-26,115,449.9142567,5.294190966,5.294190966
2020-03-26,118,325.5658942,3.809093437,3.809093437
2020-03-26,119,280.0858807,3.974899884,3.974899884
2020-03-26,120,696.4387987,8.299225145,8.299225145
2020-03-26,122,256.9164236,3.756216556,3.756216556
2020-03-26,123,140.4702737,1.772956838,1.772956838
2020-03-26,125,1012.931429,11.53543293,11.53543293
2020-03-26,126,673.8320817,6.971519782,6.971519782
2020-03-26,127,117.682954,1.870776287,1.870776287
2020-03-26,128,1070.801025,11.5253692,11.5253692
2020-03-26,131,685.5319633,7.905586366,7.905586366
2020-03-26,133,135.6332392,2.051409132,2.051409132
2020-03-26,135,124.5280176,1.400592117,1.400592117
2020-03-26,136,312.8583019,4.046912214,4.046912214
2020-03-26,138,804.8697275,8.963102923,8.963102923
2020-03-26,139,94.5879078,1.690670648,1.690670648
2020-03-26,141,448.263743,4.713376578,4.713376578
2020-03-26,142,84.71504106,1.87575563,1.87575563
2020-03-26,144,990.1272331,10.27722426,10.27722426
2020-03-26,145,653.3008522,7.482642901,7.482642901
2020-03-26,146,296.7599936,3.18891857,3.18891857
2020-03-26,149,304.6543157,3.447811414,3.447811414
2020-03-26,15,453.0904051,5.294190966,5.294190966
2020-03-26,151,1079.657526,13.54252301,13.54252301
2020-03-26,152,568.5002231,6.175185715,6.175185715
2020-03-26,155,531.3141123,6.568631383,6.568631383
2020-03-26,157,353.996081,4.256642213,4.256642213
2020-03-26,159,1057.028634,11.89189089,11.89189089
2020-03-26,161,98.63260034,1.152568548,1.152568548
2020-03-26,163,657.7864506,6.759700927,6.759700927
2020-03-26,164,127.1744082,1.429162724,1.429162724
2020-03-26,166,794.6543155,9.919268299,9.919268299
2020-03-26,168,1737.54517,19.48718547,19.48718547
2020-03-26,169,605.7413788,6.980448257,6.980448257
2020-03-26,171,359.4893356,3.952959543,3.952959543
2020-03-26,172,304.6976556,3.808708838,3.808708838
2020-03-26,173,621.5791047,7.435304658,7.435304658
2020-03-26,174,313.3164239,5.421944784,5.421944784
2020-03-26,175,372.761894,4.147286688,4.147286688
2020-03-26,177,416.8596189,5.602937371,5.602937371
2020-03-26,18,321.7665866,3.809093437,3.809093437
2020-03-26,180,365.8387206,4.290949316,4.290949316
2020-03-26,181,395.3170395,4.12154706,4.12154706
2020-03-26,183,112.2470714,1.492054277,1.492054277
2020-03-26,184,426.1809563,5.160488197,5.160488197
2020-03-26,188,740.6361469,8.200877354,8.200877354
2020-03-26,189,917.043736,11.32379171,11.32379171
2020-03-26,19,281.3729173,3.974899884,3.974899884
2020-03-26,190,328.3936867,4.633350305,4.633350305
2020-03-26,192,639.7537886,7.045445228,7.045445228
2020-03-26,193,342.9305225,3.598605733,3.598605733
2020-03-26,195,305.6067796,3.622501125,3.622501125
2020-03-26,196,1120.616766,11.81231764,11.81231764
2020-03-26,197,371.7836827,4.057197991,4.057197991
2020-03-26,198,545.4850845,6.117664678,6.117664678
2020-03-26,20,705.5495931,8.299225145,8.299225145
2020-03-26,22,262.5049727,3.756216556,3.756216556
2020-03-26,23,142.5717382,1.772956838,1.772956838
2020-03-26,25,1001.240377,11.53543293,11.53543293
2020-03-26,26,665.2660682,6.971519782,6.971519782
2020-03-26,27,118.7574257,1.870776287,1.870776287
2020-03-26,28,1086.710793,11.5253692,11.5253692
2020-03-26,3,535.0444531,6.256590263,6.256590263
2020-03-26,31,689.8176026,7.905586366,7.905586366
2020-03-26,33,134.7983261,2.051409132,2.051409132
2020-03-26,35,124.4545886,1.400592117,1.400592117
2020-03-26,36,311.9493495,4.046912214,4.046912214
2020-03-26,38,809.6027835,8.963102923,8.963102923
2020-03-26,39,95.1976494,1.690670648,1.690670648
2020-03-26,41,453.8566489,4.713376578,4.713376578
2020-03-26,42,83.10637364,1.87575563,1.87575563
2020-03-26,44,988.2889631,10.27722426,10.27722426
2020-03-26,45,645.0102346,7.482642901,7.482642901
2020-03-26,46,296.2482179,3.18891857,3.18891857
2020-03-26,49,306.8362283,3.447811414,3.447811414
2020-03-26,5,1120.185604,12.26010405,12.26010405
2020-03-26,51,1080.518759,13.54252301,13.54252301
2020-03-26,52,568.3382627,6.175185715,6.175185715
2020-03-26,55,529.6426285,6.568631383,6.568631383
2020-03-26,57,353.5853947,4.256642213,4.256642213
2020-03-26,59,1058.807278,11.89189089,11.89189089
2020-03-26,61,96.91123766,1.152568548,1.152568548
2020-03-26,63,638.4208313,6.759700927,6.759700927
2020-03-26,64,125.0236555,1.429162724,1.429162724
2020-03-26,66,789.8907386,9.919268299,9.919268299
2020-03-26,68,1767.260552,19.48718547,19.48718547
2020-03-26,69,609.3685814,6.980448257,6.980448257
2020-03-26,71,362.1547084,3.952959543,3.952959543
2020-03-26,72,305.5767596,3.808708838,3.808708838
2020-03-26,73,616.8913841,7.435304658,7.435304658
2020-03-26,74,315.4081211,5.421944784,5.421944784
2020-03-26,75,372.2292178,4.147286688,4.147286688
2020-03-26,77,418.7578094,5.602937371,5.602937371
2020-03-26,8,370.0942847,4.85447054,4.85447054
2020-03-26,80,372.7250317,4.290949316,4.290949316
2020-03-26,81,384.3055135,4.12154706,4.12154706
2020-03-26,83,109.0172147,1.492054277,1.492054277
2020-03-26,84,425.9375629,5.160488197,5.160488197
2020-03-26,88,749.1966664,8.200877354,8.200877354
2020-03-26,89,916.1402564,11.32379171,11.32379171
2020-03-26,90,328.3555873,4.633350305,4.633350305
2020-03-26,92,643.9386459,7.045445228,7.045445228
2020-03-26,93,346.1420986,3.598605733,3.598605733
2020-03-26,95,305.8621996,3.622501125,3.622501125
2020-03-26,96,1133.576928,11.81231764,11.81231764
2020-03-26,97,372.7436603,4.057197991,4.057197991
2020-03-26,98,553.7032718,6.117664678,6.117664678
2020-03-27,10,1381.722909,14.94605403,14.94605403
2020-03-27,103,541.1552578,6.440749134,6.440749134
2020-03-27,105,1067.309738,10.92894404,10.92894404
2020-03-27,108,363.2775163,5.389501896,5.389501896
2020-03-27,11,943.8001044,11.19095263,11.19095263
2020-03-27,110,1383.989342,14.94605403,14.94605403
2020-03-27,111,943.3532193,11.19095263,11.19095263
2020-03-27,115,443.0545883,4.761881007,4.761881007
2020-03-27,118,321.6547805,3.687007955,3.687007955
2020-03-27,119,283.2505888,2.996454958,2.996454958
2020-03-27,120,700.7382833,8.974249623,8.974249623
2020-03-27,122,267.4786632,3.33625762,3.33625762
2020-03-27,123,144.5222383,1.984391046,1.984391046
2020-03-27,125,992.707041,12.30211339,12.30211339
2020-03-27,126,657.977251,6.93624639,6.93624639
2020-03-27,127,117.4164979,1.240040356,1.240040356
2020-03-27,128,1075.604073,12.79981119,12.79981119
2020-03-27,131,697.0643579,8.09146492,8.09146492
2020-03-27,133,131.3000569,1.532103953,1.532103953
2020-03-27,135,124.2365837,1.976375073,1.976375073
2020-03-27,136,311.0219657,3.358723803,3.358723803
2020-03-27,138,816.5369379,8.769298677,8.769298677
2020-03-27,139,95.47905552,1.219517404,1.219517404
2020-03-27,141,457.005934,5.18874723,5.18874723
2020-03-27,142,83.19793652,1.621402102,1.621402102
2020-03-27,144,966.8284043,10.31227217,10.31227217
2020-03-27,145,662.5040164,7.402125025,7.402125025
2020-03-27,146,300.3053588,3.772946314,3.772946314
2020-03-27,149,306.2463111,4.200807047,4.200807047
2020-03-27,15,445.1777541,4.761881007,4.761881007
2020-03-27,151,1085.430681,12.53633126,12.53633126
2020-03-27,152,568.8709654,6.699282129,6.699282129
2020-03-27,155,529.4495325,5.70822446,5.70822446
2020-03-27,157,356.2854531,4.007975871,4.007975871
2020-03-27,159,1057.578566,11.64818488,11.64818488
2020-03-27,161,97.40762214,1.11210093,1.11210093
2020-03-27,163,637.5961302,7.214933017,7.214933017
2020-03-27,164,128.8971618,1.848072382,1.848072382
2020-03-27,166,782.6471275,9.862968119,9.862968119
2020-03-27,168,1800.44375,18.70877603,18.70877603
2020-03-27,169,598.6873264,6.570344944,6.570344944
2020-03-27,171,364.5307488,3.896524964,3.896524964
2020-03-27,172,305.4295302,3.792013323,3.792013323
2020-03-27,173,617.4389328,6.630827996,6.630827996
2020-03-27,174,308.1524673,3.729940173,3.729940173
2020-03-27,175,373.5099541,5.023379202,5.023379202
2020-03-27,177,402.5593008,5.707325257,5.707325257
2020-03-27,18,319.1786611,3.687007955,3.687007955
2020-03-27,180,364.0640722,4.454058493,4.454058493
2020-03-27,181,388.1361328,3.943824727,3.943824727
2020-03-27,183,110.4116806,2.066103722,2.066103722
2020-03-27,184,431.2327229,5.096652729,5.096652729
2020-03-27,188,742.7654798,8.67469277,8.67469277
2020-03-27,189,915.4062747,10.62374817,10.62374817
2020-03-27,19,280.9587242,2.996454958,2.996454958
2020-03-27,190,326.6240741,3.767879797,3.767879797
2020-03-27,192,655.2317609,7.421833959,7.421833959
2020-03-27,193,347.9862991,3.92283282,3.92283282
2020-03-27,195,299.2309161,3.932912581,3.932912581
2020-03-27,196,1147.376107,11.98662694,11.98662694
2020-03-27,197,368.2731252,4.324888297,4.324888297
2020-03-27,198,561.3033932,6.561794841,6.561794841
2020-03-27,20,701.2123277,8.974249623,8.974249623
2020-03-27,22,265.3784522,3.33625762,3.33625762
2020-03-27,23,144.1692984,1.984391046,1.984391046
2020-03-27,25,997.6759049,12.30211339,12.30211339
2020-03-27,26,675.2290343,6.93624639,6.93624639
2020-03-27,27,116.8480832,1.240040356,1.240040356
2020-03-27,28,1081.649319,12.79981119,12.79981119
2020-03-27,3,542.768682,6.440749134,6.440749134
2020-03-27,31,688.2645411,8.09146492,8.09146492
2020-03-27,33,131.5281218,1.532103953,1.532103953
2020-03-27,35,124.7216456,1.976375073,1.976375073
2020-03-27,36,310.2486727,3.358723803,3.358723803
2020-03-27,38,810.0909888,8.769298677,8.769298677
2020-03-27,39,94.60889244,1.219517404,1.219517404
2020-03-27,41,454.7184354,5.18874723,5.18874723
2020-03-27,42,83.84850863,1.621402102,1.621402102
2020-03-27,44,984.8367208,10.31227217,10.31227217
2020-03-27,45,661.604007,7.402125025,7.402125025
2020-03-27,46,298.0077292,3.772946314,3.772946314
2020-03-27,49,303.8736456,4.200807047,4.200807047
2020-03-27,5,1092.176315,10.92894404,10.92894404
2020-03-27,51,1086.099375,12.53633126,12.53633126
2020-03-27,52,572.2377659,6.699282129,6.699282129
2020-03-27,55,524.52118,5.70822446,5.70822446
2020-03-27,57,353.0531395,4.007975871,4.007975871
2020-03-27,59,1062.816094,11.64818488,11.64818488
2020-03-27,61,96.64493239,1.11210093,1.11210093
2020-03-27,63,638.0542343,7.214933017,7.214933017
2020-03-27,64,127.7312924,1.848072382,1.848072382
2020-03-27,66,784.4741214,9.862968119,9.862968119
2020-03-27,68,1781.782783,18.70877603,18.70877603
2020-03-27,69,605.0414408,6.570344944,6.570344944
2020-03-27,71,365.9254731,3.896524964,3.896524964
2020-03-27,72,307.4350819,3.792013323,3.792013323
2020-03-27,73,609.6577344,6.630827996,6.630827996
2020-03-27,74,309.2934686,3.729940173,3.729940173
2020-03-27,75,367.1682053,5.023379202,5.023379202
2020-03-27,77,406.9649588,5.707325257,5.707325257
2020-03-27,8,367.7197215,5.389501896,5.389501896
2020-03-27,80,371.3253794,4.454058493,4.454058493
2020-03-27,81,384.3337474,3.943824727,3.943824727
2020-03-27,83,109.2353479,2.066103722,2.066103722
2020-03-27,84,427.7266706,5.096652729,5.096652729
2020-03-27,88,750.6944048,8.67469277,8.67469277
2020-03-27,89,909.9531386,10.62374817,10.62374817
2020-03-27,90,325.9461806,3.767879797,3.767879797
2020-03-27,92,652.4289251,7.421833959,7.421833959
2020-03-27,93,351.6720039,3.92283282,3.92283282
2020-03-27,95,302.503821,3.932912581,3.932912581
2020-03-27,96,1144.158312,11.98662694,11.98662694
2020-03-27,97,376.0477361,4.324888297,4.324888297
2020-03-27,98,551.9432839,6.561794841,6.561794841
2020-03-28,10,1369.126817,16.72723759,16.72723759
2020-03-28,103,532.803986,5.59591622,5.59591622
2020-03-28,105,1077.739218,11.03282454,11.03282454
2020-03-28,108,351.4974229,4.259300544,4.259300544
2020-03-28,11,926.6486099,10.592481,10.592481
2020-03-28,110,1370.979493,16.72723759,16.72723759
2020-03-28,111,923.2149077,10.592481,10.592481
2020-03-28,115,444.6556391,4.831803692,4.831803692
2020-03-28,118,312.6686625,4.112427846,4.112427846
2020-03-28,119,280.0077615,3.278506217,3.278506217
2020-03-28,120,690.2658845,8.148209515,8.148209515
2020-03-28,122,267.6800408,3.254554466,3.254554466
2020-03-28,123,144.8058686,2.264821159,2.264821159
2020-03-28,125,987.401083,12.89166049,12.89166049
2020-03-28,126,663.0390449,7.915214041,7.915214041
2020-03-28,127,111.773681,1.486550685,1.486550685
2020-03-28,128,1079.154599,11.65232102,11.65232102
2020-03-28,131,686.329214,7.734498818,7.734498818
2020-03-28,133,132.1758181,1.754315622,1.754315622
2020-03-28,135,124.6184204,1.369740135,1.369740135
2020-03-28,136,307.2556582,3.526296007,3.526296007
2020-03-28,138,788.2139778,8.734319808,8.734319808
2020-03-28,139,97.41240466,1.157329914,1.157329914
2020-03-28,141,453.467097,5.68372334,5.68372334
2020-03-28,142,82.21093616,0.9924965308,0.9924965308
2020-03-28,144,973.5550124,10.08104751,10.08104751
2020-03-28,145,639.8715436,7.436038549,7.436038549
2020-03-28,146,296.1119928,3.718913603,3.718913603
2020-03-28,149,304.0915041,3.503051938,3.503051938
2020-03-28,15,447.3224658,4.831803692,4.831803692
2020-03-28,151,1076.404741,13.02633186,13.02633186
2020-03-28,152,566.5276537,8.052930457,8.052930457
2020-03-28,155,516.959073,6.071088135,6.071088135
2020-03-28,157,344.010893,4.96250962,4.96250962
2020-03-28,159,1039.18634,12.01666874,12.01666874
2020-03-28,161,97.64915074,1.412103242,1.412103242
2020-03-28,163,624.7697632,7.291163149,7.291163149
2020-03-28,164,128.7576046,2.188711663,2.188711663
2020-03-28,166,780.6342438,8.964699495,8.964699495
2020-03-28,168,1779.668139,19.00517463,19.00517463
2020-03-28,169,598.2943102,7.15626937,7.15626937
2020-03-28,171,359.5065674,3.836886834,3.836886834
2020-03-28,172,296.1649164,3.730834599,3.730834599
2020-03-28,173,608.2227046,6.745162418,6.745162418
2020-03-28,174,306.7439754,3.821041915,3.821041915
2020-03-28,175,368.8337457,5.14023231,5.14023231
2020-03-28,177,402.4984775,4.337875645,4.337875645
2020-03-28,18,317.3602798,4.112427846,4.112427846
2020-03-28,180,367.0613121,4.509172291,4.509172291
2020-03-28,181,395.1950967,4.31611994,4.31611994
2020-03-28,183,109.2215948,1.52008082,1.52008082
2020-03-28,184,425.2493684,5.205547189,5.205547189
2020-03-28,188,749.3635075,8.671195424,8.671195424
2020-03-28,189,900.9123927,10.80012387,10.80012387
2020-03-28,19,279.3151031,3.278506217,3.278506217
2020-03-28,190,330.4791063,4.221572927,4.221572927
2020-03-28,192,640.1664507,7.741039857,7.741039857
2020-03-28,193,360.0216751,3.657761165,3.657761165
2020-03-28,195,308.4844565,3.902008077,3.902008077
2020-03-28,196,1160.692948,12.44504851,12.44504851
2020-03-28,197,377.943669,3.895785716,3.895785716
2020-03-28,198,553.2038877,7.028189458,7.028189458
2020-03-28,20,691.3262458,8.148209515,8.148209515
2020-03-28,22,267.1630848,3.254554466,3.254554466
2020-03-28,23,147.7370606,2.264821159,2.264821159
2020-03-28,25,989.575738,12.89166049,12.89166049
2020-03-28,26,668.667758,7.915214041,7.915214041
2020-03-28,27,113.2184696,1.486550685,1.486550685
2020-03-28,28,1078.377107,11.65232102,11.65232102
2020-03-28,3,541.5564757,5.59591622,5.59591622
2020-03-28,31,678.4637959,7.734498818,7.734498818
2020-03-28,33,130.6532003,1.754315622,1.754315622
2020-03-28,35,123.0878395,1.369740135,1.369740135
2020-03-28,36,305.8768033,3.526296007,3.526296007
2020-03-28,38,800.6781243,8.734319808,8.734319808
2020-03-28,39,95.26960813,1.157329914,1.157329914
2020-03-28,41,452.249873,5.68372334,5.68372334
2020-03-28,42,83.74472377,0.9924965308,0.9924965308
2020-03-28,44,966.8543139,10.08104751,10.08104751
2020-03-28,45,658.8052626,7.436038549,7.436038549
2020-03-28,46,295.6722864,3.718913603,3.718913603
2020-03-28,49,301.0799379,3.503051938,3.503051938
2020-03-28,5,1070.341945,11.03282454,11.03282454
2020-03-28,51,1073.905751,13.02633186,13.02633186
2020-03-28,52,569.8238565,8.052930457,8.052930457
2020-03-28,55,516.6830081,6.071088135,6.071088135
2020-03-28,57,348.2934074,4.96250962,4.96250962
2020-03-28,59,1042.655571,12.01666874,12.01666874
2020-03-28,61,96.44381623,1.412103242,1.412103242
2020-03-28,63,626.9561351,7.291163149,7.291163149
2020-03-28,64,128.398571,2.188711663,2.188711663
2020-03-28,66,783.7954064,8.964699495,8.964699495
2020-03-28,68,1756.48346,19.00517463,19.00517463
2020-03-28,69,590.142797,7.15626937,7.15626937
2020-03-28,71,358.5076961,3.836886834,3.836886834
2020-03-28,72,301.5398785,3.730834599,3.730834599
2020-03-28,73,610.1137325,6.745162418,6.745162418
2020-03-28,74,308.1698782,3.821041915,3.821041915
2020-03-28,75,367.0377102,5.14023231,5.14023231
2020-03-28,77,403.982268,4.337875645,4.337875645
2020-03-28,8,358.9165739,4.259300544,4.259300544
2020-03-28,80,364.8354972,4.509172291,4.509172291
2020-03-28,81,389.2801914,4.31611994,4.31611994
2020-03-28,83,106.6371553,1.52008082,1.52008082
2020-03-28,84,428.463133,5.205547189,5.205547189
2020-03-28,88,743.823387,8.671195424,8.671195424
2020-03-28,89,899.388261,10.80012387,10.80012387
2020-03-28,90,331.0179211,4.221572927,4.221572927
2020-03-28,92,641.1075311,7.741039857,7.741039857
2020-03-28,93,354.9113855,3.657761165,3.657761165
2020-03-28,95,304.0982955,3.902008077,3.902008077
2020-03-28,96,1157.60979,12.44504851,12.44504851
2020-03-28,97,373.7646361,3.895785716,3.895785716
2020-03-28,98,545.0412652,7.028189458,7.028189458
2020-03-29,10,1362.911554,15.63394999,15.63394999
2020-03-29,103,523.5971236,7.188186701,7.188186701
2020-03-29,105,1091.927552,11.79658993,11.79658993
2020-03-29,108,355.8394387,4.48603988,4.48603988
2020-03-29,11,926.147162,10.71918708,10.71918708
2020-03-29,110,1355.488442,15.63394999,15.63394999
2020-03-29,111,923.74024,10.71918708,10.71918708
2020-03-29,115,445.5343808,5.69615866,5.69615866
2020-03-29,118,311.0815548,3.841610633,3.841610633
2020-03-29,119,269.0397236,3.178116398,3.178116398
2020-03-29,120,685.4746062,8.842448296,8.842448296
2020-03-29,122,269.60081,3.570078438,3.570078438
2020-03-29,123,150.3941261,1.637196538,1.637196538
2020-03-29,125,979.9236701,10.79158527,10.79158527
2020-03-29,126,668.6935331,7.094910726,7.094910726
2020-03-29,127,113.3236139,1.250087594,1.250087594
2020-03-29,128,1056.191597,11.61847148,11.61847148
2020-03-29,131,659.220065,8.389514577,8.389514577
2020-03-29,133,129.3356829,2.001877005,2.001877005
2020-03-29,135,122.5000782,1.664273898,1.664273898
2020-03-29,136,302.9622228,4.099455812,4.099455812
2020-03-29,138,817.03684,9.220158429,9.220158429
2020-03-29,139,93.61671933,1.205127578,1.205127578
2020-03-29,141,449.3990758,5.943229685,5.943229685
2020-03-29,142,82.83014427,1.36657906,1.36657906
2020-03-29,144,959.9326628,11.05321891,11.05321891
2020-03-29,145,629.9046778,6.85779622,6.85779622
2020-03-29,146,295.1989819,3.1288056,3.1288056
2020-03-29,149,296.8149336,4.12086712,4.12086712
2020-03-29,15,441.7007794,5.69615866,5.69615866
2020-03-29,151,1066.506467,12.76767295,12.76767295
2020-03-29,152,563.4045791,7.168482529,7.168482529
2020-03-29,155,504.3005273,5.423031971,5.423031971
2020-03-29,157,344.8529209,4.461007468,4.461007468
2020-03-29,159,1044.983673,11.4418136,11.4418136
2020-03-29,161,95.55034835,1.613252665,1.613252665
2020-03-29,163,623.355448,7.931328184,7.931328184
2020-03-29,164,127.5796791,1.858772315,1.858772315
2020-03-29,166,762.7332368,8.559793524,8.559793524
2020-03-29,168,1731.078835,19.96821366,19.96821366
2020-03-29,169,594.4621998,6.816097879,6.816097879
2020-03-29,171,350.1919096,5.20538785,5.20538785
2020-03-29,172,301.3881077,4.085349168,4.085349168
2020-03-29,173,603.9909381,7.297231634,7.297231634
2020-03-29,174,311.7209567,4.60894304,4.60894304
2020-03-29,175,359.7180214,4.12150875,4.12150875
2020-03-29,177,390.2198101,4.689166203,4.689166203
2020-03-29,18,313.4686517,3.841610633,3.841610633
2020-03-29,180,359.8354644,4.360036263,4.360036263
2020-03-29,181,383.7428292,4.701271941,4.701271941
2020-03-29,183,104.2772467,2.134449628,2.134449628
2020-03-29,184,430.3518756,5.220633472,5.220633472
2020-03-29,188,751.8502403,8.247044939,8.247044939
2020-03-29,189,860.9396975,10.43089129,10.43089129
2020-03-29,19,273.7252365,3.178116398,3.178116398
2020-03-29,190,329.5915785,4.106298273,4.106298273
2020-03-29,192,636.6306219,7.544873835,7.544873835
2020-03-29,193,358.5736004,3.88849858,3.88849858
2020-03-29,195,299.8530868,3.63883044,3.63883044
2020-03-29,196,1121.423158,12.21915988,12.21915988
2020-03-29,197,375.8499912,3.752555859,3.752555859
2020-03-29,198,554.9372155,7.055230694,7.055230694
2020-03-29,20,686.7118021,8.842448296,8.842448296
2020-03-29,22,265.6880203,3.570078438,3.570078438
2020-03-29,23,150.7137127,1.637196538,1.637196538
2020-03-29,25,985.1606473,10.79158527,10.79158527
2020-03-29,26,655.6313329,7.094910726,7.094910726
2020-03-29,27,110.9064802,1.250087594,1.250087594
2020-03-29,28,1063.596153,11.61847148,11.61847148
2020-03-29,3,527.3151262,7.188186701,7.188186701
2020-03-29,31,666.8887862,8.389514577,8.389514577
2020-03-29,33,129.8566421,2.001877005,2.001877005
2020-03-29,35,121.7140627,1.664273898,1.664273898
2020-03-29,36,302.1818415,4.099455812,4.099455812
2020-03-29,38,803.4432703,9.220158429,9.220158429
2020-03-29,39,90.88520506,1.205127578,1.205127578
2020-03-29,41,449.34653,5.943229685,5.943229685
2020-03-29,42,83.27313961,1.36657906,1.36657906
2020-03-29,44,967.2295355,11.05321891,11.05321891
2020-03-29,45,636.3466235,6.85779622,6.85779622
2020-03-29,46,291.2856352,3.1288056,3.1288056
2020-03-29,49,299.2219214,4.12086712,4.12086712
2020-03-29,5,1070.457027,11.79658993,11.79658993
2020-03-29,51,1063.88348,12.76767295,12.76767295
2020-03-29,52,561.6110263,7.168482529,7.168482529
2020-03-29,55,509.0899513,5.423031971,5.423031971
2020-03-29,57,341.1803314,4.461007468,4.461007468
2020-03-29,59,1032.462131,11.4418136,11.4418136
2020-03-29,61,96.60730668,1.613252665,1.613252665
2020-03-29,63,622.7156794,7.931328184,7.931328184
2020-03-29,64,127.8611744,1.858772315,1.858772315
2020-03-29,66,773.4188539,8.559793524,8.559793524
2020-03-29,68,1733.192325,19.96821366,19.96821366
2020-03-29,69,586.0248059,6.816097879,6.816097879
2020-03-29,71,353.5651229,5.20538785,5.20538785
2020-03-29,72,300.8576778,4.085349168,4.085349168
2020-03-29,73,607.7279751,7.297231634,7.297231634
2020-03-29,74,310.0118601,4.60894304,4.60894304
2020-03-29,75,359.8743324,4.12150875,4.12150875
2020-03-29,77,392.2942122,4.689166203,4.689166203
2020-03-29,8,354.2042736,4.48603988,4.48603988
2020-03-29,80,361.0960824,4.360036263,4.360036263
2020-03-29,81,385.4267074,4.701271941,4.701271941
2020-03-29,83,105.0685613,2.134449628,2.134449628
2020-03-29,84,428.289254,5.220633472,5.220633472
2020-03-29,88,746.9720759,8.247044939,8.247044939
2020-03-29,89,869.6108698,10.43089129,10.43089129
2020-03-29,90,331.2436693,4.106298273,4.106298273
2020-03-29,92,638.2595365,7.544873835,7.544873835
2020-03-29,93,354.7566852,3.88849858,3.88849858
2020-03-29,95,299.9564912,3.63883044,3.63883044
2020-03-29,96,1138.971393,12.21915988,12.21915988
2020-03-29,97,370.7831158,3.752555859,3.752555859
2020-03-29,98,553.0328468,7.055230694,7.055230694
2020-03-30,10,1363.392855,14.60121046,14.60121046
2020-03-30,103,545.202305,5.975020668,5.975020668
2020-03-30,105,1050.17434,11.03537483,11.03537483
2020-03-30,108,358.7296627,6.001765252,6.001765252
2020-03-30,11,929.4329255,10.69188884,10.69188884
2020-03-30,110,1365.617033,14.60121046,14.60121046
2020-03-30,111,923.1848221,10.69188884,10.69188884
2020-03-30,115,449.7451755,5.870642489,5.870642489
2020-03-30,118,313.7248054,3.465905041,3.465905041
2020-03-30,119,277.095549,3.617714172,3.617714172
2020-03-30,120,685.6889541,8.248744374,8.248744374
2020-03-30,122,261.4935437,3.369606875,3.369606875
2020-03-30,123,152.0850219,2.153730451,2.153730451
2020-03-30,125,970.2536194,10.5662303,10.5662303
2020-03-30,126,655.16918,6.821104634,6.821104634
2020-03-30,127,109.3808215,1.445990565,1.445990565
2020-03-30,128,1032.330901,12.4311164,12.4311164
2020-03-30,131,672.4679913,7.408714658,7.408714658
2020-03-30,133,129.6651498,1.455367122,1.455367122
2020-03-30,135,120.3578905,1.550288651,1.550288651
2020-03-30,136,294.6277271,3.638724267,3.638724267
2020-03-30,138,799.0852798,10.4250861,10.4250861
2020-03-30,139,91.62100679,1.596659983,1.596659983
2020-03-30,141,452.6769799,5.287423142,5.287423142
2020-03-30,142,84.75891323,0.8735734765,0.8735734765
2020-03-30,144,956.0094668,11.07438438,11.07438438
2020-03-30,145,647.7689875,6.935351867,6.935351867
2020-03-30,146,294.0328376,3.333779965,3.333779965
2020-03-30,149,299.9197651,3.566657359,3.566657359
2020-03-30,15,444.4306172,5.870642489,5.870642489
2020-03-30,151,1059.969974,12.03038715,12.03038715
2020-03-30,152,556.078382,6.567469772,6.567469772
2020-03-30,155,508.9268467,5.585130664,5.585130664
2020-03-30,157,342.6665182,4.505384066,4.505384066
2020-03-30,159,1023.247598,11.31720131,11.31720131
2020-03-30,161,93.91598037,1.173159831,1.173159831
2020-03-30,163,614.9602786,6.869219981,6.869219981
2020-03-30,164,130.2877795,1.748388588,1.748388588
2020-03-30,166,771.9365615,8.440232354,8.440232354
2020-03-30,168,1706.864399,19.99139532,19.99139532
2020-03-30,169,583.8288928,7.154562712,7.154562712
2020-03-30,171,347.8629532,4.672431639,4.672431639
2020-03-30,172,294.9054647,3.662832741,3.662832741
2020-03-30,173,591.1482625,7.10144919,7.10144919
2020-03-30,174,311.1592995,4.395200622,4.395200622
2020-03-30,175,361.6496851,4.322936281,4.322936281
2020-03-30,177,395.0999622,4.691312751,4.691312751
2020-03-30,18,312.750995,3.465905041,3.465905041
2020-03-30,180,368.0244648,4.312626986,4.312626986
2020-03-30,181,400.3985281,4.15285844,4.15285844
2020-03-30,183,107.1271177,1.517914948,1.517914948
2020-03-30,184,430.1697309,5.126869751,5.126869751
2020-03-30,188,746.9762423,8.442717297,8.442717297
2020-03-30,189,865.0273074,10.67139168,10.67139168
2020-03-30,19,274.627816,3.617714172,3.617714172
2020-03-30,190,328.8231661,4.938194771,4.938194771
2020-03-30,192,628.1362822,7.654177311,7.654177311
2020-03-30,193,367.5555241,3.952036546,3.952036546
2020-03-30,195,296.1881739,3.191850076,3.191850076
2020-03-30,196,1141.578708,13.1535781,13.1535781
2020-03-30,197,380.409313,4.068219213,4.068219213
2020-03-30,198,555.3390077,6.203380337,6.203380337
2020-03-30,20,679.5489451,8.248744374,8.248744374
2020-03-30,22,266.5534326,3.369606875,3.369606875
2020-03-30,23,152.9837529,2.153730451,2.153730451
2020-03-30,25,974.5529933,10.5662303,10.5662303
2020-03-30,26,652.5815354,6.821104634,6.821104634
2020-03-30,27,109.3954153,1.445990565,1.445990565
2020-03-30,28,1041.103405,12.4311164,12.4311164
2020-03-30,3,535.0048008,5.975020668,5.975020668
2020-03-30,31,669.8757421,7.408714658,7.408714658
2020-03-30,33,131.6847311,1.455367122,1.455367122
2020-03-30,35,121.761901,1.550288651,1.550288651
2020-03-30,36,299.2250375,3.638724267,3.638724267
2020-03-30,38,798.7064058,10.4250861,10.4250861
2020-03-30,39,92.15652509,1.596659983,1.596659983
2020-03-30,41,449.3273543,5.287423142,5.287423142
2020-03-30,42,83.66302831,0.8735734765,0.8735734765
2020-03-30,44,980.3056114,11.07438438,11.07438438
2020-03-30,45,636.1013833,6.935351867,6.935351867
2020-03-30,46,290.9003194,3.333779965,3.333779965
2020-03-30,49,302.0784492,3.566657359,3.566657359
2020-03-30,5,1075.91909,11.03537483,11.03537483
2020-03-30,51,1065.997157,12.03038715,12.03038715
2020-03-30,52,554.7062269,6.567469772,6.567469772
2020-03-30,55,504.5008867,5.585130664,5.585130664
2020-03-30,57,341.0869082,4.505384066,4.505384066
2020-03-30,59,1029.98176,11.31720131,11.31720131
2020-03-30,61,95.09225606,1.173159831,1.173159831
2020-03-30,63,616.4483718,6.869219981,6.869219981
2020-03-30,64,127.6877905,1.748388588,1.748388588
2020-03-30,66,775.4742296,8.440232354,8.440232354
2020-03-30,68,1742.503293,19.99139532,19.99139532
2020-03-30,69,583.731949,7.154562712,7.154562712
2020-03-30,71,352.4333271,4.672431639,4.672431639
2020-03-30,72,298.1805791,3.662832741,3.662832741
2020-03-30,73,594.2485682,7.10144919,7.10144919
2020-03-30,74,308.5084142,4.395200622,4.395200622
2020-03-30,75,358.428197,4.322936281,4.322936281
2020-03-30,77,394.2614544,4.691312751,4.691312751
2020-03-30,8,359.2170173,6.001765252,6.001765252
2020-03-30,80,361.2555857,4.312626986,4.312626986
2020-03-30,81,393.6749724,4.15285844,4.15285844
2020-03-30,83,106.6361938,1.517914948,1.517914948
2020-03-30,84,434.3704795,5.126869751,5.126869751
2020-03-30,88,745.3857072,8.442717297,8.442717297
2020-03-30,89,863.6946914,10.67139168,10.67139168
2020-03-30,90,331.7825047,4.938194771,4.938194771
2020-03-30,92,625.8699518,7.654177311,7.654177311
2020-03-30,93,370.2133761,3.952036546,3.952036546
2020-03-30,95,298.0769962,3.191850076,3.191850076
2020-03-30,96,1119.435475,13.1535781,13.1535781
2020-03-30,97,367.7355107,4.068219213,4.068219213
2020-03-30,98,561.0806387,6.203380337,6.203380337
2020-03-31,10,1385.921692,15.56801758,15.56801758
2020-03-31,103,528.2774029,5.877084619,5.877084619
2020-03-31,105,1066.431928,11.21601064,11.21601064
2020-03-31,108,362.7736209,5.116257385,5.116257385
2020-03-31,11,943.1009432,10.93791733,10.93791733
2020-03-31,110,1393.611667,15.56801758,15.56801758
2020-03-31,111,932.1056022,10.93791733,10.93791733
2020-03-31,115,445.4744403,5.220568364,5.220568364
2020-03-31,118,314.8141049,3.486749221,3.486749221
2020-03-31,119,269.74681,4.102422368,4.102422368
2020-03-31,120,680.2409365,9.205411382,9.205411382
2020-03-31,122,267.9993788,3.147463529,3.147463529
2020-03-31,123,153.7440386,1.533071369,1.533071369
2020-03-31,125,1002.41857,10.67567064,10.67567064
2020-03-31,126,659.1460671,6.911364503,6.911364503
2020-03-31,127,110.6159078,1.244725011,1.244725011
2020-03-31,128,1050.059109,12.12701076,12.12701076
2020-03-31,131,678.5628921,7.41878811,7.41878811
2020-03-31,133,133.6491572,2.173676216,2.173676216
2020-03-31,135,123.2946656,1.365359094,1.365359094
2020-03-31,136,298.7440514,3.478246275,3.478246275
2020-03-31,138,802.3286447,8.634334414,8.634334414
2020-03-31,139,94.23227304,1.235028693,1.235028693
2020-03-31,141,457.1676932,6.30490707,6.30490707
2020-03-31,142,84.51290121,1.044855301,1.044855301
2020-03-31,144,975.9403464,10.31321595,10.31321595
2020-03-31,145,652.3858666,6.708242767,6.708242767
2020-03-31,146,291.4780312,4.107545555,4.107545555
2020-03-31,149,314.5436322,4.016479392,4.016479392
2020-03-31,15,442.731816,5.220568364,5.220568364
2020-03-31,151,1075.825288,12.32912393,12.32912393
2020-03-31,152,543.1916615,6.787223093,6.787223093
2020-03-31,155,503.7572915,5.749990433,5.749990433
2020-03-31,157,345.2856909,4.143534319,4.143534319
2020-03-31,159,1027.015816,11.38109787,11.38109787
2020-03-31,161,92.93093076,1.172399357,1.172399357
2020-03-31,163,631.1195199,6.523656333,6.523656333
2020-03-31,164,130.0513119,2.057878119,2.057878119
2020-03-31,166,780.918005,8.773431047,8.773431047
2020-03-31,168,1792.128523,19.9159236,19.9159236
2020-03-31,169,580.4152542,7.484307754,7.484307754
2020-03-31,171,357.2609387,4.063395668,4.063395668
2020-03-31,172,301.7406358,4.607547748,4.607547748
2020-03-31,173,591.4311697,6.687920823,6.687920823
2020-03-31,174,309.2784984,3.307678035,3.307678035
2020-03-31,175,358.1495273,3.854757812,3.854757812
2020-03-31,177,388.7881197,4.553632777,4.553632777
2020-03-31,18,305.8776621,3.486749221,3.486749221
2020-03-31,180,364.1438212,4.621704613,4.621704613
2020-03-31,181,394.0358491,4.359048886,4.359048886
2020-03-31,183,108.5616135,2.469482679,2.469482679
2020-03-31,184,446.1287652,4.824090835,4.824090835
2020-03-31,188,762.849048,9.663827396,9.663827396
2020-03-31,189,868.7251375,10.47027426,10.47027426
2020-03-31,19,272.1214107,4.102422368,4.102422368
2020-03-31,190,327.9760656,3.661544773,3.661544773
2020-03-31,192,641.5131013,7.703554476,7.703554476
2020-03-31,193,373.9498855,4.097063215,4.097063215
2020-03-31,195,302.3448016,3.824510934,3.824510934
2020-03-31,196,1144.264234,13.27728243,13.27728243
2020-03-31,197,377.4706678,4.845651568,4.845651568
2020-03-31,198,559.2271727,7.718944444,7.718944444
2020-03-31,20,683.0315484,9.205411382,9.205411382
2020-03-31,22,272.2359527,3.147463529,3.147463529
2020-03-31,23,153.0534538,1.533071369,1.533071369
2020-03-31,25,990.1765924,10.67567064,10.67567064
2020-03-31,26,649.5050239,6.911364503,6.911364503
2020-03-31,27,112.2122228,1.244725011,1.244725011
2020-03-31,28,1047.557761,12.12701076,12.12701076
2020-03-31,3,531.5305335,5.877084619,5.877084619
2020-03-31,31,679.3274588,7.41878811,7.41878811
2020-03-31,33,133.096373,2.173676216,2.173676216
2020-03-31,35,123.722563,1.365359094,1.365359094
2020-03-31,36,300.3694173,3.478246275,3.478246275
2020-03-31,38,802.8534201,8.634334414,8.634334414
2020-03-31,39,93.74678263,1.235028693,1.235028693
2020-03-31,41,458.8567288,6.30490707,6.30490707
2020-03-31,42,84.826712,1.044855301,1.044855301
2020-03-31,44,987.3954152,10.31321595,10.31321595
2020-03-31,45,640.9527273,6.708242767,6.708242767
2020-03-31,46,293.9804159,4.107545555,4.107545555
2020-03-31,49,310.4669071,4.016479392,4.016479392
2020-03-31,5,1071.782021,11.21601064,11.21601064
2020-03-31,51,1069.594024,12.32912393,12.32912393
2020-03-31,52,550.5686063,6.787223093,6.787223093
2020-03-31,55,504.3109428,5.749990433,5.749990433
2020-03-31,57,340.525902,4.143534319,4.143534319
2020-03-31,59,1037.889801,11.38109787,11.38109787
2020-03-31,61,95.82383253,1.172399357,1.172399357
2020-03-31,63,624.2224563,6.523656333,6.523656333
2020-03-31,64,128.0210933,2.057878119,2.057878119
2020-03-31,66,776.0136324,8.773431047,8.773431047
2020-03-31,68,1773.958489,19.9159236,19.9159236
2020-03-31,69,585.0012871,7.484307754,7.484307754
2020-03-31,71,359.1704,4.063395668,4.063395668
2020-03-31,72,306.1175058,4.607547748,4.607547748
2020-03-31,73,601.5334669,6.687920823,6.687920823
2020-03-31,74,307.8344771,3.307678035,3.307678035
2020-03-31,75,356.9250226,3.854757812,3.854757812
2020-03-31,77,393.5383362,4.553632777,4.553632777
2020-03-31,8,366.0935733,5.116257385,5.116257385
2020-03-31,80,360.7615407,4.621704613,4.621704613
2020-03-31,81,396.3109982,4.359048886,4.359048886
2020-03-31,83,107.1989582,2.469482679,2.469482679
2020-03-31,84,434.0323816,4.824090835,4.824090835
2020-03-31,88,751.6902957,9.663827396,9.663827396
2020-03-31,89,865.4336422,10.47027426,10.47027426
2020-03-31,90,331.2171094,3.661544773,3.661544773
2020-03-31,92,627.7809688,7.703554476,7.703554476
2020-03-31,93,373.519981,4.097063215,4.097063215
2020-03-31,95,300.9889103,3.824510934,3.824510934
2020-03-31,96,1143.360919,13.27728243,13.27728243
2020-03-31,97,374.899741,4.845651568,4.845651568
2020-03-31,98,563.3606326,7.718944444,7.718944444